compound_name,lib_usi,desc,timing
"5-ASA_1,10-decandiol",mzspec:GNPS:MULTIPLEX-SYNTHESIS-LIBRARY-ALL-PARTITION-6:accession:CCMSLIB00016279244,prep,0.0012404918670654297
"5-ASA_1,10-decandiol",mzspec:GNPS:MULTIPLEX-SYNTHESIS-LIBRARY-ALL-PARTITION-6:accession:CCMSLIB00016279244,Search,0.7431831359863281
"5-ASA_1,10-decandiol",mzspec:GNPS:MULTIPLEX-SYNTHESIS-LIBRARY-ALL-PARTITION-6:accession:CCMSLIB00016279244,Parse Query,0.00011372566223144531
"5-ASA_1,10-decandiol",mzspec:GNPS:MULTIPLEX-SYNTHESIS-LIBRARY-ALL-PARTITION-6:accession:CCMSLIB00016279244,Parse Query 2,0.002880573272705078
"5-ASA_1,10-decandiol",mzspec:GNPS:MULTIPLEX-SYNTHESIS-LIBRARY-ALL-PARTITION-6:accession:CCMSLIB00016279244,Get DB Info,8.869171142578125e-05
"5-ASA_1,10-decandiol",mzspec:GNPS:MULTIPLEX-SYNTHESIS-LIBRARY-ALL-PARTITION-6:accession:CCMSLIB00016279244,Demangle,0.007122039794921875
"5-ASA_1,10-decandiol",mzspec:GNPS:MULTIPLEX-SYNTHESIS-LIBRARY-ALL-PARTITION-6:accession:CCMSLIB00016279244,Group,0.006403446197509766
"5-ASA_1,10-decandiol",mzspec:GNPS:MULTIPLEX-SYNTHESIS-LIBRARY-ALL-PARTITION-6:accession:CCMSLIB00016279244,Enrich datasets,0.38738155364990234
