compound_name,lib_usi,Delta Mass,USI,Charge,Cosine,Matching Peaks,Unit Delta Mass,Dataset,Status,Query Filename,Query Scan,Index UnitPM,Index IdxInUnitPM
"5-ASA_1,5-dimethyl-1h-pyrazole-3-carboxylic-acid",mzspec:GNPS:MULTIPLEX-SYNTHESIS-LIBRARY-ALL-PARTITION-6:accession:CCMSLIB00016279279,0.0,mzspec:MSV000094559:updates/2024-12-18_apatan_535e183c/raw/12042024/mzML/AP_2142.mzML:scan:2291,1,0.93,2,0,MSV000094559,NoID,temp/queries/eb/ebd49cf629d445afbc1edf1d3b90acbc/ebd49cf629d445afbc1edf1d3b90acbc.mgf,1,276,906236
"5-ASA_1,5-dimethyl-1h-pyrazole-3-carboxylic-acid",mzspec:GNPS:MULTIPLEX-SYNTHESIS-LIBRARY-ALL-PARTITION-6:accession:CCMSLIB00016279279,-0.0,mzspec:MSV000095423:peak/all_files_mzML/LC2_1to100/DeadBody_Plate7_54788_GG4_01_27102_LC2.mzML:scan:351,1,0.86,2,0,MSV000095423,NoID,temp/queries/eb/ebd49cf629d445afbc1edf1d3b90acbc/ebd49cf629d445afbc1edf1d3b90acbc.mgf,1,276,798740
"5-ASA_1,5-dimethyl-1h-pyrazole-3-carboxylic-acid",mzspec:GNPS:MULTIPLEX-SYNTHESIS-LIBRARY-ALL-PARTITION-6:accession:CCMSLIB00016279279,0.01,mzspec:MSV000090957:peak/815_1mgmL_neg.mzML:scan:1174,1,0.75,1,0,MSV000090957,NoID,temp/queries/eb/ebd49cf629d445afbc1edf1d3b90acbc/ebd49cf629d445afbc1edf1d3b90acbc.mgf,1,276,438938
"5-ASA_1,5-dimethyl-1h-pyrazole-3-carboxylic-acid",mzspec:GNPS:MULTIPLEX-SYNTHESIS-LIBRARY-ALL-PARTITION-6:accession:CCMSLIB00016279279,0.01,mzspec:MSV000090957:peak/815_1mgmL_neg.mzML:scan:1139,1,0.74,1,0,MSV000090957,NoID,temp/queries/eb/ebd49cf629d445afbc1edf1d3b90acbc/ebd49cf629d445afbc1edf1d3b90acbc.mgf,1,276,438937
"5-ASA_1,5-dimethyl-1h-pyrazole-3-carboxylic-acid",mzspec:GNPS:MULTIPLEX-SYNTHESIS-LIBRARY-ALL-PARTITION-6:accession:CCMSLIB00016279279,-0.0,mzspec:MSV000090886:raw/rawdata/20220119_JGI_MD_507130_BioS_final1_QE-139_HILICZ_USHXG01825_POS_MSMS_36RZM_BESC-351-Corv-RZM_1_Rg70to1050-CE102040-rhizo-S1_Run381.mzML:scan:1005,1,0.74,2,0,MSV000090886,NoID,temp/queries/eb/ebd49cf629d445afbc1edf1d3b90acbc/ebd49cf629d445afbc1edf1d3b90acbc.mgf,1,276,2351590
"5-ASA_1,5-dimethyl-1h-pyrazole-3-carboxylic-acid",mzspec:GNPS:MULTIPLEX-SYNTHESIS-LIBRARY-ALL-PARTITION-6:accession:CCMSLIB00016279279,-0.0,mzspec:MSV000090886:ccms_peak/rawdata/20220119_JGI_MD_507130_BioS_final1_QE-139_HILICZ_USHXG01825_POS_MSMS_36RZM_BESC-351-Corv-RZM_1_Rg70to1050-CE102040-rhizo-S1_Run381.mzML:scan:1005,1,0.74,2,0,MSV000090886,NoID,temp/queries/eb/ebd49cf629d445afbc1edf1d3b90acbc/ebd49cf629d445afbc1edf1d3b90acbc.mgf,1,276,2350188
"5-ASA_1,5-dimethyl-1h-pyrazole-3-carboxylic-acid",mzspec:GNPS:MULTIPLEX-SYNTHESIS-LIBRARY-ALL-PARTITION-6:accession:CCMSLIB00016279279,-0.02,mzspec:MSV000094561:peak/IM13.mzML:scan:817,1,0.72,2,0,MSV000094561,NoID,temp/queries/eb/ebd49cf629d445afbc1edf1d3b90acbc/ebd49cf629d445afbc1edf1d3b90acbc.mgf,1,276,2057821
"5-ASA_1,5-dimethyl-1h-pyrazole-3-carboxylic-acid",mzspec:GNPS:MULTIPLEX-SYNTHESIS-LIBRARY-ALL-PARTITION-6:accession:CCMSLIB00016279279,-0.02,mzspec:MSV000094561:peak/IM1.mzML:scan:820,1,0.71,2,0,MSV000094561,NoID,temp/queries/eb/ebd49cf629d445afbc1edf1d3b90acbc/ebd49cf629d445afbc1edf1d3b90acbc.mgf,1,276,2057729
"5-ASA_1,5-dimethyl-1h-pyrazole-3-carboxylic-acid",mzspec:GNPS:MULTIPLEX-SYNTHESIS-LIBRARY-ALL-PARTITION-6:accession:CCMSLIB00016279279,-0.02,mzspec:MSV000094561:peak/IM4.mzML:scan:807,1,0.7,2,0,MSV000094561,NoID,temp/queries/eb/ebd49cf629d445afbc1edf1d3b90acbc/ebd49cf629d445afbc1edf1d3b90acbc.mgf,1,276,2057701
"5-ASA_1,5-dimethyl-1h-pyrazole-3-carboxylic-acid",mzspec:GNPS:MULTIPLEX-SYNTHESIS-LIBRARY-ALL-PARTITION-6:accession:CCMSLIB00016279279,-0.02,mzspec:MSV000094561:peak/IM7.mzML:scan:804,1,0.7,2,0,MSV000094561,NoID,temp/queries/eb/ebd49cf629d445afbc1edf1d3b90acbc/ebd49cf629d445afbc1edf1d3b90acbc.mgf,1,276,2057764
