compound_name,lib_usi,Delta Mass,USI,Charge,Cosine,Matching Peaks,Unit Delta Mass,Dataset,Status,Query Filename,Query Scan,Index UnitPM,Index IdxInUnitPM
"5-ASA_1,9-nonanediol",mzspec:GNPS:MULTIPLEX-SYNTHESIS-LIBRARY-ALL-PARTITION-6:accession:CCMSLIB00016279233,-0.0,mzspec:MSV000090609:ccms_peak/mzxml/22ZK-SA-006_t78_P1-A-7_01_20456.mzML:scan:2790,1,0.9,2,0,MSV000090609,NoID,temp/queries/4d/4d98a3ee08c54048ae6395901f745b44/4d98a3ee08c54048ae6395901f745b44.mgf,1,296,329959
"5-ASA_1,9-nonanediol",mzspec:GNPS:MULTIPLEX-SYNTHESIS-LIBRARY-ALL-PARTITION-6:accession:CCMSLIB00016279233,0.02,mzspec:MSV000089255:ccms_peak/K562_jhmgA_Tri_rep1_P1-B-8_01_8087.mzML:scan:664,1,0.82,1,0,MSV000089255,NoID,temp/queries/4d/4d98a3ee08c54048ae6395901f745b44/4d98a3ee08c54048ae6395901f745b44.mgf,1,296,726722
"5-ASA_1,9-nonanediol",mzspec:GNPS:MULTIPLEX-SYNTHESIS-LIBRARY-ALL-PARTITION-6:accession:CCMSLIB00016279233,0.01,mzspec:MSV000095708:peak/mzML/WT23L028.mzML:scan:664,1,0.82,1,0,MSV000095708,NoID,temp/queries/4d/4d98a3ee08c54048ae6395901f745b44/4d98a3ee08c54048ae6395901f745b44.mgf,1,296,1217386
"5-ASA_1,9-nonanediol",mzspec:GNPS:MULTIPLEX-SYNTHESIS-LIBRARY-ALL-PARTITION-6:accession:CCMSLIB00016279233,0.01,mzspec:MSV000096694:peak/Pierce_ASD_Mzml/P1_G5_364417424.mzML:scan:1186,1,0.81,1,0,MSV000096694,NoID,temp/queries/4d/4d98a3ee08c54048ae6395901f745b44/4d98a3ee08c54048ae6395901f745b44.mgf,1,296,909843
"5-ASA_1,9-nonanediol",mzspec:GNPS:MULTIPLEX-SYNTHESIS-LIBRARY-ALL-PARTITION-6:accession:CCMSLIB00016279233,0.02,mzspec:MSV000087793:ccms_peak/BcK562_SPE_24_Tri_2_P1-B-7_01_3654.mzML:scan:1267,1,0.81,1,0,MSV000087793,NoID,temp/queries/4d/4d98a3ee08c54048ae6395901f745b44/4d98a3ee08c54048ae6395901f745b44.mgf,1,296,719912
"5-ASA_1,9-nonanediol",mzspec:GNPS:MULTIPLEX-SYNTHESIS-LIBRARY-ALL-PARTITION-6:accession:CCMSLIB00016279233,0.02,mzspec:MSV000089255:ccms_peak/J2315_WT_Tri_rep1_P1-C-5_01_8097.mzML:scan:680,1,0.81,1,0,MSV000089255,NoID,temp/queries/4d/4d98a3ee08c54048ae6395901f745b44/4d98a3ee08c54048ae6395901f745b44.mgf,1,296,726030
"5-ASA_1,9-nonanediol",mzspec:GNPS:MULTIPLEX-SYNTHESIS-LIBRARY-ALL-PARTITION-6:accession:CCMSLIB00016279233,0.02,mzspec:MSV000087793:ccms_peak/BcK562_SPE_24_Tri_2_P1-B-7_01_3654.mzML:scan:1329,1,0.8,1,0,MSV000087793,NoID,temp/queries/4d/4d98a3ee08c54048ae6395901f745b44/4d98a3ee08c54048ae6395901f745b44.mgf,1,296,719913
"5-ASA_1,9-nonanediol",mzspec:GNPS:MULTIPLEX-SYNTHESIS-LIBRARY-ALL-PARTITION-6:accession:CCMSLIB00016279233,0.02,mzspec:MSV000087793:ccms_peak/BcK562_SPE_24_Tri_1_P1-B-7_01_3653.mzML:scan:1239,1,0.8,1,0,MSV000087793,NoID,temp/queries/4d/4d98a3ee08c54048ae6395901f745b44/4d98a3ee08c54048ae6395901f745b44.mgf,1,296,719904
"5-ASA_1,9-nonanediol",mzspec:GNPS:MULTIPLEX-SYNTHESIS-LIBRARY-ALL-PARTITION-6:accession:CCMSLIB00016279233,0.01,mzspec:MSV000082268:peak/mzxml_files/samples/Plate9_GH10_01_24819.mzXML:scan:281,1,0.8,2,0,MSV000082268,NoID,temp/queries/4d/4d98a3ee08c54048ae6395901f745b44/4d98a3ee08c54048ae6395901f745b44.mgf,1,296,451325
"5-ASA_1,9-nonanediol",mzspec:GNPS:MULTIPLEX-SYNTHESIS-LIBRARY-ALL-PARTITION-6:accession:CCMSLIB00016279233,0.02,mzspec:MSV000087793:ccms_peak/BcK562_SPE_24_Tri_1_P1-B-7_01_3653.mzML:scan:1327,1,0.79,1,0,MSV000087793,NoID,temp/queries/4d/4d98a3ee08c54048ae6395901f745b44/4d98a3ee08c54048ae6395901f745b44.mgf,1,296,719905
"5-ASA_1,9-nonanediol",mzspec:GNPS:MULTIPLEX-SYNTHESIS-LIBRARY-ALL-PARTITION-6:accession:CCMSLIB00016279233,0.02,mzspec:MSV000089255:ccms_peak/K562_jhmgA_Tri_rep1_P1-B-8_01_8087.mzML:scan:639,1,0.79,1,0,MSV000089255,NoID,temp/queries/4d/4d98a3ee08c54048ae6395901f745b44/4d98a3ee08c54048ae6395901f745b44.mgf,1,296,726720
"5-ASA_1,9-nonanediol",mzspec:GNPS:MULTIPLEX-SYNTHESIS-LIBRARY-ALL-PARTITION-6:accession:CCMSLIB00016279233,0.01,mzspec:MSV000096694:peak/Pierce_ASD_Mzml/P1_D1_364419306.mzML:scan:1307,1,0.79,1,0,MSV000096694,NoID,temp/queries/4d/4d98a3ee08c54048ae6395901f745b44/4d98a3ee08c54048ae6395901f745b44.mgf,1,296,909666
"5-ASA_1,9-nonanediol",mzspec:GNPS:MULTIPLEX-SYNTHESIS-LIBRARY-ALL-PARTITION-6:accession:CCMSLIB00016279233,0.02,mzspec:MSV000089255:ccms_peak/J2315_WT_Tri_rep1_P1-C-5_01_8097.mzML:scan:672,1,0.78,1,0,MSV000089255,NoID,temp/queries/4d/4d98a3ee08c54048ae6395901f745b44/4d98a3ee08c54048ae6395901f745b44.mgf,1,296,726029
"5-ASA_1,9-nonanediol",mzspec:GNPS:MULTIPLEX-SYNTHESIS-LIBRARY-ALL-PARTITION-6:accession:CCMSLIB00016279233,0.02,mzspec:MSV000089255:ccms_peak/K562_jhmgA_Tri_rep1_P1-B-8_01_8087.mzML:scan:655,1,0.78,1,0,MSV000089255,NoID,temp/queries/4d/4d98a3ee08c54048ae6395901f745b44/4d98a3ee08c54048ae6395901f745b44.mgf,1,296,726721
"5-ASA_1,9-nonanediol",mzspec:GNPS:MULTIPLEX-SYNTHESIS-LIBRARY-ALL-PARTITION-6:accession:CCMSLIB00016279233,0.02,mzspec:MSV000089255:ccms_peak/J2315_WT_Tri_rep1_P1-C-5_01_8097.mzML:scan:691,1,0.78,1,0,MSV000089255,NoID,temp/queries/4d/4d98a3ee08c54048ae6395901f745b44/4d98a3ee08c54048ae6395901f745b44.mgf,1,296,726031
"5-ASA_1,9-nonanediol",mzspec:GNPS:MULTIPLEX-SYNTHESIS-LIBRARY-ALL-PARTITION-6:accession:CCMSLIB00016279233,-0.01,mzspec:ST001861:20190525_Indranil_pos_spme_meta5_1.mzML:scan:8149,1,0.78,1,0,ST001861,NoID,temp/queries/4d/4d98a3ee08c54048ae6395901f745b44/4d98a3ee08c54048ae6395901f745b44.mgf,1,296,1533993
"5-ASA_1,9-nonanediol",mzspec:GNPS:MULTIPLEX-SYNTHESIS-LIBRARY-ALL-PARTITION-6:accession:CCMSLIB00016279233,0.01,mzspec:MSV000083446:ccms_peak/PD21.13_GE9_01_20618.mzML:scan:926,1,0.78,1,0,MSV000083446,NoID,temp/queries/4d/4d98a3ee08c54048ae6395901f745b44/4d98a3ee08c54048ae6395901f745b44.mgf,1,296,319497
"5-ASA_1,9-nonanediol",mzspec:GNPS:MULTIPLEX-SYNTHESIS-LIBRARY-ALL-PARTITION-6:accession:CCMSLIB00016279233,0.02,mzspec:MSV000087793:ccms_peak/BcK562_SPE_24_Tri_1_P1-B-7_01_3653.mzML:scan:1333,1,0.77,1,0,MSV000087793,NoID,temp/queries/4d/4d98a3ee08c54048ae6395901f745b44/4d98a3ee08c54048ae6395901f745b44.mgf,1,296,719906
"5-ASA_1,9-nonanediol",mzspec:GNPS:MULTIPLEX-SYNTHESIS-LIBRARY-ALL-PARTITION-6:accession:CCMSLIB00016279233,0.01,mzspec:MSV000082268:peak/mzxml_files/samples/Plate9_GE9_01_24542.mzXML:scan:291,1,0.77,1,0,MSV000082268,NoID,temp/queries/4d/4d98a3ee08c54048ae6395901f745b44/4d98a3ee08c54048ae6395901f745b44.mgf,1,296,452696
"5-ASA_1,9-nonanediol",mzspec:GNPS:MULTIPLEX-SYNTHESIS-LIBRARY-ALL-PARTITION-6:accession:CCMSLIB00016279233,0.02,mzspec:MSV000089255:ccms_peak/J2315_WT_Tri_rep1_P1-C-5_01_8097.mzML:scan:701,1,0.77,1,0,MSV000089255,NoID,temp/queries/4d/4d98a3ee08c54048ae6395901f745b44/4d98a3ee08c54048ae6395901f745b44.mgf,1,296,726032
"5-ASA_1,9-nonanediol",mzspec:GNPS:MULTIPLEX-SYNTHESIS-LIBRARY-ALL-PARTITION-6:accession:CCMSLIB00016279233,0.01,mzspec:MSV000086721:ccms_peak/mzxmls/Soot-C5_P1-B-8_01_7288.mzML:scan:891,1,0.76,2,0,MSV000086721,NoID,temp/queries/4d/4d98a3ee08c54048ae6395901f745b44/4d98a3ee08c54048ae6395901f745b44.mgf,1,296,989204
"5-ASA_1,9-nonanediol",mzspec:GNPS:MULTIPLEX-SYNTHESIS-LIBRARY-ALL-PARTITION-6:accession:CCMSLIB00016279233,0.02,mzspec:MSV000084794:ccms_peak/Raw_data/pos/24TM.mzML:scan:894,1,0.76,1,0,MSV000084794,NoID,temp/queries/4d/4d98a3ee08c54048ae6395901f745b44/4d98a3ee08c54048ae6395901f745b44.mgf,1,296,1417636
"5-ASA_1,9-nonanediol",mzspec:GNPS:MULTIPLEX-SYNTHESIS-LIBRARY-ALL-PARTITION-6:accession:CCMSLIB00016279233,0.01,mzspec:MSV000082268:peak/mzxml_files/samples/Plate9_GF8_01_24555.mzXML:scan:300,1,0.76,1,0,MSV000082268,NoID,temp/queries/4d/4d98a3ee08c54048ae6395901f745b44/4d98a3ee08c54048ae6395901f745b44.mgf,1,296,452504
"5-ASA_1,9-nonanediol",mzspec:GNPS:MULTIPLEX-SYNTHESIS-LIBRARY-ALL-PARTITION-6:accession:CCMSLIB00016279233,0.02,mzspec:MSV000087793:ccms_peak/BcK562_SPE_24_Tri_2_P1-B-7_01_3654.mzML:scan:1337,1,0.75,1,0,MSV000087793,NoID,temp/queries/4d/4d98a3ee08c54048ae6395901f745b44/4d98a3ee08c54048ae6395901f745b44.mgf,1,296,719914
"5-ASA_1,9-nonanediol",mzspec:GNPS:MULTIPLEX-SYNTHESIS-LIBRARY-ALL-PARTITION-6:accession:CCMSLIB00016279233,0.02,mzspec:MTBLS6458:FILES/DERIVED_FILES/POS/20200804X06.mzML:scan:1708,1,0.75,1,0,MTBLS6458,NoID,temp/queries/4d/4d98a3ee08c54048ae6395901f745b44/4d98a3ee08c54048ae6395901f745b44.mgf,1,296,1597177
"5-ASA_1,9-nonanediol",mzspec:GNPS:MULTIPLEX-SYNTHESIS-LIBRARY-ALL-PARTITION-6:accession:CCMSLIB00016279233,0.01,mzspec:MSV000083446:ccms_peak/PD24.13_GE5_01_20612.mzML:scan:913,1,0.75,2,0,MSV000083446,NoID,temp/queries/4d/4d98a3ee08c54048ae6395901f745b44/4d98a3ee08c54048ae6395901f745b44.mgf,1,296,319459
"5-ASA_1,9-nonanediol",mzspec:GNPS:MULTIPLEX-SYNTHESIS-LIBRARY-ALL-PARTITION-6:accession:CCMSLIB00016279233,0.02,mzspec:MSV000081952:ccms_peak/raw_files/Plate2/Samples/PHT_20_093_Cort_1200.mzML:scan:701,1,0.74,1,0,MSV000081952,NoID,temp/queries/4d/4d98a3ee08c54048ae6395901f745b44/4d98a3ee08c54048ae6395901f745b44.mgf,1,296,795644
"5-ASA_1,9-nonanediol",mzspec:GNPS:MULTIPLEX-SYNTHESIS-LIBRARY-ALL-PARTITION-6:accession:CCMSLIB00016279233,0.02,mzspec:MSV000083077:ccms_peak/Plate2/PHT_20_093_Cort_1200.mzML:scan:701,1,0.74,1,0,MSV000083077,NoID,temp/queries/4d/4d98a3ee08c54048ae6395901f745b44/4d98a3ee08c54048ae6395901f745b44.mgf,1,296,828306
"5-ASA_1,9-nonanediol",mzspec:GNPS:MULTIPLEX-SYNTHESIS-LIBRARY-ALL-PARTITION-6:accession:CCMSLIB00016279233,0.02,mzspec:MSV000087793:ccms_peak/BcK562_SPE_24_Tri_1_P1-B-7_01_3653.mzML:scan:1344,1,0.74,1,0,MSV000087793,NoID,temp/queries/4d/4d98a3ee08c54048ae6395901f745b44/4d98a3ee08c54048ae6395901f745b44.mgf,1,296,719907
"5-ASA_1,9-nonanediol",mzspec:GNPS:MULTIPLEX-SYNTHESIS-LIBRARY-ALL-PARTITION-6:accession:CCMSLIB00016279233,0.02,mzspec:MSV000088735:ccms_peak/Plate_02/IFXI31-D2-AV-STWK3.mzML:scan:756,1,0.74,1,0,MSV000088735,NoID,temp/queries/4d/4d98a3ee08c54048ae6395901f745b44/4d98a3ee08c54048ae6395901f745b44.mgf,1,296,421852
"5-ASA_1,9-nonanediol",mzspec:GNPS:MULTIPLEX-SYNTHESIS-LIBRARY-ALL-PARTITION-6:accession:CCMSLIB00016279233,0.02,mzspec:MSV000088735:ccms_peak/Plate_01/IFXI17-D1-AV-STWK2.mzML:scan:757,1,0.74,1,0,MSV000088735,NoID,temp/queries/4d/4d98a3ee08c54048ae6395901f745b44/4d98a3ee08c54048ae6395901f745b44.mgf,1,296,421981
"5-ASA_1,9-nonanediol",mzspec:GNPS:MULTIPLEX-SYNTHESIS-LIBRARY-ALL-PARTITION-6:accession:CCMSLIB00016279233,0.01,mzspec:MSV000082268:peak/mzxml_files/samples/Plate9_GF8_01_24555.mzXML:scan:308,1,0.74,1,0,MSV000082268,NoID,temp/queries/4d/4d98a3ee08c54048ae6395901f745b44/4d98a3ee08c54048ae6395901f745b44.mgf,1,296,452505
"5-ASA_1,9-nonanediol",mzspec:GNPS:MULTIPLEX-SYNTHESIS-LIBRARY-ALL-PARTITION-6:accession:CCMSLIB00016279233,0.01,mzspec:MSV000079808:ccms_peak/Coral_mzxml/Coral_D7.mzXML:scan:480,1,0.74,1,0,MSV000079808,NoID,temp/queries/4d/4d98a3ee08c54048ae6395901f745b44/4d98a3ee08c54048ae6395901f745b44.mgf,1,296,575199
"5-ASA_1,9-nonanediol",mzspec:GNPS:MULTIPLEX-SYNTHESIS-LIBRARY-ALL-PARTITION-6:accession:CCMSLIB00016279233,0.02,mzspec:MSV000091243:ccms_peak/Raw Data/P2_F6.mzML:scan:1054,1,0.73,1,0,MSV000091243,NoID,temp/queries/4d/4d98a3ee08c54048ae6395901f745b44/4d98a3ee08c54048ae6395901f745b44.mgf,1,296,218896
"5-ASA_1,9-nonanediol",mzspec:GNPS:MULTIPLEX-SYNTHESIS-LIBRARY-ALL-PARTITION-6:accession:CCMSLIB00016279233,0.02,mzspec:MSV000091243:peak/Converted Data/P2_F6.mzML:scan:1054,1,0.73,1,0,MSV000091243,NoID,temp/queries/4d/4d98a3ee08c54048ae6395901f745b44/4d98a3ee08c54048ae6395901f745b44.mgf,1,296,217995
"5-ASA_1,9-nonanediol",mzspec:GNPS:MULTIPLEX-SYNTHESIS-LIBRARY-ALL-PARTITION-6:accession:CCMSLIB00016279233,0.01,mzspec:MSV000083083:ccms_peak/raw_files/palmer_plate11/00077E99C4.mzML:scan:739,1,0.73,1,0,MSV000083083,NoID,temp/queries/4d/4d98a3ee08c54048ae6395901f745b44/4d98a3ee08c54048ae6395901f745b44.mgf,1,296,756670
"5-ASA_1,9-nonanediol",mzspec:GNPS:MULTIPLEX-SYNTHESIS-LIBRARY-ALL-PARTITION-6:accession:CCMSLIB00016279233,0.01,mzspec:MSV000083647:ccms_peak/raw_files/palmer_plate11/00077E99C4.mzML:scan:739,1,0.73,1,0,MSV000083647,NoID,temp/queries/4d/4d98a3ee08c54048ae6395901f745b44/4d98a3ee08c54048ae6395901f745b44.mgf,1,296,647718
"5-ASA_1,9-nonanediol",mzspec:GNPS:MULTIPLEX-SYNTHESIS-LIBRARY-ALL-PARTITION-6:accession:CCMSLIB00016279233,0.02,mzspec:MSV000091538:peak/Gupta_P1_mzML/A6405.mzML:scan:1007,1,0.73,1,0,MSV000091538,NoID,temp/queries/4d/4d98a3ee08c54048ae6395901f745b44/4d98a3ee08c54048ae6395901f745b44.mgf,1,296,607961
"5-ASA_1,9-nonanediol",mzspec:GNPS:MULTIPLEX-SYNTHESIS-LIBRARY-ALL-PARTITION-6:accession:CCMSLIB00016279233,0.02,mzspec:MSV000091538:ccms_peak/Gupta_P1/A6405.mzML:scan:1007,1,0.73,1,0,MSV000091538,NoID,temp/queries/4d/4d98a3ee08c54048ae6395901f745b44/4d98a3ee08c54048ae6395901f745b44.mgf,1,296,607710
"5-ASA_1,9-nonanediol",mzspec:GNPS:MULTIPLEX-SYNTHESIS-LIBRARY-ALL-PARTITION-6:accession:CCMSLIB00016279233,0.0,mzspec:MSV000082268:peak/mzxml_files/samples/Plate6_BG10_01_24225.mzXML:scan:291,1,0.73,1,0,MSV000082268,NoID,temp/queries/4d/4d98a3ee08c54048ae6395901f745b44/4d98a3ee08c54048ae6395901f745b44.mgf,1,296,451915
"5-ASA_1,9-nonanediol",mzspec:GNPS:MULTIPLEX-SYNTHESIS-LIBRARY-ALL-PARTITION-6:accession:CCMSLIB00016279233,0.02,mzspec:MSV000091538:peak/Gupta_P1_mzML/A6896.mzML:scan:1018,1,0.72,1,0,MSV000091538,NoID,temp/queries/4d/4d98a3ee08c54048ae6395901f745b44/4d98a3ee08c54048ae6395901f745b44.mgf,1,296,607687
"5-ASA_1,9-nonanediol",mzspec:GNPS:MULTIPLEX-SYNTHESIS-LIBRARY-ALL-PARTITION-6:accession:CCMSLIB00016279233,-0.01,mzspec:MSV000092080:peak/mzMLs/8.mzML:scan:1714,1,0.72,1,0,MSV000092080,NoID,temp/queries/4d/4d98a3ee08c54048ae6395901f745b44/4d98a3ee08c54048ae6395901f745b44.mgf,1,296,1216877
"5-ASA_1,9-nonanediol",mzspec:GNPS:MULTIPLEX-SYNTHESIS-LIBRARY-ALL-PARTITION-6:accession:CCMSLIB00016279233,0.02,mzspec:MSV000091538:ccms_peak/Gupta_P2/A6779.mzML:scan:1009,1,0.72,1,0,MSV000091538,NoID,temp/queries/4d/4d98a3ee08c54048ae6395901f745b44/4d98a3ee08c54048ae6395901f745b44.mgf,1,296,607708
"5-ASA_1,9-nonanediol",mzspec:GNPS:MULTIPLEX-SYNTHESIS-LIBRARY-ALL-PARTITION-6:accession:CCMSLIB00016279233,0.02,mzspec:MSV000091538:peak/Gupta_P2_mzML/A6779.mzML:scan:1009,1,0.72,1,0,MSV000091538,NoID,temp/queries/4d/4d98a3ee08c54048ae6395901f745b44/4d98a3ee08c54048ae6395901f745b44.mgf,1,296,607652
"5-ASA_1,9-nonanediol",mzspec:GNPS:MULTIPLEX-SYNTHESIS-LIBRARY-ALL-PARTITION-6:accession:CCMSLIB00016279233,-0.01,mzspec:MSV000092209:peak/8.mzML:scan:1714,1,0.72,1,0,MSV000092209,NoID,temp/queries/4d/4d98a3ee08c54048ae6395901f745b44/4d98a3ee08c54048ae6395901f745b44.mgf,1,296,132958
"5-ASA_1,9-nonanediol",mzspec:GNPS:MULTIPLEX-SYNTHESIS-LIBRARY-ALL-PARTITION-6:accession:CCMSLIB00016279233,0.0,mzspec:MSV000080142:ccms_peak/LIM-Target-ID_mzxml/Plate3_B1.mzXML:scan:924,1,0.72,1,0,MSV000080142,NoID,temp/queries/4d/4d98a3ee08c54048ae6395901f745b44/4d98a3ee08c54048ae6395901f745b44.mgf,1,296,770656
"5-ASA_1,9-nonanediol",mzspec:GNPS:MULTIPLEX-SYNTHESIS-LIBRARY-ALL-PARTITION-6:accession:CCMSLIB00016279233,0.02,mzspec:MSV000091538:ccms_peak/Gupta_P3/A7008.mzML:scan:1015,1,0.72,1,0,MSV000091538,NoID,temp/queries/4d/4d98a3ee08c54048ae6395901f745b44/4d98a3ee08c54048ae6395901f745b44.mgf,1,296,608211
"5-ASA_1,9-nonanediol",mzspec:GNPS:MULTIPLEX-SYNTHESIS-LIBRARY-ALL-PARTITION-6:accession:CCMSLIB00016279233,0.02,mzspec:MSV000091538:ccms_peak/Gupta_P1/A6896.mzML:scan:1018,1,0.72,1,0,MSV000091538,NoID,temp/queries/4d/4d98a3ee08c54048ae6395901f745b44/4d98a3ee08c54048ae6395901f745b44.mgf,1,296,607859
"5-ASA_1,9-nonanediol",mzspec:GNPS:MULTIPLEX-SYNTHESIS-LIBRARY-ALL-PARTITION-6:accession:CCMSLIB00016279233,0.02,mzspec:MSV000091538:peak/Gupta_P3_mzML/A7008.mzML:scan:1015,1,0.72,1,0,MSV000091538,NoID,temp/queries/4d/4d98a3ee08c54048ae6395901f745b44/4d98a3ee08c54048ae6395901f745b44.mgf,1,296,607802
"5-ASA_1,9-nonanediol",mzspec:GNPS:MULTIPLEX-SYNTHESIS-LIBRARY-ALL-PARTITION-6:accession:CCMSLIB00016279233,0.01,mzspec:MSV000082268:peak/mzxml_files/samples/Plate6_BD11_01_24182.mzXML:scan:363,1,0.72,2,0,MSV000082268,NoID,temp/queries/4d/4d98a3ee08c54048ae6395901f745b44/4d98a3ee08c54048ae6395901f745b44.mgf,1,296,451788
"5-ASA_1,9-nonanediol",mzspec:GNPS:MULTIPLEX-SYNTHESIS-LIBRARY-ALL-PARTITION-6:accession:CCMSLIB00016279233,0.01,mzspec:ST001861:20190525_Indranil_pos_spme_meta4_1.mzML:scan:7605,1,0.71,1,0,ST001861,NoID,temp/queries/4d/4d98a3ee08c54048ae6395901f745b44/4d98a3ee08c54048ae6395901f745b44.mgf,1,296,1534091
"5-ASA_1,9-nonanediol",mzspec:GNPS:MULTIPLEX-SYNTHESIS-LIBRARY-ALL-PARTITION-6:accession:CCMSLIB00016279233,0.01,mzspec:MSV000080673:ccms_peak/2017.AmericanGut3K.mzXMLfiles/Samples/000033084_RE7_01_5496.mzML:scan:747,1,0.71,1,0,MSV000080673,NoID,temp/queries/4d/4d98a3ee08c54048ae6395901f745b44/4d98a3ee08c54048ae6395901f745b44.mgf,1,296,1389877
"5-ASA_1,9-nonanediol",mzspec:GNPS:MULTIPLEX-SYNTHESIS-LIBRARY-ALL-PARTITION-6:accession:CCMSLIB00016279233,0.01,mzspec:MSV000081981:ccms_peak/2017.AmericanGutPhase1.Samples.mzXMLfiles/Samples/000033084_RE7_01_5496.mzML:scan:747,1,0.71,1,0,MSV000081981,NoID,temp/queries/4d/4d98a3ee08c54048ae6395901f745b44/4d98a3ee08c54048ae6395901f745b44.mgf,1,296,1006097
"5-ASA_1,9-nonanediol",mzspec:GNPS:MULTIPLEX-SYNTHESIS-LIBRARY-ALL-PARTITION-6:accession:CCMSLIB00016279233,0.02,mzspec:MSV000091538:ccms_peak/Gupta_P2/A6713.mzML:scan:999,1,0.71,1,0,MSV000091538,NoID,temp/queries/4d/4d98a3ee08c54048ae6395901f745b44/4d98a3ee08c54048ae6395901f745b44.mgf,1,296,607987
"5-ASA_1,9-nonanediol",mzspec:GNPS:MULTIPLEX-SYNTHESIS-LIBRARY-ALL-PARTITION-6:accession:CCMSLIB00016279233,0.02,mzspec:MSV000091538:peak/Gupta_P2_mzML/A6713.mzML:scan:999,1,0.71,1,0,MSV000091538,NoID,temp/queries/4d/4d98a3ee08c54048ae6395901f745b44/4d98a3ee08c54048ae6395901f745b44.mgf,1,296,607818
"5-ASA_1,9-nonanediol",mzspec:GNPS:MULTIPLEX-SYNTHESIS-LIBRARY-ALL-PARTITION-6:accession:CCMSLIB00016279233,0.01,mzspec:MSV000082268:peak/mzxml_files/samples/Plate6_BE2_01_24188.mzXML:scan:296,1,0.71,1,0,MSV000082268,NoID,temp/queries/4d/4d98a3ee08c54048ae6395901f745b44/4d98a3ee08c54048ae6395901f745b44.mgf,1,296,452627
"5-ASA_1,9-nonanediol",mzspec:GNPS:MULTIPLEX-SYNTHESIS-LIBRARY-ALL-PARTITION-6:accession:CCMSLIB00016279233,0.01,mzspec:MSV000082268:peak/mzxml_files/samples/Plate9_GF4_01_24551.mzXML:scan:288,1,0.71,1,0,MSV000082268,NoID,temp/queries/4d/4d98a3ee08c54048ae6395901f745b44/4d98a3ee08c54048ae6395901f745b44.mgf,1,296,452610
"5-ASA_1,9-nonanediol",mzspec:GNPS:MULTIPLEX-SYNTHESIS-LIBRARY-ALL-PARTITION-6:accession:CCMSLIB00016279233,0.02,mzspec:MSV000091243:peak/Converted Data/P1_C10.mzML:scan:1006,1,0.71,1,0,MSV000091243,NoID,temp/queries/4d/4d98a3ee08c54048ae6395901f745b44/4d98a3ee08c54048ae6395901f745b44.mgf,1,296,219037
"5-ASA_1,9-nonanediol",mzspec:GNPS:MULTIPLEX-SYNTHESIS-LIBRARY-ALL-PARTITION-6:accession:CCMSLIB00016279233,0.02,mzspec:MSV000091243:ccms_peak/Raw Data/P1_C10.mzML:scan:1006,1,0.71,1,0,MSV000091243,NoID,temp/queries/4d/4d98a3ee08c54048ae6395901f745b44/4d98a3ee08c54048ae6395901f745b44.mgf,1,296,218331
"5-ASA_1,9-nonanediol",mzspec:GNPS:MULTIPLEX-SYNTHESIS-LIBRARY-ALL-PARTITION-6:accession:CCMSLIB00016279233,0.01,mzspec:MSV000083446:ccms_peak/PD28.15_RF3_01_20635.mzML:scan:924,1,0.71,1,0,MSV000083446,NoID,temp/queries/4d/4d98a3ee08c54048ae6395901f745b44/4d98a3ee08c54048ae6395901f745b44.mgf,1,296,319353
"5-ASA_1,9-nonanediol",mzspec:GNPS:MULTIPLEX-SYNTHESIS-LIBRARY-ALL-PARTITION-6:accession:CCMSLIB00016279233,-0.01,mzspec:MSV000092209:peak/10.mzML:scan:1730,1,0.7,1,0,MSV000092209,NoID,temp/queries/4d/4d98a3ee08c54048ae6395901f745b44/4d98a3ee08c54048ae6395901f745b44.mgf,1,296,132857
"5-ASA_1,9-nonanediol",mzspec:GNPS:MULTIPLEX-SYNTHESIS-LIBRARY-ALL-PARTITION-6:accession:CCMSLIB00016279233,0.01,mzspec:ST002977:Fecal_Metabolome_and_Microbiome_IDs/Raw_Data_Files/RPLCxHILIC_2d/Positive Mode/2022_0708_HILIC_Fraction_13_MS2.mzML:scan:3472,1,0.7,2,0,ST002977,NoID,temp/queries/4d/4d98a3ee08c54048ae6395901f745b44/4d98a3ee08c54048ae6395901f745b44.mgf,1,296,1461297
"5-ASA_1,9-nonanediol",mzspec:GNPS:MULTIPLEX-SYNTHESIS-LIBRARY-ALL-PARTITION-6:accession:CCMSLIB00016279233,0.01,mzspec:ST001861:20190525_Indranil_pos_spme_meta4_2.mzML:scan:7753,1,0.7,1,0,ST001861,NoID,temp/queries/4d/4d98a3ee08c54048ae6395901f745b44/4d98a3ee08c54048ae6395901f745b44.mgf,1,296,1533916
"5-ASA_1,9-nonanediol",mzspec:GNPS:MULTIPLEX-SYNTHESIS-LIBRARY-ALL-PARTITION-6:accession:CCMSLIB00016279233,0.01,mzspec:ST001861:20190525_Indranil_pos_spme_meta4_2.mzML:scan:7741,1,0.7,1,0,ST001861,NoID,temp/queries/4d/4d98a3ee08c54048ae6395901f745b44/4d98a3ee08c54048ae6395901f745b44.mgf,1,296,1533915
"5-ASA_1,9-nonanediol",mzspec:GNPS:MULTIPLEX-SYNTHESIS-LIBRARY-ALL-PARTITION-6:accession:CCMSLIB00016279233,-0.01,mzspec:MSV000092080:peak/mzMLs/10.mzML:scan:1730,1,0.7,1,0,MSV000092080,NoID,temp/queries/4d/4d98a3ee08c54048ae6395901f745b44/4d98a3ee08c54048ae6395901f745b44.mgf,1,296,1216995
"5-ASA_1,9-nonanediol",mzspec:GNPS:MULTIPLEX-SYNTHESIS-LIBRARY-ALL-PARTITION-6:accession:CCMSLIB00016279233,0.02,mzspec:MSV000091538:peak/Gupta_P3_mzML/A6662.mzML:scan:999,1,0.7,1,0,MSV000091538,NoID,temp/queries/4d/4d98a3ee08c54048ae6395901f745b44/4d98a3ee08c54048ae6395901f745b44.mgf,1,296,608035
"5-ASA_1,9-nonanediol",mzspec:GNPS:MULTIPLEX-SYNTHESIS-LIBRARY-ALL-PARTITION-6:accession:CCMSLIB00016279233,0.02,mzspec:MSV000091538:ccms_peak/Gupta_P3/A6662.mzML:scan:999,1,0.7,1,0,MSV000091538,NoID,temp/queries/4d/4d98a3ee08c54048ae6395901f745b44/4d98a3ee08c54048ae6395901f745b44.mgf,1,296,607999
