compound_name,lib_usi,Delta Mass,USI,Charge,Cosine,Matching Peaks,Unit Delta Mass,Dataset,Status,Query Filename,Query Scan,Index UnitPM,Index IdxInUnitPM
5-ASA_1-(3-aminopropyl)imidazole,mzspec:GNPS:MULTIPLEX-SYNTHESIS-LIBRARY-ALL-PARTITION-6:accession:CCMSLIB00016278927,0.0,mzspec:MSV000089899:ccms_peak/mzXML/br_40-1_2_RC6_01_65057.mzML:scan:117,1,0.79,1,0,MSV000089899,NoID,temp/queries/af/af492f237d43482e9ae7c5aaedef24d0/af492f237d43482e9ae7c5aaedef24d0.mgf,1,261,1201741
5-ASA_1-(3-aminopropyl)imidazole,mzspec:GNPS:MULTIPLEX-SYNTHESIS-LIBRARY-ALL-PARTITION-6:accession:CCMSLIB00016278927,0.0,mzspec:MSV000089899:ccms_peak/mzXML/br_40-4-1_2_RC7_01_65058.mzML:scan:110,1,0.78,1,0,MSV000089899,NoID,temp/queries/af/af492f237d43482e9ae7c5aaedef24d0/af492f237d43482e9ae7c5aaedef24d0.mgf,1,261,1201788
5-ASA_1-(3-aminopropyl)imidazole,mzspec:GNPS:MULTIPLEX-SYNTHESIS-LIBRARY-ALL-PARTITION-6:accession:CCMSLIB00016278927,0.0,mzspec:MSV000083610:ccms_peak/2018_02_12_Vibrios_Coral_Extracts_mzXML/20MX_BE5_01_8298.mzML:scan:4559,1,0.77,2,0,MSV000083610,NoID,temp/queries/af/af492f237d43482e9ae7c5aaedef24d0/af492f237d43482e9ae7c5aaedef24d0.mgf,1,261,4423408
5-ASA_1-(3-aminopropyl)imidazole,mzspec:GNPS:MULTIPLEX-SYNTHESIS-LIBRARY-ALL-PARTITION-6:accession:CCMSLIB00016278927,0.02,mzspec:MSV000083462:ccms_peak/Stool_verified/mzXML_data_7/Samples/11712.SUBJECT35.STOOL.769.mzML:scan:1209,1,0.77,2,0,MSV000083462,NoID,temp/queries/af/af492f237d43482e9ae7c5aaedef24d0/af492f237d43482e9ae7c5aaedef24d0.mgf,1,261,1473939
5-ASA_1-(3-aminopropyl)imidazole,mzspec:GNPS:MULTIPLEX-SYNTHESIS-LIBRARY-ALL-PARTITION-6:accession:CCMSLIB00016278927,0.02,mzspec:MSV000082433:ccms_peak/raw/20161103_Amerindian_Plate5/M-0480.mzML:scan:1167,1,0.77,3,0,MSV000082433,NoID,temp/queries/af/af492f237d43482e9ae7c5aaedef24d0/af492f237d43482e9ae7c5aaedef24d0.mgf,1,261,3317123
5-ASA_1-(3-aminopropyl)imidazole,mzspec:GNPS:MULTIPLEX-SYNTHESIS-LIBRARY-ALL-PARTITION-6:accession:CCMSLIB00016278927,0.02,mzspec:MSV000087646:ccms_peak/JA_Feb152021_RMmetabolomics_ddMS2IE1pos_LC_POOL_SmokersUrine.mzML:scan:5759,1,0.76,3,0,MSV000087646,NoID,temp/queries/af/af492f237d43482e9ae7c5aaedef24d0/af492f237d43482e9ae7c5aaedef24d0.mgf,1,261,2123345
5-ASA_1-(3-aminopropyl)imidazole,mzspec:GNPS:MULTIPLEX-SYNTHESIS-LIBRARY-ALL-PARTITION-6:accession:CCMSLIB00016278927,0.02,mzspec:MSV000083462:ccms_peak/Stool_verified/mzXML_data_7/Samples/11712.SUBJECT34.STOOL.751.mzML:scan:1204,1,0.76,2,0,MSV000083462,NoID,temp/queries/af/af492f237d43482e9ae7c5aaedef24d0/af492f237d43482e9ae7c5aaedef24d0.mgf,1,261,1467718
5-ASA_1-(3-aminopropyl)imidazole,mzspec:GNPS:MULTIPLEX-SYNTHESIS-LIBRARY-ALL-PARTITION-6:accession:CCMSLIB00016278927,0.0,mzspec:MSV000089899:ccms_peak/mzXML/ves_1_RB2_01_65045.mzML:scan:147,1,0.76,1,0,MSV000089899,NoID,temp/queries/af/af492f237d43482e9ae7c5aaedef24d0/af492f237d43482e9ae7c5aaedef24d0.mgf,1,261,1201664
5-ASA_1-(3-aminopropyl)imidazole,mzspec:GNPS:MULTIPLEX-SYNTHESIS-LIBRARY-ALL-PARTITION-6:accession:CCMSLIB00016278927,0.0,mzspec:MSV000089899:ccms_peak/mzXML/br_40-1_2_RC6_01_65057.mzML:scan:108,1,0.76,1,0,MSV000089899,NoID,temp/queries/af/af492f237d43482e9ae7c5aaedef24d0/af492f237d43482e9ae7c5aaedef24d0.mgf,1,261,1201739
5-ASA_1-(3-aminopropyl)imidazole,mzspec:GNPS:MULTIPLEX-SYNTHESIS-LIBRARY-ALL-PARTITION-6:accession:CCMSLIB00016278927,0.0,mzspec:ST003703:iSMNKO_lipid_pos_QC04.mzML:scan:25615,1,0.75,1,0,ST003703,NoID,temp/queries/af/af492f237d43482e9ae7c5aaedef24d0/af492f237d43482e9ae7c5aaedef24d0.mgf,1,261,4818725
5-ASA_1-(3-aminopropyl)imidazole,mzspec:GNPS:MULTIPLEX-SYNTHESIS-LIBRARY-ALL-PARTITION-6:accession:CCMSLIB00016278927,0.01,mzspec:MSV000095296:ccms_peak/negative_T0d/D045A.mzML:scan:4294967295,1,0.75,1,0,MSV000095296,NoID,temp/queries/af/af492f237d43482e9ae7c5aaedef24d0/af492f237d43482e9ae7c5aaedef24d0.mgf,1,261,2146331
5-ASA_1-(3-aminopropyl)imidazole,mzspec:GNPS:MULTIPLEX-SYNTHESIS-LIBRARY-ALL-PARTITION-6:accession:CCMSLIB00016278927,0.02,mzspec:MSV000082074:ccms_peak/Samples/G74072_1x_10ul_RC8_01_19808.mzML:scan:1102,1,0.75,1,0,MSV000082074,NoID,temp/queries/af/af492f237d43482e9ae7c5aaedef24d0/af492f237d43482e9ae7c5aaedef24d0.mgf,1,261,3949104
5-ASA_1-(3-aminopropyl)imidazole,mzspec:GNPS:MULTIPLEX-SYNTHESIS-LIBRARY-ALL-PARTITION-6:accession:CCMSLIB00016278927,0.01,mzspec:MTBLS3750:FILES/DERIVED_FILES/NEG/IP15-Sample022negtive.mzML:scan:4294967295,1,0.75,1,0,MTBLS3750,NoID,temp/queries/af/af492f237d43482e9ae7c5aaedef24d0/af492f237d43482e9ae7c5aaedef24d0.mgf,1,261,4906066
5-ASA_1-(3-aminopropyl)imidazole,mzspec:GNPS:MULTIPLEX-SYNTHESIS-LIBRARY-ALL-PARTITION-6:accession:CCMSLIB00016278927,0.0,mzspec:MSV000089899:ccms_peak/mzXML/br_40-4-1_2_RC7_01_65058.mzML:scan:99,1,0.75,1,0,MSV000089899,NoID,temp/queries/af/af492f237d43482e9ae7c5aaedef24d0/af492f237d43482e9ae7c5aaedef24d0.mgf,1,261,1201787
5-ASA_1-(3-aminopropyl)imidazole,mzspec:GNPS:MULTIPLEX-SYNTHESIS-LIBRARY-ALL-PARTITION-6:accession:CCMSLIB00016278927,-0.01,mzspec:MSV000092820:raw/083123_Matthaei_Herbarium_lowmz/2020_Matthaei_EA_150-450mz/Beaucarnea-recurvata-Stem-ethylacetate-2020.mzML:scan:2341,1,0.75,2,0,MSV000092820,NoID,temp/queries/af/af492f237d43482e9ae7c5aaedef24d0/af492f237d43482e9ae7c5aaedef24d0.mgf,1,261,711317
5-ASA_1-(3-aminopropyl)imidazole,mzspec:GNPS:MULTIPLEX-SYNTHESIS-LIBRARY-ALL-PARTITION-6:accession:CCMSLIB00016278927,0.0,mzspec:MSV000082432:ccms_peak/Plate 4_mzXML/4C1_ V3_ RC_ D1H24_ W5_BC1_01_11679.mzML:scan:4186,1,0.75,1,0,MSV000082432,NoID,temp/queries/af/af492f237d43482e9ae7c5aaedef24d0/af492f237d43482e9ae7c5aaedef24d0.mgf,1,261,1014226
5-ASA_1-(3-aminopropyl)imidazole,mzspec:GNPS:MULTIPLEX-SYNTHESIS-LIBRARY-ALL-PARTITION-6:accession:CCMSLIB00016278927,0.0,mzspec:MSV000095654:raw/mzml/Plate3_solvent_blank_6_HILICpos.mzML:scan:13943,1,0.75,2,0,MSV000095654,NoID,temp/queries/af/af492f237d43482e9ae7c5aaedef24d0/af492f237d43482e9ae7c5aaedef24d0.mgf,1,261,395706
5-ASA_1-(3-aminopropyl)imidazole,mzspec:GNPS:MULTIPLEX-SYNTHESIS-LIBRARY-ALL-PARTITION-6:accession:CCMSLIB00016278927,0.02,mzspec:MSV000083472:peak/mzML/NIH_NP_pos_Plate_12.mzML:scan:1037,1,0.75,2,0,MSV000083472,NoID,temp/queries/af/af492f237d43482e9ae7c5aaedef24d0/af492f237d43482e9ae7c5aaedef24d0.mgf,1,261,4120728
5-ASA_1-(3-aminopropyl)imidazole,mzspec:GNPS:MULTIPLEX-SYNTHESIS-LIBRARY-ALL-PARTITION-6:accession:CCMSLIB00016278927,-0.01,mzspec:MSV000092513:peak/mzML/Positive/POS_L_5_1.mzML:scan:3588,1,0.75,2,0,MSV000092513,NoID,temp/queries/af/af492f237d43482e9ae7c5aaedef24d0/af492f237d43482e9ae7c5aaedef24d0.mgf,1,261,594099
5-ASA_1-(3-aminopropyl)imidazole,mzspec:GNPS:MULTIPLEX-SYNTHESIS-LIBRARY-ALL-PARTITION-6:accession:CCMSLIB00016278927,-0.01,mzspec:MSV000092513:peak/mzML/Positive/POS_L_5_2.mzML:scan:3560,1,0.75,2,0,MSV000092513,NoID,temp/queries/af/af492f237d43482e9ae7c5aaedef24d0/af492f237d43482e9ae7c5aaedef24d0.mgf,1,261,589870
5-ASA_1-(3-aminopropyl)imidazole,mzspec:GNPS:MULTIPLEX-SYNTHESIS-LIBRARY-ALL-PARTITION-6:accession:CCMSLIB00016278927,-0.01,mzspec:MSV000092513:peak/mzML/Positive/POS_L_23_1.mzML:scan:3587,1,0.75,2,0,MSV000092513,NoID,temp/queries/af/af492f237d43482e9ae7c5aaedef24d0/af492f237d43482e9ae7c5aaedef24d0.mgf,1,261,589768
5-ASA_1-(3-aminopropyl)imidazole,mzspec:GNPS:MULTIPLEX-SYNTHESIS-LIBRARY-ALL-PARTITION-6:accession:CCMSLIB00016278927,-0.01,mzspec:MSV000091211:peak/MZml/POS_1.mzML:scan:3421,1,0.75,2,0,MSV000091211,NoID,temp/queries/af/af492f237d43482e9ae7c5aaedef24d0/af492f237d43482e9ae7c5aaedef24d0.mgf,1,261,1829352
5-ASA_1-(3-aminopropyl)imidazole,mzspec:GNPS:MULTIPLEX-SYNTHESIS-LIBRARY-ALL-PARTITION-6:accession:CCMSLIB00016278927,-0.01,mzspec:MSV000092513:peak/mzML/Positive/POS_L_1_1.mzML:scan:3548,1,0.75,2,0,MSV000092513,NoID,temp/queries/af/af492f237d43482e9ae7c5aaedef24d0/af492f237d43482e9ae7c5aaedef24d0.mgf,1,261,592617
5-ASA_1-(3-aminopropyl)imidazole,mzspec:GNPS:MULTIPLEX-SYNTHESIS-LIBRARY-ALL-PARTITION-6:accession:CCMSLIB00016278927,0.0,mzspec:MSV000089899:ccms_peak/mzXML/ves_1_RB2_01_65045.mzML:scan:170,1,0.75,1,0,MSV000089899,NoID,temp/queries/af/af492f237d43482e9ae7c5aaedef24d0/af492f237d43482e9ae7c5aaedef24d0.mgf,1,261,1201665
5-ASA_1-(3-aminopropyl)imidazole,mzspec:GNPS:MULTIPLEX-SYNTHESIS-LIBRARY-ALL-PARTITION-6:accession:CCMSLIB00016278927,0.02,mzspec:MSV000090851:peak/AcOEt_2.mzML:scan:6700,1,0.75,2,0,MSV000090851,NoID,temp/queries/af/af492f237d43482e9ae7c5aaedef24d0/af492f237d43482e9ae7c5aaedef24d0.mgf,1,261,4106455
5-ASA_1-(3-aminopropyl)imidazole,mzspec:GNPS:MULTIPLEX-SYNTHESIS-LIBRARY-ALL-PARTITION-6:accession:CCMSLIB00016278927,0.02,mzspec:MSV000082433:ccms_peak/raw/20161103_Amerindian_Plate6/413.mzML:scan:1163,1,0.75,2,0,MSV000082433,NoID,temp/queries/af/af492f237d43482e9ae7c5aaedef24d0/af492f237d43482e9ae7c5aaedef24d0.mgf,1,261,3318474
5-ASA_1-(3-aminopropyl)imidazole,mzspec:GNPS:MULTIPLEX-SYNTHESIS-LIBRARY-ALL-PARTITION-6:accession:CCMSLIB00016278927,0.02,mzspec:MSV000092820:raw/083123_Matthaei_Herbarium_lowmz/2019_Matthaei_nBuOH_150-450mz/Glycyrrhiza-glabra-Leaf-nBuOH-2019.mzML:scan:2927,1,0.75,2,0,MSV000092820,NoID,temp/queries/af/af492f237d43482e9ae7c5aaedef24d0/af492f237d43482e9ae7c5aaedef24d0.mgf,1,261,709176
5-ASA_1-(3-aminopropyl)imidazole,mzspec:GNPS:MULTIPLEX-SYNTHESIS-LIBRARY-ALL-PARTITION-6:accession:CCMSLIB00016278927,0.02,mzspec:MSV000081676:ccms_peak/data_mzxml/Samples/G74072_1x_10ul_RC8_01_19808.mzML:scan:1102,1,0.75,1,0,MSV000081676,NoID,temp/queries/af/af492f237d43482e9ae7c5aaedef24d0/af492f237d43482e9ae7c5aaedef24d0.mgf,1,261,2967147
5-ASA_1-(3-aminopropyl)imidazole,mzspec:GNPS:MULTIPLEX-SYNTHESIS-LIBRARY-ALL-PARTITION-6:accession:CCMSLIB00016278927,0.02,mzspec:MSV000090851:ccms_peak/AcOEt_2.mzML:scan:6700,1,0.75,2,0,MSV000090851,NoID,temp/queries/af/af492f237d43482e9ae7c5aaedef24d0/af492f237d43482e9ae7c5aaedef24d0.mgf,1,261,4106904
5-ASA_1-(3-aminopropyl)imidazole,mzspec:GNPS:MULTIPLEX-SYNTHESIS-LIBRARY-ALL-PARTITION-6:accession:CCMSLIB00016278927,0.02,mzspec:MSV000084900:ccms_peak/Global_Foodomics_composite_data_2020/MSV000083010_core/G74072_1x_10ul_RC8_01_19808.mzML:scan:1102,1,0.75,1,0,MSV000084900,NoID,temp/queries/af/af492f237d43482e9ae7c5aaedef24d0/af492f237d43482e9ae7c5aaedef24d0.mgf,1,261,2000929
5-ASA_1-(3-aminopropyl)imidazole,mzspec:GNPS:MULTIPLEX-SYNTHESIS-LIBRARY-ALL-PARTITION-6:accession:CCMSLIB00016278927,0.02,mzspec:MSV000083010:ccms_peak/Samples/G74072_1x_10ul_RC8_01_19808.mzML:scan:1102,1,0.75,1,0,MSV000083010,NoID,temp/queries/af/af492f237d43482e9ae7c5aaedef24d0/af492f237d43482e9ae7c5aaedef24d0.mgf,1,261,1619406
5-ASA_1-(3-aminopropyl)imidazole,mzspec:GNPS:MULTIPLEX-SYNTHESIS-LIBRARY-ALL-PARTITION-6:accession:CCMSLIB00016278927,-0.01,mzspec:MSV000092513:peak/mzML/Positive/POS_L_1_2.mzML:scan:3540,1,0.75,2,0,MSV000092513,NoID,temp/queries/af/af492f237d43482e9ae7c5aaedef24d0/af492f237d43482e9ae7c5aaedef24d0.mgf,1,261,596048
5-ASA_1-(3-aminopropyl)imidazole,mzspec:GNPS:MULTIPLEX-SYNTHESIS-LIBRARY-ALL-PARTITION-6:accession:CCMSLIB00016278927,-0.01,mzspec:MSV000092513:peak/mzML/Positive/POS_L_27_2.mzML:scan:3563,1,0.74,2,0,MSV000092513,NoID,temp/queries/af/af492f237d43482e9ae7c5aaedef24d0/af492f237d43482e9ae7c5aaedef24d0.mgf,1,261,592268
5-ASA_1-(3-aminopropyl)imidazole,mzspec:GNPS:MULTIPLEX-SYNTHESIS-LIBRARY-ALL-PARTITION-6:accession:CCMSLIB00016278927,-0.01,mzspec:MSV000092513:peak/mzML/Positive/POS_L_5_1.mzML:scan:3518,1,0.74,2,0,MSV000092513,NoID,temp/queries/af/af492f237d43482e9ae7c5aaedef24d0/af492f237d43482e9ae7c5aaedef24d0.mgf,1,261,594097
5-ASA_1-(3-aminopropyl)imidazole,mzspec:GNPS:MULTIPLEX-SYNTHESIS-LIBRARY-ALL-PARTITION-6:accession:CCMSLIB00016278927,-0.01,mzspec:MSV000092513:peak/mzML/Positive/POS_L_18_1.mzML:scan:3627,1,0.74,2,0,MSV000092513,NoID,temp/queries/af/af492f237d43482e9ae7c5aaedef24d0/af492f237d43482e9ae7c5aaedef24d0.mgf,1,261,590063
5-ASA_1-(3-aminopropyl)imidazole,mzspec:GNPS:MULTIPLEX-SYNTHESIS-LIBRARY-ALL-PARTITION-6:accession:CCMSLIB00016278927,-0.01,mzspec:MSV000091211:peak/MZml/POS_4.mzML:scan:3294,1,0.74,2,0,MSV000091211,NoID,temp/queries/af/af492f237d43482e9ae7c5aaedef24d0/af492f237d43482e9ae7c5aaedef24d0.mgf,1,261,1830532
5-ASA_1-(3-aminopropyl)imidazole,mzspec:GNPS:MULTIPLEX-SYNTHESIS-LIBRARY-ALL-PARTITION-6:accession:CCMSLIB00016278927,-0.01,mzspec:MSV000092513:peak/mzML/Positive/POS_L_1_1.mzML:scan:3481,1,0.74,2,0,MSV000092513,NoID,temp/queries/af/af492f237d43482e9ae7c5aaedef24d0/af492f237d43482e9ae7c5aaedef24d0.mgf,1,261,592615
5-ASA_1-(3-aminopropyl)imidazole,mzspec:GNPS:MULTIPLEX-SYNTHESIS-LIBRARY-ALL-PARTITION-6:accession:CCMSLIB00016278927,-0.01,mzspec:MSV000091211:peak/MZml/POS_4.mzML:scan:3364,1,0.74,2,0,MSV000091211,NoID,temp/queries/af/af492f237d43482e9ae7c5aaedef24d0/af492f237d43482e9ae7c5aaedef24d0.mgf,1,261,1830534
5-ASA_1-(3-aminopropyl)imidazole,mzspec:GNPS:MULTIPLEX-SYNTHESIS-LIBRARY-ALL-PARTITION-6:accession:CCMSLIB00016278927,0.0,mzspec:MSV000082636:ccms_peak/2018_06_24_3Datta_round3_mzXML/3Datta_D1_GH1_01_13481.mzML:scan:2537,1,0.74,2,0,MSV000082636,NoID,temp/queries/af/af492f237d43482e9ae7c5aaedef24d0/af492f237d43482e9ae7c5aaedef24d0.mgf,1,261,1024086
5-ASA_1-(3-aminopropyl)imidazole,mzspec:GNPS:MULTIPLEX-SYNTHESIS-LIBRARY-ALL-PARTITION-6:accession:CCMSLIB00016278927,-0.01,mzspec:MSV000092820:raw/083123_Matthaei_Herbarium_lowmz/2020_Matthaei_EA_150-450mz/Phormium-tenax-Flower-ethylacetate-2020.mzML:scan:2328,1,0.74,2,0,MSV000092820,NoID,temp/queries/af/af492f237d43482e9ae7c5aaedef24d0/af492f237d43482e9ae7c5aaedef24d0.mgf,1,261,714249
5-ASA_1-(3-aminopropyl)imidazole,mzspec:GNPS:MULTIPLEX-SYNTHESIS-LIBRARY-ALL-PARTITION-6:accession:CCMSLIB00016278927,-0.01,mzspec:MSV000092820:raw/083123_Matthaei_Herbarium_lowmz/2020_Matthaei_EA_150-450mz/Phormium-tenax-Flower-ethylacetate-2020.mzML:scan:2210,1,0.74,2,0,MSV000092820,NoID,temp/queries/af/af492f237d43482e9ae7c5aaedef24d0/af492f237d43482e9ae7c5aaedef24d0.mgf,1,261,714246
5-ASA_1-(3-aminopropyl)imidazole,mzspec:GNPS:MULTIPLEX-SYNTHESIS-LIBRARY-ALL-PARTITION-6:accession:CCMSLIB00016278927,-0.01,mzspec:MSV000092820:raw/083123_Matthaei_Herbarium_lowmz/2020_Matthaei_EA_150-450mz/Phormium-tenax-Flower-ethylacetate-2020.mzML:scan:2318,1,0.74,2,0,MSV000092820,NoID,temp/queries/af/af492f237d43482e9ae7c5aaedef24d0/af492f237d43482e9ae7c5aaedef24d0.mgf,1,261,714248
5-ASA_1-(3-aminopropyl)imidazole,mzspec:GNPS:MULTIPLEX-SYNTHESIS-LIBRARY-ALL-PARTITION-6:accession:CCMSLIB00016278927,-0.01,mzspec:MSV000092513:peak/mzML/Positive/POS_L_24_2.mzML:scan:3606,1,0.74,2,0,MSV000092513,NoID,temp/queries/af/af492f237d43482e9ae7c5aaedef24d0/af492f237d43482e9ae7c5aaedef24d0.mgf,1,261,589801
5-ASA_1-(3-aminopropyl)imidazole,mzspec:GNPS:MULTIPLEX-SYNTHESIS-LIBRARY-ALL-PARTITION-6:accession:CCMSLIB00016278927,-0.01,mzspec:MSV000092513:peak/mzML/Positive/POS_L_2_1.mzML:scan:3545,1,0.74,2,0,MSV000092513,NoID,temp/queries/af/af492f237d43482e9ae7c5aaedef24d0/af492f237d43482e9ae7c5aaedef24d0.mgf,1,261,597397
5-ASA_1-(3-aminopropyl)imidazole,mzspec:GNPS:MULTIPLEX-SYNTHESIS-LIBRARY-ALL-PARTITION-6:accession:CCMSLIB00016278927,-0.01,mzspec:MSV000092513:peak/mzML/Positive/POS_L_23_2.mzML:scan:3592,1,0.74,2,0,MSV000092513,NoID,temp/queries/af/af492f237d43482e9ae7c5aaedef24d0/af492f237d43482e9ae7c5aaedef24d0.mgf,1,261,596859
5-ASA_1-(3-aminopropyl)imidazole,mzspec:GNPS:MULTIPLEX-SYNTHESIS-LIBRARY-ALL-PARTITION-6:accession:CCMSLIB00016278927,-0.01,mzspec:MSV000092513:peak/mzML/Positive/POS_L_17_1.mzML:scan:3609,1,0.74,2,0,MSV000092513,NoID,temp/queries/af/af492f237d43482e9ae7c5aaedef24d0/af492f237d43482e9ae7c5aaedef24d0.mgf,1,261,596463
5-ASA_1-(3-aminopropyl)imidazole,mzspec:GNPS:MULTIPLEX-SYNTHESIS-LIBRARY-ALL-PARTITION-6:accession:CCMSLIB00016278927,-0.01,mzspec:MSV000092513:peak/mzML/Positive/POS_L_2_2.mzML:scan:3557,1,0.74,2,0,MSV000092513,NoID,temp/queries/af/af492f237d43482e9ae7c5aaedef24d0/af492f237d43482e9ae7c5aaedef24d0.mgf,1,261,596709
5-ASA_1-(3-aminopropyl)imidazole,mzspec:GNPS:MULTIPLEX-SYNTHESIS-LIBRARY-ALL-PARTITION-6:accession:CCMSLIB00016278927,-0.01,mzspec:MSV000092513:peak/mzML/Positive/POS_L_27_1.mzML:scan:3494,1,0.74,2,0,MSV000092513,NoID,temp/queries/af/af492f237d43482e9ae7c5aaedef24d0/af492f237d43482e9ae7c5aaedef24d0.mgf,1,261,596997
5-ASA_1-(3-aminopropyl)imidazole,mzspec:GNPS:MULTIPLEX-SYNTHESIS-LIBRARY-ALL-PARTITION-6:accession:CCMSLIB00016278927,-0.01,mzspec:MSV000092513:peak/mzML/Positive/POS_L_26_2.mzML:scan:3536,1,0.74,2,0,MSV000092513,NoID,temp/queries/af/af492f237d43482e9ae7c5aaedef24d0/af492f237d43482e9ae7c5aaedef24d0.mgf,1,261,589548
5-ASA_1-(3-aminopropyl)imidazole,mzspec:GNPS:MULTIPLEX-SYNTHESIS-LIBRARY-ALL-PARTITION-6:accession:CCMSLIB00016278927,-0.01,mzspec:MSV000092513:peak/mzML/Positive/POS_L_1_2.mzML:scan:3474,1,0.74,2,0,MSV000092513,NoID,temp/queries/af/af492f237d43482e9ae7c5aaedef24d0/af492f237d43482e9ae7c5aaedef24d0.mgf,1,261,596046
5-ASA_1-(3-aminopropyl)imidazole,mzspec:GNPS:MULTIPLEX-SYNTHESIS-LIBRARY-ALL-PARTITION-6:accession:CCMSLIB00016278927,-0.01,mzspec:MSV000090695:ccms_peak/Raw_positive/2_DEG_lignin.mzML:scan:1948,1,0.74,2,0,MSV000090695,NoID,temp/queries/af/af492f237d43482e9ae7c5aaedef24d0/af492f237d43482e9ae7c5aaedef24d0.mgf,1,261,2496806
5-ASA_1-(3-aminopropyl)imidazole,mzspec:GNPS:MULTIPLEX-SYNTHESIS-LIBRARY-ALL-PARTITION-6:accession:CCMSLIB00016278927,-0.01,mzspec:MSV000092513:peak/mzML/Positive/POS_L_18_2.mzML:scan:3618,1,0.74,2,0,MSV000092513,NoID,temp/queries/af/af492f237d43482e9ae7c5aaedef24d0/af492f237d43482e9ae7c5aaedef24d0.mgf,1,261,593286
5-ASA_1-(3-aminopropyl)imidazole,mzspec:GNPS:MULTIPLEX-SYNTHESIS-LIBRARY-ALL-PARTITION-6:accession:CCMSLIB00016278927,-0.01,mzspec:MSV000092513:peak/mzML/Positive/POS_L_21_1.mzML:scan:3614,1,0.74,2,0,MSV000092513,NoID,temp/queries/af/af492f237d43482e9ae7c5aaedef24d0/af492f237d43482e9ae7c5aaedef24d0.mgf,1,261,596541
5-ASA_1-(3-aminopropyl)imidazole,mzspec:GNPS:MULTIPLEX-SYNTHESIS-LIBRARY-ALL-PARTITION-6:accession:CCMSLIB00016278927,-0.01,mzspec:MSV000091211:peak/MZml/POS_6.mzML:scan:3376,1,0.74,2,0,MSV000091211,NoID,temp/queries/af/af492f237d43482e9ae7c5aaedef24d0/af492f237d43482e9ae7c5aaedef24d0.mgf,1,261,1829733
5-ASA_1-(3-aminopropyl)imidazole,mzspec:GNPS:MULTIPLEX-SYNTHESIS-LIBRARY-ALL-PARTITION-6:accession:CCMSLIB00016278927,-0.01,mzspec:MSV000090695:peak/mzML_positive/2_DEG_lignin.mzML:scan:1948,1,0.74,2,0,MSV000090695,NoID,temp/queries/af/af492f237d43482e9ae7c5aaedef24d0/af492f237d43482e9ae7c5aaedef24d0.mgf,1,261,2497444
5-ASA_1-(3-aminopropyl)imidazole,mzspec:GNPS:MULTIPLEX-SYNTHESIS-LIBRARY-ALL-PARTITION-6:accession:CCMSLIB00016278927,-0.01,mzspec:MSV000092513:peak/mzML/Positive/POS_L_3_2.mzML:scan:3578,1,0.74,2,0,MSV000092513,NoID,temp/queries/af/af492f237d43482e9ae7c5aaedef24d0/af492f237d43482e9ae7c5aaedef24d0.mgf,1,261,597598
5-ASA_1-(3-aminopropyl)imidazole,mzspec:GNPS:MULTIPLEX-SYNTHESIS-LIBRARY-ALL-PARTITION-6:accession:CCMSLIB00016278927,-0.01,mzspec:MSV000090695:ccms_peak/Raw_positive/3_DEG_lignin_met2.mzML:scan:2084,1,0.74,2,0,MSV000090695,NoID,temp/queries/af/af492f237d43482e9ae7c5aaedef24d0/af492f237d43482e9ae7c5aaedef24d0.mgf,1,261,2496673
5-ASA_1-(3-aminopropyl)imidazole,mzspec:GNPS:MULTIPLEX-SYNTHESIS-LIBRARY-ALL-PARTITION-6:accession:CCMSLIB00016278927,-0.01,mzspec:MSV000092513:peak/mzML/Positive/POS_L_6_1.mzML:scan:3575,1,0.74,2,0,MSV000092513,NoID,temp/queries/af/af492f237d43482e9ae7c5aaedef24d0/af492f237d43482e9ae7c5aaedef24d0.mgf,1,261,592522
5-ASA_1-(3-aminopropyl)imidazole,mzspec:GNPS:MULTIPLEX-SYNTHESIS-LIBRARY-ALL-PARTITION-6:accession:CCMSLIB00016278927,-0.01,mzspec:MSV000092513:peak/mzML/Positive/POS_L_25_2.mzML:scan:3602,1,0.74,2,0,MSV000092513,NoID,temp/queries/af/af492f237d43482e9ae7c5aaedef24d0/af492f237d43482e9ae7c5aaedef24d0.mgf,1,261,590552
5-ASA_1-(3-aminopropyl)imidazole,mzspec:GNPS:MULTIPLEX-SYNTHESIS-LIBRARY-ALL-PARTITION-6:accession:CCMSLIB00016278927,-0.01,mzspec:MSV000092513:peak/mzML/Positive/POS_L_28_1.mzML:scan:3491,1,0.74,2,0,MSV000092513,NoID,temp/queries/af/af492f237d43482e9ae7c5aaedef24d0/af492f237d43482e9ae7c5aaedef24d0.mgf,1,261,590890
5-ASA_1-(3-aminopropyl)imidazole,mzspec:GNPS:MULTIPLEX-SYNTHESIS-LIBRARY-ALL-PARTITION-6:accession:CCMSLIB00016278927,-0.01,mzspec:MSV000092513:peak/mzML/Positive/POS_L_28_1.mzML:scan:3558,1,0.74,2,0,MSV000092513,NoID,temp/queries/af/af492f237d43482e9ae7c5aaedef24d0/af492f237d43482e9ae7c5aaedef24d0.mgf,1,261,590892
5-ASA_1-(3-aminopropyl)imidazole,mzspec:GNPS:MULTIPLEX-SYNTHESIS-LIBRARY-ALL-PARTITION-6:accession:CCMSLIB00016278927,-0.01,mzspec:MSV000092513:peak/mzML/Positive/POS_L_22_2.mzML:scan:3613,1,0.74,2,0,MSV000092513,NoID,temp/queries/af/af492f237d43482e9ae7c5aaedef24d0/af492f237d43482e9ae7c5aaedef24d0.mgf,1,261,596162
5-ASA_1-(3-aminopropyl)imidazole,mzspec:GNPS:MULTIPLEX-SYNTHESIS-LIBRARY-ALL-PARTITION-6:accession:CCMSLIB00016278927,-0.01,mzspec:MSV000092513:peak/mzML/Positive/POS_L_3_2.mzML:scan:3511,1,0.74,2,0,MSV000092513,NoID,temp/queries/af/af492f237d43482e9ae7c5aaedef24d0/af492f237d43482e9ae7c5aaedef24d0.mgf,1,261,597596
5-ASA_1-(3-aminopropyl)imidazole,mzspec:GNPS:MULTIPLEX-SYNTHESIS-LIBRARY-ALL-PARTITION-6:accession:CCMSLIB00016278927,-0.01,mzspec:MSV000092513:peak/mzML/Positive/POS_L_21_2.mzML:scan:3615,1,0.74,2,0,MSV000092513,NoID,temp/queries/af/af492f237d43482e9ae7c5aaedef24d0/af492f237d43482e9ae7c5aaedef24d0.mgf,1,261,591498
5-ASA_1-(3-aminopropyl)imidazole,mzspec:GNPS:MULTIPLEX-SYNTHESIS-LIBRARY-ALL-PARTITION-6:accession:CCMSLIB00016278927,-0.01,mzspec:MSV000092513:peak/mzML/Positive/POS_L_20_1.mzML:scan:3619,1,0.74,2,0,MSV000092513,NoID,temp/queries/af/af492f237d43482e9ae7c5aaedef24d0/af492f237d43482e9ae7c5aaedef24d0.mgf,1,261,593189
5-ASA_1-(3-aminopropyl)imidazole,mzspec:GNPS:MULTIPLEX-SYNTHESIS-LIBRARY-ALL-PARTITION-6:accession:CCMSLIB00016278927,-0.01,mzspec:MSV000092513:peak/mzML/Positive/POS_L_26_1.mzML:scan:3540,1,0.74,2,0,MSV000092513,NoID,temp/queries/af/af492f237d43482e9ae7c5aaedef24d0/af492f237d43482e9ae7c5aaedef24d0.mgf,1,261,593765
5-ASA_1-(3-aminopropyl)imidazole,mzspec:GNPS:MULTIPLEX-SYNTHESIS-LIBRARY-ALL-PARTITION-6:accession:CCMSLIB00016278927,-0.01,mzspec:MSV000092513:peak/mzML/Positive/POS_L_17_2.mzML:scan:3629,1,0.74,2,0,MSV000092513,NoID,temp/queries/af/af492f237d43482e9ae7c5aaedef24d0/af492f237d43482e9ae7c5aaedef24d0.mgf,1,261,593968
5-ASA_1-(3-aminopropyl)imidazole,mzspec:GNPS:MULTIPLEX-SYNTHESIS-LIBRARY-ALL-PARTITION-6:accession:CCMSLIB00016278927,-0.01,mzspec:MSV000092513:peak/mzML/Positive/POS_L_3_1.mzML:scan:3554,1,0.74,2,0,MSV000092513,NoID,temp/queries/af/af492f237d43482e9ae7c5aaedef24d0/af492f237d43482e9ae7c5aaedef24d0.mgf,1,261,595673
5-ASA_1-(3-aminopropyl)imidazole,mzspec:GNPS:MULTIPLEX-SYNTHESIS-LIBRARY-ALL-PARTITION-6:accession:CCMSLIB00016278927,0.02,mzspec:MSV000092820:raw/083123_Matthaei_Herbarium_lowmz/2019_Matthaei_nBuOH_150-450mz/Glycyrrhiza-glabra-Leaf-nBuOH-2019.mzML:scan:2717,1,0.74,1,0,MSV000092820,NoID,temp/queries/af/af492f237d43482e9ae7c5aaedef24d0/af492f237d43482e9ae7c5aaedef24d0.mgf,1,261,709172
5-ASA_1-(3-aminopropyl)imidazole,mzspec:GNPS:MULTIPLEX-SYNTHESIS-LIBRARY-ALL-PARTITION-6:accession:CCMSLIB00016278927,-0.01,mzspec:MSV000092513:peak/mzML/Positive/POS_L_20_2.mzML:scan:3616,1,0.74,2,0,MSV000092513,NoID,temp/queries/af/af492f237d43482e9ae7c5aaedef24d0/af492f237d43482e9ae7c5aaedef24d0.mgf,1,261,596133
5-ASA_1-(3-aminopropyl)imidazole,mzspec:GNPS:MULTIPLEX-SYNTHESIS-LIBRARY-ALL-PARTITION-6:accession:CCMSLIB00016278927,-0.01,mzspec:MSV000092513:peak/mzML/Positive/POS_L_24_1.mzML:scan:3598,1,0.74,2,0,MSV000092513,NoID,temp/queries/af/af492f237d43482e9ae7c5aaedef24d0/af492f237d43482e9ae7c5aaedef24d0.mgf,1,261,595910
5-ASA_1-(3-aminopropyl)imidazole,mzspec:GNPS:MULTIPLEX-SYNTHESIS-LIBRARY-ALL-PARTITION-6:accession:CCMSLIB00016278927,-0.01,mzspec:MSV000092513:peak/mzML/Positive/POS_L_6_2.mzML:scan:3573,1,0.74,2,0,MSV000092513,NoID,temp/queries/af/af492f237d43482e9ae7c5aaedef24d0/af492f237d43482e9ae7c5aaedef24d0.mgf,1,261,597361
5-ASA_1-(3-aminopropyl)imidazole,mzspec:GNPS:MULTIPLEX-SYNTHESIS-LIBRARY-ALL-PARTITION-6:accession:CCMSLIB00016278927,0.02,mzspec:MSV000083462:ccms_peak/Oral_verified/mzXML_data_9/Samples/11712.SUBJECT9.ORAL.1227.mzML:scan:494,1,0.74,2,0,MSV000083462,NoID,temp/queries/af/af492f237d43482e9ae7c5aaedef24d0/af492f237d43482e9ae7c5aaedef24d0.mgf,1,261,1454087
5-ASA_1-(3-aminopropyl)imidazole,mzspec:GNPS:MULTIPLEX-SYNTHESIS-LIBRARY-ALL-PARTITION-6:accession:CCMSLIB00016278927,-0.01,mzspec:MSV000092513:peak/mzML/Positive/POS_L_4_1.mzML:scan:3579,1,0.74,2,0,MSV000092513,NoID,temp/queries/af/af492f237d43482e9ae7c5aaedef24d0/af492f237d43482e9ae7c5aaedef24d0.mgf,1,261,592492
5-ASA_1-(3-aminopropyl)imidazole,mzspec:GNPS:MULTIPLEX-SYNTHESIS-LIBRARY-ALL-PARTITION-6:accession:CCMSLIB00016278927,-0.01,mzspec:MSV000092820:raw/083123_Matthaei_Herbarium_lowmz/2020_Matthaei_EA_150-450mz/Phormium-tenax-Leaf-ethylacetate-2020.mzML:scan:3060,1,0.74,2,0,MSV000092820,NoID,temp/queries/af/af492f237d43482e9ae7c5aaedef24d0/af492f237d43482e9ae7c5aaedef24d0.mgf,1,261,712318
5-ASA_1-(3-aminopropyl)imidazole,mzspec:GNPS:MULTIPLEX-SYNTHESIS-LIBRARY-ALL-PARTITION-6:accession:CCMSLIB00016278927,0.02,mzspec:MSV000087728:ccms_peak/VGF_pos_with_QC_and_blanks_raw/VGF144_B10_pos.mzML:scan:1130,1,0.74,2,0,MSV000087728,NoID,temp/queries/af/af492f237d43482e9ae7c5aaedef24d0/af492f237d43482e9ae7c5aaedef24d0.mgf,1,261,598061
5-ASA_1-(3-aminopropyl)imidazole,mzspec:GNPS:MULTIPLEX-SYNTHESIS-LIBRARY-ALL-PARTITION-6:accession:CCMSLIB00016278927,-0.02,mzspec:ST002968:mzML/N-S3-0803-NEG.mzML:scan:4294967295,1,0.74,1,0,ST002968,NoID,temp/queries/af/af492f237d43482e9ae7c5aaedef24d0/af492f237d43482e9ae7c5aaedef24d0.mgf,1,261,4795816
5-ASA_1-(3-aminopropyl)imidazole,mzspec:GNPS:MULTIPLEX-SYNTHESIS-LIBRARY-ALL-PARTITION-6:accession:CCMSLIB00016278927,-0.01,mzspec:MSV000090695:peak/mzML_positive/3_DEG_lignin_met2.mzML:scan:2084,1,0.74,2,0,MSV000090695,NoID,temp/queries/af/af492f237d43482e9ae7c5aaedef24d0/af492f237d43482e9ae7c5aaedef24d0.mgf,1,261,2498658
5-ASA_1-(3-aminopropyl)imidazole,mzspec:GNPS:MULTIPLEX-SYNTHESIS-LIBRARY-ALL-PARTITION-6:accession:CCMSLIB00016278927,0.02,mzspec:MSV000087728:ccms_peak/VGF_pos_with_QC_and_blanks_raw/VGF144_B10_pos.mzML:scan:1108,1,0.74,2,0,MSV000087728,NoID,temp/queries/af/af492f237d43482e9ae7c5aaedef24d0/af492f237d43482e9ae7c5aaedef24d0.mgf,1,261,598060
5-ASA_1-(3-aminopropyl)imidazole,mzspec:GNPS:MULTIPLEX-SYNTHESIS-LIBRARY-ALL-PARTITION-6:accession:CCMSLIB00016278927,0.02,mzspec:MSV000090851:peak/AcOEt_3.mzML:scan:6819,1,0.74,2,0,MSV000090851,NoID,temp/queries/af/af492f237d43482e9ae7c5aaedef24d0/af492f237d43482e9ae7c5aaedef24d0.mgf,1,261,4106991
5-ASA_1-(3-aminopropyl)imidazole,mzspec:GNPS:MULTIPLEX-SYNTHESIS-LIBRARY-ALL-PARTITION-6:accession:CCMSLIB00016278927,0.02,mzspec:MSV000090851:ccms_peak/AcOEt_3.mzML:scan:6819,1,0.74,2,0,MSV000090851,NoID,temp/queries/af/af492f237d43482e9ae7c5aaedef24d0/af492f237d43482e9ae7c5aaedef24d0.mgf,1,261,4106227
5-ASA_1-(3-aminopropyl)imidazole,mzspec:GNPS:MULTIPLEX-SYNTHESIS-LIBRARY-ALL-PARTITION-6:accession:CCMSLIB00016278927,0.0,mzspec:MSV000089899:ccms_peak/mzXML/br_40-4-1_2_RC7_01_65058.mzML:scan:94,1,0.74,1,0,MSV000089899,NoID,temp/queries/af/af492f237d43482e9ae7c5aaedef24d0/af492f237d43482e9ae7c5aaedef24d0.mgf,1,261,1201786
5-ASA_1-(3-aminopropyl)imidazole,mzspec:GNPS:MULTIPLEX-SYNTHESIS-LIBRARY-ALL-PARTITION-6:accession:CCMSLIB00016278927,0.02,mzspec:MSV000082433:ccms_peak/raw/20161103_Amerindian_Plate5/M-0496.mzML:scan:1164,1,0.74,2,0,MSV000082433,NoID,temp/queries/af/af492f237d43482e9ae7c5aaedef24d0/af492f237d43482e9ae7c5aaedef24d0.mgf,1,261,3315481
5-ASA_1-(3-aminopropyl)imidazole,mzspec:GNPS:MULTIPLEX-SYNTHESIS-LIBRARY-ALL-PARTITION-6:accession:CCMSLIB00016278927,-0.01,mzspec:MSV000091211:peak/MZml/POS_2.mzML:scan:3388,1,0.74,2,0,MSV000091211,NoID,temp/queries/af/af492f237d43482e9ae7c5aaedef24d0/af492f237d43482e9ae7c5aaedef24d0.mgf,1,261,1831581
5-ASA_1-(3-aminopropyl)imidazole,mzspec:GNPS:MULTIPLEX-SYNTHESIS-LIBRARY-ALL-PARTITION-6:accession:CCMSLIB00016278927,0.02,mzspec:MSV000084322:ccms_peak/Plate6_mzXML files/Plate6_55062_Skin_GH8_01_26888.mzML:scan:224,1,0.73,1,0,MSV000084322,NoID,temp/queries/af/af492f237d43482e9ae7c5aaedef24d0/af492f237d43482e9ae7c5aaedef24d0.mgf,1,261,3708568
5-ASA_1-(3-aminopropyl)imidazole,mzspec:GNPS:MULTIPLEX-SYNTHESIS-LIBRARY-ALL-PARTITION-6:accession:CCMSLIB00016278927,-0.01,mzspec:MSV000092513:peak/mzML/Positive/POS_L_6_1.mzML:scan:3505,1,0.73,2,0,MSV000092513,NoID,temp/queries/af/af492f237d43482e9ae7c5aaedef24d0/af492f237d43482e9ae7c5aaedef24d0.mgf,1,261,592520
5-ASA_1-(3-aminopropyl)imidazole,mzspec:GNPS:MULTIPLEX-SYNTHESIS-LIBRARY-ALL-PARTITION-6:accession:CCMSLIB00016278927,-0.01,mzspec:MSV000091211:peak/MZml/POS_2.mzML:scan:3313,1,0.73,2,0,MSV000091211,NoID,temp/queries/af/af492f237d43482e9ae7c5aaedef24d0/af492f237d43482e9ae7c5aaedef24d0.mgf,1,261,1831579
5-ASA_1-(3-aminopropyl)imidazole,mzspec:GNPS:MULTIPLEX-SYNTHESIS-LIBRARY-ALL-PARTITION-6:accession:CCMSLIB00016278927,0.01,mzspec:MSV000095296:ccms_peak/negative_T0d/D026A.mzML:scan:4294967295,1,0.73,1,0,MSV000095296,NoID,temp/queries/af/af492f237d43482e9ae7c5aaedef24d0/af492f237d43482e9ae7c5aaedef24d0.mgf,1,261,2145614
5-ASA_1-(3-aminopropyl)imidazole,mzspec:GNPS:MULTIPLEX-SYNTHESIS-LIBRARY-ALL-PARTITION-6:accession:CCMSLIB00016278927,0.02,mzspec:MSV000084322:ccms_peak/Plate5_mzXML files/Plate5_60836_Skin_GA10_01_26571.mzML:scan:561,1,0.73,1,0,MSV000084322,NoID,temp/queries/af/af492f237d43482e9ae7c5aaedef24d0/af492f237d43482e9ae7c5aaedef24d0.mgf,1,261,3727440
5-ASA_1-(3-aminopropyl)imidazole,mzspec:GNPS:MULTIPLEX-SYNTHESIS-LIBRARY-ALL-PARTITION-6:accession:CCMSLIB00016278927,0.02,mzspec:MSV000092820:raw/083123_Matthaei_Herbarium_lowmz/2019_Herbarium_EA_150-450mz/Glycyrrhiza-lepidota-ethylacetate-2019-Herbarium.mzML:scan:2011,1,0.73,1,0,MSV000092820,NoID,temp/queries/af/af492f237d43482e9ae7c5aaedef24d0/af492f237d43482e9ae7c5aaedef24d0.mgf,1,261,710086
5-ASA_1-(3-aminopropyl)imidazole,mzspec:GNPS:MULTIPLEX-SYNTHESIS-LIBRARY-ALL-PARTITION-6:accession:CCMSLIB00016278927,-0.01,mzspec:MSV000092513:peak/mzML/Positive/POS_L_2_2.mzML:scan:3490,1,0.73,2,0,MSV000092513,NoID,temp/queries/af/af492f237d43482e9ae7c5aaedef24d0/af492f237d43482e9ae7c5aaedef24d0.mgf,1,261,596707
5-ASA_1-(3-aminopropyl)imidazole,mzspec:GNPS:MULTIPLEX-SYNTHESIS-LIBRARY-ALL-PARTITION-6:accession:CCMSLIB00016278927,-0.01,mzspec:MSV000092513:peak/mzML/Positive/POS_L_4_2_20230715133525.mzML:scan:3493,1,0.73,2,0,MSV000092513,NoID,temp/queries/af/af492f237d43482e9ae7c5aaedef24d0/af492f237d43482e9ae7c5aaedef24d0.mgf,1,261,594185
5-ASA_1-(3-aminopropyl)imidazole,mzspec:GNPS:MULTIPLEX-SYNTHESIS-LIBRARY-ALL-PARTITION-6:accession:CCMSLIB00016278927,0.01,mzspec:MSV000082432:ccms_peak/Plate 2_mzXML/2D10_ V2_ LF_ D1H4_ W5_BD10_01_11392.mzML:scan:4266,1,0.73,1,0,MSV000082432,NoID,temp/queries/af/af492f237d43482e9ae7c5aaedef24d0/af492f237d43482e9ae7c5aaedef24d0.mgf,1,261,1015661
5-ASA_1-(3-aminopropyl)imidazole,mzspec:GNPS:MULTIPLEX-SYNTHESIS-LIBRARY-ALL-PARTITION-6:accession:CCMSLIB00016278927,0.0,mzspec:MSV000082432:ccms_peak/Plate 5_mzXML/5F8_ V1_ LJaw_ D14H4_ W7_BF8_01_11635.mzML:scan:4330,1,0.73,1,0,MSV000082432,NoID,temp/queries/af/af492f237d43482e9ae7c5aaedef24d0/af492f237d43482e9ae7c5aaedef24d0.mgf,1,261,1017206
5-ASA_1-(3-aminopropyl)imidazole,mzspec:GNPS:MULTIPLEX-SYNTHESIS-LIBRARY-ALL-PARTITION-6:accession:CCMSLIB00016278927,-0.01,mzspec:MSV000090695:ccms_peak/Raw_positive/3_DEG_lignin_met.mzML:scan:2071,1,0.73,2,0,MSV000090695,NoID,temp/queries/af/af492f237d43482e9ae7c5aaedef24d0/af492f237d43482e9ae7c5aaedef24d0.mgf,1,261,2496474
5-ASA_1-(3-aminopropyl)imidazole,mzspec:GNPS:MULTIPLEX-SYNTHESIS-LIBRARY-ALL-PARTITION-6:accession:CCMSLIB00016278927,-0.01,mzspec:MSV000091211:peak/MZml/POS_7.mzML:scan:3227,1,0.73,2,0,MSV000091211,NoID,temp/queries/af/af492f237d43482e9ae7c5aaedef24d0/af492f237d43482e9ae7c5aaedef24d0.mgf,1,261,1829836
5-ASA_1-(3-aminopropyl)imidazole,mzspec:GNPS:MULTIPLEX-SYNTHESIS-LIBRARY-ALL-PARTITION-6:accession:CCMSLIB00016278927,-0.01,mzspec:MSV000091211:peak/MZml/POS_6.mzML:scan:3308,1,0.73,2,0,MSV000091211,NoID,temp/queries/af/af492f237d43482e9ae7c5aaedef24d0/af492f237d43482e9ae7c5aaedef24d0.mgf,1,261,1829731
5-ASA_1-(3-aminopropyl)imidazole,mzspec:GNPS:MULTIPLEX-SYNTHESIS-LIBRARY-ALL-PARTITION-6:accession:CCMSLIB00016278927,-0.01,mzspec:MSV000091211:peak/MZml/POS_1.mzML:scan:3353,1,0.73,2,0,MSV000091211,NoID,temp/queries/af/af492f237d43482e9ae7c5aaedef24d0/af492f237d43482e9ae7c5aaedef24d0.mgf,1,261,1829350
5-ASA_1-(3-aminopropyl)imidazole,mzspec:GNPS:MULTIPLEX-SYNTHESIS-LIBRARY-ALL-PARTITION-6:accession:CCMSLIB00016278927,0.02,mzspec:MSV000092820:raw/083123_Matthaei_Herbarium_lowmz/2019_Matthaei_nBuOH_150-450mz/Glycyrrhiza-glabra-Stem-nBuOH-2019.mzML:scan:2718,1,0.73,1,0,MSV000092820,NoID,temp/queries/af/af492f237d43482e9ae7c5aaedef24d0/af492f237d43482e9ae7c5aaedef24d0.mgf,1,261,713778
5-ASA_1-(3-aminopropyl)imidazole,mzspec:GNPS:MULTIPLEX-SYNTHESIS-LIBRARY-ALL-PARTITION-6:accession:CCMSLIB00016278927,0.02,mzspec:MSV000092820:raw/083123_Matthaei_Herbarium_lowmz/2019_Matthaei_nBuOH_150-450mz/Glycyrrhiza-glabra-Stem-nBuOH-2019.mzML:scan:2769,1,0.73,1,0,MSV000092820,NoID,temp/queries/af/af492f237d43482e9ae7c5aaedef24d0/af492f237d43482e9ae7c5aaedef24d0.mgf,1,261,713780
5-ASA_1-(3-aminopropyl)imidazole,mzspec:GNPS:MULTIPLEX-SYNTHESIS-LIBRARY-ALL-PARTITION-6:accession:CCMSLIB00016278927,-0.01,mzspec:MSV000092513:peak/mzML/Positive/POS_L_25_1.mzML:scan:3540,1,0.73,2,0,MSV000092513,NoID,temp/queries/af/af492f237d43482e9ae7c5aaedef24d0/af492f237d43482e9ae7c5aaedef24d0.mgf,1,261,597084
5-ASA_1-(3-aminopropyl)imidazole,mzspec:GNPS:MULTIPLEX-SYNTHESIS-LIBRARY-ALL-PARTITION-6:accession:CCMSLIB00016278927,-0.01,mzspec:MSV000092513:peak/mzML/Positive/POS_L_25_1.mzML:scan:3601,1,0.73,2,0,MSV000092513,NoID,temp/queries/af/af492f237d43482e9ae7c5aaedef24d0/af492f237d43482e9ae7c5aaedef24d0.mgf,1,261,597086
5-ASA_1-(3-aminopropyl)imidazole,mzspec:GNPS:MULTIPLEX-SYNTHESIS-LIBRARY-ALL-PARTITION-6:accession:CCMSLIB00016278927,-0.01,mzspec:MSV000090695:peak/mzML_positive/2_DEG_lignin2.mzML:scan:1947,1,0.73,2,0,MSV000090695,NoID,temp/queries/af/af492f237d43482e9ae7c5aaedef24d0/af492f237d43482e9ae7c5aaedef24d0.mgf,1,261,2496331
5-ASA_1-(3-aminopropyl)imidazole,mzspec:GNPS:MULTIPLEX-SYNTHESIS-LIBRARY-ALL-PARTITION-6:accession:CCMSLIB00016278927,-0.01,mzspec:MSV000090695:ccms_peak/Raw_positive/2_DEG_lignin2.mzML:scan:1947,1,0.73,2,0,MSV000090695,NoID,temp/queries/af/af492f237d43482e9ae7c5aaedef24d0/af492f237d43482e9ae7c5aaedef24d0.mgf,1,261,2496360
5-ASA_1-(3-aminopropyl)imidazole,mzspec:GNPS:MULTIPLEX-SYNTHESIS-LIBRARY-ALL-PARTITION-6:accession:CCMSLIB00016278927,-0.01,mzspec:MSV000092513:peak/mzML/Positive/POS_L_23_2.mzML:scan:3524,1,0.73,2,0,MSV000092513,NoID,temp/queries/af/af492f237d43482e9ae7c5aaedef24d0/af492f237d43482e9ae7c5aaedef24d0.mgf,1,261,596857
5-ASA_1-(3-aminopropyl)imidazole,mzspec:GNPS:MULTIPLEX-SYNTHESIS-LIBRARY-ALL-PARTITION-6:accession:CCMSLIB00016278927,-0.01,mzspec:MSV000092513:peak/mzML/Positive/POS_L_5_2.mzML:scan:3493,1,0.73,2,0,MSV000092513,NoID,temp/queries/af/af492f237d43482e9ae7c5aaedef24d0/af492f237d43482e9ae7c5aaedef24d0.mgf,1,261,589868
5-ASA_1-(3-aminopropyl)imidazole,mzspec:GNPS:MULTIPLEX-SYNTHESIS-LIBRARY-ALL-PARTITION-6:accession:CCMSLIB00016278927,-0.01,mzspec:MSV000092513:peak/mzML/Positive/POS_L_4_2_20230715133525.mzML:scan:3559,1,0.73,2,0,MSV000092513,NoID,temp/queries/af/af492f237d43482e9ae7c5aaedef24d0/af492f237d43482e9ae7c5aaedef24d0.mgf,1,261,594187
5-ASA_1-(3-aminopropyl)imidazole,mzspec:GNPS:MULTIPLEX-SYNTHESIS-LIBRARY-ALL-PARTITION-6:accession:CCMSLIB00016278927,-0.01,mzspec:MSV000092513:peak/mzML/Positive/POS_L_17_1.mzML:scan:3538,1,0.73,2,0,MSV000092513,NoID,temp/queries/af/af492f237d43482e9ae7c5aaedef24d0/af492f237d43482e9ae7c5aaedef24d0.mgf,1,261,596461
5-ASA_1-(3-aminopropyl)imidazole,mzspec:GNPS:MULTIPLEX-SYNTHESIS-LIBRARY-ALL-PARTITION-6:accession:CCMSLIB00016278927,-0.01,mzspec:MSV000092513:peak/mzML/Positive/POS_L_26_1.mzML:scan:3477,1,0.73,2,0,MSV000092513,NoID,temp/queries/af/af492f237d43482e9ae7c5aaedef24d0/af492f237d43482e9ae7c5aaedef24d0.mgf,1,261,593763
5-ASA_1-(3-aminopropyl)imidazole,mzspec:GNPS:MULTIPLEX-SYNTHESIS-LIBRARY-ALL-PARTITION-6:accession:CCMSLIB00016278927,-0.01,mzspec:MSV000090695:peak/mzML_positive/3_DEG_lignin_met.mzML:scan:2071,1,0.73,2,0,MSV000090695,NoID,temp/queries/af/af492f237d43482e9ae7c5aaedef24d0/af492f237d43482e9ae7c5aaedef24d0.mgf,1,261,2496998
5-ASA_1-(3-aminopropyl)imidazole,mzspec:GNPS:MULTIPLEX-SYNTHESIS-LIBRARY-ALL-PARTITION-6:accession:CCMSLIB00016278927,0.02,mzspec:MSV000092820:raw/083123_Matthaei_Herbarium_lowmz/2019_Matthaei_nBuOH_150-450mz/Glycyrrhiza-glabra-Leaf-ethylacetate-2019.mzML:scan:2079,1,0.73,1,0,MSV000092820,NoID,temp/queries/af/af492f237d43482e9ae7c5aaedef24d0/af492f237d43482e9ae7c5aaedef24d0.mgf,1,261,709564
5-ASA_1-(3-aminopropyl)imidazole,mzspec:GNPS:MULTIPLEX-SYNTHESIS-LIBRARY-ALL-PARTITION-6:accession:CCMSLIB00016278927,-0.01,mzspec:MSV000091211:peak/MZml/POS_7.mzML:scan:3290,1,0.73,2,0,MSV000091211,NoID,temp/queries/af/af492f237d43482e9ae7c5aaedef24d0/af492f237d43482e9ae7c5aaedef24d0.mgf,1,261,1829838
5-ASA_1-(3-aminopropyl)imidazole,mzspec:GNPS:MULTIPLEX-SYNTHESIS-LIBRARY-ALL-PARTITION-6:accession:CCMSLIB00016278927,-0.01,mzspec:MSV000092513:peak/mzML/Positive/POS_L_28_2.mzML:scan:3557,1,0.73,2,0,MSV000092513,NoID,temp/queries/af/af492f237d43482e9ae7c5aaedef24d0/af492f237d43482e9ae7c5aaedef24d0.mgf,1,261,593628
5-ASA_1-(3-aminopropyl)imidazole,mzspec:GNPS:MULTIPLEX-SYNTHESIS-LIBRARY-ALL-PARTITION-6:accession:CCMSLIB00016278927,-0.01,mzspec:MSV000092513:peak/mzML/Positive/POS_L_22_1.mzML:scan:3602,1,0.73,2,0,MSV000092513,NoID,temp/queries/af/af492f237d43482e9ae7c5aaedef24d0/af492f237d43482e9ae7c5aaedef24d0.mgf,1,261,591820
5-ASA_1-(3-aminopropyl)imidazole,mzspec:GNPS:MULTIPLEX-SYNTHESIS-LIBRARY-ALL-PARTITION-6:accession:CCMSLIB00016278927,0.0,mzspec:MSV000089899:ccms_peak/mzXML/br_40-1_2_RC6_01_65057.mzML:scan:123,1,0.73,1,0,MSV000089899,NoID,temp/queries/af/af492f237d43482e9ae7c5aaedef24d0/af492f237d43482e9ae7c5aaedef24d0.mgf,1,261,1201742
5-ASA_1-(3-aminopropyl)imidazole,mzspec:GNPS:MULTIPLEX-SYNTHESIS-LIBRARY-ALL-PARTITION-6:accession:CCMSLIB00016278927,0.02,mzspec:MSV000092820:raw/083123_Matthaei_Herbarium_lowmz/2019_Matthaei_nBuOH_150-450mz/Glycyrrhiza-glabra-Leaf-ethylacetate-2019.mzML:scan:2028,1,0.73,1,0,MSV000092820,NoID,temp/queries/af/af492f237d43482e9ae7c5aaedef24d0/af492f237d43482e9ae7c5aaedef24d0.mgf,1,261,709561
5-ASA_1-(3-aminopropyl)imidazole,mzspec:GNPS:MULTIPLEX-SYNTHESIS-LIBRARY-ALL-PARTITION-6:accession:CCMSLIB00016278927,0.02,mzspec:MSV000092820:raw/083123_Matthaei_Herbarium_lowmz/2019_Matthaei_nBuOH_150-450mz/Glycyrrhiza-glabra-Leaf-nBuOH-2019.mzML:scan:2782,1,0.73,1,0,MSV000092820,NoID,temp/queries/af/af492f237d43482e9ae7c5aaedef24d0/af492f237d43482e9ae7c5aaedef24d0.mgf,1,261,709175
5-ASA_1-(3-aminopropyl)imidazole,mzspec:GNPS:MULTIPLEX-SYNTHESIS-LIBRARY-ALL-PARTITION-6:accession:CCMSLIB00016278927,0.02,mzspec:MSV000092820:raw/083123_Matthaei_Herbarium_lowmz/2019_Matthaei_nBuOH_150-450mz/Glycyrrhiza-glabra-Leaf-nBuOH-2019.mzML:scan:2770,1,0.73,1,0,MSV000092820,NoID,temp/queries/af/af492f237d43482e9ae7c5aaedef24d0/af492f237d43482e9ae7c5aaedef24d0.mgf,1,261,709174
5-ASA_1-(3-aminopropyl)imidazole,mzspec:GNPS:MULTIPLEX-SYNTHESIS-LIBRARY-ALL-PARTITION-6:accession:CCMSLIB00016278927,0.02,mzspec:MSV000088673:ccms_peak/Cyrtopodium glutiniferum/20170809_2CG3_b.mzML:scan:4139,1,0.73,2,0,MSV000088673,NoID,temp/queries/af/af492f237d43482e9ae7c5aaedef24d0/af492f237d43482e9ae7c5aaedef24d0.mgf,1,261,3012264
5-ASA_1-(3-aminopropyl)imidazole,mzspec:GNPS:MULTIPLEX-SYNTHESIS-LIBRARY-ALL-PARTITION-6:accession:CCMSLIB00016278927,0.02,mzspec:MSV000087728:ccms_peak/VGF_pos_with_QC_and_blanks_raw/VGF146_F10_pos.mzML:scan:1108,1,0.73,2,0,MSV000087728,NoID,temp/queries/af/af492f237d43482e9ae7c5aaedef24d0/af492f237d43482e9ae7c5aaedef24d0.mgf,1,261,600914
5-ASA_1-(3-aminopropyl)imidazole,mzspec:GNPS:MULTIPLEX-SYNTHESIS-LIBRARY-ALL-PARTITION-6:accession:CCMSLIB00016278927,-0.02,mzspec:ST002968:mzML/N-ZD4-0803-NEG.mzML:scan:4294967295,1,0.73,1,0,ST002968,NoID,temp/queries/af/af492f237d43482e9ae7c5aaedef24d0/af492f237d43482e9ae7c5aaedef24d0.mgf,1,261,4795542
5-ASA_1-(3-aminopropyl)imidazole,mzspec:GNPS:MULTIPLEX-SYNTHESIS-LIBRARY-ALL-PARTITION-6:accession:CCMSLIB00016278927,0.0,mzspec:MSV000083351:ccms_peak/BAX63_x6_BF8_01_14771.mzXML:scan:2708,1,0.73,2,0,MSV000083351,NoID,temp/queries/af/af492f237d43482e9ae7c5aaedef24d0/af492f237d43482e9ae7c5aaedef24d0.mgf,1,261,435743
5-ASA_1-(3-aminopropyl)imidazole,mzspec:GNPS:MULTIPLEX-SYNTHESIS-LIBRARY-ALL-PARTITION-6:accession:CCMSLIB00016278927,0.0,mzspec:MSV000082996:peak/BAX88 extracts POSITIVE/BAX63_x6_BF8_01_14771.mzXML:scan:2708,1,0.73,2,0,MSV000082996,NoID,temp/queries/af/af492f237d43482e9ae7c5aaedef24d0/af492f237d43482e9ae7c5aaedef24d0.mgf,1,261,3815281
5-ASA_1-(3-aminopropyl)imidazole,mzspec:GNPS:MULTIPLEX-SYNTHESIS-LIBRARY-ALL-PARTITION-6:accession:CCMSLIB00016278927,0.0,mzspec:MSV000084170:peak/BAX63_x6_BF8_01_14771.mzXML:scan:2708,1,0.73,2,0,MSV000084170,NoID,temp/queries/af/af492f237d43482e9ae7c5aaedef24d0/af492f237d43482e9ae7c5aaedef24d0.mgf,1,261,1707191
5-ASA_1-(3-aminopropyl)imidazole,mzspec:GNPS:MULTIPLEX-SYNTHESIS-LIBRARY-ALL-PARTITION-6:accession:CCMSLIB00016278927,-0.01,mzspec:MSV000092820:raw/083123_Matthaei_Herbarium_lowmz/2020_Matthaei_EA_150-450mz/Rohdea-japonica-Leaf-ethylacetate-2020.mzML:scan:3048,1,0.73,2,0,MSV000092820,NoID,temp/queries/af/af492f237d43482e9ae7c5aaedef24d0/af492f237d43482e9ae7c5aaedef24d0.mgf,1,261,709141
5-ASA_1-(3-aminopropyl)imidazole,mzspec:GNPS:MULTIPLEX-SYNTHESIS-LIBRARY-ALL-PARTITION-6:accession:CCMSLIB00016278927,0.01,mzspec:MSV000080673:ccms_peak/2017.AmericanGut3K.mzXMLfiles/Blanks_LCMSsolvent/blank_7_RA1_01_6284.mzML:scan:2714,1,0.73,2,0,MSV000080673,NoID,temp/queries/af/af492f237d43482e9ae7c5aaedef24d0/af492f237d43482e9ae7c5aaedef24d0.mgf,1,261,4472321
5-ASA_1-(3-aminopropyl)imidazole,mzspec:GNPS:MULTIPLEX-SYNTHESIS-LIBRARY-ALL-PARTITION-6:accession:CCMSLIB00016278927,0.02,mzspec:MSV000083462:ccms_peak/Oral_verified/mzXML_data_2/Samples/11712.SUBJECT38.ORAL.807.mzML:scan:467,1,0.72,2,0,MSV000083462,NoID,temp/queries/af/af492f237d43482e9ae7c5aaedef24d0/af492f237d43482e9ae7c5aaedef24d0.mgf,1,261,1448988
5-ASA_1-(3-aminopropyl)imidazole,mzspec:GNPS:MULTIPLEX-SYNTHESIS-LIBRARY-ALL-PARTITION-6:accession:CCMSLIB00016278927,-0.01,mzspec:MSV000091211:peak/MZml/POS_8.mzML:scan:3239,1,0.72,2,0,MSV000091211,NoID,temp/queries/af/af492f237d43482e9ae7c5aaedef24d0/af492f237d43482e9ae7c5aaedef24d0.mgf,1,261,1830042
5-ASA_1-(3-aminopropyl)imidazole,mzspec:GNPS:MULTIPLEX-SYNTHESIS-LIBRARY-ALL-PARTITION-6:accession:CCMSLIB00016278927,-0.01,mzspec:MSV000092820:raw/083123_Matthaei_Herbarium_lowmz/2020_Matthaei_EA_150-450mz/Phormium-tenax-Leaf-ethylacetate-2020.mzML:scan:3071,1,0.72,2,0,MSV000092820,NoID,temp/queries/af/af492f237d43482e9ae7c5aaedef24d0/af492f237d43482e9ae7c5aaedef24d0.mgf,1,261,712319
5-ASA_1-(3-aminopropyl)imidazole,mzspec:GNPS:MULTIPLEX-SYNTHESIS-LIBRARY-ALL-PARTITION-6:accession:CCMSLIB00016278927,0.02,mzspec:MSV000088673:ccms_peak/Cyrtopodium glutiniferum/20170809_2CG3_a.mzML:scan:3793,1,0.72,2,0,MSV000088673,NoID,temp/queries/af/af492f237d43482e9ae7c5aaedef24d0/af492f237d43482e9ae7c5aaedef24d0.mgf,1,261,3011992
5-ASA_1-(3-aminopropyl)imidazole,mzspec:GNPS:MULTIPLEX-SYNTHESIS-LIBRARY-ALL-PARTITION-6:accession:CCMSLIB00016278927,0.0,mzspec:MSV000083593:ccms_peak/mzXML/blanks/Plate_01_BD1_01_21454.mzML:scan:2331,1,0.72,2,0,MSV000083593,NoID,temp/queries/af/af492f237d43482e9ae7c5aaedef24d0/af492f237d43482e9ae7c5aaedef24d0.mgf,1,261,403
5-ASA_1-(3-aminopropyl)imidazole,mzspec:GNPS:MULTIPLEX-SYNTHESIS-LIBRARY-ALL-PARTITION-6:accession:CCMSLIB00016278927,0.0,mzspec:MSV000088621:ccms_peak/mzXML/Extraction_Solvent_03_BF4_01_15868.mzML:scan:3038,1,0.72,2,0,MSV000088621,NoID,temp/queries/af/af492f237d43482e9ae7c5aaedef24d0/af492f237d43482e9ae7c5aaedef24d0.mgf,1,261,3976626
5-ASA_1-(3-aminopropyl)imidazole,mzspec:GNPS:MULTIPLEX-SYNTHESIS-LIBRARY-ALL-PARTITION-6:accession:CCMSLIB00016278927,0.0,mzspec:MSV000083723:ccms_peak/2018_09_17_TimeCourse_Trichoderma_PLATE1_mzXML/Extraction_Solvent_03_BF4_01_15868.mzML:scan:3038,1,0.72,2,0,MSV000083723,NoID,temp/queries/af/af492f237d43482e9ae7c5aaedef24d0/af492f237d43482e9ae7c5aaedef24d0.mgf,1,261,3959478
5-ASA_1-(3-aminopropyl)imidazole,mzspec:GNPS:MULTIPLEX-SYNTHESIS-LIBRARY-ALL-PARTITION-6:accession:CCMSLIB00016278927,-0.02,mzspec:ST002968:mzML/N-ZD3-0803-NEG.mzML:scan:4294967295,1,0.72,1,0,ST002968,NoID,temp/queries/af/af492f237d43482e9ae7c5aaedef24d0/af492f237d43482e9ae7c5aaedef24d0.mgf,1,261,4796024
5-ASA_1-(3-aminopropyl)imidazole,mzspec:GNPS:MULTIPLEX-SYNTHESIS-LIBRARY-ALL-PARTITION-6:accession:CCMSLIB00016278927,0.02,mzspec:MSV000084463:ccms_peak/Plate16_mzXML files/Plate16_43330_Soil_Rerun_GH5_01_28330.mzML:scan:2703,1,0.72,1,0,MSV000084463,NoID,temp/queries/af/af492f237d43482e9ae7c5aaedef24d0/af492f237d43482e9ae7c5aaedef24d0.mgf,1,261,800174
5-ASA_1-(3-aminopropyl)imidazole,mzspec:GNPS:MULTIPLEX-SYNTHESIS-LIBRARY-ALL-PARTITION-6:accession:CCMSLIB00016278927,0.02,mzspec:MSV000092820:raw/083123_Matthaei_Herbarium_lowmz/2019_Herbarium_EA_150-450mz/Glycyrrhiza-lepidota-ethylacetate-2019-Herbarium.mzML:scan:2021,1,0.72,1,0,MSV000092820,NoID,temp/queries/af/af492f237d43482e9ae7c5aaedef24d0/af492f237d43482e9ae7c5aaedef24d0.mgf,1,261,710087
5-ASA_1-(3-aminopropyl)imidazole,mzspec:GNPS:MULTIPLEX-SYNTHESIS-LIBRARY-ALL-PARTITION-6:accession:CCMSLIB00016278927,0.0,mzspec:MSV000084095:peak/AMG_veg_study/3531_P4_RB6_01_433.mzML:scan:4441,1,0.72,1,0,MSV000084095,NoID,temp/queries/af/af492f237d43482e9ae7c5aaedef24d0/af492f237d43482e9ae7c5aaedef24d0.mgf,1,261,353872
5-ASA_1-(3-aminopropyl)imidazole,mzspec:GNPS:MULTIPLEX-SYNTHESIS-LIBRARY-ALL-PARTITION-6:accession:CCMSLIB00016278927,0.0,mzspec:MSV000080179:ccms_peak/mzXMLs/3531_P4_RB6_01_433.mzXML:scan:4441,1,0.72,1,0,MSV000080179,NoID,temp/queries/af/af492f237d43482e9ae7c5aaedef24d0/af492f237d43482e9ae7c5aaedef24d0.mgf,1,261,1559041
5-ASA_1-(3-aminopropyl)imidazole,mzspec:GNPS:MULTIPLEX-SYNTHESIS-LIBRARY-ALL-PARTITION-6:accession:CCMSLIB00016278927,0.02,mzspec:MSV000083956:peak/Plate1_Epi_PK_Isolates_mzXML files/S.epiE-05_PK_BE5_01_22576.mzXML:scan:2400,1,0.72,1,0,MSV000083956,NoID,temp/queries/af/af492f237d43482e9ae7c5aaedef24d0/af492f237d43482e9ae7c5aaedef24d0.mgf,1,261,1769059
5-ASA_1-(3-aminopropyl)imidazole,mzspec:GNPS:MULTIPLEX-SYNTHESIS-LIBRARY-ALL-PARTITION-6:accession:CCMSLIB00016278927,0.0,mzspec:MSV000084095:ccms_peak/AMG_veg_study/3531_P4_RB6_01_433.mzML:scan:4441,1,0.72,1,0,MSV000084095,NoID,temp/queries/af/af492f237d43482e9ae7c5aaedef24d0/af492f237d43482e9ae7c5aaedef24d0.mgf,1,261,353075
5-ASA_1-(3-aminopropyl)imidazole,mzspec:GNPS:MULTIPLEX-SYNTHESIS-LIBRARY-ALL-PARTITION-6:accession:CCMSLIB00016278927,0.0,mzspec:MSV000080186:ccms_peak/AMG_veg_study/3531_P4_RB6_01_433.mzXML:scan:4441,1,0.72,1,0,MSV000080186,NoID,temp/queries/af/af492f237d43482e9ae7c5aaedef24d0/af492f237d43482e9ae7c5aaedef24d0.mgf,1,261,914207
5-ASA_1-(3-aminopropyl)imidazole,mzspec:GNPS:MULTIPLEX-SYNTHESIS-LIBRARY-ALL-PARTITION-6:accession:CCMSLIB00016278927,-0.01,mzspec:MSV000092513:peak/mzML/Positive/POS_L_6_2.mzML:scan:3649,1,0.72,2,0,MSV000092513,NoID,temp/queries/af/af492f237d43482e9ae7c5aaedef24d0/af492f237d43482e9ae7c5aaedef24d0.mgf,1,261,597362
5-ASA_1-(3-aminopropyl)imidazole,mzspec:GNPS:MULTIPLEX-SYNTHESIS-LIBRARY-ALL-PARTITION-6:accession:CCMSLIB00016278927,0.02,mzspec:MSV000091237:peak/IO-076R.mzML:scan:4294967295,1,0.72,2,0,MSV000091237,NoID,temp/queries/af/af492f237d43482e9ae7c5aaedef24d0/af492f237d43482e9ae7c5aaedef24d0.mgf,1,261,338020
5-ASA_1-(3-aminopropyl)imidazole,mzspec:GNPS:MULTIPLEX-SYNTHESIS-LIBRARY-ALL-PARTITION-6:accession:CCMSLIB00016278927,0.02,mzspec:MSV000090851:ccms_peak/AcOEt_3.mzML:scan:5282,1,0.72,1,0,MSV000090851,NoID,temp/queries/af/af492f237d43482e9ae7c5aaedef24d0/af492f237d43482e9ae7c5aaedef24d0.mgf,1,261,4106226
5-ASA_1-(3-aminopropyl)imidazole,mzspec:GNPS:MULTIPLEX-SYNTHESIS-LIBRARY-ALL-PARTITION-6:accession:CCMSLIB00016278927,-0.01,mzspec:MSV000092513:peak/mzML/Positive/POS_L_20_1.mzML:scan:3546,1,0.72,2,0,MSV000092513,NoID,temp/queries/af/af492f237d43482e9ae7c5aaedef24d0/af492f237d43482e9ae7c5aaedef24d0.mgf,1,261,593187
5-ASA_1-(3-aminopropyl)imidazole,mzspec:GNPS:MULTIPLEX-SYNTHESIS-LIBRARY-ALL-PARTITION-6:accession:CCMSLIB00016278927,-0.01,mzspec:MSV000092513:peak/mzML/Positive/POS_L_19_1.mzML:scan:3553,1,0.72,2,0,MSV000092513,NoID,temp/queries/af/af492f237d43482e9ae7c5aaedef24d0/af492f237d43482e9ae7c5aaedef24d0.mgf,1,261,589513
5-ASA_1-(3-aminopropyl)imidazole,mzspec:GNPS:MULTIPLEX-SYNTHESIS-LIBRARY-ALL-PARTITION-6:accession:CCMSLIB00016278927,-0.01,mzspec:MSV000092513:peak/mzML/Positive/POS_L_4_1.mzML:scan:3505,1,0.72,2,0,MSV000092513,NoID,temp/queries/af/af492f237d43482e9ae7c5aaedef24d0/af492f237d43482e9ae7c5aaedef24d0.mgf,1,261,592490
5-ASA_1-(3-aminopropyl)imidazole,mzspec:GNPS:MULTIPLEX-SYNTHESIS-LIBRARY-ALL-PARTITION-6:accession:CCMSLIB00016278927,-0.01,mzspec:MSV000092513:peak/mzML/Positive/POS_L_27_2.mzML:scan:3494,1,0.72,2,0,MSV000092513,NoID,temp/queries/af/af492f237d43482e9ae7c5aaedef24d0/af492f237d43482e9ae7c5aaedef24d0.mgf,1,261,592266
5-ASA_1-(3-aminopropyl)imidazole,mzspec:GNPS:MULTIPLEX-SYNTHESIS-LIBRARY-ALL-PARTITION-6:accession:CCMSLIB00016278927,-0.01,mzspec:MSV000092513:peak/mzML/Positive/POS_L_18_2.mzML:scan:3543,1,0.72,2,0,MSV000092513,NoID,temp/queries/af/af492f237d43482e9ae7c5aaedef24d0/af492f237d43482e9ae7c5aaedef24d0.mgf,1,261,593284
5-ASA_1-(3-aminopropyl)imidazole,mzspec:GNPS:MULTIPLEX-SYNTHESIS-LIBRARY-ALL-PARTITION-6:accession:CCMSLIB00016278927,-0.01,mzspec:MSV000092513:peak/mzML/Positive/POS_L_27_1.mzML:scan:3424,1,0.72,2,0,MSV000092513,NoID,temp/queries/af/af492f237d43482e9ae7c5aaedef24d0/af492f237d43482e9ae7c5aaedef24d0.mgf,1,261,596995
5-ASA_1-(3-aminopropyl)imidazole,mzspec:GNPS:MULTIPLEX-SYNTHESIS-LIBRARY-ALL-PARTITION-6:accession:CCMSLIB00016278927,0.0,mzspec:MSV000081508:ccms_peak/Shiseido/Skin_samples/p01-b09-03B-03_GB9_01_1371.mzML:scan:3822,1,0.72,1,0,MSV000081508,NoID,temp/queries/af/af492f237d43482e9ae7c5aaedef24d0/af492f237d43482e9ae7c5aaedef24d0.mgf,1,261,2883060
5-ASA_1-(3-aminopropyl)imidazole,mzspec:GNPS:MULTIPLEX-SYNTHESIS-LIBRARY-ALL-PARTITION-6:accession:CCMSLIB00016278927,-0.01,mzspec:MSV000092513:peak/mzML/Positive/POS_L_18_1.mzML:scan:3551,1,0.72,2,0,MSV000092513,NoID,temp/queries/af/af492f237d43482e9ae7c5aaedef24d0/af492f237d43482e9ae7c5aaedef24d0.mgf,1,261,590061
5-ASA_1-(3-aminopropyl)imidazole,mzspec:GNPS:MULTIPLEX-SYNTHESIS-LIBRARY-ALL-PARTITION-6:accession:CCMSLIB00016278927,-0.01,mzspec:MSV000092513:peak/mzML/Positive/POS_L_22_1.mzML:scan:3526,1,0.72,2,0,MSV000092513,NoID,temp/queries/af/af492f237d43482e9ae7c5aaedef24d0/af492f237d43482e9ae7c5aaedef24d0.mgf,1,261,591818
5-ASA_1-(3-aminopropyl)imidazole,mzspec:GNPS:MULTIPLEX-SYNTHESIS-LIBRARY-ALL-PARTITION-6:accession:CCMSLIB00016278927,-0.01,mzspec:MSV000092513:peak/mzML/Positive/POS_L_24_2.mzML:scan:3538,1,0.72,2,0,MSV000092513,NoID,temp/queries/af/af492f237d43482e9ae7c5aaedef24d0/af492f237d43482e9ae7c5aaedef24d0.mgf,1,261,589799
5-ASA_1-(3-aminopropyl)imidazole,mzspec:GNPS:MULTIPLEX-SYNTHESIS-LIBRARY-ALL-PARTITION-6:accession:CCMSLIB00016278927,-0.01,mzspec:MSV000090695:peak/mzML_positive/2_DEG_lignin.mzML:scan:1913,1,0.72,2,0,MSV000090695,NoID,temp/queries/af/af492f237d43482e9ae7c5aaedef24d0/af492f237d43482e9ae7c5aaedef24d0.mgf,1,261,2497443
5-ASA_1-(3-aminopropyl)imidazole,mzspec:GNPS:MULTIPLEX-SYNTHESIS-LIBRARY-ALL-PARTITION-6:accession:CCMSLIB00016278927,-0.01,mzspec:MSV000090695:ccms_peak/Raw_positive/2_DEG_lignin.mzML:scan:1913,1,0.72,2,0,MSV000090695,NoID,temp/queries/af/af492f237d43482e9ae7c5aaedef24d0/af492f237d43482e9ae7c5aaedef24d0.mgf,1,261,2496805
5-ASA_1-(3-aminopropyl)imidazole,mzspec:GNPS:MULTIPLEX-SYNTHESIS-LIBRARY-ALL-PARTITION-6:accession:CCMSLIB00016278927,-0.01,mzspec:MSV000092513:peak/mzML/Positive/POS_L_22_2.mzML:scan:3542,1,0.72,2,0,MSV000092513,NoID,temp/queries/af/af492f237d43482e9ae7c5aaedef24d0/af492f237d43482e9ae7c5aaedef24d0.mgf,1,261,596160
5-ASA_1-(3-aminopropyl)imidazole,mzspec:GNPS:MULTIPLEX-SYNTHESIS-LIBRARY-ALL-PARTITION-6:accession:CCMSLIB00016278927,-0.01,mzspec:MSV000092513:peak/mzML/Positive/POS_L_21_1.mzML:scan:3542,1,0.72,2,0,MSV000092513,NoID,temp/queries/af/af492f237d43482e9ae7c5aaedef24d0/af492f237d43482e9ae7c5aaedef24d0.mgf,1,261,596539
5-ASA_1-(3-aminopropyl)imidazole,mzspec:GNPS:MULTIPLEX-SYNTHESIS-LIBRARY-ALL-PARTITION-6:accession:CCMSLIB00016278927,-0.01,mzspec:MSV000090695:ccms_peak/Raw_positive/2_DEG_lignin2.mzML:scan:1911,1,0.72,2,0,MSV000090695,NoID,temp/queries/af/af492f237d43482e9ae7c5aaedef24d0/af492f237d43482e9ae7c5aaedef24d0.mgf,1,261,2496358
5-ASA_1-(3-aminopropyl)imidazole,mzspec:GNPS:MULTIPLEX-SYNTHESIS-LIBRARY-ALL-PARTITION-6:accession:CCMSLIB00016278927,-0.01,mzspec:MSV000090695:peak/mzML_positive/2_DEG_lignin2.mzML:scan:1911,1,0.72,2,0,MSV000090695,NoID,temp/queries/af/af492f237d43482e9ae7c5aaedef24d0/af492f237d43482e9ae7c5aaedef24d0.mgf,1,261,2496329
5-ASA_1-(3-aminopropyl)imidazole,mzspec:GNPS:MULTIPLEX-SYNTHESIS-LIBRARY-ALL-PARTITION-6:accession:CCMSLIB00016278927,-0.01,mzspec:MSV000092513:peak/mzML/Positive/POS_L_17_2.mzML:scan:3552,1,0.72,2,0,MSV000092513,NoID,temp/queries/af/af492f237d43482e9ae7c5aaedef24d0/af492f237d43482e9ae7c5aaedef24d0.mgf,1,261,593966
5-ASA_1-(3-aminopropyl)imidazole,mzspec:GNPS:MULTIPLEX-SYNTHESIS-LIBRARY-ALL-PARTITION-6:accession:CCMSLIB00016278927,-0.01,mzspec:MSV000092513:peak/mzML/Positive/POS_L_3_1.mzML:scan:3483,1,0.72,2,0,MSV000092513,NoID,temp/queries/af/af492f237d43482e9ae7c5aaedef24d0/af492f237d43482e9ae7c5aaedef24d0.mgf,1,261,595671
5-ASA_1-(3-aminopropyl)imidazole,mzspec:GNPS:MULTIPLEX-SYNTHESIS-LIBRARY-ALL-PARTITION-6:accession:CCMSLIB00016278927,0.02,mzspec:MSV000092820:raw/083123_Matthaei_Herbarium_lowmz/2019_Matthaei_nBuOH_150-450mz/Glycyrrhiza-glabra-Stem-nBuOH-2019.mzML:scan:2758,1,0.72,1,0,MSV000092820,NoID,temp/queries/af/af492f237d43482e9ae7c5aaedef24d0/af492f237d43482e9ae7c5aaedef24d0.mgf,1,261,713779
5-ASA_1-(3-aminopropyl)imidazole,mzspec:GNPS:MULTIPLEX-SYNTHESIS-LIBRARY-ALL-PARTITION-6:accession:CCMSLIB00016278927,-0.01,mzspec:MSV000092513:peak/mzML/Positive/POS_L_2_1.mzML:scan:3470,1,0.72,2,0,MSV000092513,NoID,temp/queries/af/af492f237d43482e9ae7c5aaedef24d0/af492f237d43482e9ae7c5aaedef24d0.mgf,1,261,597395
5-ASA_1-(3-aminopropyl)imidazole,mzspec:GNPS:MULTIPLEX-SYNTHESIS-LIBRARY-ALL-PARTITION-6:accession:CCMSLIB00016278927,-0.01,mzspec:MSV000092513:peak/mzML/Positive/POS_L_28_2.mzML:scan:3496,1,0.72,2,0,MSV000092513,NoID,temp/queries/af/af492f237d43482e9ae7c5aaedef24d0/af492f237d43482e9ae7c5aaedef24d0.mgf,1,261,593626
5-ASA_1-(3-aminopropyl)imidazole,mzspec:GNPS:MULTIPLEX-SYNTHESIS-LIBRARY-ALL-PARTITION-6:accession:CCMSLIB00016278927,-0.01,mzspec:MSV000091211:peak/MZml/POS_14.mzML:scan:3272,1,0.72,2,0,MSV000091211,NoID,temp/queries/af/af492f237d43482e9ae7c5aaedef24d0/af492f237d43482e9ae7c5aaedef24d0.mgf,1,261,1831102
5-ASA_1-(3-aminopropyl)imidazole,mzspec:GNPS:MULTIPLEX-SYNTHESIS-LIBRARY-ALL-PARTITION-6:accession:CCMSLIB00016278927,0.02,mzspec:MSV000090851:ccms_peak/AcOEt_2.mzML:scan:5160,1,0.72,1,0,MSV000090851,NoID,temp/queries/af/af492f237d43482e9ae7c5aaedef24d0/af492f237d43482e9ae7c5aaedef24d0.mgf,1,261,4106900
5-ASA_1-(3-aminopropyl)imidazole,mzspec:GNPS:MULTIPLEX-SYNTHESIS-LIBRARY-ALL-PARTITION-6:accession:CCMSLIB00016278927,0.02,mzspec:MSV000090851:peak/AcOEt_2.mzML:scan:5160,1,0.72,1,0,MSV000090851,NoID,temp/queries/af/af492f237d43482e9ae7c5aaedef24d0/af492f237d43482e9ae7c5aaedef24d0.mgf,1,261,4106451
5-ASA_1-(3-aminopropyl)imidazole,mzspec:GNPS:MULTIPLEX-SYNTHESIS-LIBRARY-ALL-PARTITION-6:accession:CCMSLIB00016278927,-0.01,mzspec:MSV000091211:peak/MZml/POS_8.mzML:scan:3306,1,0.72,2,0,MSV000091211,NoID,temp/queries/af/af492f237d43482e9ae7c5aaedef24d0/af492f237d43482e9ae7c5aaedef24d0.mgf,1,261,1830044
5-ASA_1-(3-aminopropyl)imidazole,mzspec:GNPS:MULTIPLEX-SYNTHESIS-LIBRARY-ALL-PARTITION-6:accession:CCMSLIB00016278927,-0.01,mzspec:MSV000092513:peak/mzML/Positive/POS_L_19_2.mzML:scan:3622,1,0.72,2,0,MSV000092513,NoID,temp/queries/af/af492f237d43482e9ae7c5aaedef24d0/af492f237d43482e9ae7c5aaedef24d0.mgf,1,261,596568
5-ASA_1-(3-aminopropyl)imidazole,mzspec:GNPS:MULTIPLEX-SYNTHESIS-LIBRARY-ALL-PARTITION-6:accession:CCMSLIB00016278927,0.02,mzspec:MSV000092820:raw/083123_Matthaei_Herbarium_lowmz/2019_Matthaei_nBuOH_150-450mz/Glycyrrhiza-glabra-Leaf-nBuOH-2019.mzML:scan:2759,1,0.72,1,0,MSV000092820,NoID,temp/queries/af/af492f237d43482e9ae7c5aaedef24d0/af492f237d43482e9ae7c5aaedef24d0.mgf,1,261,709173
5-ASA_1-(3-aminopropyl)imidazole,mzspec:GNPS:MULTIPLEX-SYNTHESIS-LIBRARY-ALL-PARTITION-6:accession:CCMSLIB00016278927,0.02,mzspec:MSV000092820:raw/083123_Matthaei_Herbarium_lowmz/2019_Matthaei_nBuOH_150-450mz/Glycyrrhiza-glabra-Stem-nBuOH-2019.mzML:scan:2781,1,0.72,1,0,MSV000092820,NoID,temp/queries/af/af492f237d43482e9ae7c5aaedef24d0/af492f237d43482e9ae7c5aaedef24d0.mgf,1,261,713781
5-ASA_1-(3-aminopropyl)imidazole,mzspec:GNPS:MULTIPLEX-SYNTHESIS-LIBRARY-ALL-PARTITION-6:accession:CCMSLIB00016278927,0.02,mzspec:MSV000092820:raw/083123_Matthaei_Herbarium_lowmz/2019_Matthaei_nBuOH_150-450mz/Glycyrrhiza-glabra-Leaf-ethylacetate-2019.mzML:scan:2590,1,0.72,1,0,MSV000092820,NoID,temp/queries/af/af492f237d43482e9ae7c5aaedef24d0/af492f237d43482e9ae7c5aaedef24d0.mgf,1,261,709565
5-ASA_1-(3-aminopropyl)imidazole,mzspec:GNPS:MULTIPLEX-SYNTHESIS-LIBRARY-ALL-PARTITION-6:accession:CCMSLIB00016278927,0.02,mzspec:MSV000092820:raw/083123_Matthaei_Herbarium_lowmz/2019_Matthaei_nBuOH_150-450mz/Glycyrrhiza-glabra-Leaf-ethylacetate-2019.mzML:scan:2068,1,0.72,1,0,MSV000092820,NoID,temp/queries/af/af492f237d43482e9ae7c5aaedef24d0/af492f237d43482e9ae7c5aaedef24d0.mgf,1,261,709563
5-ASA_1-(3-aminopropyl)imidazole,mzspec:GNPS:MULTIPLEX-SYNTHESIS-LIBRARY-ALL-PARTITION-6:accession:CCMSLIB00016278927,0.02,mzspec:MSV000090851:peak/AcOEt_3.mzML:scan:5282,1,0.72,1,0,MSV000090851,NoID,temp/queries/af/af492f237d43482e9ae7c5aaedef24d0/af492f237d43482e9ae7c5aaedef24d0.mgf,1,261,4106990
5-ASA_1-(3-aminopropyl)imidazole,mzspec:GNPS:MULTIPLEX-SYNTHESIS-LIBRARY-ALL-PARTITION-6:accession:CCMSLIB00016278927,0.02,mzspec:MSV000092820:raw/083123_Matthaei_Herbarium_lowmz/2019_Matthaei_nBuOH_150-450mz/Glycyrrhiza-glabra-Leaf-ethylacetate-2019.mzML:scan:2057,1,0.72,1,0,MSV000092820,NoID,temp/queries/af/af492f237d43482e9ae7c5aaedef24d0/af492f237d43482e9ae7c5aaedef24d0.mgf,1,261,709562
5-ASA_1-(3-aminopropyl)imidazole,mzspec:GNPS:MULTIPLEX-SYNTHESIS-LIBRARY-ALL-PARTITION-6:accession:CCMSLIB00016278927,0.02,mzspec:MSV000083462:ccms_peak/Stool_verified/mzXML_data_5/Samples/11712.SUBJECT32.STOOL.719.mzML:scan:1366,1,0.72,2,0,MSV000083462,NoID,temp/queries/af/af492f237d43482e9ae7c5aaedef24d0/af492f237d43482e9ae7c5aaedef24d0.mgf,1,261,1455123
5-ASA_1-(3-aminopropyl)imidazole,mzspec:GNPS:MULTIPLEX-SYNTHESIS-LIBRARY-ALL-PARTITION-6:accession:CCMSLIB00016278927,0.02,mzspec:MSV000083462:ccms_peak/Stool_verified/mzXML_data_6/Samples/11712.SUBJECT17.STOOL.247.mzML:scan:1208,1,0.71,2,0,MSV000083462,NoID,temp/queries/af/af492f237d43482e9ae7c5aaedef24d0/af492f237d43482e9ae7c5aaedef24d0.mgf,1,261,1445919
5-ASA_1-(3-aminopropyl)imidazole,mzspec:GNPS:MULTIPLEX-SYNTHESIS-LIBRARY-ALL-PARTITION-6:accession:CCMSLIB00016278927,0.02,mzspec:MSV000083462:ccms_peak/Skin_verified/skin_data_mzxml_11/Samples/11712.SUBJECT10.SKIN.45.mzML:scan:1196,1,0.71,2,0,MSV000083462,NoID,temp/queries/af/af492f237d43482e9ae7c5aaedef24d0/af492f237d43482e9ae7c5aaedef24d0.mgf,1,261,1467811
5-ASA_1-(3-aminopropyl)imidazole,mzspec:GNPS:MULTIPLEX-SYNTHESIS-LIBRARY-ALL-PARTITION-6:accession:CCMSLIB00016278927,0.02,mzspec:MSV000088673:ccms_peak/Cyrtopodium glutiniferum/20170809_1CG2_a.mzML:scan:3593,1,0.71,2,0,MSV000088673,NoID,temp/queries/af/af492f237d43482e9ae7c5aaedef24d0/af492f237d43482e9ae7c5aaedef24d0.mgf,1,261,3011941
5-ASA_1-(3-aminopropyl)imidazole,mzspec:GNPS:MULTIPLEX-SYNTHESIS-LIBRARY-ALL-PARTITION-6:accession:CCMSLIB00016278927,0.0,mzspec:MSV000080662:peak/3D_interactions_Panama_mzxml/Control_mzxml/Acropora_mzxml/C1_A_2_BE5_01_24840.mzXML:scan:4445,1,0.71,2,0,MSV000080662,NoID,temp/queries/af/af492f237d43482e9ae7c5aaedef24d0/af492f237d43482e9ae7c5aaedef24d0.mgf,1,261,166259
5-ASA_1-(3-aminopropyl)imidazole,mzspec:GNPS:MULTIPLEX-SYNTHESIS-LIBRARY-ALL-PARTITION-6:accession:CCMSLIB00016278927,-0.01,mzspec:MSV000092513:peak/mzML/Positive/POS_L_24_1.mzML:scan:3527,1,0.71,2,0,MSV000092513,NoID,temp/queries/af/af492f237d43482e9ae7c5aaedef24d0/af492f237d43482e9ae7c5aaedef24d0.mgf,1,261,595908
5-ASA_1-(3-aminopropyl)imidazole,mzspec:GNPS:MULTIPLEX-SYNTHESIS-LIBRARY-ALL-PARTITION-6:accession:CCMSLIB00016278927,-0.01,mzspec:MSV000092513:peak/mzML/Positive/POS_L_21_2.mzML:scan:3543,1,0.71,2,0,MSV000092513,NoID,temp/queries/af/af492f237d43482e9ae7c5aaedef24d0/af492f237d43482e9ae7c5aaedef24d0.mgf,1,261,591496
5-ASA_1-(3-aminopropyl)imidazole,mzspec:GNPS:MULTIPLEX-SYNTHESIS-LIBRARY-ALL-PARTITION-6:accession:CCMSLIB00016278927,0.0,mzspec:MSV000083610:ccms_peak/2018_02_12_Vibrios_Coral_Extracts_mzXML/MemVm20_BE1_01_8294.mzML:scan:3250,1,0.71,2,0,MSV000083610,NoID,temp/queries/af/af492f237d43482e9ae7c5aaedef24d0/af492f237d43482e9ae7c5aaedef24d0.mgf,1,261,4423444
5-ASA_1-(3-aminopropyl)imidazole,mzspec:GNPS:MULTIPLEX-SYNTHESIS-LIBRARY-ALL-PARTITION-6:accession:CCMSLIB00016278927,-0.01,mzspec:MSV000091211:peak/MZml/POS_3.mzML:scan:3337,1,0.71,2,0,MSV000091211,NoID,temp/queries/af/af492f237d43482e9ae7c5aaedef24d0/af492f237d43482e9ae7c5aaedef24d0.mgf,1,261,1831629
5-ASA_1-(3-aminopropyl)imidazole,mzspec:GNPS:MULTIPLEX-SYNTHESIS-LIBRARY-ALL-PARTITION-6:accession:CCMSLIB00016278927,-0.01,mzspec:MSV000092513:peak/mzML/Positive/POS_L_19_2.mzML:scan:3547,1,0.71,2,0,MSV000092513,NoID,temp/queries/af/af492f237d43482e9ae7c5aaedef24d0/af492f237d43482e9ae7c5aaedef24d0.mgf,1,261,596566
5-ASA_1-(3-aminopropyl)imidazole,mzspec:GNPS:MULTIPLEX-SYNTHESIS-LIBRARY-ALL-PARTITION-6:accession:CCMSLIB00016278927,0.02,mzspec:MSV000092820:raw/083123_Matthaei_Herbarium_lowmz/2020_Matthaei_EA_150-450mz/Welwitschia-mirabilis-Stem-ethylacetate-2020.mzML:scan:2579,1,0.71,1,0,MSV000092820,NoID,temp/queries/af/af492f237d43482e9ae7c5aaedef24d0/af492f237d43482e9ae7c5aaedef24d0.mgf,1,261,714460
5-ASA_1-(3-aminopropyl)imidazole,mzspec:GNPS:MULTIPLEX-SYNTHESIS-LIBRARY-ALL-PARTITION-6:accession:CCMSLIB00016278927,0.0,mzspec:MSV000082294:ccms_peak/2018_02_12_NSF_FGA_Plates1_2_mzXML/PD-FGA-59_BD10_01_8459.mzML:scan:4105,1,0.71,1,0,MSV000082294,NoID,temp/queries/af/af492f237d43482e9ae7c5aaedef24d0/af492f237d43482e9ae7c5aaedef24d0.mgf,1,261,3988512
5-ASA_1-(3-aminopropyl)imidazole,mzspec:GNPS:MULTIPLEX-SYNTHESIS-LIBRARY-ALL-PARTITION-6:accession:CCMSLIB00016278927,0.0,mzspec:MSV000084024:ccms_peak/2018_02_12_NSF_FGA_Plates1_2_mzXML/PD-FGA-59_BD10_01_8459.mzML:scan:4105,1,0.71,1,0,MSV000084024,NoID,temp/queries/af/af492f237d43482e9ae7c5aaedef24d0/af492f237d43482e9ae7c5aaedef24d0.mgf,1,261,734015
5-ASA_1-(3-aminopropyl)imidazole,mzspec:GNPS:MULTIPLEX-SYNTHESIS-LIBRARY-ALL-PARTITION-6:accession:CCMSLIB00016278927,0.0,mzspec:MSV000082295:ccms_peak/2018_02_12_NSF_FGA_Plates1_2_mzXML/PD-FGA-59_BD10_01_8459.mzML:scan:4105,1,0.71,1,0,MSV000082295,NoID,temp/queries/af/af492f237d43482e9ae7c5aaedef24d0/af492f237d43482e9ae7c5aaedef24d0.mgf,1,261,1086482
5-ASA_1-(3-aminopropyl)imidazole,mzspec:GNPS:MULTIPLEX-SYNTHESIS-LIBRARY-ALL-PARTITION-6:accession:CCMSLIB00016278927,0.02,mzspec:MSV000090851:peak/AcOEt_1.mzML:scan:6482,1,0.71,1,0,MSV000090851,NoID,temp/queries/af/af492f237d43482e9ae7c5aaedef24d0/af492f237d43482e9ae7c5aaedef24d0.mgf,1,261,4106533
5-ASA_1-(3-aminopropyl)imidazole,mzspec:GNPS:MULTIPLEX-SYNTHESIS-LIBRARY-ALL-PARTITION-6:accession:CCMSLIB00016278927,0.02,mzspec:MSV000088673:ccms_peak/Cyrtopodium glutiniferum/20170809_1CG3_c.mzML:scan:4165,1,0.71,2,0,MSV000088673,NoID,temp/queries/af/af492f237d43482e9ae7c5aaedef24d0/af492f237d43482e9ae7c5aaedef24d0.mgf,1,261,3012227
5-ASA_1-(3-aminopropyl)imidazole,mzspec:GNPS:MULTIPLEX-SYNTHESIS-LIBRARY-ALL-PARTITION-6:accession:CCMSLIB00016278927,0.02,mzspec:MSV000091237:peak/IO-076R.mzML:scan:4294967295,1,0.71,2,0,MSV000091237,NoID,temp/queries/af/af492f237d43482e9ae7c5aaedef24d0/af492f237d43482e9ae7c5aaedef24d0.mgf,1,261,338021
5-ASA_1-(3-aminopropyl)imidazole,mzspec:GNPS:MULTIPLEX-SYNTHESIS-LIBRARY-ALL-PARTITION-6:accession:CCMSLIB00016278927,0.02,mzspec:MSV000090851:ccms_peak/AcOEt_1.mzML:scan:6482,1,0.71,1,0,MSV000090851,NoID,temp/queries/af/af492f237d43482e9ae7c5aaedef24d0/af492f237d43482e9ae7c5aaedef24d0.mgf,1,261,4106364
5-ASA_1-(3-aminopropyl)imidazole,mzspec:GNPS:MULTIPLEX-SYNTHESIS-LIBRARY-ALL-PARTITION-6:accession:CCMSLIB00016278927,0.02,mzspec:MSV000090851:ccms_peak/AcOEt_1.mzML:scan:4971,1,0.71,1,0,MSV000090851,NoID,temp/queries/af/af492f237d43482e9ae7c5aaedef24d0/af492f237d43482e9ae7c5aaedef24d0.mgf,1,261,4106362
5-ASA_1-(3-aminopropyl)imidazole,mzspec:GNPS:MULTIPLEX-SYNTHESIS-LIBRARY-ALL-PARTITION-6:accession:CCMSLIB00016278927,0.02,mzspec:MSV000090851:peak/AcOEt_1.mzML:scan:4971,1,0.71,1,0,MSV000090851,NoID,temp/queries/af/af492f237d43482e9ae7c5aaedef24d0/af492f237d43482e9ae7c5aaedef24d0.mgf,1,261,4106531
5-ASA_1-(3-aminopropyl)imidazole,mzspec:GNPS:MULTIPLEX-SYNTHESIS-LIBRARY-ALL-PARTITION-6:accession:CCMSLIB00016278927,0.02,mzspec:MSV000091237:peak/IO-076R.mzML:scan:4294967295,1,0.71,2,0,MSV000091237,NoID,temp/queries/af/af492f237d43482e9ae7c5aaedef24d0/af492f237d43482e9ae7c5aaedef24d0.mgf,1,261,338022
5-ASA_1-(3-aminopropyl)imidazole,mzspec:GNPS:MULTIPLEX-SYNTHESIS-LIBRARY-ALL-PARTITION-6:accession:CCMSLIB00016278927,0.0,mzspec:MSV000089899:ccms_peak/mzXML/br_40-4-1_2_RC7_01_65058.mzML:scan:88,1,0.71,1,0,MSV000089899,NoID,temp/queries/af/af492f237d43482e9ae7c5aaedef24d0/af492f237d43482e9ae7c5aaedef24d0.mgf,1,261,1201785
5-ASA_1-(3-aminopropyl)imidazole,mzspec:GNPS:MULTIPLEX-SYNTHESIS-LIBRARY-ALL-PARTITION-6:accession:CCMSLIB00016278927,-0.01,mzspec:MSV000092513:peak/mzML/Positive/POS_L_27_2.mzML:scan:3641,1,0.71,2,0,MSV000092513,NoID,temp/queries/af/af492f237d43482e9ae7c5aaedef24d0/af492f237d43482e9ae7c5aaedef24d0.mgf,1,261,592269
5-ASA_1-(3-aminopropyl)imidazole,mzspec:GNPS:MULTIPLEX-SYNTHESIS-LIBRARY-ALL-PARTITION-6:accession:CCMSLIB00016278927,-0.01,mzspec:MSV000092513:peak/mzML/Positive/POS_L_6_2.mzML:scan:3501,1,0.71,2,0,MSV000092513,NoID,temp/queries/af/af492f237d43482e9ae7c5aaedef24d0/af492f237d43482e9ae7c5aaedef24d0.mgf,1,261,597359
5-ASA_1-(3-aminopropyl)imidazole,mzspec:GNPS:MULTIPLEX-SYNTHESIS-LIBRARY-ALL-PARTITION-6:accession:CCMSLIB00016278927,-0.01,mzspec:MSV000092513:peak/mzML/Positive/POS_L_20_2.mzML:scan:3543,1,0.71,2,0,MSV000092513,NoID,temp/queries/af/af492f237d43482e9ae7c5aaedef24d0/af492f237d43482e9ae7c5aaedef24d0.mgf,1,261,596131
5-ASA_1-(3-aminopropyl)imidazole,mzspec:GNPS:MULTIPLEX-SYNTHESIS-LIBRARY-ALL-PARTITION-6:accession:CCMSLIB00016278927,-0.01,mzspec:MSV000092513:peak/mzML/Positive/POS_L_23_1.mzML:scan:3516,1,0.71,2,0,MSV000092513,NoID,temp/queries/af/af492f237d43482e9ae7c5aaedef24d0/af492f237d43482e9ae7c5aaedef24d0.mgf,1,261,589766
5-ASA_1-(3-aminopropyl)imidazole,mzspec:GNPS:MULTIPLEX-SYNTHESIS-LIBRARY-ALL-PARTITION-6:accession:CCMSLIB00016278927,-0.01,mzspec:MSV000092513:peak/mzML/Positive/POS_L_25_2.mzML:scan:3533,1,0.71,2,0,MSV000092513,NoID,temp/queries/af/af492f237d43482e9ae7c5aaedef24d0/af492f237d43482e9ae7c5aaedef24d0.mgf,1,261,590550
5-ASA_1-(3-aminopropyl)imidazole,mzspec:GNPS:MULTIPLEX-SYNTHESIS-LIBRARY-ALL-PARTITION-6:accession:CCMSLIB00016278927,0.0,mzspec:MSV000080187:ccms_peak/AMG_antibiotic_study/26076_P1_RH4_01_132.mzXML:scan:4729,1,0.71,1,0,MSV000080187,NoID,temp/queries/af/af492f237d43482e9ae7c5aaedef24d0/af492f237d43482e9ae7c5aaedef24d0.mgf,1,261,4076247
5-ASA_1-(3-aminopropyl)imidazole,mzspec:GNPS:MULTIPLEX-SYNTHESIS-LIBRARY-ALL-PARTITION-6:accession:CCMSLIB00016278927,0.0,mzspec:MSV000080179:ccms_peak/mzXMLs/26076_P1_RH4_01_132.mzXML:scan:4729,1,0.71,1,0,MSV000080179,NoID,temp/queries/af/af492f237d43482e9ae7c5aaedef24d0/af492f237d43482e9ae7c5aaedef24d0.mgf,1,261,1569523
5-ASA_1-(3-aminopropyl)imidazole,mzspec:GNPS:MULTIPLEX-SYNTHESIS-LIBRARY-ALL-PARTITION-6:accession:CCMSLIB00016278927,0.0,mzspec:MSV000080179:ccms_peak/mzXMLs/Swab blank_P4_RH11_01_671.mzXML:scan:3460,1,0.7,1,0,MSV000080179,NoID,temp/queries/af/af492f237d43482e9ae7c5aaedef24d0/af492f237d43482e9ae7c5aaedef24d0.mgf,1,261,1572669
5-ASA_1-(3-aminopropyl)imidazole,mzspec:GNPS:MULTIPLEX-SYNTHESIS-LIBRARY-ALL-PARTITION-6:accession:CCMSLIB00016278927,0.0,mzspec:MSV000082294:ccms_peak/2018_02_12_NSF_FGA_Plates1_2_mzXML/PD-FGA-68_GB9_01_8482.mzML:scan:3773,1,0.7,1,0,MSV000082294,NoID,temp/queries/af/af492f237d43482e9ae7c5aaedef24d0/af492f237d43482e9ae7c5aaedef24d0.mgf,1,261,3991299
5-ASA_1-(3-aminopropyl)imidazole,mzspec:GNPS:MULTIPLEX-SYNTHESIS-LIBRARY-ALL-PARTITION-6:accession:CCMSLIB00016278927,0.02,mzspec:MSV000083462:ccms_peak/Skin_verified/skin_data_mzxml_11/Samples/11712.SUBJECT14.SKIN.126.mzML:scan:1196,1,0.7,2,0,MSV000083462,NoID,temp/queries/af/af492f237d43482e9ae7c5aaedef24d0/af492f237d43482e9ae7c5aaedef24d0.mgf,1,261,1458680
5-ASA_1-(3-aminopropyl)imidazole,mzspec:GNPS:MULTIPLEX-SYNTHESIS-LIBRARY-ALL-PARTITION-6:accession:CCMSLIB00016278927,0.0,mzspec:MSV000082636:ccms_peak/2018_06_24_3Datta_round3_mzXML/3Datta_TB_GG12_01_13616.mzML:scan:2733,1,0.7,2,0,MSV000082636,NoID,temp/queries/af/af492f237d43482e9ae7c5aaedef24d0/af492f237d43482e9ae7c5aaedef24d0.mgf,1,261,1022192
5-ASA_1-(3-aminopropyl)imidazole,mzspec:GNPS:MULTIPLEX-SYNTHESIS-LIBRARY-ALL-PARTITION-6:accession:CCMSLIB00016278927,0.0,mzspec:MSV000084024:ccms_peak/2018_02_12_NSF_FGA_Plates1_2_mzXML/PD-FGA-68_GB9_01_8482.mzML:scan:3773,1,0.7,1,0,MSV000084024,NoID,temp/queries/af/af492f237d43482e9ae7c5aaedef24d0/af492f237d43482e9ae7c5aaedef24d0.mgf,1,261,736374
5-ASA_1-(3-aminopropyl)imidazole,mzspec:GNPS:MULTIPLEX-SYNTHESIS-LIBRARY-ALL-PARTITION-6:accession:CCMSLIB00016278927,0.0,mzspec:MSV000082295:ccms_peak/2018_02_12_NSF_FGA_Plates1_2_mzXML/PD-FGA-68_GB9_01_8482.mzML:scan:3773,1,0.7,1,0,MSV000082295,NoID,temp/queries/af/af492f237d43482e9ae7c5aaedef24d0/af492f237d43482e9ae7c5aaedef24d0.mgf,1,261,1088692
5-ASA_1-(3-aminopropyl)imidazole,mzspec:GNPS:MULTIPLEX-SYNTHESIS-LIBRARY-ALL-PARTITION-6:accession:CCMSLIB00016278927,-0.01,mzspec:MSV000092513:peak/mzML/Positive/POS_L_1_2.mzML:scan:3615,1,0.7,2,0,MSV000092513,NoID,temp/queries/af/af492f237d43482e9ae7c5aaedef24d0/af492f237d43482e9ae7c5aaedef24d0.mgf,1,261,596049
5-ASA_1-(3-aminopropyl)imidazole,mzspec:GNPS:MULTIPLEX-SYNTHESIS-LIBRARY-ALL-PARTITION-6:accession:CCMSLIB00016278927,-0.0,mzspec:MSV000081893:peak/Peak_List_Files/OMICS_MFB003_MOCK_12HRS_A_LIPID_020_NEG_24April17_Polaroid_HSST-T3-A923.mzML:scan:222,1,0.7,1,0,MSV000081893,NoID,temp/queries/af/af492f237d43482e9ae7c5aaedef24d0/af492f237d43482e9ae7c5aaedef24d0.mgf,1,261,1596632
5-ASA_1-(3-aminopropyl)imidazole,mzspec:GNPS:MULTIPLEX-SYNTHESIS-LIBRARY-ALL-PARTITION-6:accession:CCMSLIB00016278927,0.02,mzspec:MSV000079034:ccms_peak/150116_EF_PMA_PSN475_NC-30-24-f_ddMS2_pos.mzXML:scan:2503,1,0.7,1,0,MSV000079034,NoID,temp/queries/af/af492f237d43482e9ae7c5aaedef24d0/af492f237d43482e9ae7c5aaedef24d0.mgf,1,261,1927458
5-ASA_1-(3-aminopropyl)imidazole,mzspec:GNPS:MULTIPLEX-SYNTHESIS-LIBRARY-ALL-PARTITION-6:accession:CCMSLIB00016278927,-0.02,mzspec:ST002968:mzML/N-ZH2-0803-NEG.mzML:scan:4294967295,1,0.7,1,0,ST002968,NoID,temp/queries/af/af492f237d43482e9ae7c5aaedef24d0/af492f237d43482e9ae7c5aaedef24d0.mgf,1,261,4795487
5-ASA_1-(3-aminopropyl)imidazole,mzspec:GNPS:MULTIPLEX-SYNTHESIS-LIBRARY-ALL-PARTITION-6:accession:CCMSLIB00016278927,-0.01,mzspec:MSV000081893:ccms_peak/Raw_Spectrum_Files/OMICS_MFB003_MOCK_12HRS_A_LIPID_020_NEG_24April17_Polaroid_HSST-T3-A923.mzML:scan:222,1,0.7,1,0,MSV000081893,NoID,temp/queries/af/af492f237d43482e9ae7c5aaedef24d0/af492f237d43482e9ae7c5aaedef24d0.mgf,1,261,1596207
5-ASA_1-(3-aminopropyl)imidazole,mzspec:GNPS:MULTIPLEX-SYNTHESIS-LIBRARY-ALL-PARTITION-6:accession:CCMSLIB00016278927,0.0,mzspec:MSV000089899:ccms_peak/mzXML/br_110-880_RB1_01_65044.mzML:scan:116,1,0.7,1,0,MSV000089899,NoID,temp/queries/af/af492f237d43482e9ae7c5aaedef24d0/af492f237d43482e9ae7c5aaedef24d0.mgf,1,261,1201675
5-ASA_1-(3-aminopropyl)imidazole,mzspec:GNPS:MULTIPLEX-SYNTHESIS-LIBRARY-ALL-PARTITION-6:accession:CCMSLIB00016278927,0.0,mzspec:MSV000080187:ccms_peak/AMG_antibiotic_study/Swab blank_P4_RH11_01_671.mzXML:scan:3460,1,0.7,1,0,MSV000080187,NoID,temp/queries/af/af492f237d43482e9ae7c5aaedef24d0/af492f237d43482e9ae7c5aaedef24d0.mgf,1,261,4074325
5-ASA_1-(3-aminopropyl)imidazole,mzspec:GNPS:MULTIPLEX-SYNTHESIS-LIBRARY-ALL-PARTITION-6:accession:CCMSLIB00016278927,-0.01,mzspec:MSV000092513:peak/mzML/Positive/POS_L_24_1.mzML:scan:3677,1,0.7,2,0,MSV000092513,NoID,temp/queries/af/af492f237d43482e9ae7c5aaedef24d0/af492f237d43482e9ae7c5aaedef24d0.mgf,1,261,595911
5-ASA_1-(3-aminopropyl)imidazole,mzspec:GNPS:MULTIPLEX-SYNTHESIS-LIBRARY-ALL-PARTITION-6:accession:CCMSLIB00016278927,0.0,mzspec:MSV000087449:ccms_peak/Mzml TIC-18 FRACTIONS/18-37-Aug-19.mzML:scan:4294967295,1,0.7,1,0,MSV000087449,NoID,temp/queries/af/af492f237d43482e9ae7c5aaedef24d0/af492f237d43482e9ae7c5aaedef24d0.mgf,1,261,2984860
5-ASA_1-(3-aminopropyl)imidazole,mzspec:GNPS:MULTIPLEX-SYNTHESIS-LIBRARY-ALL-PARTITION-6:accession:CCMSLIB00016278927,0.0,mzspec:MSV000087449:raw/Mzml TIC-18 FRACTIONS/18-37-Aug-19.mzML:scan:4294967295,1,0.7,1,0,MSV000087449,NoID,temp/queries/af/af492f237d43482e9ae7c5aaedef24d0/af492f237d43482e9ae7c5aaedef24d0.mgf,1,261,2984619
5-ASA_1-(3-aminopropyl)imidazole,mzspec:GNPS:MULTIPLEX-SYNTHESIS-LIBRARY-ALL-PARTITION-6:accession:CCMSLIB00016278927,0.0,mzspec:MSV000087449:raw/Mzml TIC-18 FRACTIONS/18-37.mzML:scan:4294967295,1,0.7,1,0,MSV000087449,NoID,temp/queries/af/af492f237d43482e9ae7c5aaedef24d0/af492f237d43482e9ae7c5aaedef24d0.mgf,1,261,2984418
5-ASA_1-(3-aminopropyl)imidazole,mzspec:GNPS:MULTIPLEX-SYNTHESIS-LIBRARY-ALL-PARTITION-6:accession:CCMSLIB00016278927,-0.01,mzspec:MSV000082490:ccms_peak/mzXML/Samples/Skin/SH892_RG4_01_27466.mzML:scan:3955,1,0.7,1,0,MSV000082490,NoID,temp/queries/af/af492f237d43482e9ae7c5aaedef24d0/af492f237d43482e9ae7c5aaedef24d0.mgf,1,261,2354710
5-ASA_1-(3-aminopropyl)imidazole,mzspec:GNPS:MULTIPLEX-SYNTHESIS-LIBRARY-ALL-PARTITION-6:accession:CCMSLIB00016278927,0.0,mzspec:MSV000087449:ccms_peak/Mzml TIC-18 FRACTIONS/18-37.mzML:scan:4294967295,1,0.7,1,0,MSV000087449,NoID,temp/queries/af/af492f237d43482e9ae7c5aaedef24d0/af492f237d43482e9ae7c5aaedef24d0.mgf,1,261,2987304
5-ASA_1-(3-aminopropyl)imidazole,mzspec:GNPS:MULTIPLEX-SYNTHESIS-LIBRARY-ALL-PARTITION-6:accession:CCMSLIB00016278927,0.02,mzspec:MSV000084322:ccms_peak/Plate2_mzXML files/Plate2_61954_Skin_GF11_01_26412.mzML:scan:3163,1,0.7,1,0,MSV000084322,NoID,temp/queries/af/af492f237d43482e9ae7c5aaedef24d0/af492f237d43482e9ae7c5aaedef24d0.mgf,1,261,3666242
5-ASA_1-(3-aminopropyl)imidazole,mzspec:GNPS:MULTIPLEX-SYNTHESIS-LIBRARY-ALL-PARTITION-6:accession:CCMSLIB00016278927,-0.01,mzspec:MSV000092513:peak/mzML/Positive/POS_L_26_2.mzML:scan:3465,1,0.7,2,0,MSV000092513,NoID,temp/queries/af/af492f237d43482e9ae7c5aaedef24d0/af492f237d43482e9ae7c5aaedef24d0.mgf,1,261,589546
