compound_name,lib_usi,Delta Mass,USI,Charge,Cosine,Matching Peaks,Unit Delta Mass,Dataset,Status,Query Filename,Query Scan,Index UnitPM,Index IdxInUnitPM
5-ASA_1-(4-chlorophenyl)cyclopropanamine,mzspec:GNPS:MULTIPLEX-SYNTHESIS-LIBRARY-ALL-PARTITION-6:accession:CCMSLIB00016278901,-0.01,mzspec:MSV000095423:updates/2024-07-24_helenamrusso_d8d86449/peak/LC1_5to100/HNRC_P4_C2_Sample_X3146791.mzML:scan:1428,1,0.75,3,0,MSV000095423,NoID,temp/queries/09/097baf2a29944f9db5602a3997c16df9/097baf2a29944f9db5602a3997c16df9.mgf,1,303,1201217
5-ASA_1-(4-chlorophenyl)cyclopropanamine,mzspec:GNPS:MULTIPLEX-SYNTHESIS-LIBRARY-ALL-PARTITION-6:accession:CCMSLIB00016278901,-0.01,mzspec:MSV000096049:peak/HNRC_samples_mzML/HNRC_100H2O_P3_F1.mzML:scan:1463,1,0.74,3,0,MSV000096049,NoID,temp/queries/09/097baf2a29944f9db5602a3997c16df9/097baf2a29944f9db5602a3997c16df9.mgf,1,303,873020
5-ASA_1-(4-chlorophenyl)cyclopropanamine,mzspec:GNPS:MULTIPLEX-SYNTHESIS-LIBRARY-ALL-PARTITION-6:accession:CCMSLIB00016278901,-0.01,mzspec:MSV000096049:peak/HNRC_samples_mzML/HNRC_100H2O_P4_G6.mzML:scan:1365,1,0.73,3,0,MSV000096049,NoID,temp/queries/09/097baf2a29944f9db5602a3997c16df9/097baf2a29944f9db5602a3997c16df9.mgf,1,303,873292
5-ASA_1-(4-chlorophenyl)cyclopropanamine,mzspec:GNPS:MULTIPLEX-SYNTHESIS-LIBRARY-ALL-PARTITION-6:accession:CCMSLIB00016278901,-0.01,mzspec:MSV000096049:peak/HNRC_samples_mzML/HNRC_100H2O_P4_A2.mzML:scan:1377,1,0.73,3,0,MSV000096049,NoID,temp/queries/09/097baf2a29944f9db5602a3997c16df9/097baf2a29944f9db5602a3997c16df9.mgf,1,303,873902
5-ASA_1-(4-chlorophenyl)cyclopropanamine,mzspec:GNPS:MULTIPLEX-SYNTHESIS-LIBRARY-ALL-PARTITION-6:accession:CCMSLIB00016278901,-0.01,mzspec:MSV000095423:peak/all_files_mzML/LC2_1to100/HNRC_P4_C2_Sample_X3146791_LC2.mzML:scan:2039,1,0.71,3,0,MSV000095423,NoID,temp/queries/09/097baf2a29944f9db5602a3997c16df9/097baf2a29944f9db5602a3997c16df9.mgf,1,303,1200835
