compound_name,lib_usi,Delta Mass,USI,Charge,Cosine,Matching Peaks,Unit Delta Mass,Dataset,Status,Query Filename,Query Scan,Index UnitPM,Index IdxInUnitPM
5-ASA_1-adamantanecarboxylic-acid,mzspec:GNPS:MULTIPLEX-SYNTHESIS-LIBRARY-ALL-PARTITION-6:accession:CCMSLIB00016279502,-0.0,mzspec:MSV000096680:ccms_peak/mzml/Positive_mode_mzml/SH11_20240803_pos.mzML:scan:3569,1,0.91,1,0,MSV000096680,NoID,temp/queries/49/49d162f823074fe5ac7a802f78e4a887/49d162f823074fe5ac7a802f78e4a887.mgf,1,316,1218292
5-ASA_1-adamantanecarboxylic-acid,mzspec:GNPS:MULTIPLEX-SYNTHESIS-LIBRARY-ALL-PARTITION-6:accession:CCMSLIB00016279502,-0.0,mzspec:MSV000096680:peak/mzml/Positive_mode_mzml/SH11_20240803_pos.mzML:scan:3569,1,0.91,1,0,MSV000096680,NoID,temp/queries/49/49d162f823074fe5ac7a802f78e4a887/49d162f823074fe5ac7a802f78e4a887.mgf,1,316,1214164
5-ASA_1-adamantanecarboxylic-acid,mzspec:GNPS:MULTIPLEX-SYNTHESIS-LIBRARY-ALL-PARTITION-6:accession:CCMSLIB00016279502,-0.0,mzspec:MSV000094528:updates/2024-10-07_corinnabrungs_594d7cf4/peak/mzml_20240405_MSn_positive/20240405_pluskal_enammol_5002_A4_id_MSn_positive.mzML:scan:580,1,0.9,2,0,MSV000094528,NoID,temp/queries/49/49d162f823074fe5ac7a802f78e4a887/49d162f823074fe5ac7a802f78e4a887.mgf,1,316,283622
5-ASA_1-adamantanecarboxylic-acid,mzspec:GNPS:MULTIPLEX-SYNTHESIS-LIBRARY-ALL-PARTITION-6:accession:CCMSLIB00016279502,-0.0,mzspec:MSV000090678:peak/mzML_Positive/HBH0622_24.mzML:scan:1818,1,0.89,1,0,MSV000090678,NoID,temp/queries/49/49d162f823074fe5ac7a802f78e4a887/49d162f823074fe5ac7a802f78e4a887.mgf,1,316,1768203
5-ASA_1-adamantanecarboxylic-acid,mzspec:GNPS:MULTIPLEX-SYNTHESIS-LIBRARY-ALL-PARTITION-6:accession:CCMSLIB00016279502,-0.0,mzspec:MSV000090678:peak/mzML_Positive/HBH0622_21a.mzML:scan:1854,1,0.88,1,0,MSV000090678,NoID,temp/queries/49/49d162f823074fe5ac7a802f78e4a887/49d162f823074fe5ac7a802f78e4a887.mgf,1,316,1768220
5-ASA_1-adamantanecarboxylic-acid,mzspec:GNPS:MULTIPLEX-SYNTHESIS-LIBRARY-ALL-PARTITION-6:accession:CCMSLIB00016279502,-0.0,mzspec:MSV000090678:peak/mzML_Positive/HBH0622_19a.mzML:scan:1881,1,0.88,1,0,MSV000090678,NoID,temp/queries/49/49d162f823074fe5ac7a802f78e4a887/49d162f823074fe5ac7a802f78e4a887.mgf,1,316,1768353
5-ASA_1-adamantanecarboxylic-acid,mzspec:GNPS:MULTIPLEX-SYNTHESIS-LIBRARY-ALL-PARTITION-6:accession:CCMSLIB00016279502,-0.0,mzspec:MSV000090678:peak/mzML_Positive/HBH0622_20b.mzML:scan:1907,1,0.88,1,0,MSV000090678,NoID,temp/queries/49/49d162f823074fe5ac7a802f78e4a887/49d162f823074fe5ac7a802f78e4a887.mgf,1,316,1768269
5-ASA_1-adamantanecarboxylic-acid,mzspec:GNPS:MULTIPLEX-SYNTHESIS-LIBRARY-ALL-PARTITION-6:accession:CCMSLIB00016279502,-0.0,mzspec:MSV000096680:ccms_peak/mzml/Positive_mode_mzml/SH11_20240803_pos.mzML:scan:3575,1,0.88,1,0,MSV000096680,NoID,temp/queries/49/49d162f823074fe5ac7a802f78e4a887/49d162f823074fe5ac7a802f78e4a887.mgf,1,316,1218293
5-ASA_1-adamantanecarboxylic-acid,mzspec:GNPS:MULTIPLEX-SYNTHESIS-LIBRARY-ALL-PARTITION-6:accession:CCMSLIB00016279502,-0.0,mzspec:MSV000090678:peak/mzML_Positive/HBH0622_18b.mzML:scan:1885,1,0.88,1,0,MSV000090678,NoID,temp/queries/49/49d162f823074fe5ac7a802f78e4a887/49d162f823074fe5ac7a802f78e4a887.mgf,1,316,1768467
5-ASA_1-adamantanecarboxylic-acid,mzspec:GNPS:MULTIPLEX-SYNTHESIS-LIBRARY-ALL-PARTITION-6:accession:CCMSLIB00016279502,0.0,mzspec:MSV000090678:peak/mzML_Positive/HBH0622_11a.mzML:scan:2109,1,0.88,2,0,MSV000090678,NoID,temp/queries/49/49d162f823074fe5ac7a802f78e4a887/49d162f823074fe5ac7a802f78e4a887.mgf,1,316,1768234
5-ASA_1-adamantanecarboxylic-acid,mzspec:GNPS:MULTIPLEX-SYNTHESIS-LIBRARY-ALL-PARTITION-6:accession:CCMSLIB00016279502,-0.0,mzspec:MSV000096680:peak/mzml/Positive_mode_mzml/SH11_20240803_pos.mzML:scan:3575,1,0.88,1,0,MSV000096680,NoID,temp/queries/49/49d162f823074fe5ac7a802f78e4a887/49d162f823074fe5ac7a802f78e4a887.mgf,1,316,1214165
5-ASA_1-adamantanecarboxylic-acid,mzspec:GNPS:MULTIPLEX-SYNTHESIS-LIBRARY-ALL-PARTITION-6:accession:CCMSLIB00016279502,-0.0,mzspec:MSV000090678:peak/mzML_Positive/HBH0622_21b.mzML:scan:1853,1,0.88,1,0,MSV000090678,NoID,temp/queries/49/49d162f823074fe5ac7a802f78e4a887/49d162f823074fe5ac7a802f78e4a887.mgf,1,316,1768503
5-ASA_1-adamantanecarboxylic-acid,mzspec:GNPS:MULTIPLEX-SYNTHESIS-LIBRARY-ALL-PARTITION-6:accession:CCMSLIB00016279502,-0.0,mzspec:MSV000090678:peak/mzML_Positive/HBH0622_18a.mzML:scan:1697,1,0.88,1,0,MSV000090678,NoID,temp/queries/49/49d162f823074fe5ac7a802f78e4a887/49d162f823074fe5ac7a802f78e4a887.mgf,1,316,1768247
5-ASA_1-adamantanecarboxylic-acid,mzspec:GNPS:MULTIPLEX-SYNTHESIS-LIBRARY-ALL-PARTITION-6:accession:CCMSLIB00016279502,-0.0,mzspec:MSV000090678:peak/mzML_Positive/HBH0622_19b.mzML:scan:1875,1,0.87,1,0,MSV000090678,NoID,temp/queries/49/49d162f823074fe5ac7a802f78e4a887/49d162f823074fe5ac7a802f78e4a887.mgf,1,316,1768190
5-ASA_1-adamantanecarboxylic-acid,mzspec:GNPS:MULTIPLEX-SYNTHESIS-LIBRARY-ALL-PARTITION-6:accession:CCMSLIB00016279502,-0.0,mzspec:MSV000090678:peak/mzML_Positive/HBH0622_14b.mzML:scan:1841,1,0.87,1,0,MSV000090678,NoID,temp/queries/49/49d162f823074fe5ac7a802f78e4a887/49d162f823074fe5ac7a802f78e4a887.mgf,1,316,1768545
5-ASA_1-adamantanecarboxylic-acid,mzspec:GNPS:MULTIPLEX-SYNTHESIS-LIBRARY-ALL-PARTITION-6:accession:CCMSLIB00016279502,0.0,mzspec:MSV000090678:peak/mzML_Positive/HBH0622_13b.mzML:scan:2309,1,0.87,1,0,MSV000090678,NoID,temp/queries/49/49d162f823074fe5ac7a802f78e4a887/49d162f823074fe5ac7a802f78e4a887.mgf,1,316,1768127
5-ASA_1-adamantanecarboxylic-acid,mzspec:GNPS:MULTIPLEX-SYNTHESIS-LIBRARY-ALL-PARTITION-6:accession:CCMSLIB00016279502,-0.0,mzspec:MSV000081022:ccms_peak/peaks/Urine_14_Top10_posneg_pos.mzXML:scan:1180,1,0.87,2,0,MSV000081022,NoID,temp/queries/49/49d162f823074fe5ac7a802f78e4a887/49d162f823074fe5ac7a802f78e4a887.mgf,1,316,200873
5-ASA_1-adamantanecarboxylic-acid,mzspec:GNPS:MULTIPLEX-SYNTHESIS-LIBRARY-ALL-PARTITION-6:accession:CCMSLIB00016279502,-0.0,mzspec:MSV000083540:ccms_peak/Urine_14_Top10_posneg.mzML:scan:1180,1,0.87,2,0,MSV000083540,NoID,temp/queries/49/49d162f823074fe5ac7a802f78e4a887/49d162f823074fe5ac7a802f78e4a887.mgf,1,316,1654691
5-ASA_1-adamantanecarboxylic-acid,mzspec:GNPS:MULTIPLEX-SYNTHESIS-LIBRARY-ALL-PARTITION-6:accession:CCMSLIB00016279502,-0.0,mzspec:MSV000083528:ccms_peak/Urine_14_Top10_posneg.mzML:scan:1180,1,0.87,2,0,MSV000083528,NoID,temp/queries/49/49d162f823074fe5ac7a802f78e4a887/49d162f823074fe5ac7a802f78e4a887.mgf,1,316,558376
5-ASA_1-adamantanecarboxylic-acid,mzspec:GNPS:MULTIPLEX-SYNTHESIS-LIBRARY-ALL-PARTITION-6:accession:CCMSLIB00016279502,-0.0,mzspec:MSV000081022:ccms_peak/peaks/Urine_87_Top10_POS.mzXML:scan:1530,1,0.87,2,0,MSV000081022,NoID,temp/queries/49/49d162f823074fe5ac7a802f78e4a887/49d162f823074fe5ac7a802f78e4a887.mgf,1,316,200828
5-ASA_1-adamantanecarboxylic-acid,mzspec:GNPS:MULTIPLEX-SYNTHESIS-LIBRARY-ALL-PARTITION-6:accession:CCMSLIB00016279502,-0.0,mzspec:MSV000082971:ccms_peak/Urine_Hypertension_fragm_study/POS/Urine_14_Top10_posneg.mzML:scan:1180,1,0.87,2,0,MSV000082971,NoID,temp/queries/49/49d162f823074fe5ac7a802f78e4a887/49d162f823074fe5ac7a802f78e4a887.mgf,1,316,19992
5-ASA_1-adamantanecarboxylic-acid,mzspec:GNPS:MULTIPLEX-SYNTHESIS-LIBRARY-ALL-PARTITION-6:accession:CCMSLIB00016279502,-0.0,mzspec:MTBLS307:FILES/Urine_87_Top10_POS.mzXML:scan:1530,1,0.87,2,0,MTBLS307,NoID,temp/queries/49/49d162f823074fe5ac7a802f78e4a887/49d162f823074fe5ac7a802f78e4a887.mgf,1,316,3266029
5-ASA_1-adamantanecarboxylic-acid,mzspec:GNPS:MULTIPLEX-SYNTHESIS-LIBRARY-ALL-PARTITION-6:accession:CCMSLIB00016279502,-0.0,mzspec:MTBLS307:FILES/Urine_14_Top10_posneg_pos.mzXML:scan:1180,1,0.87,2,0,MTBLS307,NoID,temp/queries/49/49d162f823074fe5ac7a802f78e4a887/49d162f823074fe5ac7a802f78e4a887.mgf,1,316,3265859
5-ASA_1-adamantanecarboxylic-acid,mzspec:GNPS:MULTIPLEX-SYNTHESIS-LIBRARY-ALL-PARTITION-6:accession:CCMSLIB00016279502,-0.0,mzspec:MSV000090678:peak/mzML_Positive/HBH0622_14a.mzML:scan:1788,1,0.86,1,0,MSV000090678,NoID,temp/queries/49/49d162f823074fe5ac7a802f78e4a887/49d162f823074fe5ac7a802f78e4a887.mgf,1,316,1768173
5-ASA_1-adamantanecarboxylic-acid,mzspec:GNPS:MULTIPLEX-SYNTHESIS-LIBRARY-ALL-PARTITION-6:accession:CCMSLIB00016279502,-0.01,mzspec:MSV000089101:ccms_peak/TOF_T3_fastDDA-JC-1058-22.mzML:scan:723,1,0.85,2,0,MSV000089101,NoID,temp/queries/49/49d162f823074fe5ac7a802f78e4a887/49d162f823074fe5ac7a802f78e4a887.mgf,1,316,1972999
5-ASA_1-adamantanecarboxylic-acid,mzspec:GNPS:MULTIPLEX-SYNTHESIS-LIBRARY-ALL-PARTITION-6:accession:CCMSLIB00016279502,-0.01,mzspec:MSV000089101:ccms_peak/TOF_T3_fastDDA-JC-1058-22.mzML:scan:724,1,0.85,2,0,MSV000089101,NoID,temp/queries/49/49d162f823074fe5ac7a802f78e4a887/49d162f823074fe5ac7a802f78e4a887.mgf,1,316,1973000
5-ASA_1-adamantanecarboxylic-acid,mzspec:GNPS:MULTIPLEX-SYNTHESIS-LIBRARY-ALL-PARTITION-6:accession:CCMSLIB00016279502,-0.01,mzspec:MSV000089101:peak/TOF_T3_fastDDA-JC-1058-22.mzML:scan:723,1,0.85,2,0,MSV000089101,NoID,temp/queries/49/49d162f823074fe5ac7a802f78e4a887/49d162f823074fe5ac7a802f78e4a887.mgf,1,316,1973059
5-ASA_1-adamantanecarboxylic-acid,mzspec:GNPS:MULTIPLEX-SYNTHESIS-LIBRARY-ALL-PARTITION-6:accession:CCMSLIB00016279502,-0.01,mzspec:MSV000089101:peak/TOF_T3_fastDDA-JC-1058-22.mzML:scan:724,1,0.85,2,0,MSV000089101,NoID,temp/queries/49/49d162f823074fe5ac7a802f78e4a887/49d162f823074fe5ac7a802f78e4a887.mgf,1,316,1973060
5-ASA_1-adamantanecarboxylic-acid,mzspec:GNPS:MULTIPLEX-SYNTHESIS-LIBRARY-ALL-PARTITION-6:accession:CCMSLIB00016279502,-0.02,mzspec:MSV000089255:ccms_peak/M9_ctrl_EA_P1-A-1_01_11203.mzML:scan:1706,1,0.84,1,0,MSV000089255,NoID,temp/queries/49/49d162f823074fe5ac7a802f78e4a887/49d162f823074fe5ac7a802f78e4a887.mgf,1,316,1534344
5-ASA_1-adamantanecarboxylic-acid,mzspec:GNPS:MULTIPLEX-SYNTHESIS-LIBRARY-ALL-PARTITION-6:accession:CCMSLIB00016279502,-0.0,mzspec:MSV000090678:peak/mzML_Positive/HBH0622_16b.mzML:scan:2047,1,0.83,1,0,MSV000090678,NoID,temp/queries/49/49d162f823074fe5ac7a802f78e4a887/49d162f823074fe5ac7a802f78e4a887.mgf,1,316,1768564
5-ASA_1-adamantanecarboxylic-acid,mzspec:GNPS:MULTIPLEX-SYNTHESIS-LIBRARY-ALL-PARTITION-6:accession:CCMSLIB00016279502,-0.02,mzspec:MSV000086917:ccms_peak/Molassamide_std_10uM_1_P1-C-2_01_10476.mzML:scan:1814,1,0.81,1,0,MSV000086917,NoID,temp/queries/49/49d162f823074fe5ac7a802f78e4a887/49d162f823074fe5ac7a802f78e4a887.mgf,1,316,781876
5-ASA_1-adamantanecarboxylic-acid,mzspec:GNPS:MULTIPLEX-SYNTHESIS-LIBRARY-ALL-PARTITION-6:accession:CCMSLIB00016279502,-0.0,mzspec:MSV000083538:ccms_peak/Urine_StrokeDrugs_80_T10_POS.mzML:scan:1688,1,0.81,2,0,MSV000083538,NoID,temp/queries/49/49d162f823074fe5ac7a802f78e4a887/49d162f823074fe5ac7a802f78e4a887.mgf,1,316,1537766
5-ASA_1-adamantanecarboxylic-acid,mzspec:GNPS:MULTIPLEX-SYNTHESIS-LIBRARY-ALL-PARTITION-6:accession:CCMSLIB00016279502,-0.0,mzspec:MSV000083526:ccms_peak/Urine_StrokeDrugs_80_T10_POS.mzML:scan:1688,1,0.81,2,0,MSV000083526,NoID,temp/queries/49/49d162f823074fe5ac7a802f78e4a887/49d162f823074fe5ac7a802f78e4a887.mgf,1,316,2663198
5-ASA_1-adamantanecarboxylic-acid,mzspec:GNPS:MULTIPLEX-SYNTHESIS-LIBRARY-ALL-PARTITION-6:accession:CCMSLIB00016279502,-0.01,mzspec:MSV000083540:ccms_peak/Pooled_Urine_5_posneg_b.mzML:scan:1137,1,0.81,1,0,MSV000083540,NoID,temp/queries/49/49d162f823074fe5ac7a802f78e4a887/49d162f823074fe5ac7a802f78e4a887.mgf,1,316,1654633
5-ASA_1-adamantanecarboxylic-acid,mzspec:GNPS:MULTIPLEX-SYNTHESIS-LIBRARY-ALL-PARTITION-6:accession:CCMSLIB00016279502,-0.01,mzspec:MSV000083528:ccms_peak/Pooled_Urine_5_posneg_b.mzML:scan:1137,1,0.81,1,0,MSV000083528,NoID,temp/queries/49/49d162f823074fe5ac7a802f78e4a887/49d162f823074fe5ac7a802f78e4a887.mgf,1,316,558366
5-ASA_1-adamantanecarboxylic-acid,mzspec:GNPS:MULTIPLEX-SYNTHESIS-LIBRARY-ALL-PARTITION-6:accession:CCMSLIB00016279502,-0.01,mzspec:MSV000082971:ccms_peak/Urine_Hypertension_fragm_study/POS/Pooled_Urine_5_posneg_b.mzML:scan:1137,1,0.81,1,0,MSV000082971,NoID,temp/queries/49/49d162f823074fe5ac7a802f78e4a887/49d162f823074fe5ac7a802f78e4a887.mgf,1,316,19900
5-ASA_1-adamantanecarboxylic-acid,mzspec:GNPS:MULTIPLEX-SYNTHESIS-LIBRARY-ALL-PARTITION-6:accession:CCMSLIB00016279502,-0.0,mzspec:MSV000083528:ccms_peak/Urine_88_Top10_posneg.mzML:scan:1225,1,0.8,1,0,MSV000083528,NoID,temp/queries/49/49d162f823074fe5ac7a802f78e4a887/49d162f823074fe5ac7a802f78e4a887.mgf,1,316,558435
5-ASA_1-adamantanecarboxylic-acid,mzspec:GNPS:MULTIPLEX-SYNTHESIS-LIBRARY-ALL-PARTITION-6:accession:CCMSLIB00016279502,-0.0,mzspec:MSV000083528:ccms_peak/Urine_44_Top10_posneg.mzML:scan:1252,1,0.8,1,0,MSV000083528,NoID,temp/queries/49/49d162f823074fe5ac7a802f78e4a887/49d162f823074fe5ac7a802f78e4a887.mgf,1,316,558394
5-ASA_1-adamantanecarboxylic-acid,mzspec:GNPS:MULTIPLEX-SYNTHESIS-LIBRARY-ALL-PARTITION-6:accession:CCMSLIB00016279502,-0.0,mzspec:MSV000082971:ccms_peak/Urine_Hypertension_fragm_study/POS/Urine_44_Top10_posneg.mzML:scan:1252,1,0.8,1,0,MSV000082971,NoID,temp/queries/49/49d162f823074fe5ac7a802f78e4a887/49d162f823074fe5ac7a802f78e4a887.mgf,1,316,19858
5-ASA_1-adamantanecarboxylic-acid,mzspec:GNPS:MULTIPLEX-SYNTHESIS-LIBRARY-ALL-PARTITION-6:accession:CCMSLIB00016279502,-0.0,mzspec:MSV000082971:ccms_peak/Urine_Hypertension_fragm_study/POS/Urine_88_Top10_posneg.mzML:scan:1225,1,0.8,1,0,MSV000082971,NoID,temp/queries/49/49d162f823074fe5ac7a802f78e4a887/49d162f823074fe5ac7a802f78e4a887.mgf,1,316,19939
5-ASA_1-adamantanecarboxylic-acid,mzspec:GNPS:MULTIPLEX-SYNTHESIS-LIBRARY-ALL-PARTITION-6:accession:CCMSLIB00016279502,-0.0,mzspec:MSV000081022:ccms_peak/peaks/Urine_88_Top10_posneg_pos.mzXML:scan:1225,1,0.8,1,0,MSV000081022,NoID,temp/queries/49/49d162f823074fe5ac7a802f78e4a887/49d162f823074fe5ac7a802f78e4a887.mgf,1,316,200886
5-ASA_1-adamantanecarboxylic-acid,mzspec:GNPS:MULTIPLEX-SYNTHESIS-LIBRARY-ALL-PARTITION-6:accession:CCMSLIB00016279502,-0.0,mzspec:MSV000081022:ccms_peak/peaks/Urine_44_Top10_posneg_pos.mzXML:scan:1252,1,0.8,1,0,MSV000081022,NoID,temp/queries/49/49d162f823074fe5ac7a802f78e4a887/49d162f823074fe5ac7a802f78e4a887.mgf,1,316,201008
5-ASA_1-adamantanecarboxylic-acid,mzspec:GNPS:MULTIPLEX-SYNTHESIS-LIBRARY-ALL-PARTITION-6:accession:CCMSLIB00016279502,-0.02,mzspec:MSV000089524:raw/F1_batch5_DrLicona_300nguL_2uLiny_21nov2021.mzML:scan:4294967295,1,0.8,1,0,MSV000089524,NoID,temp/queries/49/49d162f823074fe5ac7a802f78e4a887/49d162f823074fe5ac7a802f78e4a887.mgf,1,316,42298
5-ASA_1-adamantanecarboxylic-acid,mzspec:GNPS:MULTIPLEX-SYNTHESIS-LIBRARY-ALL-PARTITION-6:accession:CCMSLIB00016279502,-0.02,mzspec:MSV000089524:ccms_peak/F1_batch5_DrLicona_300nguL_2uLiny_21nov2021.mzML:scan:4294967295,1,0.8,1,0,MSV000089524,NoID,temp/queries/49/49d162f823074fe5ac7a802f78e4a887/49d162f823074fe5ac7a802f78e4a887.mgf,1,316,42311
5-ASA_1-adamantanecarboxylic-acid,mzspec:GNPS:MULTIPLEX-SYNTHESIS-LIBRARY-ALL-PARTITION-6:accession:CCMSLIB00016279502,-0.0,mzspec:MSV000083540:ccms_peak/Urine_44_Top10_posneg.mzML:scan:1252,1,0.8,1,0,MSV000083540,NoID,temp/queries/49/49d162f823074fe5ac7a802f78e4a887/49d162f823074fe5ac7a802f78e4a887.mgf,1,316,1654643
5-ASA_1-adamantanecarboxylic-acid,mzspec:GNPS:MULTIPLEX-SYNTHESIS-LIBRARY-ALL-PARTITION-6:accession:CCMSLIB00016279502,-0.0,mzspec:MSV000083540:ccms_peak/Urine_88_Top10_posneg.mzML:scan:1225,1,0.8,1,0,MSV000083540,NoID,temp/queries/49/49d162f823074fe5ac7a802f78e4a887/49d162f823074fe5ac7a802f78e4a887.mgf,1,316,1654701
5-ASA_1-adamantanecarboxylic-acid,mzspec:GNPS:MULTIPLEX-SYNTHESIS-LIBRARY-ALL-PARTITION-6:accession:CCMSLIB00016279502,-0.0,mzspec:MTBLS307:FILES/Urine_88_Top10_posneg_pos.mzXML:scan:1225,1,0.8,1,0,MTBLS307,NoID,temp/queries/49/49d162f823074fe5ac7a802f78e4a887/49d162f823074fe5ac7a802f78e4a887.mgf,1,316,3266045
5-ASA_1-adamantanecarboxylic-acid,mzspec:GNPS:MULTIPLEX-SYNTHESIS-LIBRARY-ALL-PARTITION-6:accession:CCMSLIB00016279502,-0.0,mzspec:MTBLS307:FILES/Urine_44_Top10_posneg_pos.mzXML:scan:1252,1,0.8,1,0,MTBLS307,NoID,temp/queries/49/49d162f823074fe5ac7a802f78e4a887/49d162f823074fe5ac7a802f78e4a887.mgf,1,316,3265976
5-ASA_1-adamantanecarboxylic-acid,mzspec:GNPS:MULTIPLEX-SYNTHESIS-LIBRARY-ALL-PARTITION-6:accession:CCMSLIB00016279502,-0.0,mzspec:MTBLS307:FILES/Urine_87_Top10_posneg_pos.mzXML:scan:1168,1,0.79,1,0,MTBLS307,NoID,temp/queries/49/49d162f823074fe5ac7a802f78e4a887/49d162f823074fe5ac7a802f78e4a887.mgf,1,316,3266058
5-ASA_1-adamantanecarboxylic-acid,mzspec:GNPS:MULTIPLEX-SYNTHESIS-LIBRARY-ALL-PARTITION-6:accession:CCMSLIB00016279502,-0.0,mzspec:MSV000096680:peak/mzml/Positive_mode_mzml/SH11_20240510_pos.mzML:scan:3217,1,0.79,1,0,MSV000096680,NoID,temp/queries/49/49d162f823074fe5ac7a802f78e4a887/49d162f823074fe5ac7a802f78e4a887.mgf,1,316,1213581
5-ASA_1-adamantanecarboxylic-acid,mzspec:GNPS:MULTIPLEX-SYNTHESIS-LIBRARY-ALL-PARTITION-6:accession:CCMSLIB00016279502,-0.0,mzspec:MSV000096680:ccms_peak/mzml/Positive_mode_mzml/SH11_20240510_pos.mzML:scan:3217,1,0.79,1,0,MSV000096680,NoID,temp/queries/49/49d162f823074fe5ac7a802f78e4a887/49d162f823074fe5ac7a802f78e4a887.mgf,1,316,1211462
5-ASA_1-adamantanecarboxylic-acid,mzspec:GNPS:MULTIPLEX-SYNTHESIS-LIBRARY-ALL-PARTITION-6:accession:CCMSLIB00016279502,-0.0,mzspec:MSV000082971:ccms_peak/Urine_Hypertension_fragm_study/POS/Urine_87_Top10_posneg.mzML:scan:1168,1,0.79,1,0,MSV000082971,NoID,temp/queries/49/49d162f823074fe5ac7a802f78e4a887/49d162f823074fe5ac7a802f78e4a887.mgf,1,316,19957
5-ASA_1-adamantanecarboxylic-acid,mzspec:GNPS:MULTIPLEX-SYNTHESIS-LIBRARY-ALL-PARTITION-6:accession:CCMSLIB00016279502,-0.0,mzspec:MSV000083540:ccms_peak/Urine_87_Top10_posneg.mzML:scan:1168,1,0.79,1,0,MSV000083540,NoID,temp/queries/49/49d162f823074fe5ac7a802f78e4a887/49d162f823074fe5ac7a802f78e4a887.mgf,1,316,1654724
5-ASA_1-adamantanecarboxylic-acid,mzspec:GNPS:MULTIPLEX-SYNTHESIS-LIBRARY-ALL-PARTITION-6:accession:CCMSLIB00016279502,-0.0,mzspec:MSV000081022:ccms_peak/peaks/Urine_87_Top10_posneg_pos.mzXML:scan:1168,1,0.79,1,0,MSV000081022,NoID,temp/queries/49/49d162f823074fe5ac7a802f78e4a887/49d162f823074fe5ac7a802f78e4a887.mgf,1,316,200819
5-ASA_1-adamantanecarboxylic-acid,mzspec:GNPS:MULTIPLEX-SYNTHESIS-LIBRARY-ALL-PARTITION-6:accession:CCMSLIB00016279502,0.02,mzspec:MSV000093329:peak/mzML/PLT8_ISP2_D3.mzML:scan:1278,1,0.79,2,0,MSV000093329,NoID,temp/queries/49/49d162f823074fe5ac7a802f78e4a887/49d162f823074fe5ac7a802f78e4a887.mgf,1,316,926680
5-ASA_1-adamantanecarboxylic-acid,mzspec:GNPS:MULTIPLEX-SYNTHESIS-LIBRARY-ALL-PARTITION-6:accession:CCMSLIB00016279502,0.02,mzspec:MSV000093329:peak/mzML/PLT8_ISP2_D3.mzML:scan:1305,1,0.79,2,0,MSV000093329,NoID,temp/queries/49/49d162f823074fe5ac7a802f78e4a887/49d162f823074fe5ac7a802f78e4a887.mgf,1,316,926681
5-ASA_1-adamantanecarboxylic-acid,mzspec:GNPS:MULTIPLEX-SYNTHESIS-LIBRARY-ALL-PARTITION-6:accession:CCMSLIB00016279502,-0.0,mzspec:MSV000083528:ccms_peak/Urine_87_Top10_posneg.mzML:scan:1168,1,0.79,1,0,MSV000083528,NoID,temp/queries/49/49d162f823074fe5ac7a802f78e4a887/49d162f823074fe5ac7a802f78e4a887.mgf,1,316,558422
5-ASA_1-adamantanecarboxylic-acid,mzspec:GNPS:MULTIPLEX-SYNTHESIS-LIBRARY-ALL-PARTITION-6:accession:CCMSLIB00016279502,-0.0,mzspec:MSV000082971:ccms_peak/Urine_Hypertension_fragm_study/POS/Urine_67_Top10_posneg.mzML:scan:1130,1,0.78,2,0,MSV000082971,NoID,temp/queries/49/49d162f823074fe5ac7a802f78e4a887/49d162f823074fe5ac7a802f78e4a887.mgf,1,316,19942
5-ASA_1-adamantanecarboxylic-acid,mzspec:GNPS:MULTIPLEX-SYNTHESIS-LIBRARY-ALL-PARTITION-6:accession:CCMSLIB00016279502,-0.0,mzspec:MSV000081022:ccms_peak/peaks/Urine_67_Top10_POS.mzXML:scan:1130,1,0.78,2,0,MSV000081022,NoID,temp/queries/49/49d162f823074fe5ac7a802f78e4a887/49d162f823074fe5ac7a802f78e4a887.mgf,1,316,201131
5-ASA_1-adamantanecarboxylic-acid,mzspec:GNPS:MULTIPLEX-SYNTHESIS-LIBRARY-ALL-PARTITION-6:accession:CCMSLIB00016279502,-0.0,mzspec:MTBLS307:FILES/Urine_67_Top10_posneg_pos.mzXML:scan:1130,1,0.78,2,0,MTBLS307,NoID,temp/queries/49/49d162f823074fe5ac7a802f78e4a887/49d162f823074fe5ac7a802f78e4a887.mgf,1,316,3266168
5-ASA_1-adamantanecarboxylic-acid,mzspec:GNPS:MULTIPLEX-SYNTHESIS-LIBRARY-ALL-PARTITION-6:accession:CCMSLIB00016279502,-0.0,mzspec:MSV000083540:ccms_peak/Urine_67_Top10_posneg.mzML:scan:1130,1,0.78,2,0,MSV000083540,NoID,temp/queries/49/49d162f823074fe5ac7a802f78e4a887/49d162f823074fe5ac7a802f78e4a887.mgf,1,316,1654720
5-ASA_1-adamantanecarboxylic-acid,mzspec:GNPS:MULTIPLEX-SYNTHESIS-LIBRARY-ALL-PARTITION-6:accession:CCMSLIB00016279502,-0.02,mzspec:MSV000085417:ccms_peak/TE31/TE3735_PDB.mzML:scan:1655,1,0.78,1,0,MSV000085417,NoID,temp/queries/49/49d162f823074fe5ac7a802f78e4a887/49d162f823074fe5ac7a802f78e4a887.mgf,1,316,171655
5-ASA_1-adamantanecarboxylic-acid,mzspec:GNPS:MULTIPLEX-SYNTHESIS-LIBRARY-ALL-PARTITION-6:accession:CCMSLIB00016279502,-0.02,mzspec:MSV000085417:ccms_peak/TE31/TE4052_PDB.mzML:scan:1682,1,0.78,1,0,MSV000085417,NoID,temp/queries/49/49d162f823074fe5ac7a802f78e4a887/49d162f823074fe5ac7a802f78e4a887.mgf,1,316,171860
5-ASA_1-adamantanecarboxylic-acid,mzspec:GNPS:MULTIPLEX-SYNTHESIS-LIBRARY-ALL-PARTITION-6:accession:CCMSLIB00016279502,-0.02,mzspec:MSV000085417:ccms_peak/TE31/TE4051_PDB.mzML:scan:1674,1,0.78,1,0,MSV000085417,NoID,temp/queries/49/49d162f823074fe5ac7a802f78e4a887/49d162f823074fe5ac7a802f78e4a887.mgf,1,316,171938
5-ASA_1-adamantanecarboxylic-acid,mzspec:GNPS:MULTIPLEX-SYNTHESIS-LIBRARY-ALL-PARTITION-6:accession:CCMSLIB00016279502,-0.02,mzspec:MSV000089255:ccms_peak/J2315_M9_EA_1_P1-A-2_01_11204.mzML:scan:1721,1,0.78,1,0,MSV000089255,NoID,temp/queries/49/49d162f823074fe5ac7a802f78e4a887/49d162f823074fe5ac7a802f78e4a887.mgf,1,316,1534040
5-ASA_1-adamantanecarboxylic-acid,mzspec:GNPS:MULTIPLEX-SYNTHESIS-LIBRARY-ALL-PARTITION-6:accession:CCMSLIB00016279502,0.0,mzspec:MSV000090678:peak/mzML_Positive/HBH0622_11b.mzML:scan:2250,1,0.78,1,0,MSV000090678,NoID,temp/queries/49/49d162f823074fe5ac7a802f78e4a887/49d162f823074fe5ac7a802f78e4a887.mgf,1,316,1768397
5-ASA_1-adamantanecarboxylic-acid,mzspec:GNPS:MULTIPLEX-SYNTHESIS-LIBRARY-ALL-PARTITION-6:accession:CCMSLIB00016279502,-0.0,mzspec:MTBLS307:FILES/Urine_67_Top10_POS.mzXML:scan:1130,1,0.78,2,0,MTBLS307,NoID,temp/queries/49/49d162f823074fe5ac7a802f78e4a887/49d162f823074fe5ac7a802f78e4a887.mgf,1,316,3265966
5-ASA_1-adamantanecarboxylic-acid,mzspec:GNPS:MULTIPLEX-SYNTHESIS-LIBRARY-ALL-PARTITION-6:accession:CCMSLIB00016279502,-0.0,mzspec:MSV000083528:ccms_peak/Urine_67_Top10_posneg.mzML:scan:1130,1,0.78,2,0,MSV000083528,NoID,temp/queries/49/49d162f823074fe5ac7a802f78e4a887/49d162f823074fe5ac7a802f78e4a887.mgf,1,316,558425
5-ASA_1-adamantanecarboxylic-acid,mzspec:GNPS:MULTIPLEX-SYNTHESIS-LIBRARY-ALL-PARTITION-6:accession:CCMSLIB00016279502,-0.0,mzspec:MSV000081022:ccms_peak/peaks/Urine_67_Top10_posneg_pos.mzXML:scan:1130,1,0.78,2,0,MSV000081022,NoID,temp/queries/49/49d162f823074fe5ac7a802f78e4a887/49d162f823074fe5ac7a802f78e4a887.mgf,1,316,201036
5-ASA_1-adamantanecarboxylic-acid,mzspec:GNPS:MULTIPLEX-SYNTHESIS-LIBRARY-ALL-PARTITION-6:accession:CCMSLIB00016279502,-0.02,mzspec:MSV000092794:peak/PsMono_Plate2_Well_U12_P1-D-3_01_22908.mzXML:scan:2049,1,0.77,1,0,MSV000092794,NoID,temp/queries/49/49d162f823074fe5ac7a802f78e4a887/49d162f823074fe5ac7a802f78e4a887.mgf,1,316,36854
5-ASA_1-adamantanecarboxylic-acid,mzspec:GNPS:MULTIPLEX-SYNTHESIS-LIBRARY-ALL-PARTITION-6:accession:CCMSLIB00016279502,-0.02,mzspec:MSV000085417:ccms_peak/TE31/TE3661_PDB.mzML:scan:1657,1,0.77,1,0,MSV000085417,NoID,temp/queries/49/49d162f823074fe5ac7a802f78e4a887/49d162f823074fe5ac7a802f78e4a887.mgf,1,316,171727
5-ASA_1-adamantanecarboxylic-acid,mzspec:GNPS:MULTIPLEX-SYNTHESIS-LIBRARY-ALL-PARTITION-6:accession:CCMSLIB00016279502,-0.02,mzspec:MSV000085417:ccms_peak/TE31/TE3777_PDB.mzML:scan:1656,1,0.77,1,0,MSV000085417,NoID,temp/queries/49/49d162f823074fe5ac7a802f78e4a887/49d162f823074fe5ac7a802f78e4a887.mgf,1,316,171719
5-ASA_1-adamantanecarboxylic-acid,mzspec:GNPS:MULTIPLEX-SYNTHESIS-LIBRARY-ALL-PARTITION-6:accession:CCMSLIB00016279502,-0.02,mzspec:MSV000085417:ccms_peak/TE31/TE3662_PDB.mzML:scan:1693,1,0.77,1,0,MSV000085417,NoID,temp/queries/49/49d162f823074fe5ac7a802f78e4a887/49d162f823074fe5ac7a802f78e4a887.mgf,1,316,171703
5-ASA_1-adamantanecarboxylic-acid,mzspec:GNPS:MULTIPLEX-SYNTHESIS-LIBRARY-ALL-PARTITION-6:accession:CCMSLIB00016279502,-0.02,mzspec:MSV000085417:ccms_peak/TE31/TE3776_PDB.mzML:scan:1646,1,0.77,1,0,MSV000085417,NoID,temp/queries/49/49d162f823074fe5ac7a802f78e4a887/49d162f823074fe5ac7a802f78e4a887.mgf,1,316,171876
5-ASA_1-adamantanecarboxylic-acid,mzspec:GNPS:MULTIPLEX-SYNTHESIS-LIBRARY-ALL-PARTITION-6:accession:CCMSLIB00016279502,-0.02,mzspec:MSV000085417:ccms_peak/TE31/TE3634_PDB.mzML:scan:1679,1,0.77,1,0,MSV000085417,NoID,temp/queries/49/49d162f823074fe5ac7a802f78e4a887/49d162f823074fe5ac7a802f78e4a887.mgf,1,316,171822
5-ASA_1-adamantanecarboxylic-acid,mzspec:GNPS:MULTIPLEX-SYNTHESIS-LIBRARY-ALL-PARTITION-6:accession:CCMSLIB00016279502,-0.02,mzspec:MSV000085417:ccms_peak/TE31/TE3577_PDB.mzML:scan:1667,1,0.77,1,0,MSV000085417,NoID,temp/queries/49/49d162f823074fe5ac7a802f78e4a887/49d162f823074fe5ac7a802f78e4a887.mgf,1,316,171696
5-ASA_1-adamantanecarboxylic-acid,mzspec:GNPS:MULTIPLEX-SYNTHESIS-LIBRARY-ALL-PARTITION-6:accession:CCMSLIB00016279502,-0.02,mzspec:MSV000085417:ccms_peak/TE31/TE3755_PDB.mzML:scan:1639,1,0.77,1,0,MSV000085417,NoID,temp/queries/49/49d162f823074fe5ac7a802f78e4a887/49d162f823074fe5ac7a802f78e4a887.mgf,1,316,171790
5-ASA_1-adamantanecarboxylic-acid,mzspec:GNPS:MULTIPLEX-SYNTHESIS-LIBRARY-ALL-PARTITION-6:accession:CCMSLIB00016279502,-0.02,mzspec:MSV000088693:ccms_peak/CM-RawH24h-3A_P1-A-6_01_9032.mzML:scan:1630,1,0.77,1,0,MSV000088693,NoID,temp/queries/49/49d162f823074fe5ac7a802f78e4a887/49d162f823074fe5ac7a802f78e4a887.mgf,1,316,2141622
5-ASA_1-adamantanecarboxylic-acid,mzspec:GNPS:MULTIPLEX-SYNTHESIS-LIBRARY-ALL-PARTITION-6:accession:CCMSLIB00016279502,-0.02,mzspec:MSV000088693:ccms_peak/CM-RawL24h-1A_P1-E-7_01_9021.mzML:scan:1783,1,0.77,1,0,MSV000088693,NoID,temp/queries/49/49d162f823074fe5ac7a802f78e4a887/49d162f823074fe5ac7a802f78e4a887.mgf,1,316,2141265
5-ASA_1-adamantanecarboxylic-acid,mzspec:GNPS:MULTIPLEX-SYNTHESIS-LIBRARY-ALL-PARTITION-6:accession:CCMSLIB00016279502,-0.02,mzspec:MSV000085417:ccms_peak/TE31/TE3497_PDB.mzML:scan:1660,1,0.77,1,0,MSV000085417,NoID,temp/queries/49/49d162f823074fe5ac7a802f78e4a887/49d162f823074fe5ac7a802f78e4a887.mgf,1,316,171884
5-ASA_1-adamantanecarboxylic-acid,mzspec:GNPS:MULTIPLEX-SYNTHESIS-LIBRARY-ALL-PARTITION-6:accession:CCMSLIB00016279502,-0.02,mzspec:MSV000085417:ccms_peak/TE31/TE3764_PDB.mzML:scan:1659,1,0.77,1,0,MSV000085417,NoID,temp/queries/49/49d162f823074fe5ac7a802f78e4a887/49d162f823074fe5ac7a802f78e4a887.mgf,1,316,171868
5-ASA_1-adamantanecarboxylic-acid,mzspec:GNPS:MULTIPLEX-SYNTHESIS-LIBRARY-ALL-PARTITION-6:accession:CCMSLIB00016279502,-0.02,mzspec:MSV000085417:ccms_peak/TE31/TE3556_PDB.mzML:scan:1653,1,0.77,1,0,MSV000085417,NoID,temp/queries/49/49d162f823074fe5ac7a802f78e4a887/49d162f823074fe5ac7a802f78e4a887.mgf,1,316,171846
5-ASA_1-adamantanecarboxylic-acid,mzspec:GNPS:MULTIPLEX-SYNTHESIS-LIBRARY-ALL-PARTITION-6:accession:CCMSLIB00016279502,-0.02,mzspec:MSV000085417:ccms_peak/TE31/TE3572_PDB.mzML:scan:1710,1,0.77,1,0,MSV000085417,NoID,temp/queries/49/49d162f823074fe5ac7a802f78e4a887/49d162f823074fe5ac7a802f78e4a887.mgf,1,316,171777
5-ASA_1-adamantanecarboxylic-acid,mzspec:GNPS:MULTIPLEX-SYNTHESIS-LIBRARY-ALL-PARTITION-6:accession:CCMSLIB00016279502,-0.02,mzspec:MSV000088693:ccms_peak/CM-Raw3h-NoBt-3A_P1-D-9_01_9006.mzML:scan:1727,1,0.77,1,0,MSV000088693,NoID,temp/queries/49/49d162f823074fe5ac7a802f78e4a887/49d162f823074fe5ac7a802f78e4a887.mgf,1,316,2141837
5-ASA_1-adamantanecarboxylic-acid,mzspec:GNPS:MULTIPLEX-SYNTHESIS-LIBRARY-ALL-PARTITION-6:accession:CCMSLIB00016279502,-0.0,mzspec:MSV000083528:ccms_peak/Urine_14_Top10_posneg.mzML:scan:1093,1,0.77,2,0,MSV000083528,NoID,temp/queries/49/49d162f823074fe5ac7a802f78e4a887/49d162f823074fe5ac7a802f78e4a887.mgf,1,316,558375
5-ASA_1-adamantanecarboxylic-acid,mzspec:GNPS:MULTIPLEX-SYNTHESIS-LIBRARY-ALL-PARTITION-6:accession:CCMSLIB00016279502,-0.0,mzspec:MSV000083540:ccms_peak/Urine_14_Top10_posneg.mzML:scan:1093,1,0.77,2,0,MSV000083540,NoID,temp/queries/49/49d162f823074fe5ac7a802f78e4a887/49d162f823074fe5ac7a802f78e4a887.mgf,1,316,1654690
5-ASA_1-adamantanecarboxylic-acid,mzspec:GNPS:MULTIPLEX-SYNTHESIS-LIBRARY-ALL-PARTITION-6:accession:CCMSLIB00016279502,-0.0,mzspec:MTBLS307:FILES/Urine_14_Top10_posneg_pos.mzXML:scan:1093,1,0.77,2,0,MTBLS307,NoID,temp/queries/49/49d162f823074fe5ac7a802f78e4a887/49d162f823074fe5ac7a802f78e4a887.mgf,1,316,3265858
5-ASA_1-adamantanecarboxylic-acid,mzspec:GNPS:MULTIPLEX-SYNTHESIS-LIBRARY-ALL-PARTITION-6:accession:CCMSLIB00016279502,-0.0,mzspec:MSV000081022:ccms_peak/peaks/Urine_14_Top10_posneg_pos.mzXML:scan:1093,1,0.77,2,0,MSV000081022,NoID,temp/queries/49/49d162f823074fe5ac7a802f78e4a887/49d162f823074fe5ac7a802f78e4a887.mgf,1,316,200872
5-ASA_1-adamantanecarboxylic-acid,mzspec:GNPS:MULTIPLEX-SYNTHESIS-LIBRARY-ALL-PARTITION-6:accession:CCMSLIB00016279502,-0.0,mzspec:MSV000082971:ccms_peak/Urine_Hypertension_fragm_study/POS/Urine_14_Top10_posneg.mzML:scan:1093,1,0.77,2,0,MSV000082971,NoID,temp/queries/49/49d162f823074fe5ac7a802f78e4a887/49d162f823074fe5ac7a802f78e4a887.mgf,1,316,19991
5-ASA_1-adamantanecarboxylic-acid,mzspec:GNPS:MULTIPLEX-SYNTHESIS-LIBRARY-ALL-PARTITION-6:accession:CCMSLIB00016279502,-0.0,mzspec:MTBLS307:FILES/Urine_87_fullscan3_pos.mzXML:scan:1258,1,0.76,2,0,MTBLS307,NoID,temp/queries/49/49d162f823074fe5ac7a802f78e4a887/49d162f823074fe5ac7a802f78e4a887.mgf,1,316,3265994
5-ASA_1-adamantanecarboxylic-acid,mzspec:GNPS:MULTIPLEX-SYNTHESIS-LIBRARY-ALL-PARTITION-6:accession:CCMSLIB00016279502,-0.02,mzspec:NORMAN-6e37bbad-2b36-5cbf-abfa-87fbd5b0a2ed:webform/sample/21422/EI_POS_DataDependent_LC-ESI-QTOF_Procedural blank biota Dniester_Odesa_Ukraine_26.05.2019_Dniester Monitoring_38882.mzML:scan:894,1,0.76,2,0,NORMAN-6e37bbad-2b36-5cbf-abfa-87fbd5b0a2ed,NoID,temp/queries/49/49d162f823074fe5ac7a802f78e4a887/49d162f823074fe5ac7a802f78e4a887.mgf,1,316,2833011
5-ASA_1-adamantanecarboxylic-acid,mzspec:GNPS:MULTIPLEX-SYNTHESIS-LIBRARY-ALL-PARTITION-6:accession:CCMSLIB00016279502,-0.02,mzspec:NORMAN-6e37bbad-2b36-5cbf-abfa-87fbd5b0a2ed:webform/sample/21422/EI_POS_DataDependent_LC-ESI-QTOF_Procedural blank biota Dniester_Odesa_Ukraine_26.05.2019_Dniester Monitoring_38882.mzML:scan:902,1,0.76,2,0,NORMAN-6e37bbad-2b36-5cbf-abfa-87fbd5b0a2ed,NoID,temp/queries/49/49d162f823074fe5ac7a802f78e4a887/49d162f823074fe5ac7a802f78e4a887.mgf,1,316,2833012
5-ASA_1-adamantanecarboxylic-acid,mzspec:GNPS:MULTIPLEX-SYNTHESIS-LIBRARY-ALL-PARTITION-6:accession:CCMSLIB00016279502,-0.0,mzspec:MSV000081022:ccms_peak/peaks/Urine_87_fullscan3_pos.mzXML:scan:1258,1,0.76,2,0,MSV000081022,NoID,temp/queries/49/49d162f823074fe5ac7a802f78e4a887/49d162f823074fe5ac7a802f78e4a887.mgf,1,316,201103
5-ASA_1-adamantanecarboxylic-acid,mzspec:GNPS:MULTIPLEX-SYNTHESIS-LIBRARY-ALL-PARTITION-6:accession:CCMSLIB00016279502,-0.0,mzspec:MSV000082971:ccms_peak/Pooled_Urine_15_POS.mzML:scan:1432,1,0.76,2,0,MSV000082971,NoID,temp/queries/49/49d162f823074fe5ac7a802f78e4a887/49d162f823074fe5ac7a802f78e4a887.mgf,1,316,19776
5-ASA_1-adamantanecarboxylic-acid,mzspec:GNPS:MULTIPLEX-SYNTHESIS-LIBRARY-ALL-PARTITION-6:accession:CCMSLIB00016279502,-0.0,mzspec:MSV000081022:ccms_peak/peaks/Urine_87_fullscan1_pos.mzXML:scan:1264,1,0.76,2,0,MSV000081022,NoID,temp/queries/49/49d162f823074fe5ac7a802f78e4a887/49d162f823074fe5ac7a802f78e4a887.mgf,1,316,201021
5-ASA_1-adamantanecarboxylic-acid,mzspec:GNPS:MULTIPLEX-SYNTHESIS-LIBRARY-ALL-PARTITION-6:accession:CCMSLIB00016279502,-0.02,mzspec:MSV000085417:ccms_peak/TE31/TE3760_PDB.mzML:scan:1634,1,0.76,1,0,MSV000085417,NoID,temp/queries/49/49d162f823074fe5ac7a802f78e4a887/49d162f823074fe5ac7a802f78e4a887.mgf,1,316,171662
5-ASA_1-adamantanecarboxylic-acid,mzspec:GNPS:MULTIPLEX-SYNTHESIS-LIBRARY-ALL-PARTITION-6:accession:CCMSLIB00016279502,-0.02,mzspec:MSV000085417:ccms_peak/TE31/TE3724_PDB.mzML:scan:1637,1,0.76,1,0,MSV000085417,NoID,temp/queries/49/49d162f823074fe5ac7a802f78e4a887/49d162f823074fe5ac7a802f78e4a887.mgf,1,316,171838
5-ASA_1-adamantanecarboxylic-acid,mzspec:GNPS:MULTIPLEX-SYNTHESIS-LIBRARY-ALL-PARTITION-6:accession:CCMSLIB00016279502,-0.0,mzspec:MTBLS307:FILES/Urine_87_fullscan1_pos.mzXML:scan:1264,1,0.76,2,0,MTBLS307,NoID,temp/queries/49/49d162f823074fe5ac7a802f78e4a887/49d162f823074fe5ac7a802f78e4a887.mgf,1,316,3266119
5-ASA_1-adamantanecarboxylic-acid,mzspec:GNPS:MULTIPLEX-SYNTHESIS-LIBRARY-ALL-PARTITION-6:accession:CCMSLIB00016279502,-0.0,mzspec:MSV000081022:ccms_peak/peaks/Urine_87_fullscan2_pos.mzXML:scan:1123,1,0.75,2,0,MSV000081022,NoID,temp/queries/49/49d162f823074fe5ac7a802f78e4a887/49d162f823074fe5ac7a802f78e4a887.mgf,1,316,200866
5-ASA_1-adamantanecarboxylic-acid,mzspec:GNPS:MULTIPLEX-SYNTHESIS-LIBRARY-ALL-PARTITION-6:accession:CCMSLIB00016279502,-0.0,mzspec:MSV000082971:ccms_peak/Urine19_Top10_POS.mzML:scan:1488,1,0.75,2,0,MSV000082971,NoID,temp/queries/49/49d162f823074fe5ac7a802f78e4a887/49d162f823074fe5ac7a802f78e4a887.mgf,1,316,19975
5-ASA_1-adamantanecarboxylic-acid,mzspec:GNPS:MULTIPLEX-SYNTHESIS-LIBRARY-ALL-PARTITION-6:accession:CCMSLIB00016279502,-0.0,mzspec:MTBLS307:FILES/Urine_19_Top10_POS.mzXML:scan:1488,1,0.75,2,0,MTBLS307,NoID,temp/queries/49/49d162f823074fe5ac7a802f78e4a887/49d162f823074fe5ac7a802f78e4a887.mgf,1,316,3266083
5-ASA_1-adamantanecarboxylic-acid,mzspec:GNPS:MULTIPLEX-SYNTHESIS-LIBRARY-ALL-PARTITION-6:accession:CCMSLIB00016279502,-0.0,mzspec:MTBLS307:FILES/Urine_87_fullscan2_pos.mzXML:scan:1123,1,0.75,2,0,MTBLS307,NoID,temp/queries/49/49d162f823074fe5ac7a802f78e4a887/49d162f823074fe5ac7a802f78e4a887.mgf,1,316,3265952
5-ASA_1-adamantanecarboxylic-acid,mzspec:GNPS:MULTIPLEX-SYNTHESIS-LIBRARY-ALL-PARTITION-6:accession:CCMSLIB00016279502,-0.0,mzspec:MSV000081022:ccms_peak/peaks/Urine_19_Top10_POS.mzXML:scan:1488,1,0.75,2,0,MSV000081022,NoID,temp/queries/49/49d162f823074fe5ac7a802f78e4a887/49d162f823074fe5ac7a802f78e4a887.mgf,1,316,201070
5-ASA_1-adamantanecarboxylic-acid,mzspec:GNPS:MULTIPLEX-SYNTHESIS-LIBRARY-ALL-PARTITION-6:accession:CCMSLIB00016279502,0.02,mzspec:MSV000094528:peak/mzml_20231123_positive/20231123_pluskal_nencka_mce_5001_D10_id_MSn_positive.mzML:scan:344,1,0.75,1,0,MSV000094528,NoID,temp/queries/49/49d162f823074fe5ac7a802f78e4a887/49d162f823074fe5ac7a802f78e4a887.mgf,1,316,281247
5-ASA_1-adamantanecarboxylic-acid,mzspec:GNPS:MULTIPLEX-SYNTHESIS-LIBRARY-ALL-PARTITION-6:accession:CCMSLIB00016279502,-0.02,mzspec:MSV000088693:ccms_peak/CM-RawL3h-1A_P1-E-4_01_9013.mzML:scan:1702,1,0.75,1,0,MSV000088693,NoID,temp/queries/49/49d162f823074fe5ac7a802f78e4a887/49d162f823074fe5ac7a802f78e4a887.mgf,1,316,2141254
5-ASA_1-adamantanecarboxylic-acid,mzspec:GNPS:MULTIPLEX-SYNTHESIS-LIBRARY-ALL-PARTITION-6:accession:CCMSLIB00016279502,-0.02,mzspec:MSV000088693:ccms_peak/CM-RawL24h-3A_P1-E-9_01_9023.mzML:scan:1774,1,0.75,1,0,MSV000088693,NoID,temp/queries/49/49d162f823074fe5ac7a802f78e4a887/49d162f823074fe5ac7a802f78e4a887.mgf,1,316,2141532
5-ASA_1-adamantanecarboxylic-acid,mzspec:GNPS:MULTIPLEX-SYNTHESIS-LIBRARY-ALL-PARTITION-6:accession:CCMSLIB00016279502,-0.02,mzspec:MSV000085417:ccms_peak/TE31/TE3773_PDB.mzML:scan:1648,1,0.75,1,0,MSV000085417,NoID,temp/queries/49/49d162f823074fe5ac7a802f78e4a887/49d162f823074fe5ac7a802f78e4a887.mgf,1,316,171901
5-ASA_1-adamantanecarboxylic-acid,mzspec:GNPS:MULTIPLEX-SYNTHESIS-LIBRARY-ALL-PARTITION-6:accession:CCMSLIB00016279502,-0.02,mzspec:MSV000089255:ccms_peak/J2315_M9_EA_1_P1-A-2_01_11204.mzML:scan:1611,1,0.75,1,0,MSV000089255,NoID,temp/queries/49/49d162f823074fe5ac7a802f78e4a887/49d162f823074fe5ac7a802f78e4a887.mgf,1,316,1534036
5-ASA_1-adamantanecarboxylic-acid,mzspec:GNPS:MULTIPLEX-SYNTHESIS-LIBRARY-ALL-PARTITION-6:accession:CCMSLIB00016279502,-0.0,mzspec:MSV000082433:ccms_peak/raw/20161103_Amerindian_Plate5/M-0241.mzML:scan:1236,1,0.75,2,0,MSV000082433,NoID,temp/queries/49/49d162f823074fe5ac7a802f78e4a887/49d162f823074fe5ac7a802f78e4a887.mgf,1,316,1920631
5-ASA_1-adamantanecarboxylic-acid,mzspec:GNPS:MULTIPLEX-SYNTHESIS-LIBRARY-ALL-PARTITION-6:accession:CCMSLIB00016279502,0.0,mzspec:MSV000079134:updates/2016-11-21_negarg_3e021a74/peak/mzXML_Batch2_November2016/Data_Batch2_November2016/9_9_Fe_GF2_01_31026.mzXML:scan:484,1,0.75,1,0,MSV000079134,NoID,temp/queries/49/49d162f823074fe5ac7a802f78e4a887/49d162f823074fe5ac7a802f78e4a887.mgf,1,316,90562
5-ASA_1-adamantanecarboxylic-acid,mzspec:GNPS:MULTIPLEX-SYNTHESIS-LIBRARY-ALL-PARTITION-6:accession:CCMSLIB00016279502,-0.0,mzspec:MSV000082433:ccms_peak/raw/20161103_Amerindian_Plate6/317.mzML:scan:1272,1,0.75,2,0,MSV000082433,NoID,temp/queries/49/49d162f823074fe5ac7a802f78e4a887/49d162f823074fe5ac7a802f78e4a887.mgf,1,316,1917475
5-ASA_1-adamantanecarboxylic-acid,mzspec:GNPS:MULTIPLEX-SYNTHESIS-LIBRARY-ALL-PARTITION-6:accession:CCMSLIB00016279502,-0.0,mzspec:MSV000082433:ccms_peak/raw/20161103_Amerindian_Plate6/781.mzML:scan:1272,1,0.75,2,0,MSV000082433,NoID,temp/queries/49/49d162f823074fe5ac7a802f78e4a887/49d162f823074fe5ac7a802f78e4a887.mgf,1,316,1919749
5-ASA_1-adamantanecarboxylic-acid,mzspec:GNPS:MULTIPLEX-SYNTHESIS-LIBRARY-ALL-PARTITION-6:accession:CCMSLIB00016279502,-0.0,mzspec:ST003500:balbo006_mckeo093_19145_20230512_S163.mzML:scan:7943,1,0.75,2,0,ST003500,NoID,temp/queries/49/49d162f823074fe5ac7a802f78e4a887/49d162f823074fe5ac7a802f78e4a887.mgf,1,316,2867455
5-ASA_1-adamantanecarboxylic-acid,mzspec:GNPS:MULTIPLEX-SYNTHESIS-LIBRARY-ALL-PARTITION-6:accession:CCMSLIB00016279502,-0.0,mzspec:ST003500:balbo006_mckeo093_19145_20230512_S163.mzML:scan:13366,1,0.75,2,0,ST003500,NoID,temp/queries/49/49d162f823074fe5ac7a802f78e4a887/49d162f823074fe5ac7a802f78e4a887.mgf,1,316,2867466
5-ASA_1-adamantanecarboxylic-acid,mzspec:GNPS:MULTIPLEX-SYNTHESIS-LIBRARY-ALL-PARTITION-6:accession:CCMSLIB00016279502,-0.0,mzspec:MSV000082971:ccms_peak/Urine_44_Top10_POS.mzML:scan:1423,1,0.74,2,0,MSV000082971,NoID,temp/queries/49/49d162f823074fe5ac7a802f78e4a887/49d162f823074fe5ac7a802f78e4a887.mgf,1,316,19869
5-ASA_1-adamantanecarboxylic-acid,mzspec:GNPS:MULTIPLEX-SYNTHESIS-LIBRARY-ALL-PARTITION-6:accession:CCMSLIB00016279502,-0.0,mzspec:MSV000081022:ccms_peak/peaks/Urine_44_Top10_POS.mzXML:scan:1423,1,0.74,2,0,MSV000081022,NoID,temp/queries/49/49d162f823074fe5ac7a802f78e4a887/49d162f823074fe5ac7a802f78e4a887.mgf,1,316,200843
5-ASA_1-adamantanecarboxylic-acid,mzspec:GNPS:MULTIPLEX-SYNTHESIS-LIBRARY-ALL-PARTITION-6:accession:CCMSLIB00016279502,-0.0,mzspec:MSV000083538:ccms_peak/Urine_StrokeDrugs_58_T10_POS.mzML:scan:1595,1,0.74,2,0,MSV000083538,NoID,temp/queries/49/49d162f823074fe5ac7a802f78e4a887/49d162f823074fe5ac7a802f78e4a887.mgf,1,316,1537347
5-ASA_1-adamantanecarboxylic-acid,mzspec:GNPS:MULTIPLEX-SYNTHESIS-LIBRARY-ALL-PARTITION-6:accession:CCMSLIB00016279502,-0.0,mzspec:MSV000083526:ccms_peak/Urine_StrokeDrugs_58_T10_POS.mzML:scan:1595,1,0.74,2,0,MSV000083526,NoID,temp/queries/49/49d162f823074fe5ac7a802f78e4a887/49d162f823074fe5ac7a802f78e4a887.mgf,1,316,2663252
5-ASA_1-adamantanecarboxylic-acid,mzspec:GNPS:MULTIPLEX-SYNTHESIS-LIBRARY-ALL-PARTITION-6:accession:CCMSLIB00016279502,-0.0,mzspec:MTBLS307:FILES/Urine_44_Top10_POS.mzXML:scan:1423,1,0.74,2,0,MTBLS307,NoID,temp/queries/49/49d162f823074fe5ac7a802f78e4a887/49d162f823074fe5ac7a802f78e4a887.mgf,1,316,3265914
5-ASA_1-adamantanecarboxylic-acid,mzspec:GNPS:MULTIPLEX-SYNTHESIS-LIBRARY-ALL-PARTITION-6:accession:CCMSLIB00016279502,-0.02,mzspec:MSV000088693:ccms_peak/CM-RawH0h-1A_P1-A-7_01_9033.mzML:scan:1596,1,0.74,1,0,MSV000088693,NoID,temp/queries/49/49d162f823074fe5ac7a802f78e4a887/49d162f823074fe5ac7a802f78e4a887.mgf,1,316,2141704
5-ASA_1-adamantanecarboxylic-acid,mzspec:GNPS:MULTIPLEX-SYNTHESIS-LIBRARY-ALL-PARTITION-6:accession:CCMSLIB00016279502,-0.02,mzspec:MSV000088693:ccms_peak/CM-RawL3h-1A_P1-E-4_01_9013.mzML:scan:1595,1,0.74,1,0,MSV000088693,NoID,temp/queries/49/49d162f823074fe5ac7a802f78e4a887/49d162f823074fe5ac7a802f78e4a887.mgf,1,316,2141250
5-ASA_1-adamantanecarboxylic-acid,mzspec:GNPS:MULTIPLEX-SYNTHESIS-LIBRARY-ALL-PARTITION-6:accession:CCMSLIB00016279502,-0.02,mzspec:MSV000088693:ccms_peak/CM-RawH24h-2A_P1-A-5_01_9031.mzML:scan:1808,1,0.74,1,0,MSV000088693,NoID,temp/queries/49/49d162f823074fe5ac7a802f78e4a887/49d162f823074fe5ac7a802f78e4a887.mgf,1,316,2141519
5-ASA_1-adamantanecarboxylic-acid,mzspec:GNPS:MULTIPLEX-SYNTHESIS-LIBRARY-ALL-PARTITION-6:accession:CCMSLIB00016279502,-0.02,mzspec:MSV000088693:ccms_peak/CM-RawL24h-3A_P1-E-9_01_9023.mzML:scan:1798,1,0.74,1,0,MSV000088693,NoID,temp/queries/49/49d162f823074fe5ac7a802f78e4a887/49d162f823074fe5ac7a802f78e4a887.mgf,1,316,2141534
5-ASA_1-adamantanecarboxylic-acid,mzspec:GNPS:MULTIPLEX-SYNTHESIS-LIBRARY-ALL-PARTITION-6:accession:CCMSLIB00016279502,-0.02,mzspec:MSV000088693:ccms_peak/CM-Raw24h-NoBt-2A_P1-E-2_01_9011.mzML:scan:1586,1,0.74,1,0,MSV000088693,NoID,temp/queries/49/49d162f823074fe5ac7a802f78e4a887/49d162f823074fe5ac7a802f78e4a887.mgf,1,316,2141577
5-ASA_1-adamantanecarboxylic-acid,mzspec:GNPS:MULTIPLEX-SYNTHESIS-LIBRARY-ALL-PARTITION-6:accession:CCMSLIB00016279502,-0.02,mzspec:MTBLS3487:FILES/DERIVED_FILES/POS/MM_AX5T2.mzML:scan:4294967295,1,0.74,1,0,MTBLS3487,NoID,temp/queries/49/49d162f823074fe5ac7a802f78e4a887/49d162f823074fe5ac7a802f78e4a887.mgf,1,316,3266923
5-ASA_1-adamantanecarboxylic-acid,mzspec:GNPS:MULTIPLEX-SYNTHESIS-LIBRARY-ALL-PARTITION-6:accession:CCMSLIB00016279502,-0.02,mzspec:MSV000087793:updates/2021-07-15_amcavoy_cd151f40/peak/SCFM2_EA+HAc+10uM_C8AHL_P1-A-5_01_10716.mzXML:scan:1678,1,0.74,1,0,MSV000087793,NoID,temp/queries/49/49d162f823074fe5ac7a802f78e4a887/49d162f823074fe5ac7a802f78e4a887.mgf,1,316,1517155
5-ASA_1-adamantanecarboxylic-acid,mzspec:GNPS:MULTIPLEX-SYNTHESIS-LIBRARY-ALL-PARTITION-6:accession:CCMSLIB00016279502,-0.02,mzspec:MSV000089255:ccms_peak/M9_ctrl_EA_P1-A-1_01_11203.mzML:scan:1698,1,0.74,1,0,MSV000089255,NoID,temp/queries/49/49d162f823074fe5ac7a802f78e4a887/49d162f823074fe5ac7a802f78e4a887.mgf,1,316,1534343
5-ASA_1-adamantanecarboxylic-acid,mzspec:GNPS:MULTIPLEX-SYNTHESIS-LIBRARY-ALL-PARTITION-6:accession:CCMSLIB00016279502,-0.0,mzspec:MSV000082433:ccms_peak/raw/20161103_Amerindian_Plate5/M-0016.mzML:scan:1209,1,0.74,2,0,MSV000082433,NoID,temp/queries/49/49d162f823074fe5ac7a802f78e4a887/49d162f823074fe5ac7a802f78e4a887.mgf,1,316,1917463
5-ASA_1-adamantanecarboxylic-acid,mzspec:GNPS:MULTIPLEX-SYNTHESIS-LIBRARY-ALL-PARTITION-6:accession:CCMSLIB00016279502,-0.0,mzspec:MSV000082433:ccms_peak/raw/20161103_Amerindian_Plate5/M-0560.mzML:scan:1317,1,0.74,2,0,MSV000082433,NoID,temp/queries/49/49d162f823074fe5ac7a802f78e4a887/49d162f823074fe5ac7a802f78e4a887.mgf,1,316,1920550
5-ASA_1-adamantanecarboxylic-acid,mzspec:GNPS:MULTIPLEX-SYNTHESIS-LIBRARY-ALL-PARTITION-6:accession:CCMSLIB00016279502,-0.0,mzspec:MSV000082261:ccms_peak/raw_files/samples/11129_NT1D016_JJK_Ur.mzML:scan:1356,1,0.74,2,0,MSV000082261,NoID,temp/queries/49/49d162f823074fe5ac7a802f78e4a887/49d162f823074fe5ac7a802f78e4a887.mgf,1,316,1117297
5-ASA_1-adamantanecarboxylic-acid,mzspec:GNPS:MULTIPLEX-SYNTHESIS-LIBRARY-ALL-PARTITION-6:accession:CCMSLIB00016279502,-0.0,mzspec:MSV000082433:ccms_peak/raw/20161103_Amerindian_Plate6/381.mzML:scan:1299,1,0.74,2,0,MSV000082433,NoID,temp/queries/49/49d162f823074fe5ac7a802f78e4a887/49d162f823074fe5ac7a802f78e4a887.mgf,1,316,1917130
5-ASA_1-adamantanecarboxylic-acid,mzspec:GNPS:MULTIPLEX-SYNTHESIS-LIBRARY-ALL-PARTITION-6:accession:CCMSLIB00016279502,-0.0,mzspec:MSV000082433:ccms_peak/raw/20161103_Amerindian_Plate5/M-0416.mzML:scan:1285,1,0.74,2,0,MSV000082433,NoID,temp/queries/49/49d162f823074fe5ac7a802f78e4a887/49d162f823074fe5ac7a802f78e4a887.mgf,1,316,1917261
5-ASA_1-adamantanecarboxylic-acid,mzspec:GNPS:MULTIPLEX-SYNTHESIS-LIBRARY-ALL-PARTITION-6:accession:CCMSLIB00016279502,-0.0,mzspec:MSV000084112:ccms_peak/Urine_Data/11129_NT1D016_JJK_Ur.mzML:scan:1356,1,0.74,2,0,MSV000084112,NoID,temp/queries/49/49d162f823074fe5ac7a802f78e4a887/49d162f823074fe5ac7a802f78e4a887.mgf,1,316,2007852
5-ASA_1-adamantanecarboxylic-acid,mzspec:GNPS:MULTIPLEX-SYNTHESIS-LIBRARY-ALL-PARTITION-6:accession:CCMSLIB00016279502,-0.02,mzspec:MSV000088693:ccms_peak/CM-RawL24h-3A_P1-E-9_01_9023.mzML:scan:1790,1,0.73,1,0,MSV000088693,NoID,temp/queries/49/49d162f823074fe5ac7a802f78e4a887/49d162f823074fe5ac7a802f78e4a887.mgf,1,316,2141533
5-ASA_1-adamantanecarboxylic-acid,mzspec:GNPS:MULTIPLEX-SYNTHESIS-LIBRARY-ALL-PARTITION-6:accession:CCMSLIB00016279502,-0.02,mzspec:MSV000088693:ccms_peak/CM-RawL24h-1A_P1-E-7_01_9021.mzML:scan:1776,1,0.73,1,0,MSV000088693,NoID,temp/queries/49/49d162f823074fe5ac7a802f78e4a887/49d162f823074fe5ac7a802f78e4a887.mgf,1,316,2141264
5-ASA_1-adamantanecarboxylic-acid,mzspec:GNPS:MULTIPLEX-SYNTHESIS-LIBRARY-ALL-PARTITION-6:accession:CCMSLIB00016279502,-0.02,mzspec:MTBLS6733:FILES/DERIVED_FILES/QC_pool_ID_ie2_01_LipidomicsLC_pos.mzML:scan:2767,1,0.73,1,0,MTBLS6733,NoID,temp/queries/49/49d162f823074fe5ac7a802f78e4a887/49d162f823074fe5ac7a802f78e4a887.mgf,1,316,3058029
5-ASA_1-adamantanecarboxylic-acid,mzspec:GNPS:MULTIPLEX-SYNTHESIS-LIBRARY-ALL-PARTITION-6:accession:CCMSLIB00016279502,-0.0,mzspec:MSV000082433:ccms_peak/raw/20161103_Amerindian_Plate6/685.mzML:scan:1305,1,0.73,2,0,MSV000082433,NoID,temp/queries/49/49d162f823074fe5ac7a802f78e4a887/49d162f823074fe5ac7a802f78e4a887.mgf,1,316,1917663
5-ASA_1-adamantanecarboxylic-acid,mzspec:GNPS:MULTIPLEX-SYNTHESIS-LIBRARY-ALL-PARTITION-6:accession:CCMSLIB00016279502,-0.02,mzspec:MSV000089255:ccms_peak/J2315_M9_EA_1_P1-A-2_01_11204.mzML:scan:1708,1,0.73,1,0,MSV000089255,NoID,temp/queries/49/49d162f823074fe5ac7a802f78e4a887/49d162f823074fe5ac7a802f78e4a887.mgf,1,316,1534039
5-ASA_1-adamantanecarboxylic-acid,mzspec:GNPS:MULTIPLEX-SYNTHESIS-LIBRARY-ALL-PARTITION-6:accession:CCMSLIB00016279502,-0.02,mzspec:MSV000087793:updates/2021-07-15_amcavoy_cd151f40/peak/SCFM2_EA+HAc+10uM_C8AHL_P1-A-5_01_10716.mzXML:scan:1719,1,0.73,1,0,MSV000087793,NoID,temp/queries/49/49d162f823074fe5ac7a802f78e4a887/49d162f823074fe5ac7a802f78e4a887.mgf,1,316,1517158
5-ASA_1-adamantanecarboxylic-acid,mzspec:GNPS:MULTIPLEX-SYNTHESIS-LIBRARY-ALL-PARTITION-6:accession:CCMSLIB00016279502,-0.02,mzspec:MSV000089524:ccms_peak/G1_batch5_DrLicona_300nguL_2uLiny_21nov2021.mzML:scan:4294967295,1,0.73,1,0,MSV000089524,NoID,temp/queries/49/49d162f823074fe5ac7a802f78e4a887/49d162f823074fe5ac7a802f78e4a887.mgf,1,316,42105
5-ASA_1-adamantanecarboxylic-acid,mzspec:GNPS:MULTIPLEX-SYNTHESIS-LIBRARY-ALL-PARTITION-6:accession:CCMSLIB00016279502,-0.02,mzspec:MSV000089524:raw/D2_batch5_DrLicona_300nguL_2uLiny_21nov2021.mzML:scan:4294967295,1,0.73,1,0,MSV000089524,NoID,temp/queries/49/49d162f823074fe5ac7a802f78e4a887/49d162f823074fe5ac7a802f78e4a887.mgf,1,316,42504
5-ASA_1-adamantanecarboxylic-acid,mzspec:GNPS:MULTIPLEX-SYNTHESIS-LIBRARY-ALL-PARTITION-6:accession:CCMSLIB00016279502,-0.02,mzspec:MSV000089524:ccms_peak/D2_batch5_DrLicona_300nguL_2uLiny_21nov2021.mzML:scan:4294967295,1,0.73,1,0,MSV000089524,NoID,temp/queries/49/49d162f823074fe5ac7a802f78e4a887/49d162f823074fe5ac7a802f78e4a887.mgf,1,316,42227
5-ASA_1-adamantanecarboxylic-acid,mzspec:GNPS:MULTIPLEX-SYNTHESIS-LIBRARY-ALL-PARTITION-6:accession:CCMSLIB00016279502,-0.02,mzspec:MSV000079134:updates/2016-11-21_negarg_3e021a74/peak/mzXML_Batch2_November2016/Data_Batch2_November2016/29_0_Fe_GE8_01_31017.mzXML:scan:1141,1,0.73,1,0,MSV000079134,NoID,temp/queries/49/49d162f823074fe5ac7a802f78e4a887/49d162f823074fe5ac7a802f78e4a887.mgf,1,316,89873
5-ASA_1-adamantanecarboxylic-acid,mzspec:GNPS:MULTIPLEX-SYNTHESIS-LIBRARY-ALL-PARTITION-6:accession:CCMSLIB00016279502,-0.02,mzspec:MSV000089524:raw/G1_batch5_DrLicona_300nguL_2uLiny_21nov2021.mzML:scan:4294967295,1,0.73,1,0,MSV000089524,NoID,temp/queries/49/49d162f823074fe5ac7a802f78e4a887/49d162f823074fe5ac7a802f78e4a887.mgf,1,316,42037
5-ASA_1-adamantanecarboxylic-acid,mzspec:GNPS:MULTIPLEX-SYNTHESIS-LIBRARY-ALL-PARTITION-6:accession:CCMSLIB00016279502,-0.0,mzspec:MSV000082433:ccms_peak/raw/20161103_Amerindian_Plate6/365.mzML:scan:1317,1,0.72,2,0,MSV000082433,NoID,temp/queries/49/49d162f823074fe5ac7a802f78e4a887/49d162f823074fe5ac7a802f78e4a887.mgf,1,316,1918236
5-ASA_1-adamantanecarboxylic-acid,mzspec:GNPS:MULTIPLEX-SYNTHESIS-LIBRARY-ALL-PARTITION-6:accession:CCMSLIB00016279502,-0.0,mzspec:MSV000082433:ccms_peak/raw/20161103_Amerindian_Plate6/125.mzML:scan:1306,1,0.72,2,0,MSV000082433,NoID,temp/queries/49/49d162f823074fe5ac7a802f78e4a887/49d162f823074fe5ac7a802f78e4a887.mgf,1,316,1918039
5-ASA_1-adamantanecarboxylic-acid,mzspec:GNPS:MULTIPLEX-SYNTHESIS-LIBRARY-ALL-PARTITION-6:accession:CCMSLIB00016279502,-0.0,mzspec:MSV000082433:ccms_peak/raw/20161103_Amerindian_Plate5/M-0305.mzML:scan:1213,1,0.72,2,0,MSV000082433,NoID,temp/queries/49/49d162f823074fe5ac7a802f78e4a887/49d162f823074fe5ac7a802f78e4a887.mgf,1,316,1918493
5-ASA_1-adamantanecarboxylic-acid,mzspec:GNPS:MULTIPLEX-SYNTHESIS-LIBRARY-ALL-PARTITION-6:accession:CCMSLIB00016279502,-0.0,mzspec:MSV000082433:ccms_peak/raw/20161103_Amerindian_Plate5/M-0384.mzML:scan:1249,1,0.72,2,0,MSV000082433,NoID,temp/queries/49/49d162f823074fe5ac7a802f78e4a887/49d162f823074fe5ac7a802f78e4a887.mgf,1,316,1920532
5-ASA_1-adamantanecarboxylic-acid,mzspec:GNPS:MULTIPLEX-SYNTHESIS-LIBRARY-ALL-PARTITION-6:accession:CCMSLIB00016279502,0.0,mzspec:MSV000079134:ccms_peak/CF fecal study/Data_Fecal/F22_3_RC4_01_3883.mzXML:scan:1346,1,0.72,1,0,MSV000079134,NoID,temp/queries/49/49d162f823074fe5ac7a802f78e4a887/49d162f823074fe5ac7a802f78e4a887.mgf,1,316,90526
5-ASA_1-adamantanecarboxylic-acid,mzspec:GNPS:MULTIPLEX-SYNTHESIS-LIBRARY-ALL-PARTITION-6:accession:CCMSLIB00016279502,-0.02,mzspec:MSV000092794:peak/HalMono_Plate2_Well_U5_P1-D-5_01_22911.mzXML:scan:2051,1,0.72,1,0,MSV000092794,NoID,temp/queries/49/49d162f823074fe5ac7a802f78e4a887/49d162f823074fe5ac7a802f78e4a887.mgf,1,316,36704
5-ASA_1-adamantanecarboxylic-acid,mzspec:GNPS:MULTIPLEX-SYNTHESIS-LIBRARY-ALL-PARTITION-6:accession:CCMSLIB00016279502,-0.02,mzspec:MSV000089255:ccms_peak/J2315_M9_EA_1_P1-A-2_01_11204.mzML:scan:1620,1,0.72,1,0,MSV000089255,NoID,temp/queries/49/49d162f823074fe5ac7a802f78e4a887/49d162f823074fe5ac7a802f78e4a887.mgf,1,316,1534037
5-ASA_1-adamantanecarboxylic-acid,mzspec:GNPS:MULTIPLEX-SYNTHESIS-LIBRARY-ALL-PARTITION-6:accession:CCMSLIB00016279502,-0.01,mzspec:MSV000089101:ccms_peak/TOF_T3_fastDDA-JC-1058-63.mzML:scan:637,1,0.72,1,0,MSV000089101,NoID,temp/queries/49/49d162f823074fe5ac7a802f78e4a887/49d162f823074fe5ac7a802f78e4a887.mgf,1,316,1972243
5-ASA_1-adamantanecarboxylic-acid,mzspec:GNPS:MULTIPLEX-SYNTHESIS-LIBRARY-ALL-PARTITION-6:accession:CCMSLIB00016279502,-0.01,mzspec:MSV000089101:peak/TOF_T3_fastDDA-JC-1058-63.mzML:scan:637,1,0.72,1,0,MSV000089101,NoID,temp/queries/49/49d162f823074fe5ac7a802f78e4a887/49d162f823074fe5ac7a802f78e4a887.mgf,1,316,1972833
5-ASA_1-adamantanecarboxylic-acid,mzspec:GNPS:MULTIPLEX-SYNTHESIS-LIBRARY-ALL-PARTITION-6:accession:CCMSLIB00016279502,-0.02,mzspec:MTBLS6733:FILES/DERIVED_FILES/QC_pool_ID_ie2_01_LipidomicsLC_pos.mzML:scan:2745,1,0.72,1,0,MTBLS6733,NoID,temp/queries/49/49d162f823074fe5ac7a802f78e4a887/49d162f823074fe5ac7a802f78e4a887.mgf,1,316,3058028
5-ASA_1-adamantanecarboxylic-acid,mzspec:GNPS:MULTIPLEX-SYNTHESIS-LIBRARY-ALL-PARTITION-6:accession:CCMSLIB00016279502,-0.02,mzspec:MSV000093604:raw/Samples/S_218_B_P1-B-5_01_23645.mzXML:scan:2050,1,0.72,1,0,MSV000093604,NoID,temp/queries/49/49d162f823074fe5ac7a802f78e4a887/49d162f823074fe5ac7a802f78e4a887.mgf,1,316,1337735
5-ASA_1-adamantanecarboxylic-acid,mzspec:GNPS:MULTIPLEX-SYNTHESIS-LIBRARY-ALL-PARTITION-6:accession:CCMSLIB00016279502,0.02,mzspec:MSV000094528:peak/mzml_20231123_positive/20231123_pluskal_nencka_mce_5001_D10_id_MSn_positive.mzML:scan:345,1,0.72,1,0,MSV000094528,NoID,temp/queries/49/49d162f823074fe5ac7a802f78e4a887/49d162f823074fe5ac7a802f78e4a887.mgf,1,316,281248
5-ASA_1-adamantanecarboxylic-acid,mzspec:GNPS:MULTIPLEX-SYNTHESIS-LIBRARY-ALL-PARTITION-6:accession:CCMSLIB00016279502,-0.0,mzspec:MSV000082433:ccms_peak/raw/20161103_Amerindian_Plate5/M-0400.mzML:scan:1279,1,0.71,2,0,MSV000082433,NoID,temp/queries/49/49d162f823074fe5ac7a802f78e4a887/49d162f823074fe5ac7a802f78e4a887.mgf,1,316,1920113
5-ASA_1-adamantanecarboxylic-acid,mzspec:GNPS:MULTIPLEX-SYNTHESIS-LIBRARY-ALL-PARTITION-6:accession:CCMSLIB00016279502,-0.0,mzspec:MSV000090341:peak/mzML/AF14-LIST3-HCD40.mzML:scan:468,1,0.71,2,0,MSV000090341,NoID,temp/queries/49/49d162f823074fe5ac7a802f78e4a887/49d162f823074fe5ac7a802f78e4a887.mgf,1,316,2110022
5-ASA_1-adamantanecarboxylic-acid,mzspec:GNPS:MULTIPLEX-SYNTHESIS-LIBRARY-ALL-PARTITION-6:accession:CCMSLIB00016279502,-0.0,mzspec:MSV000090341:ccms_peak/raw/AF14-LIST3-HCD40.mzML:scan:468,1,0.71,2,0,MSV000090341,NoID,temp/queries/49/49d162f823074fe5ac7a802f78e4a887/49d162f823074fe5ac7a802f78e4a887.mgf,1,316,2109613
5-ASA_1-adamantanecarboxylic-acid,mzspec:GNPS:MULTIPLEX-SYNTHESIS-LIBRARY-ALL-PARTITION-6:accession:CCMSLIB00016279502,-0.0,mzspec:ST003500:balbo006_mckeo093_19145_20230512_S163.mzML:scan:12103,1,0.71,2,0,ST003500,NoID,temp/queries/49/49d162f823074fe5ac7a802f78e4a887/49d162f823074fe5ac7a802f78e4a887.mgf,1,316,2867463
5-ASA_1-adamantanecarboxylic-acid,mzspec:GNPS:MULTIPLEX-SYNTHESIS-LIBRARY-ALL-PARTITION-6:accession:CCMSLIB00016279502,0.0,mzspec:MSV000090341:ccms_peak/raw/AF13-LIST2-HCD40.mzML:scan:478,1,0.71,2,0,MSV000090341,NoID,temp/queries/49/49d162f823074fe5ac7a802f78e4a887/49d162f823074fe5ac7a802f78e4a887.mgf,1,316,2108787
5-ASA_1-adamantanecarboxylic-acid,mzspec:GNPS:MULTIPLEX-SYNTHESIS-LIBRARY-ALL-PARTITION-6:accession:CCMSLIB00016279502,0.0,mzspec:MSV000090341:peak/mzML/AF13-LIST2-HCD40.mzML:scan:478,1,0.71,2,0,MSV000090341,NoID,temp/queries/49/49d162f823074fe5ac7a802f78e4a887/49d162f823074fe5ac7a802f78e4a887.mgf,1,316,2109996
5-ASA_1-adamantanecarboxylic-acid,mzspec:GNPS:MULTIPLEX-SYNTHESIS-LIBRARY-ALL-PARTITION-6:accession:CCMSLIB00016279502,-0.0,mzspec:ST003500:balbo006_mckeo093_19145_20230512_N167.mzML:scan:13666,1,0.71,2,0,ST003500,NoID,temp/queries/49/49d162f823074fe5ac7a802f78e4a887/49d162f823074fe5ac7a802f78e4a887.mgf,1,316,2868574
5-ASA_1-adamantanecarboxylic-acid,mzspec:GNPS:MULTIPLEX-SYNTHESIS-LIBRARY-ALL-PARTITION-6:accession:CCMSLIB00016279502,-0.02,mzspec:NORMAN-309b49f6-6d55-57dd-aba4-e2c24b00eec9:webform/sample/20100/UoA_POS_DataDependent_LC-ESI-QTOF_Muscle from fish scorpaena porcus (Biota 16)_Gelendzhik_Russia_14.08.2019_EMBLAS-Plus_47088.mzML:scan:707,1,0.71,2,0,NORMAN-309b49f6-6d55-57dd-aba4-e2c24b00eec9,NoID,temp/queries/49/49d162f823074fe5ac7a802f78e4a887/49d162f823074fe5ac7a802f78e4a887.mgf,1,316,2831046
5-ASA_1-adamantanecarboxylic-acid,mzspec:GNPS:MULTIPLEX-SYNTHESIS-LIBRARY-ALL-PARTITION-6:accession:CCMSLIB00016279502,-0.0,mzspec:MSV000089101:peak/TOF_T3_fastDDA-JC-1058-35.mzML:scan:773,1,0.71,2,0,MSV000089101,NoID,temp/queries/49/49d162f823074fe5ac7a802f78e4a887/49d162f823074fe5ac7a802f78e4a887.mgf,1,316,1972715
5-ASA_1-adamantanecarboxylic-acid,mzspec:GNPS:MULTIPLEX-SYNTHESIS-LIBRARY-ALL-PARTITION-6:accession:CCMSLIB00016279502,-0.02,mzspec:NORMAN-050b3633-4643-537a-a321-b09b7e706041:webform/sample/21876/UoA_POS_DataDependent_LC-ESI-QTOF_Sediment GE11_Tbilisi_Georgia_29.05.2016_EMBLAS-II (Survey 2016)_18227.mzML:scan:698,1,0.71,2,0,NORMAN-050b3633-4643-537a-a321-b09b7e706041,NoID,temp/queries/49/49d162f823074fe5ac7a802f78e4a887/49d162f823074fe5ac7a802f78e4a887.mgf,1,316,2826677
5-ASA_1-adamantanecarboxylic-acid,mzspec:GNPS:MULTIPLEX-SYNTHESIS-LIBRARY-ALL-PARTITION-6:accession:CCMSLIB00016279502,-0.02,mzspec:MSV000092794:peak/AlgCoPs_Plate1_Well_L6_P1-B-2_01_22929.mzXML:scan:2041,1,0.71,1,0,MSV000092794,NoID,temp/queries/49/49d162f823074fe5ac7a802f78e4a887/49d162f823074fe5ac7a802f78e4a887.mgf,1,316,37469
5-ASA_1-adamantanecarboxylic-acid,mzspec:GNPS:MULTIPLEX-SYNTHESIS-LIBRARY-ALL-PARTITION-6:accession:CCMSLIB00016279502,-0.02,mzspec:MSV000089524:ccms_peak/B1_batch5_DrLicona_300nguL_2uLiny_21nov2021.mzML:scan:4294967295,1,0.71,1,0,MSV000089524,NoID,temp/queries/49/49d162f823074fe5ac7a802f78e4a887/49d162f823074fe5ac7a802f78e4a887.mgf,1,316,42462
5-ASA_1-adamantanecarboxylic-acid,mzspec:GNPS:MULTIPLEX-SYNTHESIS-LIBRARY-ALL-PARTITION-6:accession:CCMSLIB00016279502,-0.02,mzspec:MSV000088693:ccms_peak/CM-RawH3h-2A_P1-A-2_01_9025.mzML:scan:1729,1,0.71,1,0,MSV000088693,NoID,temp/queries/49/49d162f823074fe5ac7a802f78e4a887/49d162f823074fe5ac7a802f78e4a887.mgf,1,316,2141853
5-ASA_1-adamantanecarboxylic-acid,mzspec:GNPS:MULTIPLEX-SYNTHESIS-LIBRARY-ALL-PARTITION-6:accession:CCMSLIB00016279502,-0.0,mzspec:MSV000089101:ccms_peak/TOF_T3_fastDDA-JC-1058-35.mzML:scan:773,1,0.71,2,0,MSV000089101,NoID,temp/queries/49/49d162f823074fe5ac7a802f78e4a887/49d162f823074fe5ac7a802f78e4a887.mgf,1,316,1972319
5-ASA_1-adamantanecarboxylic-acid,mzspec:GNPS:MULTIPLEX-SYNTHESIS-LIBRARY-ALL-PARTITION-6:accession:CCMSLIB00016279502,-0.02,mzspec:MTBLS6733:FILES/DERIVED_FILES/QC_pool_ID_ie2_01_LipidomicsLC_pos.mzML:scan:2703,1,0.71,1,0,MTBLS6733,NoID,temp/queries/49/49d162f823074fe5ac7a802f78e4a887/49d162f823074fe5ac7a802f78e4a887.mgf,1,316,3058026
5-ASA_1-adamantanecarboxylic-acid,mzspec:GNPS:MULTIPLEX-SYNTHESIS-LIBRARY-ALL-PARTITION-6:accession:CCMSLIB00016279502,-0.02,mzspec:MTBLS6733:FILES/DERIVED_FILES/QC_pool_ID_ie2_01_LipidomicsLC_pos.mzML:scan:2723,1,0.71,1,0,MTBLS6733,NoID,temp/queries/49/49d162f823074fe5ac7a802f78e4a887/49d162f823074fe5ac7a802f78e4a887.mgf,1,316,3058027
5-ASA_1-adamantanecarboxylic-acid,mzspec:GNPS:MULTIPLEX-SYNTHESIS-LIBRARY-ALL-PARTITION-6:accession:CCMSLIB00016279502,-0.02,mzspec:MSV000089524:raw/B1_batch5_DrLicona_300nguL_2uLiny_21nov2021.mzML:scan:4294967295,1,0.71,1,0,MSV000089524,NoID,temp/queries/49/49d162f823074fe5ac7a802f78e4a887/49d162f823074fe5ac7a802f78e4a887.mgf,1,316,41738
5-ASA_1-adamantanecarboxylic-acid,mzspec:GNPS:MULTIPLEX-SYNTHESIS-LIBRARY-ALL-PARTITION-6:accession:CCMSLIB00016279502,-0.02,mzspec:MSV000086917:ccms_peak/Molassamide_std_10uM_1_P1-C-2_01_10476.mzML:scan:1821,1,0.71,1,0,MSV000086917,NoID,temp/queries/49/49d162f823074fe5ac7a802f78e4a887/49d162f823074fe5ac7a802f78e4a887.mgf,1,316,781877
5-ASA_1-adamantanecarboxylic-acid,mzspec:GNPS:MULTIPLEX-SYNTHESIS-LIBRARY-ALL-PARTITION-6:accession:CCMSLIB00016279502,-0.0,mzspec:MSV000082433:ccms_peak/raw/20161103_Amerindian_Plate6/877.mzML:scan:1289,1,0.7,2,0,MSV000082433,NoID,temp/queries/49/49d162f823074fe5ac7a802f78e4a887/49d162f823074fe5ac7a802f78e4a887.mgf,1,316,1919052
5-ASA_1-adamantanecarboxylic-acid,mzspec:GNPS:MULTIPLEX-SYNTHESIS-LIBRARY-ALL-PARTITION-6:accession:CCMSLIB00016279502,-0.0,mzspec:ST003500:balbo006_mckeo093_19145_20230512_N167.mzML:scan:12399,1,0.7,2,0,ST003500,NoID,temp/queries/49/49d162f823074fe5ac7a802f78e4a887/49d162f823074fe5ac7a802f78e4a887.mgf,1,316,2868569
5-ASA_1-adamantanecarboxylic-acid,mzspec:GNPS:MULTIPLEX-SYNTHESIS-LIBRARY-ALL-PARTITION-6:accession:CCMSLIB00016279502,-0.0,mzspec:MSV000082433:ccms_peak/raw/20161103_Amerindian_Plate6/397.mzML:scan:1308,1,0.7,2,0,MSV000082433,NoID,temp/queries/49/49d162f823074fe5ac7a802f78e4a887/49d162f823074fe5ac7a802f78e4a887.mgf,1,316,1918701
