compound_name,lib_usi,desc,timing
5-ASA_1-aminopentadecane,mzspec:GNPS:MULTIPLEX-SYNTHESIS-LIBRARY-ALL-PARTITION-6:accession:CCMSLIB00016278892,prep,0.001049041748046875
5-ASA_1-aminopentadecane,mzspec:GNPS:MULTIPLEX-SYNTHESIS-LIBRARY-ALL-PARTITION-6:accession:CCMSLIB00016278892,Search,0.6848082542419434
5-ASA_1-aminopentadecane,mzspec:GNPS:MULTIPLEX-SYNTHESIS-LIBRARY-ALL-PARTITION-6:accession:CCMSLIB00016278892,Parse Query,0.00016689300537109375
5-ASA_1-aminopentadecane,mzspec:GNPS:MULTIPLEX-SYNTHESIS-LIBRARY-ALL-PARTITION-6:accession:CCMSLIB00016278892,Parse Query 2,0.003008127212524414
5-ASA_1-aminopentadecane,mzspec:GNPS:MULTIPLEX-SYNTHESIS-LIBRARY-ALL-PARTITION-6:accession:CCMSLIB00016278892,Get DB Info,0.00014138221740722656
5-ASA_1-aminopentadecane,mzspec:GNPS:MULTIPLEX-SYNTHESIS-LIBRARY-ALL-PARTITION-6:accession:CCMSLIB00016278892,Demangle,0.010460853576660156
5-ASA_1-aminopentadecane,mzspec:GNPS:MULTIPLEX-SYNTHESIS-LIBRARY-ALL-PARTITION-6:accession:CCMSLIB00016278892,Group,0.006364583969116211
5-ASA_1-aminopentadecane,mzspec:GNPS:MULTIPLEX-SYNTHESIS-LIBRARY-ALL-PARTITION-6:accession:CCMSLIB00016278892,Enrich datasets,0.3901844024658203
