compound_name,lib_usi,Delta Mass,USI,Charge,Cosine,Matching Peaks,Unit Delta Mass,Dataset,Status,Query Filename,Query Scan,Index UnitPM,Index IdxInUnitPM
5-ASA_1-octadecanol,mzspec:GNPS:MULTIPLEX-SYNTHESIS-LIBRARY-ALL-PARTITION-6:accession:CCMSLIB00016278792,-0.0,mzspec:MSV000081666:ccms_peak/data_mzxml/Samples/G72831_1x_10ul_RC2_01_18607.mzML:scan:1991,1,0.77,2,0,MSV000081666,NoID,temp/queries/f1/f1e8711dc60048858f824bfe41895a29/f1e8711dc60048858f824bfe41895a29.mgf,1,406,1006165
5-ASA_1-octadecanol,mzspec:GNPS:MULTIPLEX-SYNTHESIS-LIBRARY-ALL-PARTITION-6:accession:CCMSLIB00016278792,-0.0,mzspec:MSV000084900:ccms_peak/Global_Foodomics_composite_data_2020/MSV000083010_core/G72831_1x_10ul_RC2_01_18607.mzML:scan:1991,1,0.77,2,0,MSV000084900,NoID,temp/queries/f1/f1e8711dc60048858f824bfe41895a29/f1e8711dc60048858f824bfe41895a29.mgf,1,406,468876
5-ASA_1-octadecanol,mzspec:GNPS:MULTIPLEX-SYNTHESIS-LIBRARY-ALL-PARTITION-6:accession:CCMSLIB00016278792,-0.0,mzspec:MSV000083010:ccms_peak/Samples/G72831_1x_10ul_RC2_01_18607.mzML:scan:1991,1,0.77,2,0,MSV000083010,NoID,temp/queries/f1/f1e8711dc60048858f824bfe41895a29/f1e8711dc60048858f824bfe41895a29.mgf,1,406,369652
5-ASA_1-octadecanol,mzspec:GNPS:MULTIPLEX-SYNTHESIS-LIBRARY-ALL-PARTITION-6:accession:CCMSLIB00016278792,-0.0,mzspec:MSV000083040:ccms_peak/beverages/G72831_1x_10ul_RC2_01_18607.mzML:scan:1991,1,0.77,2,0,MSV000083040,NoID,temp/queries/f1/f1e8711dc60048858f824bfe41895a29/f1e8711dc60048858f824bfe41895a29.mgf,1,406,902414
5-ASA_1-octadecanol,mzspec:GNPS:MULTIPLEX-SYNTHESIS-LIBRARY-ALL-PARTITION-6:accession:CCMSLIB00016278792,-0.0,mzspec:MSV000084734:ccms_peak/files/Beverages_subset/files/G72831_1x_10ul_RC2_01_18607.mzML:scan:1991,1,0.77,2,0,MSV000084734,NoID,temp/queries/f1/f1e8711dc60048858f824bfe41895a29/f1e8711dc60048858f824bfe41895a29.mgf,1,406,638024
5-ASA_1-octadecanol,mzspec:GNPS:MULTIPLEX-SYNTHESIS-LIBRARY-ALL-PARTITION-6:accession:CCMSLIB00016278792,-0.0,mzspec:MSV000082074:ccms_peak/Samples/G72831_1x_10ul_RC2_01_18607.mzML:scan:1991,1,0.77,2,0,MSV000082074,NoID,temp/queries/f1/f1e8711dc60048858f824bfe41895a29/f1e8711dc60048858f824bfe41895a29.mgf,1,406,1008888
5-ASA_1-octadecanol,mzspec:GNPS:MULTIPLEX-SYNTHESIS-LIBRARY-ALL-PARTITION-6:accession:CCMSLIB00016278792,-0.0,mzspec:MSV000084734:ccms_peak/files/Beverages_subset/files/G72831_1x_10ul_RC2_01_18607.mzML:scan:1995,1,0.74,2,0,MSV000084734,NoID,temp/queries/f1/f1e8711dc60048858f824bfe41895a29/f1e8711dc60048858f824bfe41895a29.mgf,1,406,638025
5-ASA_1-octadecanol,mzspec:GNPS:MULTIPLEX-SYNTHESIS-LIBRARY-ALL-PARTITION-6:accession:CCMSLIB00016278792,-0.0,mzspec:MSV000083010:ccms_peak/Samples/G72831_1x_10ul_RC2_01_18607.mzML:scan:1995,1,0.74,2,0,MSV000083010,NoID,temp/queries/f1/f1e8711dc60048858f824bfe41895a29/f1e8711dc60048858f824bfe41895a29.mgf,1,406,369653
5-ASA_1-octadecanol,mzspec:GNPS:MULTIPLEX-SYNTHESIS-LIBRARY-ALL-PARTITION-6:accession:CCMSLIB00016278792,-0.0,mzspec:MSV000082074:ccms_peak/Samples/G72831_1x_10ul_RC2_01_18607.mzML:scan:1995,1,0.74,2,0,MSV000082074,NoID,temp/queries/f1/f1e8711dc60048858f824bfe41895a29/f1e8711dc60048858f824bfe41895a29.mgf,1,406,1008889
5-ASA_1-octadecanol,mzspec:GNPS:MULTIPLEX-SYNTHESIS-LIBRARY-ALL-PARTITION-6:accession:CCMSLIB00016278792,-0.0,mzspec:MSV000083040:ccms_peak/beverages/G72831_1x_10ul_RC2_01_18607.mzML:scan:1995,1,0.74,2,0,MSV000083040,NoID,temp/queries/f1/f1e8711dc60048858f824bfe41895a29/f1e8711dc60048858f824bfe41895a29.mgf,1,406,902415
5-ASA_1-octadecanol,mzspec:GNPS:MULTIPLEX-SYNTHESIS-LIBRARY-ALL-PARTITION-6:accession:CCMSLIB00016278792,-0.0,mzspec:MSV000081666:ccms_peak/data_mzxml/Samples/G72831_1x_10ul_RC2_01_18607.mzML:scan:1995,1,0.74,2,0,MSV000081666,NoID,temp/queries/f1/f1e8711dc60048858f824bfe41895a29/f1e8711dc60048858f824bfe41895a29.mgf,1,406,1006166
5-ASA_1-octadecanol,mzspec:GNPS:MULTIPLEX-SYNTHESIS-LIBRARY-ALL-PARTITION-6:accession:CCMSLIB00016278792,-0.0,mzspec:MSV000084900:ccms_peak/Global_Foodomics_composite_data_2020/MSV000083010_core/G72831_1x_10ul_RC2_01_18607.mzML:scan:1995,1,0.74,2,0,MSV000084900,NoID,temp/queries/f1/f1e8711dc60048858f824bfe41895a29/f1e8711dc60048858f824bfe41895a29.mgf,1,406,468877
5-ASA_1-octadecanol,mzspec:GNPS:MULTIPLEX-SYNTHESIS-LIBRARY-ALL-PARTITION-6:accession:CCMSLIB00016278792,0.0,mzspec:MSV000083825:ccms_peak/Positive/Fecal/Rox_diet_D003d0.mzML:scan:2704,1,0.72,4,0,MSV000083825,NoID,temp/queries/f1/f1e8711dc60048858f824bfe41895a29/f1e8711dc60048858f824bfe41895a29.mgf,1,406,1037751
