compound_name,lib_usi,Delta Mass,USI,Charge,Cosine,Matching Peaks,Unit Delta Mass,Dataset,Status,Query Filename,Query Scan,Index UnitPM,Index IdxInUnitPM
5-ASA_12-hydroxy-octadec-9-enoic-acid,mzspec:GNPS:MULTIPLEX-SYNTHESIS-LIBRARY-ALL-PARTITION-6:accession:CCMSLIB00016278657,-0.0,mzspec:MSV000087942:ccms_peak/Plate_01_RAW/Tube_046.mzML:scan:2026,1,0.92,13,0,MSV000087942,NoID,temp/queries/c9/c9f6889880524dd0a90054518feb68ec/c9f6889880524dd0a90054518feb68ec.mgf,1,434,554907
5-ASA_12-hydroxy-octadec-9-enoic-acid,mzspec:GNPS:MULTIPLEX-SYNTHESIS-LIBRARY-ALL-PARTITION-6:accession:CCMSLIB00016278657,-0.0,mzspec:MSV000081492:ccms_peak/Raw_Files/Samples_Treatment/dhmc_6_1.mzML:scan:2641,1,0.9,13,0,MSV000081492,NoID,temp/queries/c9/c9f6889880524dd0a90054518feb68ec/c9f6889880524dd0a90054518feb68ec.mgf,1,434,662952
5-ASA_12-hydroxy-octadec-9-enoic-acid,mzspec:GNPS:MULTIPLEX-SYNTHESIS-LIBRARY-ALL-PARTITION-6:accession:CCMSLIB00016278657,0.0,mzspec:MSV000081492:ccms_peak/Raw_Files/Samples_Sham/72847.mzML:scan:2699,1,0.89,12,0,MSV000081492,NoID,temp/queries/c9/c9f6889880524dd0a90054518feb68ec/c9f6889880524dd0a90054518feb68ec.mgf,1,434,662980
5-ASA_12-hydroxy-octadec-9-enoic-acid,mzspec:GNPS:MULTIPLEX-SYNTHESIS-LIBRARY-ALL-PARTITION-6:accession:CCMSLIB00016278657,-0.0,mzspec:MSV000087942:ccms_peak/Plate_02_RAW/Tube_005.mzML:scan:1995,1,0.89,13,0,MSV000087942,NoID,temp/queries/c9/c9f6889880524dd0a90054518feb68ec/c9f6889880524dd0a90054518feb68ec.mgf,1,434,555053
5-ASA_12-hydroxy-octadec-9-enoic-acid,mzspec:GNPS:MULTIPLEX-SYNTHESIS-LIBRARY-ALL-PARTITION-6:accession:CCMSLIB00016278657,-0.0,mzspec:MSV000087942:ccms_peak/Plate_02_RAW/Tube_151.mzML:scan:2026,1,0.88,13,0,MSV000087942,NoID,temp/queries/c9/c9f6889880524dd0a90054518feb68ec/c9f6889880524dd0a90054518feb68ec.mgf,1,434,554959
5-ASA_12-hydroxy-octadec-9-enoic-acid,mzspec:GNPS:MULTIPLEX-SYNTHESIS-LIBRARY-ALL-PARTITION-6:accession:CCMSLIB00016278657,-0.0,mzspec:MSV000087942:ccms_peak/Plate_01_RAW/Tube_056.mzML:scan:2066,1,0.88,12,0,MSV000087942,NoID,temp/queries/c9/c9f6889880524dd0a90054518feb68ec/c9f6889880524dd0a90054518feb68ec.mgf,1,434,555106
5-ASA_12-hydroxy-octadec-9-enoic-acid,mzspec:GNPS:MULTIPLEX-SYNTHESIS-LIBRARY-ALL-PARTITION-6:accession:CCMSLIB00016278657,0.0,mzspec:MSV000081492:ccms_peak/Raw_Files/Samples_Treatment/dhmc_6_10.mzML:scan:2633,1,0.88,13,0,MSV000081492,NoID,temp/queries/c9/c9f6889880524dd0a90054518feb68ec/c9f6889880524dd0a90054518feb68ec.mgf,1,434,662925
5-ASA_12-hydroxy-octadec-9-enoic-acid,mzspec:GNPS:MULTIPLEX-SYNTHESIS-LIBRARY-ALL-PARTITION-6:accession:CCMSLIB00016278657,-0.0,mzspec:MSV000087942:ccms_peak/Plate_01_RAW/Tube_057_RERUNS.mzML:scan:2060,1,0.88,12,0,MSV000087942,NoID,temp/queries/c9/c9f6889880524dd0a90054518feb68ec/c9f6889880524dd0a90054518feb68ec.mgf,1,434,554957
5-ASA_12-hydroxy-octadec-9-enoic-acid,mzspec:GNPS:MULTIPLEX-SYNTHESIS-LIBRARY-ALL-PARTITION-6:accession:CCMSLIB00016278657,0.0,mzspec:MSV000081492:ccms_peak/Raw_Files/Samples_Sham/72844.mzML:scan:2725,1,0.88,13,0,MSV000081492,NoID,temp/queries/c9/c9f6889880524dd0a90054518feb68ec/c9f6889880524dd0a90054518feb68ec.mgf,1,434,662933
5-ASA_12-hydroxy-octadec-9-enoic-acid,mzspec:GNPS:MULTIPLEX-SYNTHESIS-LIBRARY-ALL-PARTITION-6:accession:CCMSLIB00016278657,-0.0,mzspec:MSV000087942:ccms_peak/Plate_02_RAW/Tube_106.mzML:scan:2021,1,0.88,12,0,MSV000087942,NoID,temp/queries/c9/c9f6889880524dd0a90054518feb68ec/c9f6889880524dd0a90054518feb68ec.mgf,1,434,554980
5-ASA_12-hydroxy-octadec-9-enoic-acid,mzspec:GNPS:MULTIPLEX-SYNTHESIS-LIBRARY-ALL-PARTITION-6:accession:CCMSLIB00016278657,0.0,mzspec:MSV000081492:ccms_peak/Raw_Files/Controls/QC_01.mzML:scan:2736,1,0.87,13,0,MSV000081492,NoID,temp/queries/c9/c9f6889880524dd0a90054518feb68ec/c9f6889880524dd0a90054518feb68ec.mgf,1,434,662912
5-ASA_12-hydroxy-octadec-9-enoic-acid,mzspec:GNPS:MULTIPLEX-SYNTHESIS-LIBRARY-ALL-PARTITION-6:accession:CCMSLIB00016278657,-0.0,mzspec:MSV000087942:ccms_peak/Plate_01_RAW/Tube_014.mzML:scan:2035,1,0.87,12,0,MSV000087942,NoID,temp/queries/c9/c9f6889880524dd0a90054518feb68ec/c9f6889880524dd0a90054518feb68ec.mgf,1,434,554852
5-ASA_12-hydroxy-octadec-9-enoic-acid,mzspec:GNPS:MULTIPLEX-SYNTHESIS-LIBRARY-ALL-PARTITION-6:accession:CCMSLIB00016278657,-0.0,mzspec:MSV000087942:ccms_peak/Plate_02_RAW/Tube_124.mzML:scan:1981,1,0.87,12,0,MSV000087942,NoID,temp/queries/c9/c9f6889880524dd0a90054518feb68ec/c9f6889880524dd0a90054518feb68ec.mgf,1,434,554918
5-ASA_12-hydroxy-octadec-9-enoic-acid,mzspec:GNPS:MULTIPLEX-SYNTHESIS-LIBRARY-ALL-PARTITION-6:accession:CCMSLIB00016278657,-0.0,mzspec:MSV000087942:ccms_peak/Plate_02_RAW/Tube_099.mzML:scan:2022,1,0.87,12,0,MSV000087942,NoID,temp/queries/c9/c9f6889880524dd0a90054518feb68ec/c9f6889880524dd0a90054518feb68ec.mgf,1,434,555049
5-ASA_12-hydroxy-octadec-9-enoic-acid,mzspec:GNPS:MULTIPLEX-SYNTHESIS-LIBRARY-ALL-PARTITION-6:accession:CCMSLIB00016278657,-0.0,mzspec:MSV000087942:ccms_peak/Plate_02_RAW/Tube_141.mzML:scan:1993,1,0.86,12,0,MSV000087942,NoID,temp/queries/c9/c9f6889880524dd0a90054518feb68ec/c9f6889880524dd0a90054518feb68ec.mgf,1,434,555040
5-ASA_12-hydroxy-octadec-9-enoic-acid,mzspec:GNPS:MULTIPLEX-SYNTHESIS-LIBRARY-ALL-PARTITION-6:accession:CCMSLIB00016278657,-0.0,mzspec:MSV000087942:ccms_peak/Plate_01_RAW/Tube_015_RERUNS.mzML:scan:2068,1,0.86,12,0,MSV000087942,NoID,temp/queries/c9/c9f6889880524dd0a90054518feb68ec/c9f6889880524dd0a90054518feb68ec.mgf,1,434,554797
5-ASA_12-hydroxy-octadec-9-enoic-acid,mzspec:GNPS:MULTIPLEX-SYNTHESIS-LIBRARY-ALL-PARTITION-6:accession:CCMSLIB00016278657,0.0,mzspec:MSV000094393:peak/Salicylic_Fatty_acids_AP_55.mzML:scan:3492,1,0.86,13,0,MSV000094393,NoID,temp/queries/c9/c9f6889880524dd0a90054518feb68ec/c9f6889880524dd0a90054518feb68ec.mgf,1,434,319176
5-ASA_12-hydroxy-octadec-9-enoic-acid,mzspec:GNPS:MULTIPLEX-SYNTHESIS-LIBRARY-ALL-PARTITION-6:accession:CCMSLIB00016278657,-0.0,mzspec:MSV000087942:ccms_peak/Plate_02_RAW/Tube_160.mzML:scan:1992,1,0.86,12,0,MSV000087942,NoID,temp/queries/c9/c9f6889880524dd0a90054518feb68ec/c9f6889880524dd0a90054518feb68ec.mgf,1,434,554964
5-ASA_12-hydroxy-octadec-9-enoic-acid,mzspec:GNPS:MULTIPLEX-SYNTHESIS-LIBRARY-ALL-PARTITION-6:accession:CCMSLIB00016278657,-0.0,mzspec:MSV000087942:ccms_peak/Plate_01_RAW/Tube_114.mzML:scan:2006,1,0.85,12,0,MSV000087942,NoID,temp/queries/c9/c9f6889880524dd0a90054518feb68ec/c9f6889880524dd0a90054518feb68ec.mgf,1,434,554983
5-ASA_12-hydroxy-octadec-9-enoic-acid,mzspec:GNPS:MULTIPLEX-SYNTHESIS-LIBRARY-ALL-PARTITION-6:accession:CCMSLIB00016278657,-0.0,mzspec:MSV000093167:peak/Samples/9.mzXML:scan:3738,1,0.85,12,0,MSV000093167,NoID,temp/queries/c9/c9f6889880524dd0a90054518feb68ec/c9f6889880524dd0a90054518feb68ec.mgf,1,434,107558
5-ASA_12-hydroxy-octadec-9-enoic-acid,mzspec:GNPS:MULTIPLEX-SYNTHESIS-LIBRARY-ALL-PARTITION-6:accession:CCMSLIB00016278657,-0.0,mzspec:MSV000093167:ccms_peak/Raw Files/9.mzML:scan:3738,1,0.85,12,0,MSV000093167,NoID,temp/queries/c9/c9f6889880524dd0a90054518feb68ec/c9f6889880524dd0a90054518feb68ec.mgf,1,434,107227
5-ASA_12-hydroxy-octadec-9-enoic-acid,mzspec:GNPS:MULTIPLEX-SYNTHESIS-LIBRARY-ALL-PARTITION-6:accession:CCMSLIB00016278657,-0.0,mzspec:MSV000087942:ccms_peak/Plate_01_RAW/Tube_051.mzML:scan:2017,1,0.85,11,0,MSV000087942,NoID,temp/queries/c9/c9f6889880524dd0a90054518feb68ec/c9f6889880524dd0a90054518feb68ec.mgf,1,434,554986
5-ASA_12-hydroxy-octadec-9-enoic-acid,mzspec:GNPS:MULTIPLEX-SYNTHESIS-LIBRARY-ALL-PARTITION-6:accession:CCMSLIB00016278657,0.0,mzspec:MSV000081492:ccms_peak/Raw_Files/Controls/QC_02.mzML:scan:2744,1,0.84,12,0,MSV000081492,NoID,temp/queries/c9/c9f6889880524dd0a90054518feb68ec/c9f6889880524dd0a90054518feb68ec.mgf,1,434,662956
5-ASA_12-hydroxy-octadec-9-enoic-acid,mzspec:GNPS:MULTIPLEX-SYNTHESIS-LIBRARY-ALL-PARTITION-6:accession:CCMSLIB00016278657,0.0,mzspec:MSV000097610:ccms_peak/mzml/PT_AC_020.mzML:scan:2823,1,0.84,11,0,MSV000097610,NoID,temp/queries/c9/c9f6889880524dd0a90054518feb68ec/c9f6889880524dd0a90054518feb68ec.mgf,1,434,326393
5-ASA_12-hydroxy-octadec-9-enoic-acid,mzspec:GNPS:MULTIPLEX-SYNTHESIS-LIBRARY-ALL-PARTITION-6:accession:CCMSLIB00016278657,-0.0,mzspec:MSV000087942:ccms_peak/Plate_02_RAW/Tube_107.mzML:scan:2045,1,0.84,11,0,MSV000087942,NoID,temp/queries/c9/c9f6889880524dd0a90054518feb68ec/c9f6889880524dd0a90054518feb68ec.mgf,1,434,555100
5-ASA_12-hydroxy-octadec-9-enoic-acid,mzspec:GNPS:MULTIPLEX-SYNTHESIS-LIBRARY-ALL-PARTITION-6:accession:CCMSLIB00016278657,-0.0,mzspec:MSV000087942:ccms_peak/Plate_01_RAW/Tube_023_RERUNS.mzML:scan:2045,1,0.82,11,0,MSV000087942,NoID,temp/queries/c9/c9f6889880524dd0a90054518feb68ec/c9f6889880524dd0a90054518feb68ec.mgf,1,434,555077
5-ASA_12-hydroxy-octadec-9-enoic-acid,mzspec:GNPS:MULTIPLEX-SYNTHESIS-LIBRARY-ALL-PARTITION-6:accession:CCMSLIB00016278657,0.0,mzspec:MSV000093167:peak/Samples/9.mzXML:scan:3777,1,0.82,10,0,MSV000093167,NoID,temp/queries/c9/c9f6889880524dd0a90054518feb68ec/c9f6889880524dd0a90054518feb68ec.mgf,1,434,107559
5-ASA_12-hydroxy-octadec-9-enoic-acid,mzspec:GNPS:MULTIPLEX-SYNTHESIS-LIBRARY-ALL-PARTITION-6:accession:CCMSLIB00016278657,0.0,mzspec:MSV000093167:ccms_peak/Raw Files/9.mzML:scan:3777,1,0.82,10,0,MSV000093167,NoID,temp/queries/c9/c9f6889880524dd0a90054518feb68ec/c9f6889880524dd0a90054518feb68ec.mgf,1,434,107228
5-ASA_12-hydroxy-octadec-9-enoic-acid,mzspec:GNPS:MULTIPLEX-SYNTHESIS-LIBRARY-ALL-PARTITION-6:accession:CCMSLIB00016278657,-0.0,mzspec:MSV000087942:ccms_peak/Plate_02_RAW/Tube_101.mzML:scan:2006,1,0.82,11,0,MSV000087942,NoID,temp/queries/c9/c9f6889880524dd0a90054518feb68ec/c9f6889880524dd0a90054518feb68ec.mgf,1,434,555125
5-ASA_12-hydroxy-octadec-9-enoic-acid,mzspec:GNPS:MULTIPLEX-SYNTHESIS-LIBRARY-ALL-PARTITION-6:accession:CCMSLIB00016278657,-0.01,mzspec:MSV000084908:ccms_peak/Fecal_mzXML/Plate_01/FIT108E3CAL_BB12_01_51874.mzML:scan:3328,1,0.81,10,0,MSV000084908,NoID,temp/queries/c9/c9f6889880524dd0a90054518feb68ec/c9f6889880524dd0a90054518feb68ec.mgf,1,434,485985
5-ASA_12-hydroxy-octadec-9-enoic-acid,mzspec:GNPS:MULTIPLEX-SYNTHESIS-LIBRARY-ALL-PARTITION-6:accession:CCMSLIB00016278657,0.0,mzspec:MSV000081492:ccms_peak/Raw_Files/Controls/QC_01_170626113747.mzML:scan:2741,1,0.81,11,0,MSV000081492,NoID,temp/queries/c9/c9f6889880524dd0a90054518feb68ec/c9f6889880524dd0a90054518feb68ec.mgf,1,434,662939
5-ASA_12-hydroxy-octadec-9-enoic-acid,mzspec:GNPS:MULTIPLEX-SYNTHESIS-LIBRARY-ALL-PARTITION-6:accession:CCMSLIB00016278657,-0.0,mzspec:MSV000093167:peak/Samples/9.mzXML:scan:3704,1,0.8,10,0,MSV000093167,NoID,temp/queries/c9/c9f6889880524dd0a90054518feb68ec/c9f6889880524dd0a90054518feb68ec.mgf,1,434,107557
5-ASA_12-hydroxy-octadec-9-enoic-acid,mzspec:GNPS:MULTIPLEX-SYNTHESIS-LIBRARY-ALL-PARTITION-6:accession:CCMSLIB00016278657,-0.0,mzspec:MSV000093167:ccms_peak/Raw Files/9.mzML:scan:3704,1,0.8,10,0,MSV000093167,NoID,temp/queries/c9/c9f6889880524dd0a90054518feb68ec/c9f6889880524dd0a90054518feb68ec.mgf,1,434,107226
5-ASA_12-hydroxy-octadec-9-enoic-acid,mzspec:GNPS:MULTIPLEX-SYNTHESIS-LIBRARY-ALL-PARTITION-6:accession:CCMSLIB00016278657,-0.0,mzspec:MSV000087942:ccms_peak/Plate_02_RAW/Tube_121.mzML:scan:1972,1,0.79,9,0,MSV000087942,NoID,temp/queries/c9/c9f6889880524dd0a90054518feb68ec/c9f6889880524dd0a90054518feb68ec.mgf,1,434,554765
5-ASA_12-hydroxy-octadec-9-enoic-acid,mzspec:GNPS:MULTIPLEX-SYNTHESIS-LIBRARY-ALL-PARTITION-6:accession:CCMSLIB00016278657,-0.0,mzspec:MSV000084556:ccms_peak/Raw_data/FD028_T3.mzML:scan:2043,1,0.79,9,0,MSV000084556,NoID,temp/queries/c9/c9f6889880524dd0a90054518feb68ec/c9f6889880524dd0a90054518feb68ec.mgf,1,434,577136
5-ASA_12-hydroxy-octadec-9-enoic-acid,mzspec:GNPS:MULTIPLEX-SYNTHESIS-LIBRARY-ALL-PARTITION-6:accession:CCMSLIB00016278657,-0.0,mzspec:MSV000087942:ccms_peak/Plate_02_RAW/Tube_143.mzML:scan:2008,1,0.79,10,0,MSV000087942,NoID,temp/queries/c9/c9f6889880524dd0a90054518feb68ec/c9f6889880524dd0a90054518feb68ec.mgf,1,434,554886
5-ASA_12-hydroxy-octadec-9-enoic-acid,mzspec:GNPS:MULTIPLEX-SYNTHESIS-LIBRARY-ALL-PARTITION-6:accession:CCMSLIB00016278657,-0.0,mzspec:MSV000087942:ccms_peak/Plate_02_RAW/Tube_157.mzML:scan:2055,1,0.78,11,0,MSV000087942,NoID,temp/queries/c9/c9f6889880524dd0a90054518feb68ec/c9f6889880524dd0a90054518feb68ec.mgf,1,434,554814
5-ASA_12-hydroxy-octadec-9-enoic-acid,mzspec:GNPS:MULTIPLEX-SYNTHESIS-LIBRARY-ALL-PARTITION-6:accession:CCMSLIB00016278657,-0.0,mzspec:MSV000087942:ccms_peak/Plate_02_RAW/Tube_155.mzML:scan:1997,1,0.78,9,0,MSV000087942,NoID,temp/queries/c9/c9f6889880524dd0a90054518feb68ec/c9f6889880524dd0a90054518feb68ec.mgf,1,434,555139
5-ASA_12-hydroxy-octadec-9-enoic-acid,mzspec:GNPS:MULTIPLEX-SYNTHESIS-LIBRARY-ALL-PARTITION-6:accession:CCMSLIB00016278657,-0.0,mzspec:MSV000087942:ccms_peak/Plate_01_RAW/Tube_071.mzML:scan:2027,1,0.78,11,0,MSV000087942,NoID,temp/queries/c9/c9f6889880524dd0a90054518feb68ec/c9f6889880524dd0a90054518feb68ec.mgf,1,434,554938
5-ASA_12-hydroxy-octadec-9-enoic-acid,mzspec:GNPS:MULTIPLEX-SYNTHESIS-LIBRARY-ALL-PARTITION-6:accession:CCMSLIB00016278657,-0.0,mzspec:MSV000093167:peak/Samples/9.mzXML:scan:4056,1,0.77,9,0,MSV000093167,NoID,temp/queries/c9/c9f6889880524dd0a90054518feb68ec/c9f6889880524dd0a90054518feb68ec.mgf,1,434,107564
5-ASA_12-hydroxy-octadec-9-enoic-acid,mzspec:GNPS:MULTIPLEX-SYNTHESIS-LIBRARY-ALL-PARTITION-6:accession:CCMSLIB00016278657,-0.0,mzspec:MSV000093167:ccms_peak/Raw Files/9.mzML:scan:4056,1,0.77,9,0,MSV000093167,NoID,temp/queries/c9/c9f6889880524dd0a90054518feb68ec/c9f6889880524dd0a90054518feb68ec.mgf,1,434,107233
5-ASA_12-hydroxy-octadec-9-enoic-acid,mzspec:GNPS:MULTIPLEX-SYNTHESIS-LIBRARY-ALL-PARTITION-6:accession:CCMSLIB00016278657,-0.0,mzspec:MSV000087942:ccms_peak/Plate_02_RAW/Tube_111.mzML:scan:1991,1,0.77,9,0,MSV000087942,NoID,temp/queries/c9/c9f6889880524dd0a90054518feb68ec/c9f6889880524dd0a90054518feb68ec.mgf,1,434,554876
5-ASA_12-hydroxy-octadec-9-enoic-acid,mzspec:GNPS:MULTIPLEX-SYNTHESIS-LIBRARY-ALL-PARTITION-6:accession:CCMSLIB00016278657,-0.0,mzspec:MSV000093167:ccms_peak/Raw Files/9.mzML:scan:4092,1,0.76,9,0,MSV000093167,NoID,temp/queries/c9/c9f6889880524dd0a90054518feb68ec/c9f6889880524dd0a90054518feb68ec.mgf,1,434,107234
5-ASA_12-hydroxy-octadec-9-enoic-acid,mzspec:GNPS:MULTIPLEX-SYNTHESIS-LIBRARY-ALL-PARTITION-6:accession:CCMSLIB00016278657,-0.0,mzspec:MSV000093167:ccms_peak/Raw Files/9.mzML:scan:4277,1,0.76,9,0,MSV000093167,NoID,temp/queries/c9/c9f6889880524dd0a90054518feb68ec/c9f6889880524dd0a90054518feb68ec.mgf,1,434,107239
5-ASA_12-hydroxy-octadec-9-enoic-acid,mzspec:GNPS:MULTIPLEX-SYNTHESIS-LIBRARY-ALL-PARTITION-6:accession:CCMSLIB00016278657,-0.0,mzspec:MSV000088640:ccms_peak/Plate_02_RAW/6035131.mzML:scan:2078,1,0.76,10,0,MSV000088640,NoID,temp/queries/c9/c9f6889880524dd0a90054518feb68ec/c9f6889880524dd0a90054518feb68ec.mgf,1,434,567766
5-ASA_12-hydroxy-octadec-9-enoic-acid,mzspec:GNPS:MULTIPLEX-SYNTHESIS-LIBRARY-ALL-PARTITION-6:accession:CCMSLIB00016278657,-0.0,mzspec:MSV000093167:peak/Samples/9.mzXML:scan:4092,1,0.76,9,0,MSV000093167,NoID,temp/queries/c9/c9f6889880524dd0a90054518feb68ec/c9f6889880524dd0a90054518feb68ec.mgf,1,434,107565
5-ASA_12-hydroxy-octadec-9-enoic-acid,mzspec:GNPS:MULTIPLEX-SYNTHESIS-LIBRARY-ALL-PARTITION-6:accession:CCMSLIB00016278657,-0.0,mzspec:MSV000093167:peak/Samples/9.mzXML:scan:4277,1,0.76,9,0,MSV000093167,NoID,temp/queries/c9/c9f6889880524dd0a90054518feb68ec/c9f6889880524dd0a90054518feb68ec.mgf,1,434,107570
5-ASA_12-hydroxy-octadec-9-enoic-acid,mzspec:GNPS:MULTIPLEX-SYNTHESIS-LIBRARY-ALL-PARTITION-6:accession:CCMSLIB00016278657,0.0,mzspec:MSV000093167:peak/Samples/9.mzXML:scan:4418,1,0.75,9,0,MSV000093167,NoID,temp/queries/c9/c9f6889880524dd0a90054518feb68ec/c9f6889880524dd0a90054518feb68ec.mgf,1,434,107574
5-ASA_12-hydroxy-octadec-9-enoic-acid,mzspec:GNPS:MULTIPLEX-SYNTHESIS-LIBRARY-ALL-PARTITION-6:accession:CCMSLIB00016278657,0.0,mzspec:MSV000093167:ccms_peak/Raw Files/9.mzML:scan:4418,1,0.75,9,0,MSV000093167,NoID,temp/queries/c9/c9f6889880524dd0a90054518feb68ec/c9f6889880524dd0a90054518feb68ec.mgf,1,434,107243
5-ASA_12-hydroxy-octadec-9-enoic-acid,mzspec:GNPS:MULTIPLEX-SYNTHESIS-LIBRARY-ALL-PARTITION-6:accession:CCMSLIB00016278657,-0.0,mzspec:MSV000087942:ccms_peak/Plate_01_RAW/Tube_028.mzML:scan:2083,1,0.74,9,0,MSV000087942,NoID,temp/queries/c9/c9f6889880524dd0a90054518feb68ec/c9f6889880524dd0a90054518feb68ec.mgf,1,434,554824
5-ASA_12-hydroxy-octadec-9-enoic-acid,mzspec:GNPS:MULTIPLEX-SYNTHESIS-LIBRARY-ALL-PARTITION-6:accession:CCMSLIB00016278657,-0.0,mzspec:MSV000097610:ccms_peak/mzml/PT_S98.mzML:scan:2912,1,0.73,7,0,MSV000097610,NoID,temp/queries/c9/c9f6889880524dd0a90054518feb68ec/c9f6889880524dd0a90054518feb68ec.mgf,1,434,326402
5-ASA_12-hydroxy-octadec-9-enoic-acid,mzspec:GNPS:MULTIPLEX-SYNTHESIS-LIBRARY-ALL-PARTITION-6:accession:CCMSLIB00016278657,-0.01,mzspec:MSV000084908:ccms_peak/Fecal_mzXML/Plate_01/FIT108E3CAL_BB12_01_51874.mzML:scan:3337,1,0.73,9,0,MSV000084908,NoID,temp/queries/c9/c9f6889880524dd0a90054518feb68ec/c9f6889880524dd0a90054518feb68ec.mgf,1,434,485986
5-ASA_12-hydroxy-octadec-9-enoic-acid,mzspec:GNPS:MULTIPLEX-SYNTHESIS-LIBRARY-ALL-PARTITION-6:accession:CCMSLIB00016278657,-0.0,mzspec:MSV000084556:ccms_peak/Raw_data/FD028_T3.mzML:scan:2193,1,0.73,10,0,MSV000084556,NoID,temp/queries/c9/c9f6889880524dd0a90054518feb68ec/c9f6889880524dd0a90054518feb68ec.mgf,1,434,577137
5-ASA_12-hydroxy-octadec-9-enoic-acid,mzspec:GNPS:MULTIPLEX-SYNTHESIS-LIBRARY-ALL-PARTITION-6:accession:CCMSLIB00016278657,-0.0,mzspec:MSV000087942:ccms_peak/Plate_02_RAW/Tube_149.mzML:scan:1997,1,0.73,8,0,MSV000087942,NoID,temp/queries/c9/c9f6889880524dd0a90054518feb68ec/c9f6889880524dd0a90054518feb68ec.mgf,1,434,554901
5-ASA_12-hydroxy-octadec-9-enoic-acid,mzspec:GNPS:MULTIPLEX-SYNTHESIS-LIBRARY-ALL-PARTITION-6:accession:CCMSLIB00016278657,0.0,mzspec:MSV000097610:ccms_peak/mzml/PT_AC_020.mzML:scan:2854,1,0.73,7,0,MSV000097610,NoID,temp/queries/c9/c9f6889880524dd0a90054518feb68ec/c9f6889880524dd0a90054518feb68ec.mgf,1,434,326394
5-ASA_12-hydroxy-octadec-9-enoic-acid,mzspec:GNPS:MULTIPLEX-SYNTHESIS-LIBRARY-ALL-PARTITION-6:accession:CCMSLIB00016278657,-0.0,mzspec:MSV000087942:ccms_peak/Plate_02_RAW/Tube_157.mzML:scan:1992,1,0.73,8,0,MSV000087942,NoID,temp/queries/c9/c9f6889880524dd0a90054518feb68ec/c9f6889880524dd0a90054518feb68ec.mgf,1,434,554813
5-ASA_12-hydroxy-octadec-9-enoic-acid,mzspec:GNPS:MULTIPLEX-SYNTHESIS-LIBRARY-ALL-PARTITION-6:accession:CCMSLIB00016278657,-0.0,mzspec:MSV000087942:ccms_peak/Plate_02_RAW/Tube_131.mzML:scan:1998,1,0.72,7,0,MSV000087942,NoID,temp/queries/c9/c9f6889880524dd0a90054518feb68ec/c9f6889880524dd0a90054518feb68ec.mgf,1,434,554972
5-ASA_12-hydroxy-octadec-9-enoic-acid,mzspec:GNPS:MULTIPLEX-SYNTHESIS-LIBRARY-ALL-PARTITION-6:accession:CCMSLIB00016278657,0.0,mzspec:MSV000082094:updates/2019-01-10_rhmills_712042dc/raw/FIT062E3CAL_GD3_01_12084.mzXML:scan:3359,1,0.72,8,0,MSV000082094,NoID,temp/queries/c9/c9f6889880524dd0a90054518feb68ec/c9f6889880524dd0a90054518feb68ec.mgf,1,434,645915
5-ASA_12-hydroxy-octadec-9-enoic-acid,mzspec:GNPS:MULTIPLEX-SYNTHESIS-LIBRARY-ALL-PARTITION-6:accession:CCMSLIB00016278657,-0.0,mzspec:MSV000087942:ccms_peak/Plate_01_RAW/Tube_038.mzML:scan:2174,1,0.71,8,0,MSV000087942,NoID,temp/queries/c9/c9f6889880524dd0a90054518feb68ec/c9f6889880524dd0a90054518feb68ec.mgf,1,434,555007
5-ASA_12-hydroxy-octadec-9-enoic-acid,mzspec:GNPS:MULTIPLEX-SYNTHESIS-LIBRARY-ALL-PARTITION-6:accession:CCMSLIB00016278657,-0.0,mzspec:MSV000093167:peak/Samples/9.mzXML:scan:4128,1,0.71,8,0,MSV000093167,NoID,temp/queries/c9/c9f6889880524dd0a90054518feb68ec/c9f6889880524dd0a90054518feb68ec.mgf,1,434,107566
5-ASA_12-hydroxy-octadec-9-enoic-acid,mzspec:GNPS:MULTIPLEX-SYNTHESIS-LIBRARY-ALL-PARTITION-6:accession:CCMSLIB00016278657,-0.0,mzspec:MSV000093167:ccms_peak/Raw Files/9.mzML:scan:4128,1,0.71,8,0,MSV000093167,NoID,temp/queries/c9/c9f6889880524dd0a90054518feb68ec/c9f6889880524dd0a90054518feb68ec.mgf,1,434,107235
5-ASA_12-hydroxy-octadec-9-enoic-acid,mzspec:GNPS:MULTIPLEX-SYNTHESIS-LIBRARY-ALL-PARTITION-6:accession:CCMSLIB00016278657,0.0,mzspec:MSV000081492:ccms_peak/Raw_Files/Samples_Treatment/dhmc_1_10.mzML:scan:2586,1,0.71,9,0,MSV000081492,NoID,temp/queries/c9/c9f6889880524dd0a90054518feb68ec/c9f6889880524dd0a90054518feb68ec.mgf,1,434,662987
5-ASA_12-hydroxy-octadec-9-enoic-acid,mzspec:GNPS:MULTIPLEX-SYNTHESIS-LIBRARY-ALL-PARTITION-6:accession:CCMSLIB00016278657,-0.0,mzspec:MSV000082221:ccms_peak/mzxml_files/samples/PLCL22328.1_BB7_01_28345.mzML:scan:1477,1,0.71,9,0,MSV000082221,NoID,temp/queries/c9/c9f6889880524dd0a90054518feb68ec/c9f6889880524dd0a90054518feb68ec.mgf,1,434,68682
5-ASA_12-hydroxy-octadec-9-enoic-acid,mzspec:GNPS:MULTIPLEX-SYNTHESIS-LIBRARY-ALL-PARTITION-6:accession:CCMSLIB00016278657,-0.0,mzspec:MSV000082221:ccms_peak/mzxml_files/samples/PLCL17532_RG2_01_28084.mzML:scan:1478,1,0.71,9,0,MSV000082221,NoID,temp/queries/c9/c9f6889880524dd0a90054518feb68ec/c9f6889880524dd0a90054518feb68ec.mgf,1,434,68777
5-ASA_12-hydroxy-octadec-9-enoic-acid,mzspec:GNPS:MULTIPLEX-SYNTHESIS-LIBRARY-ALL-PARTITION-6:accession:CCMSLIB00016278657,0.0,mzspec:MSV000082094:updates/2019-01-10_rhmills_712042dc/raw/FIT072E3CAL_GD2_01_12083.mzXML:scan:3371,1,0.7,8,0,MSV000082094,NoID,temp/queries/c9/c9f6889880524dd0a90054518feb68ec/c9f6889880524dd0a90054518feb68ec.mgf,1,434,646189
