compound_name,lib_usi,desc,timing
"5-ASA_2,3-dichlorophenol",mzspec:GNPS:MULTIPLEX-SYNTHESIS-LIBRARY-ALL-PARTITION-6:accession:CCMSLIB00016279236,prep,0.0006198883056640625
"5-ASA_2,3-dichlorophenol",mzspec:GNPS:MULTIPLEX-SYNTHESIS-LIBRARY-ALL-PARTITION-6:accession:CCMSLIB00016279236,Search,0.7131690979003906
"5-ASA_2,3-dichlorophenol",mzspec:GNPS:MULTIPLEX-SYNTHESIS-LIBRARY-ALL-PARTITION-6:accession:CCMSLIB00016279236,Parse Query,0.00011181831359863281
"5-ASA_2,3-dichlorophenol",mzspec:GNPS:MULTIPLEX-SYNTHESIS-LIBRARY-ALL-PARTITION-6:accession:CCMSLIB00016279236,Parse Query 2,0.0020461082458496094
"5-ASA_2,3-dichlorophenol",mzspec:GNPS:MULTIPLEX-SYNTHESIS-LIBRARY-ALL-PARTITION-6:accession:CCMSLIB00016279236,Get DB Info,9.012222290039062e-05
"5-ASA_2,3-dichlorophenol",mzspec:GNPS:MULTIPLEX-SYNTHESIS-LIBRARY-ALL-PARTITION-6:accession:CCMSLIB00016279236,Demangle,0.006363630294799805
"5-ASA_2,3-dichlorophenol",mzspec:GNPS:MULTIPLEX-SYNTHESIS-LIBRARY-ALL-PARTITION-6:accession:CCMSLIB00016279236,Group,0.005786418914794922
"5-ASA_2,3-dichlorophenol",mzspec:GNPS:MULTIPLEX-SYNTHESIS-LIBRARY-ALL-PARTITION-6:accession:CCMSLIB00016279236,Enrich datasets,0.38788819313049316
