compound_name,lib_usi,Delta Mass,USI,Charge,Cosine,Matching Peaks,Unit Delta Mass,Dataset,Status,Query Filename,Query Scan,Index UnitPM,Index IdxInUnitPM
"5-ASA_2,4-decadien-1-ol",mzspec:GNPS:MULTIPLEX-SYNTHESIS-LIBRARY-ALL-PARTITION-6:accession:CCMSLIB00016278833,0.0,mzspec:MSV000084738:ccms_peak/Delicatisima_MT_120319_1.mzML:scan:2577,1,0.87,3,0,MSV000084738,NoID,temp/queries/b5/b50d31ec517d433abdb5dd803282d701/b50d31ec517d433abdb5dd803282d701.mgf,1,290,1701450
"5-ASA_2,4-decadien-1-ol",mzspec:GNPS:MULTIPLEX-SYNTHESIS-LIBRARY-ALL-PARTITION-6:accession:CCMSLIB00016278833,-0.0,mzspec:MSV000081753:ccms_peak/data_mzxml/Samples/G79666_1x_RA5_01_20561.mzML:scan:1087,1,0.85,2,0,MSV000081753,NoID,temp/queries/b5/b50d31ec517d433abdb5dd803282d701/b50d31ec517d433abdb5dd803282d701.mgf,1,290,594050
"5-ASA_2,4-decadien-1-ol",mzspec:GNPS:MULTIPLEX-SYNTHESIS-LIBRARY-ALL-PARTITION-6:accession:CCMSLIB00016278833,-0.0,mzspec:MSV000084900:ccms_peak/Global_Foodomics_composite_data_2020/MSV000083010_core/G79666_1x_RA5_01_20561.mzML:scan:1087,1,0.85,2,0,MSV000084900,NoID,temp/queries/b5/b50d31ec517d433abdb5dd803282d701/b50d31ec517d433abdb5dd803282d701.mgf,1,290,740990
"5-ASA_2,4-decadien-1-ol",mzspec:GNPS:MULTIPLEX-SYNTHESIS-LIBRARY-ALL-PARTITION-6:accession:CCMSLIB00016278833,-0.0,mzspec:MSV000084734:ccms_peak/files/Animal_plant_beverage_subset/plants_small/files/G79666_1x_RA5_01_20561.mzML:scan:1087,1,0.85,2,0,MSV000084734,NoID,temp/queries/b5/b50d31ec517d433abdb5dd803282d701/b50d31ec517d433abdb5dd803282d701.mgf,1,290,969993
"5-ASA_2,4-decadien-1-ol",mzspec:GNPS:MULTIPLEX-SYNTHESIS-LIBRARY-ALL-PARTITION-6:accession:CCMSLIB00016278833,-0.0,mzspec:MSV000082074:ccms_peak/Samples/G79666_1x_RA5_01_20561.mzML:scan:1087,1,0.85,2,0,MSV000082074,NoID,temp/queries/b5/b50d31ec517d433abdb5dd803282d701/b50d31ec517d433abdb5dd803282d701.mgf,1,290,1489914
"5-ASA_2,4-decadien-1-ol",mzspec:GNPS:MULTIPLEX-SYNTHESIS-LIBRARY-ALL-PARTITION-6:accession:CCMSLIB00016278833,-0.0,mzspec:MSV000083010:ccms_peak/Samples/G79666_1x_RA5_01_20561.mzML:scan:1087,1,0.85,2,0,MSV000083010,NoID,temp/queries/b5/b50d31ec517d433abdb5dd803282d701/b50d31ec517d433abdb5dd803282d701.mgf,1,290,592684
"5-ASA_2,4-decadien-1-ol",mzspec:GNPS:MULTIPLEX-SYNTHESIS-LIBRARY-ALL-PARTITION-6:accession:CCMSLIB00016278833,-0.02,mzspec:MSV000083475:peak/mzML/Animal_PLATE5_mzML/Plate5_Samples/5D8_3_77_sandin-54-s012-a04.mzML:scan:833,1,0.81,3,0,MSV000083475,NoID,temp/queries/b5/b50d31ec517d433abdb5dd803282d701/b50d31ec517d433abdb5dd803282d701.mgf,1,290,1643184
"5-ASA_2,4-decadien-1-ol",mzspec:GNPS:MULTIPLEX-SYNTHESIS-LIBRARY-ALL-PARTITION-6:accession:CCMSLIB00016278833,-0.02,mzspec:MSV000083475:ccms_peak/RAW/PLATE5/5D8_3_77_sandin-54-s012-a04.mzML:scan:833,1,0.81,3,0,MSV000083475,NoID,temp/queries/b5/b50d31ec517d433abdb5dd803282d701/b50d31ec517d433abdb5dd803282d701.mgf,1,290,1641517
"5-ASA_2,4-decadien-1-ol",mzspec:GNPS:MULTIPLEX-SYNTHESIS-LIBRARY-ALL-PARTITION-6:accession:CCMSLIB00016278833,0.01,mzspec:MSV000090341:ccms_peak/raw/AF5-LIST22-HCD40.mzML:scan:129,1,0.75,1,0,MSV000090341,NoID,temp/queries/b5/b50d31ec517d433abdb5dd803282d701/b50d31ec517d433abdb5dd803282d701.mgf,1,290,1397371
"5-ASA_2,4-decadien-1-ol",mzspec:GNPS:MULTIPLEX-SYNTHESIS-LIBRARY-ALL-PARTITION-6:accession:CCMSLIB00016278833,0.01,mzspec:MSV000090341:peak/mzML/AF5-LIST22-HCD40.mzML:scan:129,1,0.75,1,0,MSV000090341,NoID,temp/queries/b5/b50d31ec517d433abdb5dd803282d701/b50d31ec517d433abdb5dd803282d701.mgf,1,290,1399275
"5-ASA_2,4-decadien-1-ol",mzspec:GNPS:MULTIPLEX-SYNTHESIS-LIBRARY-ALL-PARTITION-6:accession:CCMSLIB00016278833,-0.01,mzspec:MSV000095311:peak/mzML/T2_Omepr_noBac_rep1.mzML:scan:2148,1,0.74,1,0,MSV000095311,NoID,temp/queries/b5/b50d31ec517d433abdb5dd803282d701/b50d31ec517d433abdb5dd803282d701.mgf,1,290,1254651
"5-ASA_2,4-decadien-1-ol",mzspec:GNPS:MULTIPLEX-SYNTHESIS-LIBRARY-ALL-PARTITION-6:accession:CCMSLIB00016278833,-0.01,mzspec:MSV000095311:peak/mzML/T2_Omepr_Bac_rep1.mzML:scan:2152,1,0.73,1,0,MSV000095311,NoID,temp/queries/b5/b50d31ec517d433abdb5dd803282d701/b50d31ec517d433abdb5dd803282d701.mgf,1,290,1255627
"5-ASA_2,4-decadien-1-ol",mzspec:GNPS:MULTIPLEX-SYNTHESIS-LIBRARY-ALL-PARTITION-6:accession:CCMSLIB00016278833,-0.01,mzspec:MSV000095311:peak/mzML/T0_Omepr_noBac_rep1.mzML:scan:2165,1,0.72,1,0,MSV000095311,NoID,temp/queries/b5/b50d31ec517d433abdb5dd803282d701/b50d31ec517d433abdb5dd803282d701.mgf,1,290,1256789
"5-ASA_2,4-decadien-1-ol",mzspec:GNPS:MULTIPLEX-SYNTHESIS-LIBRARY-ALL-PARTITION-6:accession:CCMSLIB00016278833,-0.01,mzspec:MSV000095311:peak/mzML/T5_Omepr_Bac_rep3.mzML:scan:2171,1,0.71,2,0,MSV000095311,NoID,temp/queries/b5/b50d31ec517d433abdb5dd803282d701/b50d31ec517d433abdb5dd803282d701.mgf,1,290,1256493
"5-ASA_2,4-decadien-1-ol",mzspec:GNPS:MULTIPLEX-SYNTHESIS-LIBRARY-ALL-PARTITION-6:accession:CCMSLIB00016278833,-0.01,mzspec:MSV000095311:peak/mzML/T3_Omepr_noBac_rep1.mzML:scan:2170,1,0.71,1,0,MSV000095311,NoID,temp/queries/b5/b50d31ec517d433abdb5dd803282d701/b50d31ec517d433abdb5dd803282d701.mgf,1,290,1256138
