compound_name,lib_usi,Delta Mass,USI,Charge,Cosine,Matching Peaks,Unit Delta Mass,Dataset,Status,Query Filename,Query Scan,Index UnitPM,Index IdxInUnitPM
"5-ASA_2,6-dimethylbenzoic-acid",mzspec:GNPS:MULTIPLEX-SYNTHESIS-LIBRARY-ALL-PARTITION-6:accession:CCMSLIB00016279328,-0.0,mzspec:MSV000096480:raw/230928_01_HILIC_neg/230928_M201_01_HILIC_neg_Blank1.mzXML:scan:1359,1,0.84,1,0,MSV000096480,NoID,temp/queries/cc/ccaf6da837844ab6b87fdd9e0c086d75/ccaf6da837844ab6b87fdd9e0c086d75.mgf,1,286,112735
"5-ASA_2,6-dimethylbenzoic-acid",mzspec:GNPS:MULTIPLEX-SYNTHESIS-LIBRARY-ALL-PARTITION-6:accession:CCMSLIB00016279328,-0.01,mzspec:MSV000096480:raw/230928_01_HILIC_neg/230928_M201_01_HILIC_neg_Blank1.mzXML:scan:1351,1,0.84,1,0,MSV000096480,NoID,temp/queries/cc/ccaf6da837844ab6b87fdd9e0c086d75/ccaf6da837844ab6b87fdd9e0c086d75.mgf,1,286,112734
"5-ASA_2,6-dimethylbenzoic-acid",mzspec:GNPS:MULTIPLEX-SYNTHESIS-LIBRARY-ALL-PARTITION-6:accession:CCMSLIB00016279328,0.01,mzspec:MSV000084783:peak/mzML/84.mzML:scan:1814,1,0.82,2,0,MSV000084783,NoID,temp/queries/cc/ccaf6da837844ab6b87fdd9e0c086d75/ccaf6da837844ab6b87fdd9e0c086d75.mgf,1,286,786360
"5-ASA_2,6-dimethylbenzoic-acid",mzspec:GNPS:MULTIPLEX-SYNTHESIS-LIBRARY-ALL-PARTITION-6:accession:CCMSLIB00016279328,0.01,mzspec:MSV000084783:peak/mzML/95.mzML:scan:1840,1,0.82,2,0,MSV000084783,NoID,temp/queries/cc/ccaf6da837844ab6b87fdd9e0c086d75/ccaf6da837844ab6b87fdd9e0c086d75.mgf,1,286,785622
"5-ASA_2,6-dimethylbenzoic-acid",mzspec:GNPS:MULTIPLEX-SYNTHESIS-LIBRARY-ALL-PARTITION-6:accession:CCMSLIB00016279328,0.01,mzspec:MSV000084783:ccms_peak/Raw/95.mzML:scan:1840,1,0.82,2,0,MSV000084783,NoID,temp/queries/cc/ccaf6da837844ab6b87fdd9e0c086d75/ccaf6da837844ab6b87fdd9e0c086d75.mgf,1,286,786232
"5-ASA_2,6-dimethylbenzoic-acid",mzspec:GNPS:MULTIPLEX-SYNTHESIS-LIBRARY-ALL-PARTITION-6:accession:CCMSLIB00016279328,0.01,mzspec:MSV000084783:ccms_peak/Raw/84.mzML:scan:1814,1,0.82,2,0,MSV000084783,NoID,temp/queries/cc/ccaf6da837844ab6b87fdd9e0c086d75/ccaf6da837844ab6b87fdd9e0c086d75.mgf,1,286,785557
"5-ASA_2,6-dimethylbenzoic-acid",mzspec:GNPS:MULTIPLEX-SYNTHESIS-LIBRARY-ALL-PARTITION-6:accession:CCMSLIB00016279328,0.01,mzspec:MSV000084783:ccms_peak/Raw/83.mzML:scan:1833,1,0.82,2,0,MSV000084783,NoID,temp/queries/cc/ccaf6da837844ab6b87fdd9e0c086d75/ccaf6da837844ab6b87fdd9e0c086d75.mgf,1,286,785433
"5-ASA_2,6-dimethylbenzoic-acid",mzspec:GNPS:MULTIPLEX-SYNTHESIS-LIBRARY-ALL-PARTITION-6:accession:CCMSLIB00016279328,0.01,mzspec:MSV000084783:peak/mzML/61.mzML:scan:1814,1,0.81,2,0,MSV000084783,NoID,temp/queries/cc/ccaf6da837844ab6b87fdd9e0c086d75/ccaf6da837844ab6b87fdd9e0c086d75.mgf,1,286,786545
"5-ASA_2,6-dimethylbenzoic-acid",mzspec:GNPS:MULTIPLEX-SYNTHESIS-LIBRARY-ALL-PARTITION-6:accession:CCMSLIB00016279328,0.01,mzspec:MSV000084783:ccms_peak/Raw/35.mzML:scan:1790,1,0.81,2,0,MSV000084783,NoID,temp/queries/cc/ccaf6da837844ab6b87fdd9e0c086d75/ccaf6da837844ab6b87fdd9e0c086d75.mgf,1,286,786246
"5-ASA_2,6-dimethylbenzoic-acid",mzspec:GNPS:MULTIPLEX-SYNTHESIS-LIBRARY-ALL-PARTITION-6:accession:CCMSLIB00016279328,0.01,mzspec:MSV000084783:peak/mzML/156.mzML:scan:1881,1,0.81,2,0,MSV000084783,NoID,temp/queries/cc/ccaf6da837844ab6b87fdd9e0c086d75/ccaf6da837844ab6b87fdd9e0c086d75.mgf,1,286,785385
"5-ASA_2,6-dimethylbenzoic-acid",mzspec:GNPS:MULTIPLEX-SYNTHESIS-LIBRARY-ALL-PARTITION-6:accession:CCMSLIB00016279328,0.01,mzspec:MSV000084783:peak/mzML/23.mzML:scan:1795,1,0.81,2,0,MSV000084783,NoID,temp/queries/cc/ccaf6da837844ab6b87fdd9e0c086d75/ccaf6da837844ab6b87fdd9e0c086d75.mgf,1,286,785846
"5-ASA_2,6-dimethylbenzoic-acid",mzspec:GNPS:MULTIPLEX-SYNTHESIS-LIBRARY-ALL-PARTITION-6:accession:CCMSLIB00016279328,0.01,mzspec:MSV000084783:peak/mzML/83.mzML:scan:1833,1,0.81,2,0,MSV000084783,NoID,temp/queries/cc/ccaf6da837844ab6b87fdd9e0c086d75/ccaf6da837844ab6b87fdd9e0c086d75.mgf,1,286,786602
"5-ASA_2,6-dimethylbenzoic-acid",mzspec:GNPS:MULTIPLEX-SYNTHESIS-LIBRARY-ALL-PARTITION-6:accession:CCMSLIB00016279328,0.01,mzspec:MSV000084783:ccms_peak/Raw/61.mzML:scan:1814,1,0.81,2,0,MSV000084783,NoID,temp/queries/cc/ccaf6da837844ab6b87fdd9e0c086d75/ccaf6da837844ab6b87fdd9e0c086d75.mgf,1,286,786328
"5-ASA_2,6-dimethylbenzoic-acid",mzspec:GNPS:MULTIPLEX-SYNTHESIS-LIBRARY-ALL-PARTITION-6:accession:CCMSLIB00016279328,0.01,mzspec:MSV000084783:peak/mzML/35.mzML:scan:1790,1,0.81,2,0,MSV000084783,NoID,temp/queries/cc/ccaf6da837844ab6b87fdd9e0c086d75/ccaf6da837844ab6b87fdd9e0c086d75.mgf,1,286,785280
"5-ASA_2,6-dimethylbenzoic-acid",mzspec:GNPS:MULTIPLEX-SYNTHESIS-LIBRARY-ALL-PARTITION-6:accession:CCMSLIB00016279328,0.01,mzspec:MSV000084783:peak/mzML/52.mzML:scan:1795,1,0.81,2,0,MSV000084783,NoID,temp/queries/cc/ccaf6da837844ab6b87fdd9e0c086d75/ccaf6da837844ab6b87fdd9e0c086d75.mgf,1,286,785230
"5-ASA_2,6-dimethylbenzoic-acid",mzspec:GNPS:MULTIPLEX-SYNTHESIS-LIBRARY-ALL-PARTITION-6:accession:CCMSLIB00016279328,0.01,mzspec:MSV000084783:ccms_peak/Raw/23.mzML:scan:1795,1,0.81,2,0,MSV000084783,NoID,temp/queries/cc/ccaf6da837844ab6b87fdd9e0c086d75/ccaf6da837844ab6b87fdd9e0c086d75.mgf,1,286,786530
"5-ASA_2,6-dimethylbenzoic-acid",mzspec:GNPS:MULTIPLEX-SYNTHESIS-LIBRARY-ALL-PARTITION-6:accession:CCMSLIB00016279328,0.01,mzspec:MSV000084783:ccms_peak/Raw/97.mzML:scan:1849,1,0.81,2,0,MSV000084783,NoID,temp/queries/cc/ccaf6da837844ab6b87fdd9e0c086d75/ccaf6da837844ab6b87fdd9e0c086d75.mgf,1,286,786240
"5-ASA_2,6-dimethylbenzoic-acid",mzspec:GNPS:MULTIPLEX-SYNTHESIS-LIBRARY-ALL-PARTITION-6:accession:CCMSLIB00016279328,0.01,mzspec:MSV000084783:ccms_peak/Raw/200.mzML:scan:1923,1,0.81,2,0,MSV000084783,NoID,temp/queries/cc/ccaf6da837844ab6b87fdd9e0c086d75/ccaf6da837844ab6b87fdd9e0c086d75.mgf,1,286,786198
"5-ASA_2,6-dimethylbenzoic-acid",mzspec:GNPS:MULTIPLEX-SYNTHESIS-LIBRARY-ALL-PARTITION-6:accession:CCMSLIB00016279328,0.01,mzspec:MSV000084783:ccms_peak/Raw/156.mzML:scan:1881,1,0.81,2,0,MSV000084783,NoID,temp/queries/cc/ccaf6da837844ab6b87fdd9e0c086d75/ccaf6da837844ab6b87fdd9e0c086d75.mgf,1,286,786110
"5-ASA_2,6-dimethylbenzoic-acid",mzspec:GNPS:MULTIPLEX-SYNTHESIS-LIBRARY-ALL-PARTITION-6:accession:CCMSLIB00016279328,0.01,mzspec:MSV000084783:peak/mzML/170_2.mzML:scan:1915,1,0.81,2,0,MSV000084783,NoID,temp/queries/cc/ccaf6da837844ab6b87fdd9e0c086d75/ccaf6da837844ab6b87fdd9e0c086d75.mgf,1,286,785213
"5-ASA_2,6-dimethylbenzoic-acid",mzspec:GNPS:MULTIPLEX-SYNTHESIS-LIBRARY-ALL-PARTITION-6:accession:CCMSLIB00016279328,0.01,mzspec:MSV000084783:peak/mzML/48.mzML:scan:1800,1,0.81,2,0,MSV000084783,NoID,temp/queries/cc/ccaf6da837844ab6b87fdd9e0c086d75/ccaf6da837844ab6b87fdd9e0c086d75.mgf,1,286,786712
"5-ASA_2,6-dimethylbenzoic-acid",mzspec:GNPS:MULTIPLEX-SYNTHESIS-LIBRARY-ALL-PARTITION-6:accession:CCMSLIB00016279328,0.01,mzspec:MSV000084783:peak/mzML/200.mzML:scan:1923,1,0.81,2,0,MSV000084783,NoID,temp/queries/cc/ccaf6da837844ab6b87fdd9e0c086d75/ccaf6da837844ab6b87fdd9e0c086d75.mgf,1,286,786644
"5-ASA_2,6-dimethylbenzoic-acid",mzspec:GNPS:MULTIPLEX-SYNTHESIS-LIBRARY-ALL-PARTITION-6:accession:CCMSLIB00016279328,0.01,mzspec:MSV000084783:peak/mzML/170.mzML:scan:1892,1,0.81,2,0,MSV000084783,NoID,temp/queries/cc/ccaf6da837844ab6b87fdd9e0c086d75/ccaf6da837844ab6b87fdd9e0c086d75.mgf,1,286,785810
"5-ASA_2,6-dimethylbenzoic-acid",mzspec:GNPS:MULTIPLEX-SYNTHESIS-LIBRARY-ALL-PARTITION-6:accession:CCMSLIB00016279328,0.01,mzspec:MSV000084783:peak/mzML/62.mzML:scan:1818,1,0.81,2,0,MSV000084783,NoID,temp/queries/cc/ccaf6da837844ab6b87fdd9e0c086d75/ccaf6da837844ab6b87fdd9e0c086d75.mgf,1,286,786427
"5-ASA_2,6-dimethylbenzoic-acid",mzspec:GNPS:MULTIPLEX-SYNTHESIS-LIBRARY-ALL-PARTITION-6:accession:CCMSLIB00016279328,0.01,mzspec:MSV000084783:ccms_peak/Raw/55.mzML:scan:1817,1,0.81,2,0,MSV000084783,NoID,temp/queries/cc/ccaf6da837844ab6b87fdd9e0c086d75/ccaf6da837844ab6b87fdd9e0c086d75.mgf,1,286,786349
"5-ASA_2,6-dimethylbenzoic-acid",mzspec:GNPS:MULTIPLEX-SYNTHESIS-LIBRARY-ALL-PARTITION-6:accession:CCMSLIB00016279328,0.01,mzspec:MSV000084783:peak/mzML/97.mzML:scan:1849,1,0.81,2,0,MSV000084783,NoID,temp/queries/cc/ccaf6da837844ab6b87fdd9e0c086d75/ccaf6da837844ab6b87fdd9e0c086d75.mgf,1,286,786599
"5-ASA_2,6-dimethylbenzoic-acid",mzspec:GNPS:MULTIPLEX-SYNTHESIS-LIBRARY-ALL-PARTITION-6:accession:CCMSLIB00016279328,0.01,mzspec:MSV000084783:peak/mzML/55.mzML:scan:1817,1,0.81,2,0,MSV000084783,NoID,temp/queries/cc/ccaf6da837844ab6b87fdd9e0c086d75/ccaf6da837844ab6b87fdd9e0c086d75.mgf,1,286,786131
"5-ASA_2,6-dimethylbenzoic-acid",mzspec:GNPS:MULTIPLEX-SYNTHESIS-LIBRARY-ALL-PARTITION-6:accession:CCMSLIB00016279328,0.01,mzspec:MSV000084783:ccms_peak/Raw/170_2.mzML:scan:1915,1,0.81,2,0,MSV000084783,NoID,temp/queries/cc/ccaf6da837844ab6b87fdd9e0c086d75/ccaf6da837844ab6b87fdd9e0c086d75.mgf,1,286,786070
"5-ASA_2,6-dimethylbenzoic-acid",mzspec:GNPS:MULTIPLEX-SYNTHESIS-LIBRARY-ALL-PARTITION-6:accession:CCMSLIB00016279328,0.01,mzspec:MSV000084783:ccms_peak/Raw/52.mzML:scan:1795,1,0.81,2,0,MSV000084783,NoID,temp/queries/cc/ccaf6da837844ab6b87fdd9e0c086d75/ccaf6da837844ab6b87fdd9e0c086d75.mgf,1,286,786122
"5-ASA_2,6-dimethylbenzoic-acid",mzspec:GNPS:MULTIPLEX-SYNTHESIS-LIBRARY-ALL-PARTITION-6:accession:CCMSLIB00016279328,0.01,mzspec:MSV000084783:peak/mzML/25.mzML:scan:1781,1,0.81,2,0,MSV000084783,NoID,temp/queries/cc/ccaf6da837844ab6b87fdd9e0c086d75/ccaf6da837844ab6b87fdd9e0c086d75.mgf,1,286,785888
"5-ASA_2,6-dimethylbenzoic-acid",mzspec:GNPS:MULTIPLEX-SYNTHESIS-LIBRARY-ALL-PARTITION-6:accession:CCMSLIB00016279328,0.01,mzspec:MSV000084783:ccms_peak/Raw/25.mzML:scan:1781,1,0.81,2,0,MSV000084783,NoID,temp/queries/cc/ccaf6da837844ab6b87fdd9e0c086d75/ccaf6da837844ab6b87fdd9e0c086d75.mgf,1,286,785761
"5-ASA_2,6-dimethylbenzoic-acid",mzspec:GNPS:MULTIPLEX-SYNTHESIS-LIBRARY-ALL-PARTITION-6:accession:CCMSLIB00016279328,0.01,mzspec:MSV000084783:ccms_peak/Raw/170.mzML:scan:1892,1,0.81,2,0,MSV000084783,NoID,temp/queries/cc/ccaf6da837844ab6b87fdd9e0c086d75/ccaf6da837844ab6b87fdd9e0c086d75.mgf,1,286,785896
"5-ASA_2,6-dimethylbenzoic-acid",mzspec:GNPS:MULTIPLEX-SYNTHESIS-LIBRARY-ALL-PARTITION-6:accession:CCMSLIB00016279328,0.01,mzspec:MSV000084783:ccms_peak/Raw/62.mzML:scan:1818,1,0.81,2,0,MSV000084783,NoID,temp/queries/cc/ccaf6da837844ab6b87fdd9e0c086d75/ccaf6da837844ab6b87fdd9e0c086d75.mgf,1,286,786612
"5-ASA_2,6-dimethylbenzoic-acid",mzspec:GNPS:MULTIPLEX-SYNTHESIS-LIBRARY-ALL-PARTITION-6:accession:CCMSLIB00016279328,0.01,mzspec:MSV000084783:ccms_peak/Raw/48.mzML:scan:1800,1,0.81,2,0,MSV000084783,NoID,temp/queries/cc/ccaf6da837844ab6b87fdd9e0c086d75/ccaf6da837844ab6b87fdd9e0c086d75.mgf,1,286,785448
"5-ASA_2,6-dimethylbenzoic-acid",mzspec:GNPS:MULTIPLEX-SYNTHESIS-LIBRARY-ALL-PARTITION-6:accession:CCMSLIB00016279328,0.01,mzspec:MSV000084783:ccms_peak/Raw/53.mzML:scan:1825,1,0.8,2,0,MSV000084783,NoID,temp/queries/cc/ccaf6da837844ab6b87fdd9e0c086d75/ccaf6da837844ab6b87fdd9e0c086d75.mgf,1,286,786722
"5-ASA_2,6-dimethylbenzoic-acid",mzspec:GNPS:MULTIPLEX-SYNTHESIS-LIBRARY-ALL-PARTITION-6:accession:CCMSLIB00016279328,0.01,mzspec:MSV000084783:peak/mzML/208.mzML:scan:1969,1,0.8,2,0,MSV000084783,NoID,temp/queries/cc/ccaf6da837844ab6b87fdd9e0c086d75/ccaf6da837844ab6b87fdd9e0c086d75.mgf,1,286,785902
"5-ASA_2,6-dimethylbenzoic-acid",mzspec:GNPS:MULTIPLEX-SYNTHESIS-LIBRARY-ALL-PARTITION-6:accession:CCMSLIB00016279328,0.01,mzspec:MSV000084783:peak/mzML/53.mzML:scan:1825,1,0.8,2,0,MSV000084783,NoID,temp/queries/cc/ccaf6da837844ab6b87fdd9e0c086d75/ccaf6da837844ab6b87fdd9e0c086d75.mgf,1,286,786276
"5-ASA_2,6-dimethylbenzoic-acid",mzspec:GNPS:MULTIPLEX-SYNTHESIS-LIBRARY-ALL-PARTITION-6:accession:CCMSLIB00016279328,0.01,mzspec:MSV000084783:ccms_peak/Raw/47.mzML:scan:1795,1,0.8,2,0,MSV000084783,NoID,temp/queries/cc/ccaf6da837844ab6b87fdd9e0c086d75/ccaf6da837844ab6b87fdd9e0c086d75.mgf,1,286,786396
"5-ASA_2,6-dimethylbenzoic-acid",mzspec:GNPS:MULTIPLEX-SYNTHESIS-LIBRARY-ALL-PARTITION-6:accession:CCMSLIB00016279328,0.01,mzspec:MSV000084783:ccms_peak/Raw/168.mzML:scan:1895,1,0.8,2,0,MSV000084783,NoID,temp/queries/cc/ccaf6da837844ab6b87fdd9e0c086d75/ccaf6da837844ab6b87fdd9e0c086d75.mgf,1,286,786585
"5-ASA_2,6-dimethylbenzoic-acid",mzspec:GNPS:MULTIPLEX-SYNTHESIS-LIBRARY-ALL-PARTITION-6:accession:CCMSLIB00016279328,0.01,mzspec:MSV000084783:peak/mzML/213.mzML:scan:1917,1,0.8,2,0,MSV000084783,NoID,temp/queries/cc/ccaf6da837844ab6b87fdd9e0c086d75/ccaf6da837844ab6b87fdd9e0c086d75.mgf,1,286,786537
"5-ASA_2,6-dimethylbenzoic-acid",mzspec:GNPS:MULTIPLEX-SYNTHESIS-LIBRARY-ALL-PARTITION-6:accession:CCMSLIB00016279328,0.01,mzspec:MSV000084783:ccms_peak/Raw/154.mzML:scan:1871,1,0.8,2,0,MSV000084783,NoID,temp/queries/cc/ccaf6da837844ab6b87fdd9e0c086d75/ccaf6da837844ab6b87fdd9e0c086d75.mgf,1,286,785248
"5-ASA_2,6-dimethylbenzoic-acid",mzspec:GNPS:MULTIPLEX-SYNTHESIS-LIBRARY-ALL-PARTITION-6:accession:CCMSLIB00016279328,0.01,mzspec:MSV000084783:peak/mzML/154.mzML:scan:1871,1,0.8,2,0,MSV000084783,NoID,temp/queries/cc/ccaf6da837844ab6b87fdd9e0c086d75/ccaf6da837844ab6b87fdd9e0c086d75.mgf,1,286,785562
"5-ASA_2,6-dimethylbenzoic-acid",mzspec:GNPS:MULTIPLEX-SYNTHESIS-LIBRARY-ALL-PARTITION-6:accession:CCMSLIB00016279328,0.01,mzspec:MSV000084783:ccms_peak/Raw/143.mzML:scan:1848,1,0.8,2,0,MSV000084783,NoID,temp/queries/cc/ccaf6da837844ab6b87fdd9e0c086d75/ccaf6da837844ab6b87fdd9e0c086d75.mgf,1,286,786801
"5-ASA_2,6-dimethylbenzoic-acid",mzspec:GNPS:MULTIPLEX-SYNTHESIS-LIBRARY-ALL-PARTITION-6:accession:CCMSLIB00016279328,0.01,mzspec:MSV000084783:peak/mzML/143.mzML:scan:1848,1,0.8,2,0,MSV000084783,NoID,temp/queries/cc/ccaf6da837844ab6b87fdd9e0c086d75/ccaf6da837844ab6b87fdd9e0c086d75.mgf,1,286,786794
"5-ASA_2,6-dimethylbenzoic-acid",mzspec:GNPS:MULTIPLEX-SYNTHESIS-LIBRARY-ALL-PARTITION-6:accession:CCMSLIB00016279328,0.01,mzspec:MSV000084783:peak/mzML/65.mzML:scan:1848,1,0.8,2,0,MSV000084783,NoID,temp/queries/cc/ccaf6da837844ab6b87fdd9e0c086d75/ccaf6da837844ab6b87fdd9e0c086d75.mgf,1,286,785381
"5-ASA_2,6-dimethylbenzoic-acid",mzspec:GNPS:MULTIPLEX-SYNTHESIS-LIBRARY-ALL-PARTITION-6:accession:CCMSLIB00016279328,0.01,mzspec:MSV000084783:peak/mzML/137.mzML:scan:1869,1,0.8,2,0,MSV000084783,NoID,temp/queries/cc/ccaf6da837844ab6b87fdd9e0c086d75/ccaf6da837844ab6b87fdd9e0c086d75.mgf,1,286,785825
"5-ASA_2,6-dimethylbenzoic-acid",mzspec:GNPS:MULTIPLEX-SYNTHESIS-LIBRARY-ALL-PARTITION-6:accession:CCMSLIB00016279328,0.01,mzspec:MSV000084783:peak/mzML/210.mzML:scan:1896,1,0.8,2,0,MSV000084783,NoID,temp/queries/cc/ccaf6da837844ab6b87fdd9e0c086d75/ccaf6da837844ab6b87fdd9e0c086d75.mgf,1,286,785742
"5-ASA_2,6-dimethylbenzoic-acid",mzspec:GNPS:MULTIPLEX-SYNTHESIS-LIBRARY-ALL-PARTITION-6:accession:CCMSLIB00016279328,0.01,mzspec:MSV000084783:ccms_peak/Raw/139.mzML:scan:1874,1,0.8,2,0,MSV000084783,NoID,temp/queries/cc/ccaf6da837844ab6b87fdd9e0c086d75/ccaf6da837844ab6b87fdd9e0c086d75.mgf,1,286,785737
"5-ASA_2,6-dimethylbenzoic-acid",mzspec:GNPS:MULTIPLEX-SYNTHESIS-LIBRARY-ALL-PARTITION-6:accession:CCMSLIB00016279328,0.01,mzspec:MSV000084783:peak/mzML/38.mzML:scan:1788,1,0.8,2,0,MSV000084783,NoID,temp/queries/cc/ccaf6da837844ab6b87fdd9e0c086d75/ccaf6da837844ab6b87fdd9e0c086d75.mgf,1,286,785669
"5-ASA_2,6-dimethylbenzoic-acid",mzspec:GNPS:MULTIPLEX-SYNTHESIS-LIBRARY-ALL-PARTITION-6:accession:CCMSLIB00016279328,0.01,mzspec:MSV000084783:peak/mzML/168.mzML:scan:1895,1,0.8,2,0,MSV000084783,NoID,temp/queries/cc/ccaf6da837844ab6b87fdd9e0c086d75/ccaf6da837844ab6b87fdd9e0c086d75.mgf,1,286,786523
"5-ASA_2,6-dimethylbenzoic-acid",mzspec:GNPS:MULTIPLEX-SYNTHESIS-LIBRARY-ALL-PARTITION-6:accession:CCMSLIB00016279328,0.01,mzspec:MSV000084783:peak/mzML/140_20200109103301.mzML:scan:2103,1,0.8,2,0,MSV000084783,NoID,temp/queries/cc/ccaf6da837844ab6b87fdd9e0c086d75/ccaf6da837844ab6b87fdd9e0c086d75.mgf,1,286,785609
"5-ASA_2,6-dimethylbenzoic-acid",mzspec:GNPS:MULTIPLEX-SYNTHESIS-LIBRARY-ALL-PARTITION-6:accession:CCMSLIB00016279328,0.01,mzspec:MSV000084783:peak/mzML/211.mzML:scan:1909,1,0.8,2,0,MSV000084783,NoID,temp/queries/cc/ccaf6da837844ab6b87fdd9e0c086d75/ccaf6da837844ab6b87fdd9e0c086d75.mgf,1,286,786432
"5-ASA_2,6-dimethylbenzoic-acid",mzspec:GNPS:MULTIPLEX-SYNTHESIS-LIBRARY-ALL-PARTITION-6:accession:CCMSLIB00016279328,0.01,mzspec:MSV000084783:ccms_peak/Raw/221.mzML:scan:1950,1,0.8,2,0,MSV000084783,NoID,temp/queries/cc/ccaf6da837844ab6b87fdd9e0c086d75/ccaf6da837844ab6b87fdd9e0c086d75.mgf,1,286,786048
"5-ASA_2,6-dimethylbenzoic-acid",mzspec:GNPS:MULTIPLEX-SYNTHESIS-LIBRARY-ALL-PARTITION-6:accession:CCMSLIB00016279328,0.01,mzspec:MSV000084783:ccms_peak/Raw/216.mzML:scan:1922,1,0.8,2,0,MSV000084783,NoID,temp/queries/cc/ccaf6da837844ab6b87fdd9e0c086d75/ccaf6da837844ab6b87fdd9e0c086d75.mgf,1,286,786059
"5-ASA_2,6-dimethylbenzoic-acid",mzspec:GNPS:MULTIPLEX-SYNTHESIS-LIBRARY-ALL-PARTITION-6:accession:CCMSLIB00016279328,0.01,mzspec:MSV000084783:ccms_peak/Raw/173_2_20200109100106.mzML:scan:1958,1,0.8,2,0,MSV000084783,NoID,temp/queries/cc/ccaf6da837844ab6b87fdd9e0c086d75/ccaf6da837844ab6b87fdd9e0c086d75.mgf,1,286,786053
"5-ASA_2,6-dimethylbenzoic-acid",mzspec:GNPS:MULTIPLEX-SYNTHESIS-LIBRARY-ALL-PARTITION-6:accession:CCMSLIB00016279328,0.01,mzspec:MSV000084783:ccms_peak/Raw/33.mzML:scan:1773,1,0.8,2,0,MSV000084783,NoID,temp/queries/cc/ccaf6da837844ab6b87fdd9e0c086d75/ccaf6da837844ab6b87fdd9e0c086d75.mgf,1,286,786101
"5-ASA_2,6-dimethylbenzoic-acid",mzspec:GNPS:MULTIPLEX-SYNTHESIS-LIBRARY-ALL-PARTITION-6:accession:CCMSLIB00016279328,0.01,mzspec:MSV000084783:ccms_peak/Raw/38.mzML:scan:1788,1,0.8,2,0,MSV000084783,NoID,temp/queries/cc/ccaf6da837844ab6b87fdd9e0c086d75/ccaf6da837844ab6b87fdd9e0c086d75.mgf,1,286,785949
"5-ASA_2,6-dimethylbenzoic-acid",mzspec:GNPS:MULTIPLEX-SYNTHESIS-LIBRARY-ALL-PARTITION-6:accession:CCMSLIB00016279328,0.01,mzspec:MSV000084783:peak/mzML/142.mzML:scan:1856,1,0.8,2,0,MSV000084783,NoID,temp/queries/cc/ccaf6da837844ab6b87fdd9e0c086d75/ccaf6da837844ab6b87fdd9e0c086d75.mgf,1,286,785977
"5-ASA_2,6-dimethylbenzoic-acid",mzspec:GNPS:MULTIPLEX-SYNTHESIS-LIBRARY-ALL-PARTITION-6:accession:CCMSLIB00016279328,0.01,mzspec:MSV000084783:peak/mzML/223.mzML:scan:1917,1,0.8,2,0,MSV000084783,NoID,temp/queries/cc/ccaf6da837844ab6b87fdd9e0c086d75/ccaf6da837844ab6b87fdd9e0c086d75.mgf,1,286,786013
"5-ASA_2,6-dimethylbenzoic-acid",mzspec:GNPS:MULTIPLEX-SYNTHESIS-LIBRARY-ALL-PARTITION-6:accession:CCMSLIB00016279328,0.01,mzspec:MSV000084783:peak/mzML/20.mzML:scan:1781,1,0.8,2,0,MSV000084783,NoID,temp/queries/cc/ccaf6da837844ab6b87fdd9e0c086d75/ccaf6da837844ab6b87fdd9e0c086d75.mgf,1,286,786027
"5-ASA_2,6-dimethylbenzoic-acid",mzspec:GNPS:MULTIPLEX-SYNTHESIS-LIBRARY-ALL-PARTITION-6:accession:CCMSLIB00016279328,0.01,mzspec:MSV000084783:ccms_peak/Raw/122.mzML:scan:1850,1,0.8,2,0,MSV000084783,NoID,temp/queries/cc/ccaf6da837844ab6b87fdd9e0c086d75/ccaf6da837844ab6b87fdd9e0c086d75.mgf,1,286,786031
"5-ASA_2,6-dimethylbenzoic-acid",mzspec:GNPS:MULTIPLEX-SYNTHESIS-LIBRARY-ALL-PARTITION-6:accession:CCMSLIB00016279328,0.01,mzspec:MSV000084783:ccms_peak/Raw/140.mzML:scan:1886,1,0.8,2,0,MSV000084783,NoID,temp/queries/cc/ccaf6da837844ab6b87fdd9e0c086d75/ccaf6da837844ab6b87fdd9e0c086d75.mgf,1,286,786617
"5-ASA_2,6-dimethylbenzoic-acid",mzspec:GNPS:MULTIPLEX-SYNTHESIS-LIBRARY-ALL-PARTITION-6:accession:CCMSLIB00016279328,0.01,mzspec:MSV000084783:ccms_peak/Raw/223.mzML:scan:1917,1,0.8,2,0,MSV000084783,NoID,temp/queries/cc/ccaf6da837844ab6b87fdd9e0c086d75/ccaf6da837844ab6b87fdd9e0c086d75.mgf,1,286,786706
"5-ASA_2,6-dimethylbenzoic-acid",mzspec:GNPS:MULTIPLEX-SYNTHESIS-LIBRARY-ALL-PARTITION-6:accession:CCMSLIB00016279328,0.01,mzspec:MSV000084783:ccms_peak/Raw/140_20200109103301.mzML:scan:2103,1,0.8,2,0,MSV000084783,NoID,temp/queries/cc/ccaf6da837844ab6b87fdd9e0c086d75/ccaf6da837844ab6b87fdd9e0c086d75.mgf,1,286,786697
"5-ASA_2,6-dimethylbenzoic-acid",mzspec:GNPS:MULTIPLEX-SYNTHESIS-LIBRARY-ALL-PARTITION-6:accession:CCMSLIB00016279328,0.01,mzspec:MSV000084783:ccms_peak/Raw/211.mzML:scan:1909,1,0.8,2,0,MSV000084783,NoID,temp/queries/cc/ccaf6da837844ab6b87fdd9e0c086d75/ccaf6da837844ab6b87fdd9e0c086d75.mgf,1,286,786671
"5-ASA_2,6-dimethylbenzoic-acid",mzspec:GNPS:MULTIPLEX-SYNTHESIS-LIBRARY-ALL-PARTITION-6:accession:CCMSLIB00016279328,0.01,mzspec:MSV000084783:peak/mzML/139.mzML:scan:1874,1,0.8,2,0,MSV000084783,NoID,temp/queries/cc/ccaf6da837844ab6b87fdd9e0c086d75/ccaf6da837844ab6b87fdd9e0c086d75.mgf,1,286,786766
"5-ASA_2,6-dimethylbenzoic-acid",mzspec:GNPS:MULTIPLEX-SYNTHESIS-LIBRARY-ALL-PARTITION-6:accession:CCMSLIB00016279328,0.01,mzspec:MSV000084783:peak/mzML/216.mzML:scan:1922,1,0.8,2,0,MSV000084783,NoID,temp/queries/cc/ccaf6da837844ab6b87fdd9e0c086d75/ccaf6da837844ab6b87fdd9e0c086d75.mgf,1,286,786790
"5-ASA_2,6-dimethylbenzoic-acid",mzspec:GNPS:MULTIPLEX-SYNTHESIS-LIBRARY-ALL-PARTITION-6:accession:CCMSLIB00016279328,0.01,mzspec:MSV000084783:ccms_peak/Raw/213.mzML:scan:1917,1,0.8,2,0,MSV000084783,NoID,temp/queries/cc/ccaf6da837844ab6b87fdd9e0c086d75/ccaf6da837844ab6b87fdd9e0c086d75.mgf,1,286,786755
"5-ASA_2,6-dimethylbenzoic-acid",mzspec:GNPS:MULTIPLEX-SYNTHESIS-LIBRARY-ALL-PARTITION-6:accession:CCMSLIB00016279328,0.01,mzspec:MSV000084783:peak/mzML/47.mzML:scan:1795,1,0.8,2,0,MSV000084783,NoID,temp/queries/cc/ccaf6da837844ab6b87fdd9e0c086d75/ccaf6da837844ab6b87fdd9e0c086d75.mgf,1,286,786796
"5-ASA_2,6-dimethylbenzoic-acid",mzspec:GNPS:MULTIPLEX-SYNTHESIS-LIBRARY-ALL-PARTITION-6:accession:CCMSLIB00016279328,0.01,mzspec:MSV000084783:ccms_peak/Raw/208.mzML:scan:1969,1,0.8,2,0,MSV000084783,NoID,temp/queries/cc/ccaf6da837844ab6b87fdd9e0c086d75/ccaf6da837844ab6b87fdd9e0c086d75.mgf,1,286,785625
"5-ASA_2,6-dimethylbenzoic-acid",mzspec:GNPS:MULTIPLEX-SYNTHESIS-LIBRARY-ALL-PARTITION-6:accession:CCMSLIB00016279328,0.01,mzspec:MSV000084783:peak/mzML/67.mzML:scan:1839,1,0.8,2,0,MSV000084783,NoID,temp/queries/cc/ccaf6da837844ab6b87fdd9e0c086d75/ccaf6da837844ab6b87fdd9e0c086d75.mgf,1,286,786036
"5-ASA_2,6-dimethylbenzoic-acid",mzspec:GNPS:MULTIPLEX-SYNTHESIS-LIBRARY-ALL-PARTITION-6:accession:CCMSLIB00016279328,0.01,mzspec:MSV000084783:ccms_peak/Raw/67.mzML:scan:1839,1,0.8,2,0,MSV000084783,NoID,temp/queries/cc/ccaf6da837844ab6b87fdd9e0c086d75/ccaf6da837844ab6b87fdd9e0c086d75.mgf,1,286,785638
"5-ASA_2,6-dimethylbenzoic-acid",mzspec:GNPS:MULTIPLEX-SYNTHESIS-LIBRARY-ALL-PARTITION-6:accession:CCMSLIB00016279328,0.01,mzspec:MSV000084783:peak/mzML/221.mzML:scan:1950,1,0.8,2,0,MSV000084783,NoID,temp/queries/cc/ccaf6da837844ab6b87fdd9e0c086d75/ccaf6da837844ab6b87fdd9e0c086d75.mgf,1,286,785935
"5-ASA_2,6-dimethylbenzoic-acid",mzspec:GNPS:MULTIPLEX-SYNTHESIS-LIBRARY-ALL-PARTITION-6:accession:CCMSLIB00016279328,0.01,mzspec:MSV000084783:ccms_peak/Raw/142.mzML:scan:1856,1,0.8,2,0,MSV000084783,NoID,temp/queries/cc/ccaf6da837844ab6b87fdd9e0c086d75/ccaf6da837844ab6b87fdd9e0c086d75.mgf,1,286,785412
"5-ASA_2,6-dimethylbenzoic-acid",mzspec:GNPS:MULTIPLEX-SYNTHESIS-LIBRARY-ALL-PARTITION-6:accession:CCMSLIB00016279328,0.01,mzspec:MSV000084783:ccms_peak/Raw/137.mzML:scan:1869,1,0.8,2,0,MSV000084783,NoID,temp/queries/cc/ccaf6da837844ab6b87fdd9e0c086d75/ccaf6da837844ab6b87fdd9e0c086d75.mgf,1,286,785407
"5-ASA_2,6-dimethylbenzoic-acid",mzspec:GNPS:MULTIPLEX-SYNTHESIS-LIBRARY-ALL-PARTITION-6:accession:CCMSLIB00016279328,0.01,mzspec:MSV000084783:peak/mzML/155.mzML:scan:1910,1,0.8,2,0,MSV000084783,NoID,temp/queries/cc/ccaf6da837844ab6b87fdd9e0c086d75/ccaf6da837844ab6b87fdd9e0c086d75.mgf,1,286,786732
"5-ASA_2,6-dimethylbenzoic-acid",mzspec:GNPS:MULTIPLEX-SYNTHESIS-LIBRARY-ALL-PARTITION-6:accession:CCMSLIB00016279328,0.01,mzspec:MSV000084783:peak/mzML/173_2_20200109100106.mzML:scan:1958,1,0.8,2,0,MSV000084783,NoID,temp/queries/cc/ccaf6da837844ab6b87fdd9e0c086d75/ccaf6da837844ab6b87fdd9e0c086d75.mgf,1,286,785259
"5-ASA_2,6-dimethylbenzoic-acid",mzspec:GNPS:MULTIPLEX-SYNTHESIS-LIBRARY-ALL-PARTITION-6:accession:CCMSLIB00016279328,0.01,mzspec:MSV000084783:ccms_peak/Raw/155.mzML:scan:1910,1,0.8,2,0,MSV000084783,NoID,temp/queries/cc/ccaf6da837844ab6b87fdd9e0c086d75/ccaf6da837844ab6b87fdd9e0c086d75.mgf,1,286,786701
"5-ASA_2,6-dimethylbenzoic-acid",mzspec:GNPS:MULTIPLEX-SYNTHESIS-LIBRARY-ALL-PARTITION-6:accession:CCMSLIB00016279328,0.01,mzspec:MSV000084783:peak/mzML/151.mzML:scan:1893,1,0.8,2,0,MSV000084783,NoID,temp/queries/cc/ccaf6da837844ab6b87fdd9e0c086d75/ccaf6da837844ab6b87fdd9e0c086d75.mgf,1,286,786624
"5-ASA_2,6-dimethylbenzoic-acid",mzspec:GNPS:MULTIPLEX-SYNTHESIS-LIBRARY-ALL-PARTITION-6:accession:CCMSLIB00016279328,0.01,mzspec:MSV000084783:peak/mzML/140.mzML:scan:1886,1,0.8,2,0,MSV000084783,NoID,temp/queries/cc/ccaf6da837844ab6b87fdd9e0c086d75/ccaf6da837844ab6b87fdd9e0c086d75.mgf,1,286,785830
"5-ASA_2,6-dimethylbenzoic-acid",mzspec:GNPS:MULTIPLEX-SYNTHESIS-LIBRARY-ALL-PARTITION-6:accession:CCMSLIB00016279328,0.01,mzspec:MSV000084783:peak/mzML/122.mzML:scan:1850,1,0.8,2,0,MSV000084783,NoID,temp/queries/cc/ccaf6da837844ab6b87fdd9e0c086d75/ccaf6da837844ab6b87fdd9e0c086d75.mgf,1,286,785863
"5-ASA_2,6-dimethylbenzoic-acid",mzspec:GNPS:MULTIPLEX-SYNTHESIS-LIBRARY-ALL-PARTITION-6:accession:CCMSLIB00016279328,0.01,mzspec:MSV000084783:peak/mzML/92.mzML:scan:1783,1,0.8,2,0,MSV000084783,NoID,temp/queries/cc/ccaf6da837844ab6b87fdd9e0c086d75/ccaf6da837844ab6b87fdd9e0c086d75.mgf,1,286,785711
"5-ASA_2,6-dimethylbenzoic-acid",mzspec:GNPS:MULTIPLEX-SYNTHESIS-LIBRARY-ALL-PARTITION-6:accession:CCMSLIB00016279328,0.01,mzspec:MSV000084783:ccms_peak/Raw/151.mzML:scan:1893,1,0.8,2,0,MSV000084783,NoID,temp/queries/cc/ccaf6da837844ab6b87fdd9e0c086d75/ccaf6da837844ab6b87fdd9e0c086d75.mgf,1,286,785695
"5-ASA_2,6-dimethylbenzoic-acid",mzspec:GNPS:MULTIPLEX-SYNTHESIS-LIBRARY-ALL-PARTITION-6:accession:CCMSLIB00016279328,0.01,mzspec:MSV000084783:ccms_peak/Raw/92.mzML:scan:1783,1,0.8,2,0,MSV000084783,NoID,temp/queries/cc/ccaf6da837844ab6b87fdd9e0c086d75/ccaf6da837844ab6b87fdd9e0c086d75.mgf,1,286,786090
"5-ASA_2,6-dimethylbenzoic-acid",mzspec:GNPS:MULTIPLEX-SYNTHESIS-LIBRARY-ALL-PARTITION-6:accession:CCMSLIB00016279328,0.01,mzspec:MSV000084783:ccms_peak/Raw/65.mzML:scan:1848,1,0.8,2,0,MSV000084783,NoID,temp/queries/cc/ccaf6da837844ab6b87fdd9e0c086d75/ccaf6da837844ab6b87fdd9e0c086d75.mgf,1,286,785945
"5-ASA_2,6-dimethylbenzoic-acid",mzspec:GNPS:MULTIPLEX-SYNTHESIS-LIBRARY-ALL-PARTITION-6:accession:CCMSLIB00016279328,0.01,mzspec:MSV000084783:peak/mzML/174.mzML:scan:1928,1,0.79,2,0,MSV000084783,NoID,temp/queries/cc/ccaf6da837844ab6b87fdd9e0c086d75/ccaf6da837844ab6b87fdd9e0c086d75.mgf,1,286,785420
"5-ASA_2,6-dimethylbenzoic-acid",mzspec:GNPS:MULTIPLEX-SYNTHESIS-LIBRARY-ALL-PARTITION-6:accession:CCMSLIB00016279328,0.01,mzspec:MSV000084783:ccms_peak/Raw/21.mzML:scan:1812,1,0.79,2,0,MSV000084783,NoID,temp/queries/cc/ccaf6da837844ab6b87fdd9e0c086d75/ccaf6da837844ab6b87fdd9e0c086d75.mgf,1,286,785529
"5-ASA_2,6-dimethylbenzoic-acid",mzspec:GNPS:MULTIPLEX-SYNTHESIS-LIBRARY-ALL-PARTITION-6:accession:CCMSLIB00016279328,0.01,mzspec:MSV000084783:peak/mzML/123.mzML:scan:1847,1,0.79,2,0,MSV000084783,NoID,temp/queries/cc/ccaf6da837844ab6b87fdd9e0c086d75/ccaf6da837844ab6b87fdd9e0c086d75.mgf,1,286,785663
"5-ASA_2,6-dimethylbenzoic-acid",mzspec:GNPS:MULTIPLEX-SYNTHESIS-LIBRARY-ALL-PARTITION-6:accession:CCMSLIB00016279328,0.01,mzspec:MSV000084783:peak/mzML/152.mzML:scan:1900,1,0.79,2,0,MSV000084783,NoID,temp/queries/cc/ccaf6da837844ab6b87fdd9e0c086d75/ccaf6da837844ab6b87fdd9e0c086d75.mgf,1,286,785775
"5-ASA_2,6-dimethylbenzoic-acid",mzspec:GNPS:MULTIPLEX-SYNTHESIS-LIBRARY-ALL-PARTITION-6:accession:CCMSLIB00016279328,0.01,mzspec:MSV000084783:ccms_peak/Raw/187.mzML:scan:1873,1,0.79,2,0,MSV000084783,NoID,temp/queries/cc/ccaf6da837844ab6b87fdd9e0c086d75/ccaf6da837844ab6b87fdd9e0c086d75.mgf,1,286,786152
"5-ASA_2,6-dimethylbenzoic-acid",mzspec:GNPS:MULTIPLEX-SYNTHESIS-LIBRARY-ALL-PARTITION-6:accession:CCMSLIB00016279328,0.01,mzspec:MSV000084783:peak/mzML/199.mzML:scan:1936,1,0.79,2,0,MSV000084783,NoID,temp/queries/cc/ccaf6da837844ab6b87fdd9e0c086d75/ccaf6da837844ab6b87fdd9e0c086d75.mgf,1,286,785270
"5-ASA_2,6-dimethylbenzoic-acid",mzspec:GNPS:MULTIPLEX-SYNTHESIS-LIBRARY-ALL-PARTITION-6:accession:CCMSLIB00016279328,0.01,mzspec:MSV000084783:ccms_peak/Raw/123.mzML:scan:1847,1,0.79,2,0,MSV000084783,NoID,temp/queries/cc/ccaf6da837844ab6b87fdd9e0c086d75/ccaf6da837844ab6b87fdd9e0c086d75.mgf,1,286,785333
"5-ASA_2,6-dimethylbenzoic-acid",mzspec:GNPS:MULTIPLEX-SYNTHESIS-LIBRARY-ALL-PARTITION-6:accession:CCMSLIB00016279328,0.01,mzspec:MSV000084783:ccms_peak/Raw/152.mzML:scan:1900,1,0.79,2,0,MSV000084783,NoID,temp/queries/cc/ccaf6da837844ab6b87fdd9e0c086d75/ccaf6da837844ab6b87fdd9e0c086d75.mgf,1,286,785404
"5-ASA_2,6-dimethylbenzoic-acid",mzspec:GNPS:MULTIPLEX-SYNTHESIS-LIBRARY-ALL-PARTITION-6:accession:CCMSLIB00016279328,0.01,mzspec:MSV000084783:ccms_peak/Raw/16.mzML:scan:1771,1,0.79,2,0,MSV000084783,NoID,temp/queries/cc/ccaf6da837844ab6b87fdd9e0c086d75/ccaf6da837844ab6b87fdd9e0c086d75.mgf,1,286,786491
"5-ASA_2,6-dimethylbenzoic-acid",mzspec:GNPS:MULTIPLEX-SYNTHESIS-LIBRARY-ALL-PARTITION-6:accession:CCMSLIB00016279328,0.01,mzspec:MSV000084783:peak/mzML/187.mzML:scan:1873,1,0.79,2,0,MSV000084783,NoID,temp/queries/cc/ccaf6da837844ab6b87fdd9e0c086d75/ccaf6da837844ab6b87fdd9e0c086d75.mgf,1,286,786083
"5-ASA_2,6-dimethylbenzoic-acid",mzspec:GNPS:MULTIPLEX-SYNTHESIS-LIBRARY-ALL-PARTITION-6:accession:CCMSLIB00016279328,0.01,mzspec:MSV000084783:peak/mzML/98.mzML:scan:1847,1,0.79,2,0,MSV000084783,NoID,temp/queries/cc/ccaf6da837844ab6b87fdd9e0c086d75/ccaf6da837844ab6b87fdd9e0c086d75.mgf,1,286,786235
"5-ASA_2,6-dimethylbenzoic-acid",mzspec:GNPS:MULTIPLEX-SYNTHESIS-LIBRARY-ALL-PARTITION-6:accession:CCMSLIB00016279328,0.01,mzspec:MSV000084783:peak/mzML/17.mzML:scan:1800,1,0.79,2,0,MSV000084783,NoID,temp/queries/cc/ccaf6da837844ab6b87fdd9e0c086d75/ccaf6da837844ab6b87fdd9e0c086d75.mgf,1,286,786383
"5-ASA_2,6-dimethylbenzoic-acid",mzspec:GNPS:MULTIPLEX-SYNTHESIS-LIBRARY-ALL-PARTITION-6:accession:CCMSLIB00016279328,0.01,mzspec:MSV000084783:peak/mzML/220.mzML:scan:1949,1,0.79,2,0,MSV000084783,NoID,temp/queries/cc/ccaf6da837844ab6b87fdd9e0c086d75/ccaf6da837844ab6b87fdd9e0c086d75.mgf,1,286,786402
"5-ASA_2,6-dimethylbenzoic-acid",mzspec:GNPS:MULTIPLEX-SYNTHESIS-LIBRARY-ALL-PARTITION-6:accession:CCMSLIB00016279328,0.01,mzspec:MSV000084783:ccms_peak/Raw/220.mzML:scan:1949,1,0.79,2,0,MSV000084783,NoID,temp/queries/cc/ccaf6da837844ab6b87fdd9e0c086d75/ccaf6da837844ab6b87fdd9e0c086d75.mgf,1,286,786453
"5-ASA_2,6-dimethylbenzoic-acid",mzspec:GNPS:MULTIPLEX-SYNTHESIS-LIBRARY-ALL-PARTITION-6:accession:CCMSLIB00016279328,0.01,mzspec:MSV000084783:peak/mzML/219.mzML:scan:1982,1,0.79,2,0,MSV000084783,NoID,temp/queries/cc/ccaf6da837844ab6b87fdd9e0c086d75/ccaf6da837844ab6b87fdd9e0c086d75.mgf,1,286,786461
"5-ASA_2,6-dimethylbenzoic-acid",mzspec:GNPS:MULTIPLEX-SYNTHESIS-LIBRARY-ALL-PARTITION-6:accession:CCMSLIB00016279328,0.01,mzspec:MSV000084783:peak/mzML/16.mzML:scan:1771,1,0.79,2,0,MSV000084783,NoID,temp/queries/cc/ccaf6da837844ab6b87fdd9e0c086d75/ccaf6da837844ab6b87fdd9e0c086d75.mgf,1,286,786473
"5-ASA_2,6-dimethylbenzoic-acid",mzspec:GNPS:MULTIPLEX-SYNTHESIS-LIBRARY-ALL-PARTITION-6:accession:CCMSLIB00016279328,0.01,mzspec:MSV000084783:ccms_peak/Raw/138.mzML:scan:1873,1,0.79,2,0,MSV000084783,NoID,temp/queries/cc/ccaf6da837844ab6b87fdd9e0c086d75/ccaf6da837844ab6b87fdd9e0c086d75.mgf,1,286,786161
"5-ASA_2,6-dimethylbenzoic-acid",mzspec:GNPS:MULTIPLEX-SYNTHESIS-LIBRARY-ALL-PARTITION-6:accession:CCMSLIB00016279328,0.01,mzspec:MSV000084783:peak/mzML/203.mzML:scan:1923,1,0.79,2,0,MSV000084783,NoID,temp/queries/cc/ccaf6da837844ab6b87fdd9e0c086d75/ccaf6da837844ab6b87fdd9e0c086d75.mgf,1,286,786147
"5-ASA_2,6-dimethylbenzoic-acid",mzspec:GNPS:MULTIPLEX-SYNTHESIS-LIBRARY-ALL-PARTITION-6:accession:CCMSLIB00016279328,0.01,mzspec:MSV000084783:peak/mzML/182.mzML:scan:1915,1,0.79,2,0,MSV000084783,NoID,temp/queries/cc/ccaf6da837844ab6b87fdd9e0c086d75/ccaf6da837844ab6b87fdd9e0c086d75.mgf,1,286,786142
"5-ASA_2,6-dimethylbenzoic-acid",mzspec:GNPS:MULTIPLEX-SYNTHESIS-LIBRARY-ALL-PARTITION-6:accession:CCMSLIB00016279328,0.01,mzspec:MSV000084783:ccms_peak/Raw/224.mzML:scan:1932,1,0.79,2,0,MSV000084783,NoID,temp/queries/cc/ccaf6da837844ab6b87fdd9e0c086d75/ccaf6da837844ab6b87fdd9e0c086d75.mgf,1,286,786040
"5-ASA_2,6-dimethylbenzoic-acid",mzspec:GNPS:MULTIPLEX-SYNTHESIS-LIBRARY-ALL-PARTITION-6:accession:CCMSLIB00016279328,0.01,mzspec:MSV000084783:peak/mzML/185.mzML:scan:1914,1,0.79,2,0,MSV000084783,NoID,temp/queries/cc/ccaf6da837844ab6b87fdd9e0c086d75/ccaf6da837844ab6b87fdd9e0c086d75.mgf,1,286,786215
"5-ASA_2,6-dimethylbenzoic-acid",mzspec:GNPS:MULTIPLEX-SYNTHESIS-LIBRARY-ALL-PARTITION-6:accession:CCMSLIB00016279328,0.01,mzspec:MSV000084783:ccms_peak/Raw/39.mzML:scan:1781,1,0.79,2,0,MSV000084783,NoID,temp/queries/cc/ccaf6da837844ab6b87fdd9e0c086d75/ccaf6da837844ab6b87fdd9e0c086d75.mgf,1,286,786170
"5-ASA_2,6-dimethylbenzoic-acid",mzspec:GNPS:MULTIPLEX-SYNTHESIS-LIBRARY-ALL-PARTITION-6:accession:CCMSLIB00016279328,0.01,mzspec:MSV000084783:peak/mzML/39.mzML:scan:1781,1,0.79,2,0,MSV000084783,NoID,temp/queries/cc/ccaf6da837844ab6b87fdd9e0c086d75/ccaf6da837844ab6b87fdd9e0c086d75.mgf,1,286,785967
"5-ASA_2,6-dimethylbenzoic-acid",mzspec:GNPS:MULTIPLEX-SYNTHESIS-LIBRARY-ALL-PARTITION-6:accession:CCMSLIB00016279328,0.01,mzspec:MSV000084783:ccms_peak/Raw/46.mzML:scan:1788,1,0.79,2,0,MSV000084783,NoID,temp/queries/cc/ccaf6da837844ab6b87fdd9e0c086d75/ccaf6da837844ab6b87fdd9e0c086d75.mgf,1,286,785940
"5-ASA_2,6-dimethylbenzoic-acid",mzspec:GNPS:MULTIPLEX-SYNTHESIS-LIBRARY-ALL-PARTITION-6:accession:CCMSLIB00016279328,0.01,mzspec:MSV000084783:ccms_peak/Raw/17.mzML:scan:1800,1,0.79,2,0,MSV000084783,NoID,temp/queries/cc/ccaf6da837844ab6b87fdd9e0c086d75/ccaf6da837844ab6b87fdd9e0c086d75.mgf,1,286,785778
"5-ASA_2,6-dimethylbenzoic-acid",mzspec:GNPS:MULTIPLEX-SYNTHESIS-LIBRARY-ALL-PARTITION-6:accession:CCMSLIB00016279328,0.01,mzspec:MSV000084783:peak/mzML/50.mzML:scan:1805,1,0.79,2,0,MSV000084783,NoID,temp/queries/cc/ccaf6da837844ab6b87fdd9e0c086d75/ccaf6da837844ab6b87fdd9e0c086d75.mgf,1,286,785840
"5-ASA_2,6-dimethylbenzoic-acid",mzspec:GNPS:MULTIPLEX-SYNTHESIS-LIBRARY-ALL-PARTITION-6:accession:CCMSLIB00016279328,0.01,mzspec:MSV000084783:peak/mzML/138.mzML:scan:1873,1,0.79,2,0,MSV000084783,NoID,temp/queries/cc/ccaf6da837844ab6b87fdd9e0c086d75/ccaf6da837844ab6b87fdd9e0c086d75.mgf,1,286,785893
"5-ASA_2,6-dimethylbenzoic-acid",mzspec:GNPS:MULTIPLEX-SYNTHESIS-LIBRARY-ALL-PARTITION-6:accession:CCMSLIB00016279328,0.01,mzspec:MSV000084783:ccms_peak/Raw/98.mzML:scan:1847,1,0.79,2,0,MSV000084783,NoID,temp/queries/cc/ccaf6da837844ab6b87fdd9e0c086d75/ccaf6da837844ab6b87fdd9e0c086d75.mgf,1,286,785920
"5-ASA_2,6-dimethylbenzoic-acid",mzspec:GNPS:MULTIPLEX-SYNTHESIS-LIBRARY-ALL-PARTITION-6:accession:CCMSLIB00016279328,0.01,mzspec:MSV000084783:ccms_peak/Raw/18.mzML:scan:1799,1,0.79,2,0,MSV000084783,NoID,temp/queries/cc/ccaf6da837844ab6b87fdd9e0c086d75/ccaf6da837844ab6b87fdd9e0c086d75.mgf,1,286,785928
"5-ASA_2,6-dimethylbenzoic-acid",mzspec:GNPS:MULTIPLEX-SYNTHESIS-LIBRARY-ALL-PARTITION-6:accession:CCMSLIB00016279328,0.01,mzspec:MSV000084783:ccms_peak/Raw/182.mzML:scan:1915,1,0.79,2,0,MSV000084783,NoID,temp/queries/cc/ccaf6da837844ab6b87fdd9e0c086d75/ccaf6da837844ab6b87fdd9e0c086d75.mgf,1,286,785471
"5-ASA_2,6-dimethylbenzoic-acid",mzspec:GNPS:MULTIPLEX-SYNTHESIS-LIBRARY-ALL-PARTITION-6:accession:CCMSLIB00016279328,0.01,mzspec:MSV000084783:ccms_peak/Raw/68.mzML:scan:1827,1,0.79,2,0,MSV000084783,NoID,temp/queries/cc/ccaf6da837844ab6b87fdd9e0c086d75/ccaf6da837844ab6b87fdd9e0c086d75.mgf,1,286,785425
"5-ASA_2,6-dimethylbenzoic-acid",mzspec:GNPS:MULTIPLEX-SYNTHESIS-LIBRARY-ALL-PARTITION-6:accession:CCMSLIB00016279328,0.01,mzspec:MSV000084783:peak/mzML/18.mzML:scan:1799,1,0.79,2,0,MSV000084783,NoID,temp/queries/cc/ccaf6da837844ab6b87fdd9e0c086d75/ccaf6da837844ab6b87fdd9e0c086d75.mgf,1,286,785715
"5-ASA_2,6-dimethylbenzoic-acid",mzspec:GNPS:MULTIPLEX-SYNTHESIS-LIBRARY-ALL-PARTITION-6:accession:CCMSLIB00016279328,0.01,mzspec:MSV000084783:ccms_peak/Raw/212.mzML:scan:1918,1,0.79,2,0,MSV000084783,NoID,temp/queries/cc/ccaf6da837844ab6b87fdd9e0c086d75/ccaf6da837844ab6b87fdd9e0c086d75.mgf,1,286,785700
"5-ASA_2,6-dimethylbenzoic-acid",mzspec:GNPS:MULTIPLEX-SYNTHESIS-LIBRARY-ALL-PARTITION-6:accession:CCMSLIB00016279328,0.01,mzspec:MSV000084783:peak/mzML/33.mzML:scan:1773,1,0.79,2,0,MSV000084783,NoID,temp/queries/cc/ccaf6da837844ab6b87fdd9e0c086d75/ccaf6da837844ab6b87fdd9e0c086d75.mgf,1,286,785675
"5-ASA_2,6-dimethylbenzoic-acid",mzspec:GNPS:MULTIPLEX-SYNTHESIS-LIBRARY-ALL-PARTITION-6:accession:CCMSLIB00016279328,0.01,mzspec:MSV000084783:peak/mzML/46.mzML:scan:1788,1,0.79,2,0,MSV000084783,NoID,temp/queries/cc/ccaf6da837844ab6b87fdd9e0c086d75/ccaf6da837844ab6b87fdd9e0c086d75.mgf,1,286,785613
"5-ASA_2,6-dimethylbenzoic-acid",mzspec:GNPS:MULTIPLEX-SYNTHESIS-LIBRARY-ALL-PARTITION-6:accession:CCMSLIB00016279328,0.01,mzspec:MSV000084783:ccms_peak/Raw/185.mzML:scan:1914,1,0.79,2,0,MSV000084783,NoID,temp/queries/cc/ccaf6da837844ab6b87fdd9e0c086d75/ccaf6da837844ab6b87fdd9e0c086d75.mgf,1,286,786576
"5-ASA_2,6-dimethylbenzoic-acid",mzspec:GNPS:MULTIPLEX-SYNTHESIS-LIBRARY-ALL-PARTITION-6:accession:CCMSLIB00016279328,0.01,mzspec:MSV000084783:peak/mzML/224.mzML:scan:1932,1,0.79,2,0,MSV000084783,NoID,temp/queries/cc/ccaf6da837844ab6b87fdd9e0c086d75/ccaf6da837844ab6b87fdd9e0c086d75.mgf,1,286,785509
"5-ASA_2,6-dimethylbenzoic-acid",mzspec:GNPS:MULTIPLEX-SYNTHESIS-LIBRARY-ALL-PARTITION-6:accession:CCMSLIB00016279328,0.01,mzspec:MSV000084783:ccms_peak/Raw/219.mzML:scan:1982,1,0.79,2,0,MSV000084783,NoID,temp/queries/cc/ccaf6da837844ab6b87fdd9e0c086d75/ccaf6da837844ab6b87fdd9e0c086d75.mgf,1,286,785586
"5-ASA_2,6-dimethylbenzoic-acid",mzspec:GNPS:MULTIPLEX-SYNTHESIS-LIBRARY-ALL-PARTITION-6:accession:CCMSLIB00016279328,0.01,mzspec:MSV000084783:peak/mzML/212.mzML:scan:1918,1,0.79,2,0,MSV000084783,NoID,temp/queries/cc/ccaf6da837844ab6b87fdd9e0c086d75/ccaf6da837844ab6b87fdd9e0c086d75.mgf,1,286,786514
"5-ASA_2,6-dimethylbenzoic-acid",mzspec:GNPS:MULTIPLEX-SYNTHESIS-LIBRARY-ALL-PARTITION-6:accession:CCMSLIB00016279328,0.01,mzspec:MSV000084783:peak/mzML/225.mzML:scan:1943,1,0.79,2,0,MSV000084783,NoID,temp/queries/cc/ccaf6da837844ab6b87fdd9e0c086d75/ccaf6da837844ab6b87fdd9e0c086d75.mgf,1,286,785293
"5-ASA_2,6-dimethylbenzoic-acid",mzspec:GNPS:MULTIPLEX-SYNTHESIS-LIBRARY-ALL-PARTITION-6:accession:CCMSLIB00016279328,0.01,mzspec:MSV000084783:ccms_peak/Raw/174.mzML:scan:1928,1,0.79,2,0,MSV000084783,NoID,temp/queries/cc/ccaf6da837844ab6b87fdd9e0c086d75/ccaf6da837844ab6b87fdd9e0c086d75.mgf,1,286,786448
"5-ASA_2,6-dimethylbenzoic-acid",mzspec:GNPS:MULTIPLEX-SYNTHESIS-LIBRARY-ALL-PARTITION-6:accession:CCMSLIB00016279328,0.01,mzspec:MSV000084783:ccms_peak/Raw/203.mzML:scan:1923,1,0.79,2,0,MSV000084783,NoID,temp/queries/cc/ccaf6da837844ab6b87fdd9e0c086d75/ccaf6da837844ab6b87fdd9e0c086d75.mgf,1,286,786580
"5-ASA_2,6-dimethylbenzoic-acid",mzspec:GNPS:MULTIPLEX-SYNTHESIS-LIBRARY-ALL-PARTITION-6:accession:CCMSLIB00016279328,0.01,mzspec:MSV000084783:ccms_peak/Raw/225.mzML:scan:1943,1,0.79,2,0,MSV000084783,NoID,temp/queries/cc/ccaf6da837844ab6b87fdd9e0c086d75/ccaf6da837844ab6b87fdd9e0c086d75.mgf,1,286,786606
"5-ASA_2,6-dimethylbenzoic-acid",mzspec:GNPS:MULTIPLEX-SYNTHESIS-LIBRARY-ALL-PARTITION-6:accession:CCMSLIB00016279328,0.01,mzspec:MSV000084783:ccms_peak/Raw/50.mzML:scan:1805,1,0.79,2,0,MSV000084783,NoID,temp/queries/cc/ccaf6da837844ab6b87fdd9e0c086d75/ccaf6da837844ab6b87fdd9e0c086d75.mgf,1,286,786653
"5-ASA_2,6-dimethylbenzoic-acid",mzspec:GNPS:MULTIPLEX-SYNTHESIS-LIBRARY-ALL-PARTITION-6:accession:CCMSLIB00016279328,0.01,mzspec:MSV000084783:ccms_peak/Raw/181.mzML:scan:1935,1,0.79,2,0,MSV000084783,NoID,temp/queries/cc/ccaf6da837844ab6b87fdd9e0c086d75/ccaf6da837844ab6b87fdd9e0c086d75.mgf,1,286,786659
"5-ASA_2,6-dimethylbenzoic-acid",mzspec:GNPS:MULTIPLEX-SYNTHESIS-LIBRARY-ALL-PARTITION-6:accession:CCMSLIB00016279328,0.01,mzspec:MSV000084783:ccms_peak/Raw/218.mzML:scan:1920,1,0.79,2,0,MSV000084783,NoID,temp/queries/cc/ccaf6da837844ab6b87fdd9e0c086d75/ccaf6da837844ab6b87fdd9e0c086d75.mgf,1,286,786750
"5-ASA_2,6-dimethylbenzoic-acid",mzspec:GNPS:MULTIPLEX-SYNTHESIS-LIBRARY-ALL-PARTITION-6:accession:CCMSLIB00016279328,0.01,mzspec:MSV000084783:peak/mzML/218.mzML:scan:1920,1,0.79,2,0,MSV000084783,NoID,temp/queries/cc/ccaf6da837844ab6b87fdd9e0c086d75/ccaf6da837844ab6b87fdd9e0c086d75.mgf,1,286,786771
"5-ASA_2,6-dimethylbenzoic-acid",mzspec:GNPS:MULTIPLEX-SYNTHESIS-LIBRARY-ALL-PARTITION-6:accession:CCMSLIB00016279328,0.01,mzspec:MSV000084783:ccms_peak/Raw/66.mzML:scan:1818,1,0.79,2,0,MSV000084783,NoID,temp/queries/cc/ccaf6da837844ab6b87fdd9e0c086d75/ccaf6da837844ab6b87fdd9e0c086d75.mgf,1,286,786139
"5-ASA_2,6-dimethylbenzoic-acid",mzspec:GNPS:MULTIPLEX-SYNTHESIS-LIBRARY-ALL-PARTITION-6:accession:CCMSLIB00016279328,0.01,mzspec:MSV000084783:ccms_peak/Raw/199.mzML:scan:1936,1,0.79,2,0,MSV000084783,NoID,temp/queries/cc/ccaf6da837844ab6b87fdd9e0c086d75/ccaf6da837844ab6b87fdd9e0c086d75.mgf,1,286,785925
"5-ASA_2,6-dimethylbenzoic-acid",mzspec:GNPS:MULTIPLEX-SYNTHESIS-LIBRARY-ALL-PARTITION-6:accession:CCMSLIB00016279328,0.01,mzspec:MSV000084783:peak/mzML/21.mzML:scan:1812,1,0.79,2,0,MSV000084783,NoID,temp/queries/cc/ccaf6da837844ab6b87fdd9e0c086d75/ccaf6da837844ab6b87fdd9e0c086d75.mgf,1,286,785874
"5-ASA_2,6-dimethylbenzoic-acid",mzspec:GNPS:MULTIPLEX-SYNTHESIS-LIBRARY-ALL-PARTITION-6:accession:CCMSLIB00016279328,0.01,mzspec:MSV000084783:peak/mzML/68.mzML:scan:1827,1,0.79,2,0,MSV000084783,NoID,temp/queries/cc/ccaf6da837844ab6b87fdd9e0c086d75/ccaf6da837844ab6b87fdd9e0c086d75.mgf,1,286,785364
"5-ASA_2,6-dimethylbenzoic-acid",mzspec:GNPS:MULTIPLEX-SYNTHESIS-LIBRARY-ALL-PARTITION-6:accession:CCMSLIB00016279328,0.01,mzspec:MSV000084783:peak/mzML/66.mzML:scan:1818,1,0.79,2,0,MSV000084783,NoID,temp/queries/cc/ccaf6da837844ab6b87fdd9e0c086d75/ccaf6da837844ab6b87fdd9e0c086d75.mgf,1,286,786261
"5-ASA_2,6-dimethylbenzoic-acid",mzspec:GNPS:MULTIPLEX-SYNTHESIS-LIBRARY-ALL-PARTITION-6:accession:CCMSLIB00016279328,0.01,mzspec:MSV000084783:peak/mzML/181.mzML:scan:1935,1,0.79,2,0,MSV000084783,NoID,temp/queries/cc/ccaf6da837844ab6b87fdd9e0c086d75/ccaf6da837844ab6b87fdd9e0c086d75.mgf,1,286,785310
"5-ASA_2,6-dimethylbenzoic-acid",mzspec:GNPS:MULTIPLEX-SYNTHESIS-LIBRARY-ALL-PARTITION-6:accession:CCMSLIB00016279328,0.01,mzspec:MSV000084783:peak/mzML/204.mzML:scan:1938,1,0.78,2,0,MSV000084783,NoID,temp/queries/cc/ccaf6da837844ab6b87fdd9e0c086d75/ccaf6da837844ab6b87fdd9e0c086d75.mgf,1,286,785730
"5-ASA_2,6-dimethylbenzoic-acid",mzspec:GNPS:MULTIPLEX-SYNTHESIS-LIBRARY-ALL-PARTITION-6:accession:CCMSLIB00016279328,0.01,mzspec:MSV000084783:peak/mzML/94.mzML:scan:1836,1,0.78,2,0,MSV000084783,NoID,temp/queries/cc/ccaf6da837844ab6b87fdd9e0c086d75/ccaf6da837844ab6b87fdd9e0c086d75.mgf,1,286,785682
"5-ASA_2,6-dimethylbenzoic-acid",mzspec:GNPS:MULTIPLEX-SYNTHESIS-LIBRARY-ALL-PARTITION-6:accession:CCMSLIB00016279328,0.01,mzspec:MSV000084783:ccms_peak/Raw/94.mzML:scan:1836,1,0.78,2,0,MSV000084783,NoID,temp/queries/cc/ccaf6da837844ab6b87fdd9e0c086d75/ccaf6da837844ab6b87fdd9e0c086d75.mgf,1,286,786345
"5-ASA_2,6-dimethylbenzoic-acid",mzspec:GNPS:MULTIPLEX-SYNTHESIS-LIBRARY-ALL-PARTITION-6:accession:CCMSLIB00016279328,0.01,mzspec:MSV000084783:peak/mzML/22.mzML:scan:1803,1,0.78,2,0,MSV000084783,NoID,temp/queries/cc/ccaf6da837844ab6b87fdd9e0c086d75/ccaf6da837844ab6b87fdd9e0c086d75.mgf,1,286,785629
"5-ASA_2,6-dimethylbenzoic-acid",mzspec:GNPS:MULTIPLEX-SYNTHESIS-LIBRARY-ALL-PARTITION-6:accession:CCMSLIB00016279328,0.01,mzspec:MSV000084783:peak/mzML/186.mzML:scan:1920,1,0.78,2,0,MSV000084783,NoID,temp/queries/cc/ccaf6da837844ab6b87fdd9e0c086d75/ccaf6da837844ab6b87fdd9e0c086d75.mgf,1,286,785633
"5-ASA_2,6-dimethylbenzoic-acid",mzspec:GNPS:MULTIPLEX-SYNTHESIS-LIBRARY-ALL-PARTITION-6:accession:CCMSLIB00016279328,0.01,mzspec:MSV000084783:peak/mzML/34.mzML:scan:1781,1,0.78,2,0,MSV000084783,NoID,temp/queries/cc/ccaf6da837844ab6b87fdd9e0c086d75/ccaf6da837844ab6b87fdd9e0c086d75.mgf,1,286,786678
"5-ASA_2,6-dimethylbenzoic-acid",mzspec:GNPS:MULTIPLEX-SYNTHESIS-LIBRARY-ALL-PARTITION-6:accession:CCMSLIB00016279328,0.01,mzspec:MSV000084783:peak/mzML/173.mzML:scan:1873,1,0.78,2,0,MSV000084783,NoID,temp/queries/cc/ccaf6da837844ab6b87fdd9e0c086d75/ccaf6da837844ab6b87fdd9e0c086d75.mgf,1,286,786484
"5-ASA_2,6-dimethylbenzoic-acid",mzspec:GNPS:MULTIPLEX-SYNTHESIS-LIBRARY-ALL-PARTITION-6:accession:CCMSLIB00016279328,0.01,mzspec:MSV000084783:ccms_peak/Raw/173.mzML:scan:1873,1,0.78,2,0,MSV000084783,NoID,temp/queries/cc/ccaf6da837844ab6b87fdd9e0c086d75/ccaf6da837844ab6b87fdd9e0c086d75.mgf,1,286,786323
"5-ASA_2,6-dimethylbenzoic-acid",mzspec:GNPS:MULTIPLEX-SYNTHESIS-LIBRARY-ALL-PARTITION-6:accession:CCMSLIB00016279328,0.01,mzspec:MSV000084783:peak/mzML/205.mzML:scan:1911,1,0.78,2,0,MSV000084783,NoID,temp/queries/cc/ccaf6da837844ab6b87fdd9e0c086d75/ccaf6da837844ab6b87fdd9e0c086d75.mgf,1,286,786334
"5-ASA_2,6-dimethylbenzoic-acid",mzspec:GNPS:MULTIPLEX-SYNTHESIS-LIBRARY-ALL-PARTITION-6:accession:CCMSLIB00016279328,0.01,mzspec:MSV000084783:ccms_peak/Raw/207.mzML:scan:1940,1,0.78,2,0,MSV000084783,NoID,temp/queries/cc/ccaf6da837844ab6b87fdd9e0c086d75/ccaf6da837844ab6b87fdd9e0c086d75.mgf,1,286,786374
"5-ASA_2,6-dimethylbenzoic-acid",mzspec:GNPS:MULTIPLEX-SYNTHESIS-LIBRARY-ALL-PARTITION-6:accession:CCMSLIB00016279328,0.01,mzspec:MSV000084783:ccms_peak/Raw/205.mzML:scan:1911,1,0.78,2,0,MSV000084783,NoID,temp/queries/cc/ccaf6da837844ab6b87fdd9e0c086d75/ccaf6da837844ab6b87fdd9e0c086d75.mgf,1,286,785955
"5-ASA_2,6-dimethylbenzoic-acid",mzspec:GNPS:MULTIPLEX-SYNTHESIS-LIBRARY-ALL-PARTITION-6:accession:CCMSLIB00016279328,0.01,mzspec:MSV000084783:ccms_peak/Raw/34.mzML:scan:1781,1,0.78,2,0,MSV000084783,NoID,temp/queries/cc/ccaf6da837844ab6b87fdd9e0c086d75/ccaf6da837844ab6b87fdd9e0c086d75.mgf,1,286,786283
"5-ASA_2,6-dimethylbenzoic-acid",mzspec:GNPS:MULTIPLEX-SYNTHESIS-LIBRARY-ALL-PARTITION-6:accession:CCMSLIB00016279328,0.01,mzspec:MSV000084783:peak/mzML/129.mzML:scan:1872,1,0.78,2,0,MSV000084783,NoID,temp/queries/cc/ccaf6da837844ab6b87fdd9e0c086d75/ccaf6da837844ab6b87fdd9e0c086d75.mgf,1,286,785869
"5-ASA_2,6-dimethylbenzoic-acid",mzspec:GNPS:MULTIPLEX-SYNTHESIS-LIBRARY-ALL-PARTITION-6:accession:CCMSLIB00016279328,0.01,mzspec:MSV000084783:ccms_peak/Raw/186.mzML:scan:1920,1,0.78,2,0,MSV000084783,NoID,temp/queries/cc/ccaf6da837844ab6b87fdd9e0c086d75/ccaf6da837844ab6b87fdd9e0c086d75.mgf,1,286,785854
"5-ASA_2,6-dimethylbenzoic-acid",mzspec:GNPS:MULTIPLEX-SYNTHESIS-LIBRARY-ALL-PARTITION-6:accession:CCMSLIB00016279328,0.01,mzspec:MSV000084783:ccms_peak/Raw/22.mzML:scan:1803,1,0.78,2,0,MSV000084783,NoID,temp/queries/cc/ccaf6da837844ab6b87fdd9e0c086d75/ccaf6da837844ab6b87fdd9e0c086d75.mgf,1,286,785859
"5-ASA_2,6-dimethylbenzoic-acid",mzspec:GNPS:MULTIPLEX-SYNTHESIS-LIBRARY-ALL-PARTITION-6:accession:CCMSLIB00016279328,0.01,mzspec:MSV000084783:ccms_peak/Raw/204.mzML:scan:1938,1,0.78,2,0,MSV000084783,NoID,temp/queries/cc/ccaf6da837844ab6b87fdd9e0c086d75/ccaf6da837844ab6b87fdd9e0c086d75.mgf,1,286,785756
"5-ASA_2,6-dimethylbenzoic-acid",mzspec:GNPS:MULTIPLEX-SYNTHESIS-LIBRARY-ALL-PARTITION-6:accession:CCMSLIB00016279328,0.01,mzspec:MSV000084783:peak/mzML/207.mzML:scan:1940,1,0.78,2,0,MSV000084783,NoID,temp/queries/cc/ccaf6da837844ab6b87fdd9e0c086d75/ccaf6da837844ab6b87fdd9e0c086d75.mgf,1,286,785805
"5-ASA_2,6-dimethylbenzoic-acid",mzspec:GNPS:MULTIPLEX-SYNTHESIS-LIBRARY-ALL-PARTITION-6:accession:CCMSLIB00016279328,0.01,mzspec:MSV000084783:ccms_peak/Raw/129.mzML:scan:1872,1,0.78,2,0,MSV000084783,NoID,temp/queries/cc/ccaf6da837844ab6b87fdd9e0c086d75/ccaf6da837844ab6b87fdd9e0c086d75.mgf,1,286,785818
"5-ASA_2,6-dimethylbenzoic-acid",mzspec:GNPS:MULTIPLEX-SYNTHESIS-LIBRARY-ALL-PARTITION-6:accession:CCMSLIB00016279328,0.01,mzspec:MSV000084783:ccms_peak/Raw/51.mzML:scan:1803,1,0.77,2,0,MSV000084783,NoID,temp/queries/cc/ccaf6da837844ab6b87fdd9e0c086d75/ccaf6da837844ab6b87fdd9e0c086d75.mgf,1,286,785339
"5-ASA_2,6-dimethylbenzoic-acid",mzspec:GNPS:MULTIPLEX-SYNTHESIS-LIBRARY-ALL-PARTITION-6:accession:CCMSLIB00016279328,0.01,mzspec:MSV000084783:peak/mzML/51.mzML:scan:1803,1,0.77,2,0,MSV000084783,NoID,temp/queries/cc/ccaf6da837844ab6b87fdd9e0c086d75/ccaf6da837844ab6b87fdd9e0c086d75.mgf,1,286,786499
"5-ASA_2,6-dimethylbenzoic-acid",mzspec:GNPS:MULTIPLEX-SYNTHESIS-LIBRARY-ALL-PARTITION-6:accession:CCMSLIB00016279328,0.01,mzspec:MSV000084783:peak/mzML/78.mzML:scan:1810,1,0.76,1,0,MSV000084783,NoID,temp/queries/cc/ccaf6da837844ab6b87fdd9e0c086d75/ccaf6da837844ab6b87fdd9e0c086d75.mgf,1,286,786803
"5-ASA_2,6-dimethylbenzoic-acid",mzspec:GNPS:MULTIPLEX-SYNTHESIS-LIBRARY-ALL-PARTITION-6:accession:CCMSLIB00016279328,0.01,mzspec:MSV000084783:peak/mzML/19.mzML:scan:1795,1,0.76,1,0,MSV000084783,NoID,temp/queries/cc/ccaf6da837844ab6b87fdd9e0c086d75/ccaf6da837844ab6b87fdd9e0c086d75.mgf,1,286,785219
"5-ASA_2,6-dimethylbenzoic-acid",mzspec:GNPS:MULTIPLEX-SYNTHESIS-LIBRARY-ALL-PARTITION-6:accession:CCMSLIB00016279328,0.01,mzspec:MSV000084783:ccms_peak/Raw/19.mzML:scan:1795,1,0.76,1,0,MSV000084783,NoID,temp/queries/cc/ccaf6da837844ab6b87fdd9e0c086d75/ccaf6da837844ab6b87fdd9e0c086d75.mgf,1,286,786504
"5-ASA_2,6-dimethylbenzoic-acid",mzspec:GNPS:MULTIPLEX-SYNTHESIS-LIBRARY-ALL-PARTITION-6:accession:CCMSLIB00016279328,0.01,mzspec:MSV000084783:peak/mzML/167_2.mzML:scan:1900,1,0.76,1,0,MSV000084783,NoID,temp/queries/cc/ccaf6da837844ab6b87fdd9e0c086d75/ccaf6da837844ab6b87fdd9e0c086d75.mgf,1,286,786078
"5-ASA_2,6-dimethylbenzoic-acid",mzspec:GNPS:MULTIPLEX-SYNTHESIS-LIBRARY-ALL-PARTITION-6:accession:CCMSLIB00016279328,0.01,mzspec:MSV000084783:ccms_peak/Raw/93.mzML:scan:1831,1,0.76,1,0,MSV000084783,NoID,temp/queries/cc/ccaf6da837844ab6b87fdd9e0c086d75/ccaf6da837844ab6b87fdd9e0c086d75.mgf,1,286,785707
"5-ASA_2,6-dimethylbenzoic-acid",mzspec:GNPS:MULTIPLEX-SYNTHESIS-LIBRARY-ALL-PARTITION-6:accession:CCMSLIB00016279328,0.01,mzspec:MSV000084783:ccms_peak/Raw/167_2.mzML:scan:1900,1,0.76,1,0,MSV000084783,NoID,temp/queries/cc/ccaf6da837844ab6b87fdd9e0c086d75/ccaf6da837844ab6b87fdd9e0c086d75.mgf,1,286,785653
"5-ASA_2,6-dimethylbenzoic-acid",mzspec:GNPS:MULTIPLEX-SYNTHESIS-LIBRARY-ALL-PARTITION-6:accession:CCMSLIB00016279328,0.01,mzspec:MSV000084783:peak/mzML/168_2.mzML:scan:1940,1,0.76,1,0,MSV000084783,NoID,temp/queries/cc/ccaf6da837844ab6b87fdd9e0c086d75/ccaf6da837844ab6b87fdd9e0c086d75.mgf,1,286,786634
"5-ASA_2,6-dimethylbenzoic-acid",mzspec:GNPS:MULTIPLEX-SYNTHESIS-LIBRARY-ALL-PARTITION-6:accession:CCMSLIB00016279328,0.01,mzspec:MSV000084783:peak/mzML/32.mzML:scan:1771,1,0.76,1,0,MSV000084783,NoID,temp/queries/cc/ccaf6da837844ab6b87fdd9e0c086d75/ccaf6da837844ab6b87fdd9e0c086d75.mgf,1,286,786717
"5-ASA_2,6-dimethylbenzoic-acid",mzspec:GNPS:MULTIPLEX-SYNTHESIS-LIBRARY-ALL-PARTITION-6:accession:CCMSLIB00016279328,0.01,mzspec:MSV000084783:ccms_peak/Raw/64.mzML:scan:1845,1,0.76,1,0,MSV000084783,NoID,temp/queries/cc/ccaf6da837844ab6b87fdd9e0c086d75/ccaf6da837844ab6b87fdd9e0c086d75.mgf,1,286,786620
"5-ASA_2,6-dimethylbenzoic-acid",mzspec:GNPS:MULTIPLEX-SYNTHESIS-LIBRARY-ALL-PARTITION-6:accession:CCMSLIB00016279328,0.01,mzspec:MSV000084783:ccms_peak/Raw/168_2.mzML:scan:1940,1,0.76,1,0,MSV000084783,NoID,temp/queries/cc/ccaf6da837844ab6b87fdd9e0c086d75/ccaf6da837844ab6b87fdd9e0c086d75.mgf,1,286,786224
"5-ASA_2,6-dimethylbenzoic-acid",mzspec:GNPS:MULTIPLEX-SYNTHESIS-LIBRARY-ALL-PARTITION-6:accession:CCMSLIB00016279328,0.01,mzspec:MSV000084783:peak/mzML/172_2.mzML:scan:1886,1,0.76,1,0,MSV000084783,NoID,temp/queries/cc/ccaf6da837844ab6b87fdd9e0c086d75/ccaf6da837844ab6b87fdd9e0c086d75.mgf,1,286,786166
"5-ASA_2,6-dimethylbenzoic-acid",mzspec:GNPS:MULTIPLEX-SYNTHESIS-LIBRARY-ALL-PARTITION-6:accession:CCMSLIB00016279328,0.01,mzspec:MSV000084783:ccms_peak/Raw/91.mzML:scan:1763,1,0.76,1,0,MSV000084783,NoID,temp/queries/cc/ccaf6da837844ab6b87fdd9e0c086d75/ccaf6da837844ab6b87fdd9e0c086d75.mgf,1,286,786193
"5-ASA_2,6-dimethylbenzoic-acid",mzspec:GNPS:MULTIPLEX-SYNTHESIS-LIBRARY-ALL-PARTITION-6:accession:CCMSLIB00016279328,0.01,mzspec:MSV000084783:ccms_peak/Raw/172.mzML:scan:1851,1,0.76,1,0,MSV000084783,NoID,temp/queries/cc/ccaf6da837844ab6b87fdd9e0c086d75/ccaf6da837844ab6b87fdd9e0c086d75.mgf,1,286,786379
"5-ASA_2,6-dimethylbenzoic-acid",mzspec:GNPS:MULTIPLEX-SYNTHESIS-LIBRARY-ALL-PARTITION-6:accession:CCMSLIB00016279328,0.01,mzspec:MSV000084783:ccms_peak/Raw/157.mzML:scan:1853,1,0.76,1,0,MSV000084783,NoID,temp/queries/cc/ccaf6da837844ab6b87fdd9e0c086d75/ccaf6da837844ab6b87fdd9e0c086d75.mgf,1,286,785360
"5-ASA_2,6-dimethylbenzoic-acid",mzspec:GNPS:MULTIPLEX-SYNTHESIS-LIBRARY-ALL-PARTITION-6:accession:CCMSLIB00016279328,0.01,mzspec:MSV000084783:peak/mzML/160.mzML:scan:1864,1,0.76,1,0,MSV000084783,NoID,temp/queries/cc/ccaf6da837844ab6b87fdd9e0c086d75/ccaf6da837844ab6b87fdd9e0c086d75.mgf,1,286,785376
"5-ASA_2,6-dimethylbenzoic-acid",mzspec:GNPS:MULTIPLEX-SYNTHESIS-LIBRARY-ALL-PARTITION-6:accession:CCMSLIB00016279328,0.01,mzspec:MSV000084783:ccms_peak/Raw/160.mzML:scan:1864,1,0.76,1,0,MSV000084783,NoID,temp/queries/cc/ccaf6da837844ab6b87fdd9e0c086d75/ccaf6da837844ab6b87fdd9e0c086d75.mgf,1,286,785350
"5-ASA_2,6-dimethylbenzoic-acid",mzspec:GNPS:MULTIPLEX-SYNTHESIS-LIBRARY-ALL-PARTITION-6:accession:CCMSLIB00016279328,0.01,mzspec:MSV000084783:peak/mzML/93.mzML:scan:1831,1,0.76,1,0,MSV000084783,NoID,temp/queries/cc/ccaf6da837844ab6b87fdd9e0c086d75/ccaf6da837844ab6b87fdd9e0c086d75.mgf,1,286,785290
"5-ASA_2,6-dimethylbenzoic-acid",mzspec:GNPS:MULTIPLEX-SYNTHESIS-LIBRARY-ALL-PARTITION-6:accession:CCMSLIB00016279328,0.01,mzspec:MSV000084783:ccms_peak/Raw/32.mzML:scan:1771,1,0.76,1,0,MSV000084783,NoID,temp/queries/cc/ccaf6da837844ab6b87fdd9e0c086d75/ccaf6da837844ab6b87fdd9e0c086d75.mgf,1,286,785300
"5-ASA_2,6-dimethylbenzoic-acid",mzspec:GNPS:MULTIPLEX-SYNTHESIS-LIBRARY-ALL-PARTITION-6:accession:CCMSLIB00016279328,0.01,mzspec:MSV000084783:peak/mzML/190.mzML:scan:1928,1,0.76,1,0,MSV000084783,NoID,temp/queries/cc/ccaf6da837844ab6b87fdd9e0c086d75/ccaf6da837844ab6b87fdd9e0c086d75.mgf,1,286,785305
"5-ASA_2,6-dimethylbenzoic-acid",mzspec:GNPS:MULTIPLEX-SYNTHESIS-LIBRARY-ALL-PARTITION-6:accession:CCMSLIB00016279328,0.01,mzspec:MSV000084783:peak/mzML/124.mzML:scan:1863,1,0.76,1,0,MSV000084783,NoID,temp/queries/cc/ccaf6da837844ab6b87fdd9e0c086d75/ccaf6da837844ab6b87fdd9e0c086d75.mgf,1,286,785266
"5-ASA_2,6-dimethylbenzoic-acid",mzspec:GNPS:MULTIPLEX-SYNTHESIS-LIBRARY-ALL-PARTITION-6:accession:CCMSLIB00016279328,0.01,mzspec:MSV000084783:ccms_peak/Raw/169_2.mzML:scan:1915,1,0.76,1,0,MSV000084783,NoID,temp/queries/cc/ccaf6da837844ab6b87fdd9e0c086d75/ccaf6da837844ab6b87fdd9e0c086d75.mgf,1,286,785550
"5-ASA_2,6-dimethylbenzoic-acid",mzspec:GNPS:MULTIPLEX-SYNTHESIS-LIBRARY-ALL-PARTITION-6:accession:CCMSLIB00016279328,0.01,mzspec:MSV000084783:peak/mzML/169.mzML:scan:1895,1,0.76,1,0,MSV000084783,NoID,temp/queries/cc/ccaf6da837844ab6b87fdd9e0c086d75/ccaf6da837844ab6b87fdd9e0c086d75.mgf,1,286,785498
"5-ASA_2,6-dimethylbenzoic-acid",mzspec:GNPS:MULTIPLEX-SYNTHESIS-LIBRARY-ALL-PARTITION-6:accession:CCMSLIB00016279328,0.01,mzspec:MSV000084783:peak/mzML/172.mzML:scan:1851,1,0.76,1,0,MSV000084783,NoID,temp/queries/cc/ccaf6da837844ab6b87fdd9e0c086d75/ccaf6da837844ab6b87fdd9e0c086d75.mgf,1,286,786389
"5-ASA_2,6-dimethylbenzoic-acid",mzspec:GNPS:MULTIPLEX-SYNTHESIS-LIBRARY-ALL-PARTITION-6:accession:CCMSLIB00016279328,0.01,mzspec:MSV000084783:peak/mzML/157.mzML:scan:1853,1,0.76,1,0,MSV000084783,NoID,temp/queries/cc/ccaf6da837844ab6b87fdd9e0c086d75/ccaf6da837844ab6b87fdd9e0c086d75.mgf,1,286,786549
"5-ASA_2,6-dimethylbenzoic-acid",mzspec:GNPS:MULTIPLEX-SYNTHESIS-LIBRARY-ALL-PARTITION-6:accession:CCMSLIB00016279328,0.01,mzspec:MSV000084783:ccms_peak/Raw/77.mzML:scan:1810,1,0.76,1,0,MSV000084783,NoID,temp/queries/cc/ccaf6da837844ab6b87fdd9e0c086d75/ccaf6da837844ab6b87fdd9e0c086d75.mgf,1,286,786762
"5-ASA_2,6-dimethylbenzoic-acid",mzspec:GNPS:MULTIPLEX-SYNTHESIS-LIBRARY-ALL-PARTITION-6:accession:CCMSLIB00016279328,0.01,mzspec:MSV000084783:peak/mzML/64.mzML:scan:1845,1,0.76,1,0,MSV000084783,NoID,temp/queries/cc/ccaf6da837844ab6b87fdd9e0c086d75/ccaf6da837844ab6b87fdd9e0c086d75.mgf,1,286,786786
"5-ASA_2,6-dimethylbenzoic-acid",mzspec:GNPS:MULTIPLEX-SYNTHESIS-LIBRARY-ALL-PARTITION-6:accession:CCMSLIB00016279328,0.01,mzspec:MSV000084783:peak/mzML/169_2.mzML:scan:1915,1,0.76,1,0,MSV000084783,NoID,temp/queries/cc/ccaf6da837844ab6b87fdd9e0c086d75/ccaf6da837844ab6b87fdd9e0c086d75.mgf,1,286,785882
"5-ASA_2,6-dimethylbenzoic-acid",mzspec:GNPS:MULTIPLEX-SYNTHESIS-LIBRARY-ALL-PARTITION-6:accession:CCMSLIB00016279328,0.01,mzspec:MSV000084783:ccms_peak/Raw/124.mzML:scan:1863,1,0.76,1,0,MSV000084783,NoID,temp/queries/cc/ccaf6da837844ab6b87fdd9e0c086d75/ccaf6da837844ab6b87fdd9e0c086d75.mgf,1,286,785790
"5-ASA_2,6-dimethylbenzoic-acid",mzspec:GNPS:MULTIPLEX-SYNTHESIS-LIBRARY-ALL-PARTITION-6:accession:CCMSLIB00016279328,0.01,mzspec:MSV000084783:peak/mzML/77.mzML:scan:1810,1,0.76,1,0,MSV000084783,NoID,temp/queries/cc/ccaf6da837844ab6b87fdd9e0c086d75/ccaf6da837844ab6b87fdd9e0c086d75.mgf,1,286,786118
"5-ASA_2,6-dimethylbenzoic-acid",mzspec:GNPS:MULTIPLEX-SYNTHESIS-LIBRARY-ALL-PARTITION-6:accession:CCMSLIB00016279328,0.01,mzspec:MSV000084783:ccms_peak/Raw/190.mzML:scan:1928,1,0.76,1,0,MSV000084783,NoID,temp/queries/cc/ccaf6da837844ab6b87fdd9e0c086d75/ccaf6da837844ab6b87fdd9e0c086d75.mgf,1,286,786271
"5-ASA_2,6-dimethylbenzoic-acid",mzspec:GNPS:MULTIPLEX-SYNTHESIS-LIBRARY-ALL-PARTITION-6:accession:CCMSLIB00016279328,0.01,mzspec:MSV000084783:ccms_peak/Raw/144.mzML:scan:1844,1,0.76,1,0,MSV000084783,NoID,temp/queries/cc/ccaf6da837844ab6b87fdd9e0c086d75/ccaf6da837844ab6b87fdd9e0c086d75.mgf,1,286,786340
"5-ASA_2,6-dimethylbenzoic-acid",mzspec:GNPS:MULTIPLEX-SYNTHESIS-LIBRARY-ALL-PARTITION-6:accession:CCMSLIB00016279328,0.01,mzspec:MSV000084783:ccms_peak/Raw/172_2.mzML:scan:1886,1,0.76,1,0,MSV000084783,NoID,temp/queries/cc/ccaf6da837844ab6b87fdd9e0c086d75/ccaf6da837844ab6b87fdd9e0c086d75.mgf,1,286,786250
"5-ASA_2,6-dimethylbenzoic-acid",mzspec:GNPS:MULTIPLEX-SYNTHESIS-LIBRARY-ALL-PARTITION-6:accession:CCMSLIB00016279328,0.01,mzspec:MSV000084783:peak/mzML/91.mzML:scan:1763,1,0.76,1,0,MSV000084783,NoID,temp/queries/cc/ccaf6da837844ab6b87fdd9e0c086d75/ccaf6da837844ab6b87fdd9e0c086d75.mgf,1,286,785598
"5-ASA_2,6-dimethylbenzoic-acid",mzspec:GNPS:MULTIPLEX-SYNTHESIS-LIBRARY-ALL-PARTITION-6:accession:CCMSLIB00016279328,0.01,mzspec:MSV000084783:ccms_peak/Raw/169.mzML:scan:1895,1,0.76,1,0,MSV000084783,NoID,temp/queries/cc/ccaf6da837844ab6b87fdd9e0c086d75/ccaf6da837844ab6b87fdd9e0c086d75.mgf,1,286,786355
"5-ASA_2,6-dimethylbenzoic-acid",mzspec:GNPS:MULTIPLEX-SYNTHESIS-LIBRARY-ALL-PARTITION-6:accession:CCMSLIB00016279328,0.01,mzspec:MSV000084783:ccms_peak/Raw/78.mzML:scan:1810,1,0.76,1,0,MSV000084783,NoID,temp/queries/cc/ccaf6da837844ab6b87fdd9e0c086d75/ccaf6da837844ab6b87fdd9e0c086d75.mgf,1,286,786255
"5-ASA_2,6-dimethylbenzoic-acid",mzspec:GNPS:MULTIPLEX-SYNTHESIS-LIBRARY-ALL-PARTITION-6:accession:CCMSLIB00016279328,0.01,mzspec:MSV000084783:ccms_peak/Raw/188.mzML:scan:1908,1,0.75,1,0,MSV000084783,NoID,temp/queries/cc/ccaf6da837844ab6b87fdd9e0c086d75/ccaf6da837844ab6b87fdd9e0c086d75.mgf,1,286,785344
"5-ASA_2,6-dimethylbenzoic-acid",mzspec:GNPS:MULTIPLEX-SYNTHESIS-LIBRARY-ALL-PARTITION-6:accession:CCMSLIB00016279328,0.01,mzspec:MSV000084783:peak/mzML/198.mzML:scan:1887,1,0.75,1,0,MSV000084783,NoID,temp/queries/cc/ccaf6da837844ab6b87fdd9e0c086d75/ccaf6da837844ab6b87fdd9e0c086d75.mgf,1,286,785236
"5-ASA_2,6-dimethylbenzoic-acid",mzspec:GNPS:MULTIPLEX-SYNTHESIS-LIBRARY-ALL-PARTITION-6:accession:CCMSLIB00016279328,0.01,mzspec:MSV000084783:peak/mzML/214.mzML:scan:1947,1,0.75,1,0,MSV000084783,NoID,temp/queries/cc/ccaf6da837844ab6b87fdd9e0c086d75/ccaf6da837844ab6b87fdd9e0c086d75.mgf,1,286,785399
"5-ASA_2,6-dimethylbenzoic-acid",mzspec:GNPS:MULTIPLEX-SYNTHESIS-LIBRARY-ALL-PARTITION-6:accession:CCMSLIB00016279328,0.01,mzspec:MSV000084783:peak/mzML/167.mzML:scan:1895,1,0.75,1,0,MSV000084783,NoID,temp/queries/cc/ccaf6da837844ab6b87fdd9e0c086d75/ccaf6da837844ab6b87fdd9e0c086d75.mgf,1,286,785658
"5-ASA_2,6-dimethylbenzoic-acid",mzspec:GNPS:MULTIPLEX-SYNTHESIS-LIBRARY-ALL-PARTITION-6:accession:CCMSLIB00016279328,0.01,mzspec:MSV000084783:peak/mzML/174_2.mzML:scan:1926,1,0.75,1,0,MSV000084783,NoID,temp/queries/cc/ccaf6da837844ab6b87fdd9e0c086d75/ccaf6da837844ab6b87fdd9e0c086d75.mgf,1,286,785485
"5-ASA_2,6-dimethylbenzoic-acid",mzspec:GNPS:MULTIPLEX-SYNTHESIS-LIBRARY-ALL-PARTITION-6:accession:CCMSLIB00016279328,0.01,mzspec:MSV000084783:peak/mzML/202.mzML:scan:1921,1,0.75,1,0,MSV000084783,NoID,temp/queries/cc/ccaf6da837844ab6b87fdd9e0c086d75/ccaf6da837844ab6b87fdd9e0c086d75.mgf,1,286,786571
"5-ASA_2,6-dimethylbenzoic-acid",mzspec:GNPS:MULTIPLEX-SYNTHESIS-LIBRARY-ALL-PARTITION-6:accession:CCMSLIB00016279328,0.01,mzspec:MSV000084783:ccms_peak/Raw/198.mzML:scan:1887,1,0.75,1,0,MSV000084783,NoID,temp/queries/cc/ccaf6da837844ab6b87fdd9e0c086d75/ccaf6da837844ab6b87fdd9e0c086d75.mgf,1,286,786441
"5-ASA_2,6-dimethylbenzoic-acid",mzspec:GNPS:MULTIPLEX-SYNTHESIS-LIBRARY-ALL-PARTITION-6:accession:CCMSLIB00016279328,0.01,mzspec:MSV000084783:ccms_peak/Raw/189.mzML:scan:1925,1,0.75,1,0,MSV000084783,NoID,temp/queries/cc/ccaf6da837844ab6b87fdd9e0c086d75/ccaf6da837844ab6b87fdd9e0c086d75.mgf,1,286,786366
"5-ASA_2,6-dimethylbenzoic-acid",mzspec:GNPS:MULTIPLEX-SYNTHESIS-LIBRARY-ALL-PARTITION-6:accession:CCMSLIB00016279328,0.01,mzspec:MSV000084783:ccms_peak/Raw/214.mzML:scan:1947,1,0.75,1,0,MSV000084783,NoID,temp/queries/cc/ccaf6da837844ab6b87fdd9e0c086d75/ccaf6da837844ab6b87fdd9e0c086d75.mgf,1,286,786266
"5-ASA_2,6-dimethylbenzoic-acid",mzspec:GNPS:MULTIPLEX-SYNTHESIS-LIBRARY-ALL-PARTITION-6:accession:CCMSLIB00016279328,0.01,mzspec:MSV000084783:ccms_peak/Raw/80.mzML:scan:1809,1,0.75,1,0,MSV000084783,NoID,temp/queries/cc/ccaf6da837844ab6b87fdd9e0c086d75/ccaf6da837844ab6b87fdd9e0c086d75.mgf,1,286,786219
"5-ASA_2,6-dimethylbenzoic-acid",mzspec:GNPS:MULTIPLEX-SYNTHESIS-LIBRARY-ALL-PARTITION-6:accession:CCMSLIB00016279328,0.01,mzspec:MSV000084783:peak/mzML/80.mzML:scan:1809,1,0.75,1,0,MSV000084783,NoID,temp/queries/cc/ccaf6da837844ab6b87fdd9e0c086d75/ccaf6da837844ab6b87fdd9e0c086d75.mgf,1,286,785444
"5-ASA_2,6-dimethylbenzoic-acid",mzspec:GNPS:MULTIPLEX-SYNTHESIS-LIBRARY-ALL-PARTITION-6:accession:CCMSLIB00016279328,0.01,mzspec:MSV000084783:ccms_peak/Raw/174_2.mzML:scan:1926,1,0.75,1,0,MSV000084783,NoID,temp/queries/cc/ccaf6da837844ab6b87fdd9e0c086d75/ccaf6da837844ab6b87fdd9e0c086d75.mgf,1,286,785982
"5-ASA_2,6-dimethylbenzoic-acid",mzspec:GNPS:MULTIPLEX-SYNTHESIS-LIBRARY-ALL-PARTITION-6:accession:CCMSLIB00016279328,0.01,mzspec:MSV000084783:ccms_peak/Raw/36.mzML:scan:1779,1,0.75,1,0,MSV000084783,NoID,temp/queries/cc/ccaf6da837844ab6b87fdd9e0c086d75/ccaf6da837844ab6b87fdd9e0c086d75.mgf,1,286,785960
"5-ASA_2,6-dimethylbenzoic-acid",mzspec:GNPS:MULTIPLEX-SYNTHESIS-LIBRARY-ALL-PARTITION-6:accession:CCMSLIB00016279328,0.01,mzspec:MSV000084783:peak/mzML/189.mzML:scan:1925,1,0.75,1,0,MSV000084783,NoID,temp/queries/cc/ccaf6da837844ab6b87fdd9e0c086d75/ccaf6da837844ab6b87fdd9e0c086d75.mgf,1,286,786063
"5-ASA_2,6-dimethylbenzoic-acid",mzspec:GNPS:MULTIPLEX-SYNTHESIS-LIBRARY-ALL-PARTITION-6:accession:CCMSLIB00016279328,0.01,mzspec:MSV000084783:peak/mzML/188.mzML:scan:1908,1,0.75,1,0,MSV000084783,NoID,temp/queries/cc/ccaf6da837844ab6b87fdd9e0c086d75/ccaf6da837844ab6b87fdd9e0c086d75.mgf,1,286,785438
"5-ASA_2,6-dimethylbenzoic-acid",mzspec:GNPS:MULTIPLEX-SYNTHESIS-LIBRARY-ALL-PARTITION-6:accession:CCMSLIB00016279328,0.01,mzspec:MSV000084783:ccms_peak/Raw/96.mzML:scan:1831,1,0.75,1,0,MSV000084783,NoID,temp/queries/cc/ccaf6da837844ab6b87fdd9e0c086d75/ccaf6da837844ab6b87fdd9e0c086d75.mgf,1,286,785225
"5-ASA_2,6-dimethylbenzoic-acid",mzspec:GNPS:MULTIPLEX-SYNTHESIS-LIBRARY-ALL-PARTITION-6:accession:CCMSLIB00016279328,0.01,mzspec:MSV000084783:peak/mzML/144.mzML:scan:1844,1,0.75,1,0,MSV000084783,NoID,temp/queries/cc/ccaf6da837844ab6b87fdd9e0c086d75/ccaf6da837844ab6b87fdd9e0c086d75.mgf,1,286,785208
"5-ASA_2,6-dimethylbenzoic-acid",mzspec:GNPS:MULTIPLEX-SYNTHESIS-LIBRARY-ALL-PARTITION-6:accession:CCMSLIB00016279328,0.01,mzspec:MSV000084783:ccms_peak/Raw/202.mzML:scan:1921,1,0.75,1,0,MSV000084783,NoID,temp/queries/cc/ccaf6da837844ab6b87fdd9e0c086d75/ccaf6da837844ab6b87fdd9e0c086d75.mgf,1,286,786777
"5-ASA_2,6-dimethylbenzoic-acid",mzspec:GNPS:MULTIPLEX-SYNTHESIS-LIBRARY-ALL-PARTITION-6:accession:CCMSLIB00016279328,0.01,mzspec:MSV000084783:peak/mzML/82.mzML:scan:1818,1,0.75,1,0,MSV000084783,NoID,temp/queries/cc/ccaf6da837844ab6b87fdd9e0c086d75/ccaf6da837844ab6b87fdd9e0c086d75.mgf,1,286,786649
"5-ASA_2,6-dimethylbenzoic-acid",mzspec:GNPS:MULTIPLEX-SYNTHESIS-LIBRARY-ALL-PARTITION-6:accession:CCMSLIB00016279328,0.01,mzspec:MSV000084783:peak/mzML/217.mzML:scan:1929,1,0.75,1,0,MSV000084783,NoID,temp/queries/cc/ccaf6da837844ab6b87fdd9e0c086d75/ccaf6da837844ab6b87fdd9e0c086d75.mgf,1,286,785794
"5-ASA_2,6-dimethylbenzoic-acid",mzspec:GNPS:MULTIPLEX-SYNTHESIS-LIBRARY-ALL-PARTITION-6:accession:CCMSLIB00016279328,0.01,mzspec:MSV000084783:ccms_peak/Raw/125.mzML:scan:1871,1,0.75,1,0,MSV000084783,NoID,temp/queries/cc/ccaf6da837844ab6b87fdd9e0c086d75/ccaf6da837844ab6b87fdd9e0c086d75.mgf,1,286,785785
"5-ASA_2,6-dimethylbenzoic-acid",mzspec:GNPS:MULTIPLEX-SYNTHESIS-LIBRARY-ALL-PARTITION-6:accession:CCMSLIB00016279328,0.01,mzspec:MSV000084783:ccms_peak/Raw/210.mzML:scan:1896,1,0.75,1,0,MSV000084783,NoID,temp/queries/cc/ccaf6da837844ab6b87fdd9e0c086d75/ccaf6da837844ab6b87fdd9e0c086d75.mgf,1,286,785878
"5-ASA_2,6-dimethylbenzoic-acid",mzspec:GNPS:MULTIPLEX-SYNTHESIS-LIBRARY-ALL-PARTITION-6:accession:CCMSLIB00016279328,0.01,mzspec:MSV000084783:ccms_peak/Raw/215.mzML:scan:1901,1,0.75,1,0,MSV000084783,NoID,temp/queries/cc/ccaf6da837844ab6b87fdd9e0c086d75/ccaf6da837844ab6b87fdd9e0c086d75.mgf,1,286,785253
"5-ASA_2,6-dimethylbenzoic-acid",mzspec:GNPS:MULTIPLEX-SYNTHESIS-LIBRARY-ALL-PARTITION-6:accession:CCMSLIB00016279328,0.01,mzspec:MSV000084783:peak/mzML/49.mzML:scan:1796,1,0.75,1,0,MSV000084783,NoID,temp/queries/cc/ccaf6da837844ab6b87fdd9e0c086d75/ccaf6da837844ab6b87fdd9e0c086d75.mgf,1,286,785648
"5-ASA_2,6-dimethylbenzoic-acid",mzspec:GNPS:MULTIPLEX-SYNTHESIS-LIBRARY-ALL-PARTITION-6:accession:CCMSLIB00016279328,0.01,mzspec:MSV000084783:ccms_peak/Raw/153.mzML:scan:1869,1,0.75,1,0,MSV000084783,NoID,temp/queries/cc/ccaf6da837844ab6b87fdd9e0c086d75/ccaf6da837844ab6b87fdd9e0c086d75.mgf,1,286,785603
"5-ASA_2,6-dimethylbenzoic-acid",mzspec:GNPS:MULTIPLEX-SYNTHESIS-LIBRARY-ALL-PARTITION-6:accession:CCMSLIB00016279328,0.01,mzspec:MSV000084783:ccms_peak/Raw/63.mzML:scan:1827,1,0.75,1,0,MSV000084783,NoID,temp/queries/cc/ccaf6da837844ab6b87fdd9e0c086d75/ccaf6da837844ab6b87fdd9e0c086d75.mgf,1,286,785428
"5-ASA_2,6-dimethylbenzoic-acid",mzspec:GNPS:MULTIPLEX-SYNTHESIS-LIBRARY-ALL-PARTITION-6:accession:CCMSLIB00016279328,0.01,mzspec:MSV000084783:peak/mzML/96.mzML:scan:1831,1,0.75,1,0,MSV000084783,NoID,temp/queries/cc/ccaf6da837844ab6b87fdd9e0c086d75/ccaf6da837844ab6b87fdd9e0c086d75.mgf,1,286,785367
"5-ASA_2,6-dimethylbenzoic-acid",mzspec:GNPS:MULTIPLEX-SYNTHESIS-LIBRARY-ALL-PARTITION-6:accession:CCMSLIB00016279328,0.01,mzspec:MSV000084783:peak/mzML/125.mzML:scan:1871,1,0.75,1,0,MSV000084783,NoID,temp/queries/cc/ccaf6da837844ab6b87fdd9e0c086d75/ccaf6da837844ab6b87fdd9e0c086d75.mgf,1,286,785284
"5-ASA_2,6-dimethylbenzoic-acid",mzspec:GNPS:MULTIPLEX-SYNTHESIS-LIBRARY-ALL-PARTITION-6:accession:CCMSLIB00016279328,0.01,mzspec:MSV000084783:peak/mzML/184.mzML:scan:1905,1,0.75,1,0,MSV000084783,NoID,temp/queries/cc/ccaf6da837844ab6b87fdd9e0c086d75/ccaf6da837844ab6b87fdd9e0c086d75.mgf,1,286,785746
"5-ASA_2,6-dimethylbenzoic-acid",mzspec:GNPS:MULTIPLEX-SYNTHESIS-LIBRARY-ALL-PARTITION-6:accession:CCMSLIB00016279328,0.01,mzspec:MSV000084783:ccms_peak/Raw/184.mzML:scan:1905,1,0.75,1,0,MSV000084783,NoID,temp/queries/cc/ccaf6da837844ab6b87fdd9e0c086d75/ccaf6da837844ab6b87fdd9e0c086d75.mgf,1,286,785691
"5-ASA_2,6-dimethylbenzoic-acid",mzspec:GNPS:MULTIPLEX-SYNTHESIS-LIBRARY-ALL-PARTITION-6:accession:CCMSLIB00016279328,0.01,mzspec:MSV000084783:ccms_peak/Raw/167.mzML:scan:1895,1,0.75,1,0,MSV000084783,NoID,temp/queries/cc/ccaf6da837844ab6b87fdd9e0c086d75/ccaf6da837844ab6b87fdd9e0c086d75.mgf,1,286,786629
"5-ASA_2,6-dimethylbenzoic-acid",mzspec:GNPS:MULTIPLEX-SYNTHESIS-LIBRARY-ALL-PARTITION-6:accession:CCMSLIB00016279328,0.01,mzspec:MSV000084783:peak/mzML/36.mzML:scan:1779,1,0.75,1,0,MSV000084783,NoID,temp/queries/cc/ccaf6da837844ab6b87fdd9e0c086d75/ccaf6da837844ab6b87fdd9e0c086d75.mgf,1,286,785833
"5-ASA_2,6-dimethylbenzoic-acid",mzspec:GNPS:MULTIPLEX-SYNTHESIS-LIBRARY-ALL-PARTITION-6:accession:CCMSLIB00016279328,0.01,mzspec:MSV000084783:peak/mzML/160_2.mzML:scan:1901,1,0.75,1,0,MSV000084783,NoID,temp/queries/cc/ccaf6da837844ab6b87fdd9e0c086d75/ccaf6da837844ab6b87fdd9e0c086d75.mgf,1,286,785318
"5-ASA_2,6-dimethylbenzoic-acid",mzspec:GNPS:MULTIPLEX-SYNTHESIS-LIBRARY-ALL-PARTITION-6:accession:CCMSLIB00016279328,0.01,mzspec:MSV000084783:ccms_peak/Raw/217.mzML:scan:1929,1,0.75,1,0,MSV000084783,NoID,temp/queries/cc/ccaf6da837844ab6b87fdd9e0c086d75/ccaf6da837844ab6b87fdd9e0c086d75.mgf,1,286,786094
"5-ASA_2,6-dimethylbenzoic-acid",mzspec:GNPS:MULTIPLEX-SYNTHESIS-LIBRARY-ALL-PARTITION-6:accession:CCMSLIB00016279328,0.01,mzspec:MSV000084783:peak/mzML/63.mzML:scan:1827,1,0.75,1,0,MSV000084783,NoID,temp/queries/cc/ccaf6da837844ab6b87fdd9e0c086d75/ccaf6da837844ab6b87fdd9e0c086d75.mgf,1,286,786479
"5-ASA_2,6-dimethylbenzoic-acid",mzspec:GNPS:MULTIPLEX-SYNTHESIS-LIBRARY-ALL-PARTITION-6:accession:CCMSLIB00016279328,0.01,mzspec:MSV000084783:peak/mzML/153.mzML:scan:1869,1,0.75,1,0,MSV000084783,NoID,temp/queries/cc/ccaf6da837844ab6b87fdd9e0c086d75/ccaf6da837844ab6b87fdd9e0c086d75.mgf,1,286,786293
"5-ASA_2,6-dimethylbenzoic-acid",mzspec:GNPS:MULTIPLEX-SYNTHESIS-LIBRARY-ALL-PARTITION-6:accession:CCMSLIB00016279328,0.01,mzspec:MSV000084783:ccms_peak/Raw/160_2.mzML:scan:1901,1,0.75,1,0,MSV000084783,NoID,temp/queries/cc/ccaf6da837844ab6b87fdd9e0c086d75/ccaf6da837844ab6b87fdd9e0c086d75.mgf,1,286,786206
"5-ASA_2,6-dimethylbenzoic-acid",mzspec:GNPS:MULTIPLEX-SYNTHESIS-LIBRARY-ALL-PARTITION-6:accession:CCMSLIB00016279328,0.01,mzspec:MSV000084783:peak/mzML/215.mzML:scan:1901,1,0.75,1,0,MSV000084783,NoID,temp/queries/cc/ccaf6da837844ab6b87fdd9e0c086d75/ccaf6da837844ab6b87fdd9e0c086d75.mgf,1,286,785912
"5-ASA_2,6-dimethylbenzoic-acid",mzspec:GNPS:MULTIPLEX-SYNTHESIS-LIBRARY-ALL-PARTITION-6:accession:CCMSLIB00016279328,0.01,mzspec:MSV000084783:peak/mzML/213.mzML:scan:1958,1,0.75,1,0,MSV000084783,NoID,temp/queries/cc/ccaf6da837844ab6b87fdd9e0c086d75/ccaf6da837844ab6b87fdd9e0c086d75.mgf,1,286,786538
"5-ASA_2,6-dimethylbenzoic-acid",mzspec:GNPS:MULTIPLEX-SYNTHESIS-LIBRARY-ALL-PARTITION-6:accession:CCMSLIB00016279328,0.01,mzspec:MSV000084783:ccms_peak/Raw/49.mzML:scan:1796,1,0.75,1,0,MSV000084783,NoID,temp/queries/cc/ccaf6da837844ab6b87fdd9e0c086d75/ccaf6da837844ab6b87fdd9e0c086d75.mgf,1,286,786592
"5-ASA_2,6-dimethylbenzoic-acid",mzspec:GNPS:MULTIPLEX-SYNTHESIS-LIBRARY-ALL-PARTITION-6:accession:CCMSLIB00016279328,0.01,mzspec:MSV000084783:ccms_peak/Raw/213.mzML:scan:1958,1,0.75,1,0,MSV000084783,NoID,temp/queries/cc/ccaf6da837844ab6b87fdd9e0c086d75/ccaf6da837844ab6b87fdd9e0c086d75.mgf,1,286,786756
"5-ASA_2,6-dimethylbenzoic-acid",mzspec:GNPS:MULTIPLEX-SYNTHESIS-LIBRARY-ALL-PARTITION-6:accession:CCMSLIB00016279328,0.01,mzspec:MSV000084783:ccms_peak/Raw/40.mzML:scan:1787,1,0.75,1,0,MSV000084783,NoID,temp/queries/cc/ccaf6da837844ab6b87fdd9e0c086d75/ccaf6da837844ab6b87fdd9e0c086d75.mgf,1,286,786743
"5-ASA_2,6-dimethylbenzoic-acid",mzspec:GNPS:MULTIPLEX-SYNTHESIS-LIBRARY-ALL-PARTITION-6:accession:CCMSLIB00016279328,0.01,mzspec:MSV000084783:peak/mzML/173_2.mzML:scan:1887,1,0.74,1,0,MSV000084783,NoID,temp/queries/cc/ccaf6da837844ab6b87fdd9e0c086d75/ccaf6da837844ab6b87fdd9e0c086d75.mgf,1,286,785991
"5-ASA_2,6-dimethylbenzoic-acid",mzspec:GNPS:MULTIPLEX-SYNTHESIS-LIBRARY-ALL-PARTITION-6:accession:CCMSLIB00016279328,0.01,mzspec:MSV000084783:peak/mzML/79.mzML:scan:1816,1,0.74,1,0,MSV000084783,NoID,temp/queries/cc/ccaf6da837844ab6b87fdd9e0c086d75/ccaf6da837844ab6b87fdd9e0c086d75.mgf,1,286,785907
"5-ASA_2,6-dimethylbenzoic-acid",mzspec:GNPS:MULTIPLEX-SYNTHESIS-LIBRARY-ALL-PARTITION-6:accession:CCMSLIB00016279328,0.01,mzspec:MSV000084783:ccms_peak/Raw/183.mzML:scan:1917,1,0.74,1,0,MSV000084783,NoID,temp/queries/cc/ccaf6da837844ab6b87fdd9e0c086d75/ccaf6da837844ab6b87fdd9e0c086d75.mgf,1,286,785766
"5-ASA_2,6-dimethylbenzoic-acid",mzspec:GNPS:MULTIPLEX-SYNTHESIS-LIBRARY-ALL-PARTITION-6:accession:CCMSLIB00016279328,0.01,mzspec:MSV000084783:ccms_peak/Raw/126.mzML:scan:1868,1,0.74,1,0,MSV000084783,NoID,temp/queries/cc/ccaf6da837844ab6b87fdd9e0c086d75/ccaf6da837844ab6b87fdd9e0c086d75.mgf,1,286,785618
"5-ASA_2,6-dimethylbenzoic-acid",mzspec:GNPS:MULTIPLEX-SYNTHESIS-LIBRARY-ALL-PARTITION-6:accession:CCMSLIB00016279328,0.01,mzspec:MSV000084783:ccms_peak/Raw/197.mzML:scan:1902,1,0.74,1,0,MSV000084783,NoID,temp/queries/cc/ccaf6da837844ab6b87fdd9e0c086d75/ccaf6da837844ab6b87fdd9e0c086d75.mgf,1,286,785533
"5-ASA_2,6-dimethylbenzoic-acid",mzspec:GNPS:MULTIPLEX-SYNTHESIS-LIBRARY-ALL-PARTITION-6:accession:CCMSLIB00016279328,0.01,mzspec:MSV000084783:ccms_peak/Raw/128.mzML:scan:1839,1,0.74,1,0,MSV000084783,NoID,temp/queries/cc/ccaf6da837844ab6b87fdd9e0c086d75/ccaf6da837844ab6b87fdd9e0c086d75.mgf,1,286,786312
"5-ASA_2,6-dimethylbenzoic-acid",mzspec:GNPS:MULTIPLEX-SYNTHESIS-LIBRARY-ALL-PARTITION-6:accession:CCMSLIB00016279328,0.01,mzspec:MSV000084783:peak/mzML/183.mzML:scan:1917,1,0.74,1,0,MSV000084783,NoID,temp/queries/cc/ccaf6da837844ab6b87fdd9e0c086d75/ccaf6da837844ab6b87fdd9e0c086d75.mgf,1,286,786317
"5-ASA_2,6-dimethylbenzoic-acid",mzspec:GNPS:MULTIPLEX-SYNTHESIS-LIBRARY-ALL-PARTITION-6:accession:CCMSLIB00016279328,0.01,mzspec:MSV000084783:peak/mzML/128.mzML:scan:1839,1,0.74,1,0,MSV000084783,NoID,temp/queries/cc/ccaf6da837844ab6b87fdd9e0c086d75/ccaf6da837844ab6b87fdd9e0c086d75.mgf,1,286,786555
"5-ASA_2,6-dimethylbenzoic-acid",mzspec:GNPS:MULTIPLEX-SYNTHESIS-LIBRARY-ALL-PARTITION-6:accession:CCMSLIB00016279328,0.01,mzspec:MSV000084783:ccms_peak/Raw/173_2.mzML:scan:1887,1,0.74,1,0,MSV000084783,NoID,temp/queries/cc/ccaf6da837844ab6b87fdd9e0c086d75/ccaf6da837844ab6b87fdd9e0c086d75.mgf,1,286,785503
"5-ASA_2,6-dimethylbenzoic-acid",mzspec:GNPS:MULTIPLEX-SYNTHESIS-LIBRARY-ALL-PARTITION-6:accession:CCMSLIB00016279328,0.01,mzspec:MSV000084783:peak/mzML/197.mzML:scan:1902,1,0.74,1,0,MSV000084783,NoID,temp/queries/cc/ccaf6da837844ab6b87fdd9e0c086d75/ccaf6da837844ab6b87fdd9e0c086d75.mgf,1,286,785492
"5-ASA_2,6-dimethylbenzoic-acid",mzspec:GNPS:MULTIPLEX-SYNTHESIS-LIBRARY-ALL-PARTITION-6:accession:CCMSLIB00016279328,0.01,mzspec:MSV000084783:peak/mzML/40.mzML:scan:1787,1,0.74,1,0,MSV000084783,NoID,temp/queries/cc/ccaf6da837844ab6b87fdd9e0c086d75/ccaf6da837844ab6b87fdd9e0c086d75.mgf,1,286,785323
"5-ASA_2,6-dimethylbenzoic-acid",mzspec:GNPS:MULTIPLEX-SYNTHESIS-LIBRARY-ALL-PARTITION-6:accession:CCMSLIB00016279328,0.01,mzspec:MSV000084783:peak/mzML/126.mzML:scan:1868,1,0.74,1,0,MSV000084783,NoID,temp/queries/cc/ccaf6da837844ab6b87fdd9e0c086d75/ccaf6da837844ab6b87fdd9e0c086d75.mgf,1,286,785276
"5-ASA_2,6-dimethylbenzoic-acid",mzspec:GNPS:MULTIPLEX-SYNTHESIS-LIBRARY-ALL-PARTITION-6:accession:CCMSLIB00016279328,0.01,mzspec:MSV000084783:ccms_peak/Raw/79.mzML:scan:1816,1,0.74,1,0,MSV000084783,NoID,temp/queries/cc/ccaf6da837844ab6b87fdd9e0c086d75/ccaf6da837844ab6b87fdd9e0c086d75.mgf,1,286,786519
"5-ASA_2,6-dimethylbenzoic-acid",mzspec:GNPS:MULTIPLEX-SYNTHESIS-LIBRARY-ALL-PARTITION-6:accession:CCMSLIB00016279328,-0.0,mzspec:MSV000084556:ccms_peak/Raw_data/FD028_T1.mzML:scan:1436,1,0.72,1,0,MSV000084556,NoID,temp/queries/cc/ccaf6da837844ab6b87fdd9e0c086d75/ccaf6da837844ab6b87fdd9e0c086d75.mgf,1,286,1423045
"5-ASA_2,6-dimethylbenzoic-acid",mzspec:GNPS:MULTIPLEX-SYNTHESIS-LIBRARY-ALL-PARTITION-6:accession:CCMSLIB00016279328,0.01,mzspec:MSV000086178:peak/mzML/218.mzML:scan:182,1,0.72,1,0,MSV000086178,NoID,temp/queries/cc/ccaf6da837844ab6b87fdd9e0c086d75/ccaf6da837844ab6b87fdd9e0c086d75.mgf,1,286,206144
"5-ASA_2,6-dimethylbenzoic-acid",mzspec:GNPS:MULTIPLEX-SYNTHESIS-LIBRARY-ALL-PARTITION-6:accession:CCMSLIB00016279328,0.01,mzspec:MSV000086178:ccms_peak/218.mzML:scan:182,1,0.72,1,0,MSV000086178,NoID,temp/queries/cc/ccaf6da837844ab6b87fdd9e0c086d75/ccaf6da837844ab6b87fdd9e0c086d75.mgf,1,286,206022
