compound_name,lib_usi,desc,timing
5-ASA_2-(3-benzylphenyl)propionic acid,mzspec:GNPS:MULTIPLEX-SYNTHESIS-LIBRARY-ALL-PARTITION-6:accession:CCMSLIB00016279140,prep,0.0007791519165039062
5-ASA_2-(3-benzylphenyl)propionic acid,mzspec:GNPS:MULTIPLEX-SYNTHESIS-LIBRARY-ALL-PARTITION-6:accession:CCMSLIB00016279140,Search,0.7709276676177979
5-ASA_2-(3-benzylphenyl)propionic acid,mzspec:GNPS:MULTIPLEX-SYNTHESIS-LIBRARY-ALL-PARTITION-6:accession:CCMSLIB00016279140,Parse Query,0.00010395050048828125
5-ASA_2-(3-benzylphenyl)propionic acid,mzspec:GNPS:MULTIPLEX-SYNTHESIS-LIBRARY-ALL-PARTITION-6:accession:CCMSLIB00016279140,Parse Query 2,0.0013349056243896484
5-ASA_2-(3-benzylphenyl)propionic acid,mzspec:GNPS:MULTIPLEX-SYNTHESIS-LIBRARY-ALL-PARTITION-6:accession:CCMSLIB00016279140,Get DB Info,9.179115295410156e-05
5-ASA_2-(3-benzylphenyl)propionic acid,mzspec:GNPS:MULTIPLEX-SYNTHESIS-LIBRARY-ALL-PARTITION-6:accession:CCMSLIB00016279140,Demangle,0.005026102066040039
5-ASA_2-(3-benzylphenyl)propionic acid,mzspec:GNPS:MULTIPLEX-SYNTHESIS-LIBRARY-ALL-PARTITION-6:accession:CCMSLIB00016279140,Group,0.005044698715209961
5-ASA_2-(3-benzylphenyl)propionic acid,mzspec:GNPS:MULTIPLEX-SYNTHESIS-LIBRARY-ALL-PARTITION-6:accession:CCMSLIB00016279140,Enrich datasets,0.011839866638183594
