compound_name,lib_usi,desc,timing
"5-ASA_2-amino-1,2-diphenylethanol",mzspec:GNPS:MULTIPLEX-SYNTHESIS-LIBRARY-ALL-PARTITION-6:accession:CCMSLIB00016278911,prep,0.0007839202880859375
"5-ASA_2-amino-1,2-diphenylethanol",mzspec:GNPS:MULTIPLEX-SYNTHESIS-LIBRARY-ALL-PARTITION-6:accession:CCMSLIB00016278911,Search,0.6756851673126221
"5-ASA_2-amino-1,2-diphenylethanol",mzspec:GNPS:MULTIPLEX-SYNTHESIS-LIBRARY-ALL-PARTITION-6:accession:CCMSLIB00016278911,Parse Query,9.775161743164062e-05
"5-ASA_2-amino-1,2-diphenylethanol",mzspec:GNPS:MULTIPLEX-SYNTHESIS-LIBRARY-ALL-PARTITION-6:accession:CCMSLIB00016278911,Parse Query 2,0.0015339851379394531
"5-ASA_2-amino-1,2-diphenylethanol",mzspec:GNPS:MULTIPLEX-SYNTHESIS-LIBRARY-ALL-PARTITION-6:accession:CCMSLIB00016278911,Get DB Info,0.0001342296600341797
"5-ASA_2-amino-1,2-diphenylethanol",mzspec:GNPS:MULTIPLEX-SYNTHESIS-LIBRARY-ALL-PARTITION-6:accession:CCMSLIB00016278911,Demangle,0.005583047866821289
"5-ASA_2-amino-1,2-diphenylethanol",mzspec:GNPS:MULTIPLEX-SYNTHESIS-LIBRARY-ALL-PARTITION-6:accession:CCMSLIB00016278911,Group,0.0052721500396728516
"5-ASA_2-amino-1,2-diphenylethanol",mzspec:GNPS:MULTIPLEX-SYNTHESIS-LIBRARY-ALL-PARTITION-6:accession:CCMSLIB00016278911,Enrich datasets,0.012171268463134766
