compound_name,lib_usi,desc,timing
5-ASA_2-amino-4-chlorophenol,mzspec:GNPS:MULTIPLEX-SYNTHESIS-LIBRARY-ALL-PARTITION-6:accession:CCMSLIB00016278935,prep,0.000949859619140625
5-ASA_2-amino-4-chlorophenol,mzspec:GNPS:MULTIPLEX-SYNTHESIS-LIBRARY-ALL-PARTITION-6:accession:CCMSLIB00016278935,Search,0.9711158275604248
5-ASA_2-amino-4-chlorophenol,mzspec:GNPS:MULTIPLEX-SYNTHESIS-LIBRARY-ALL-PARTITION-6:accession:CCMSLIB00016278935,Parse Query,8.58306884765625e-05
5-ASA_2-amino-4-chlorophenol,mzspec:GNPS:MULTIPLEX-SYNTHESIS-LIBRARY-ALL-PARTITION-6:accession:CCMSLIB00016278935,Parse Query 2,0.0016736984252929688
5-ASA_2-amino-4-chlorophenol,mzspec:GNPS:MULTIPLEX-SYNTHESIS-LIBRARY-ALL-PARTITION-6:accession:CCMSLIB00016278935,Get DB Info,8.916854858398438e-05
5-ASA_2-amino-4-chlorophenol,mzspec:GNPS:MULTIPLEX-SYNTHESIS-LIBRARY-ALL-PARTITION-6:accession:CCMSLIB00016278935,Demangle,0.008117437362670898
5-ASA_2-amino-4-chlorophenol,mzspec:GNPS:MULTIPLEX-SYNTHESIS-LIBRARY-ALL-PARTITION-6:accession:CCMSLIB00016278935,Group,0.005048513412475586
5-ASA_2-amino-4-chlorophenol,mzspec:GNPS:MULTIPLEX-SYNTHESIS-LIBRARY-ALL-PARTITION-6:accession:CCMSLIB00016278935,Enrich datasets,0.01122593879699707
