compound_name,lib_usi,desc,timing
5-ASA_2-amino-5-chlorophenol,mzspec:GNPS:MULTIPLEX-SYNTHESIS-LIBRARY-ALL-PARTITION-6:accession:CCMSLIB00016278937,prep,0.0006649494171142578
5-ASA_2-amino-5-chlorophenol,mzspec:GNPS:MULTIPLEX-SYNTHESIS-LIBRARY-ALL-PARTITION-6:accession:CCMSLIB00016278937,Search,0.9458882808685303
5-ASA_2-amino-5-chlorophenol,mzspec:GNPS:MULTIPLEX-SYNTHESIS-LIBRARY-ALL-PARTITION-6:accession:CCMSLIB00016278937,Parse Query,9.012222290039062e-05
5-ASA_2-amino-5-chlorophenol,mzspec:GNPS:MULTIPLEX-SYNTHESIS-LIBRARY-ALL-PARTITION-6:accession:CCMSLIB00016278937,Parse Query 2,0.0014836788177490234
5-ASA_2-amino-5-chlorophenol,mzspec:GNPS:MULTIPLEX-SYNTHESIS-LIBRARY-ALL-PARTITION-6:accession:CCMSLIB00016278937,Get DB Info,9.5367431640625e-05
5-ASA_2-amino-5-chlorophenol,mzspec:GNPS:MULTIPLEX-SYNTHESIS-LIBRARY-ALL-PARTITION-6:accession:CCMSLIB00016278937,Demangle,0.007642507553100586
5-ASA_2-amino-5-chlorophenol,mzspec:GNPS:MULTIPLEX-SYNTHESIS-LIBRARY-ALL-PARTITION-6:accession:CCMSLIB00016278937,Group,0.00507664680480957
5-ASA_2-amino-5-chlorophenol,mzspec:GNPS:MULTIPLEX-SYNTHESIS-LIBRARY-ALL-PARTITION-6:accession:CCMSLIB00016278937,Enrich datasets,0.010941505432128906
