compound_name,lib_usi,desc,timing
5-ASA_2-bromobenzoic-acid,mzspec:GNPS:MULTIPLEX-SYNTHESIS-LIBRARY-ALL-PARTITION-6:accession:CCMSLIB00016279460,prep,0.0006749629974365234
5-ASA_2-bromobenzoic-acid,mzspec:GNPS:MULTIPLEX-SYNTHESIS-LIBRARY-ALL-PARTITION-6:accession:CCMSLIB00016279460,Search,0.6426739692687988
5-ASA_2-bromobenzoic-acid,mzspec:GNPS:MULTIPLEX-SYNTHESIS-LIBRARY-ALL-PARTITION-6:accession:CCMSLIB00016279460,Parse Query,8.916854858398438e-05
5-ASA_2-bromobenzoic-acid,mzspec:GNPS:MULTIPLEX-SYNTHESIS-LIBRARY-ALL-PARTITION-6:accession:CCMSLIB00016279460,Parse Query 2,0.0012276172637939453
5-ASA_2-bromobenzoic-acid,mzspec:GNPS:MULTIPLEX-SYNTHESIS-LIBRARY-ALL-PARTITION-6:accession:CCMSLIB00016279460,Get DB Info,9.083747863769531e-05
5-ASA_2-bromobenzoic-acid,mzspec:GNPS:MULTIPLEX-SYNTHESIS-LIBRARY-ALL-PARTITION-6:accession:CCMSLIB00016279460,Demangle,0.00466609001159668
5-ASA_2-bromobenzoic-acid,mzspec:GNPS:MULTIPLEX-SYNTHESIS-LIBRARY-ALL-PARTITION-6:accession:CCMSLIB00016279460,Group,0.0050029754638671875
5-ASA_2-bromobenzoic-acid,mzspec:GNPS:MULTIPLEX-SYNTHESIS-LIBRARY-ALL-PARTITION-6:accession:CCMSLIB00016279460,Enrich datasets,0.011366128921508789
