compound_name,lib_usi,desc,timing
5-ASA_2-bromophenylacetic-acid,mzspec:GNPS:MULTIPLEX-SYNTHESIS-LIBRARY-ALL-PARTITION-6:accession:CCMSLIB00016279549,prep,0.0007874965667724609
5-ASA_2-bromophenylacetic-acid,mzspec:GNPS:MULTIPLEX-SYNTHESIS-LIBRARY-ALL-PARTITION-6:accession:CCMSLIB00016279549,Search,0.6561543941497803
5-ASA_2-bromophenylacetic-acid,mzspec:GNPS:MULTIPLEX-SYNTHESIS-LIBRARY-ALL-PARTITION-6:accession:CCMSLIB00016279549,Parse Query,0.0001049041748046875
5-ASA_2-bromophenylacetic-acid,mzspec:GNPS:MULTIPLEX-SYNTHESIS-LIBRARY-ALL-PARTITION-6:accession:CCMSLIB00016279549,Parse Query 2,0.0016047954559326172
5-ASA_2-bromophenylacetic-acid,mzspec:GNPS:MULTIPLEX-SYNTHESIS-LIBRARY-ALL-PARTITION-6:accession:CCMSLIB00016279549,Get DB Info,9.298324584960938e-05
5-ASA_2-bromophenylacetic-acid,mzspec:GNPS:MULTIPLEX-SYNTHESIS-LIBRARY-ALL-PARTITION-6:accession:CCMSLIB00016279549,Demangle,0.0057179927825927734
5-ASA_2-bromophenylacetic-acid,mzspec:GNPS:MULTIPLEX-SYNTHESIS-LIBRARY-ALL-PARTITION-6:accession:CCMSLIB00016279549,Group,0.005269527435302734
5-ASA_2-bromophenylacetic-acid,mzspec:GNPS:MULTIPLEX-SYNTHESIS-LIBRARY-ALL-PARTITION-6:accession:CCMSLIB00016279549,Enrich datasets,0.012040138244628906
