compound_name,lib_usi,Delta Mass,USI,Charge,Cosine,Matching Peaks,Unit Delta Mass,Dataset,Status,Query Filename,Query Scan,Index UnitPM,Index IdxInUnitPM
5-ASA_2-cyclopropylethanamine,mzspec:GNPS:MULTIPLEX-SYNTHESIS-LIBRARY-ALL-PARTITION-6:accession:CCMSLIB00016278897,-0.0,mzspec:MSV000095003:peak/20240610_PCP_pos/P5_A6_161.mzML:scan:921,1,0.85,2,0,MSV000095003,NoID,temp/queries/40/405c2c160386469bb19bf4ed839f804c/405c2c160386469bb19bf4ed839f804c.mgf,1,221,1725619
5-ASA_2-cyclopropylethanamine,mzspec:GNPS:MULTIPLEX-SYNTHESIS-LIBRARY-ALL-PARTITION-6:accession:CCMSLIB00016278897,0.0,mzspec:MSV000095003:peak/20240610_PCP_pos/P5_A6_161.mzML:scan:1137,1,0.85,2,0,MSV000095003,NoID,temp/queries/40/405c2c160386469bb19bf4ed839f804c/405c2c160386469bb19bf4ed839f804c.mgf,1,221,1725621
5-ASA_2-cyclopropylethanamine,mzspec:GNPS:MULTIPLEX-SYNTHESIS-LIBRARY-ALL-PARTITION-6:accession:CCMSLIB00016278897,-0.0,mzspec:MSV000092757:peak/05092023-pos-pc18-peaklist/pos_inf_prog_10199_Female_68_267_R_A8.mzXML:scan:1305,1,0.84,2,0,MSV000092757,NoID,temp/queries/40/405c2c160386469bb19bf4ed839f804c/405c2c160386469bb19bf4ed839f804c.mgf,1,221,766816
5-ASA_2-cyclopropylethanamine,mzspec:GNPS:MULTIPLEX-SYNTHESIS-LIBRARY-ALL-PARTITION-6:accession:CCMSLIB00016278897,-0.0,mzspec:MSV000093898:peak/mzML/POS_CSBE_CCP.mzML:scan:1439,1,0.84,2,0,MSV000093898,NoID,temp/queries/40/405c2c160386469bb19bf4ed839f804c/405c2c160386469bb19bf4ed839f804c.mgf,1,221,460306
5-ASA_2-cyclopropylethanamine,mzspec:GNPS:MULTIPLEX-SYNTHESIS-LIBRARY-ALL-PARTITION-6:accession:CCMSLIB00016278897,-0.0,mzspec:MSV000093898:peak/mzML/POS_CSBE.mzML:scan:1457,1,0.84,2,0,MSV000093898,NoID,temp/queries/40/405c2c160386469bb19bf4ed839f804c/405c2c160386469bb19bf4ed839f804c.mgf,1,221,460270
5-ASA_2-cyclopropylethanamine,mzspec:GNPS:MULTIPLEX-SYNTHESIS-LIBRARY-ALL-PARTITION-6:accession:CCMSLIB00016278897,-0.0,mzspec:MSV000095003:peak/20240610_PCP_pos/P5_A6_161.mzML:scan:1270,1,0.84,2,0,MSV000095003,NoID,temp/queries/40/405c2c160386469bb19bf4ed839f804c/405c2c160386469bb19bf4ed839f804c.mgf,1,221,1725622
5-ASA_2-cyclopropylethanamine,mzspec:GNPS:MULTIPLEX-SYNTHESIS-LIBRARY-ALL-PARTITION-6:accession:CCMSLIB00016278897,-0.0,mzspec:MSV000095003:peak/20240610_PCP_pos/P5_A6_161.mzML:scan:1017,1,0.84,2,0,MSV000095003,NoID,temp/queries/40/405c2c160386469bb19bf4ed839f804c/405c2c160386469bb19bf4ed839f804c.mgf,1,221,1725620
5-ASA_2-cyclopropylethanamine,mzspec:GNPS:MULTIPLEX-SYNTHESIS-LIBRARY-ALL-PARTITION-6:accession:CCMSLIB00016278897,-0.0,mzspec:MSV000093898:peak/mzML/POS_CSBE_CY.mzML:scan:1479,1,0.84,2,0,MSV000093898,NoID,temp/queries/40/405c2c160386469bb19bf4ed839f804c/405c2c160386469bb19bf4ed839f804c.mgf,1,221,460337
5-ASA_2-cyclopropylethanamine,mzspec:GNPS:MULTIPLEX-SYNTHESIS-LIBRARY-ALL-PARTITION-6:accession:CCMSLIB00016278897,-0.0,mzspec:MSV000092757:peak/05092023-pos-pc18-peaklist/pos_inf_non_9108_male_55_193_G_A6.mzXML:scan:1291,1,0.84,2,0,MSV000092757,NoID,temp/queries/40/405c2c160386469bb19bf4ed839f804c/405c2c160386469bb19bf4ed839f804c.mgf,1,221,766766
5-ASA_2-cyclopropylethanamine,mzspec:GNPS:MULTIPLEX-SYNTHESIS-LIBRARY-ALL-PARTITION-6:accession:CCMSLIB00016278897,-0.0,mzspec:MSV000092757:peak/05092023-pos-pc18-peaklist/pos_inf_non_9197_male_69_193_G_A11.mzXML:scan:1223,1,0.84,2,0,MSV000092757,NoID,temp/queries/40/405c2c160386469bb19bf4ed839f804c/405c2c160386469bb19bf4ed839f804c.mgf,1,221,766838
5-ASA_2-cyclopropylethanamine,mzspec:GNPS:MULTIPLEX-SYNTHESIS-LIBRARY-ALL-PARTITION-6:accession:CCMSLIB00016278897,-0.0,mzspec:MSV000092757:peak/05092023-pos-pc18-peaklist/pos_inf_non_7263_Female_76_267_R_B6.mzXML:scan:1141,1,0.84,2,0,MSV000092757,NoID,temp/queries/40/405c2c160386469bb19bf4ed839f804c/405c2c160386469bb19bf4ed839f804c.mgf,1,221,766480
5-ASA_2-cyclopropylethanamine,mzspec:GNPS:MULTIPLEX-SYNTHESIS-LIBRARY-ALL-PARTITION-6:accession:CCMSLIB00016278897,-0.0,mzspec:MSV000092757:peak/05092023-pos-pc18-peaklist/pos_inf_prog_7107_Male_58_267_R_A2.mzXML:scan:1337,1,0.84,2,0,MSV000092757,NoID,temp/queries/40/405c2c160386469bb19bf4ed839f804c/405c2c160386469bb19bf4ed839f804c.mgf,1,221,767021
5-ASA_2-cyclopropylethanamine,mzspec:GNPS:MULTIPLEX-SYNTHESIS-LIBRARY-ALL-PARTITION-6:accession:CCMSLIB00016278897,-0.0,mzspec:MSV000092757:peak/05092023-pos-pc18-peaklist/pos_inf_non_9965_Male_42_267_R_B5.mzXML:scan:1168,1,0.84,2,0,MSV000092757,NoID,temp/queries/40/405c2c160386469bb19bf4ed839f804c/405c2c160386469bb19bf4ed839f804c.mgf,1,221,767284
5-ASA_2-cyclopropylethanamine,mzspec:GNPS:MULTIPLEX-SYNTHESIS-LIBRARY-ALL-PARTITION-6:accession:CCMSLIB00016278897,-0.0,mzspec:MSV000092757:peak/05092023-pos-pc18-peaklist/pos_inf_non_9413_Male_79_267_R_B8.mzXML:scan:1156,1,0.84,2,0,MSV000092757,NoID,temp/queries/40/405c2c160386469bb19bf4ed839f804c/405c2c160386469bb19bf4ed839f804c.mgf,1,221,766871
5-ASA_2-cyclopropylethanamine,mzspec:GNPS:MULTIPLEX-SYNTHESIS-LIBRARY-ALL-PARTITION-6:accession:CCMSLIB00016278897,-0.0,mzspec:MSV000092757:peak/05092023-pos-pc18-peaklist/pos_inf_prog_9112_male_71_193_G_A7.mzXML:scan:1294,1,0.83,2,0,MSV000092757,NoID,temp/queries/40/405c2c160386469bb19bf4ed839f804c/405c2c160386469bb19bf4ed839f804c.mgf,1,221,767225
5-ASA_2-cyclopropylethanamine,mzspec:GNPS:MULTIPLEX-SYNTHESIS-LIBRARY-ALL-PARTITION-6:accession:CCMSLIB00016278897,-0.0,mzspec:MSV000092757:peak/05092023-pos-pc18-peaklist/pos_inf_non_8384_Female_63_267_R_B10.mzXML:scan:1159,1,0.83,2,0,MSV000092757,NoID,temp/queries/40/405c2c160386469bb19bf4ed839f804c/405c2c160386469bb19bf4ed839f804c.mgf,1,221,767593
5-ASA_2-cyclopropylethanamine,mzspec:GNPS:MULTIPLEX-SYNTHESIS-LIBRARY-ALL-PARTITION-6:accession:CCMSLIB00016278897,-0.0,mzspec:MSV000092757:peak/05092023-pos-pc18-peaklist/pos_inf_prog_9112_male_71_193_G_A7.mzXML:scan:1106,1,0.83,2,0,MSV000092757,NoID,temp/queries/40/405c2c160386469bb19bf4ed839f804c/405c2c160386469bb19bf4ed839f804c.mgf,1,221,767224
5-ASA_2-cyclopropylethanamine,mzspec:GNPS:MULTIPLEX-SYNTHESIS-LIBRARY-ALL-PARTITION-6:accession:CCMSLIB00016278897,-0.0,mzspec:MSV000092757:peak/05092023-pos-pc18-peaklist/pos_inf_prog_10272_Male_72_267_R_A10.mzXML:scan:1064,1,0.83,2,0,MSV000092757,NoID,temp/queries/40/405c2c160386469bb19bf4ed839f804c/405c2c160386469bb19bf4ed839f804c.mgf,1,221,767843
5-ASA_2-cyclopropylethanamine,mzspec:GNPS:MULTIPLEX-SYNTHESIS-LIBRARY-ALL-PARTITION-6:accession:CCMSLIB00016278897,-0.0,mzspec:MSV000092757:peak/05092023-pos-pc18-peaklist/pos_inf_non_9108_male_55_193_G_A6.mzXML:scan:1128,1,0.83,2,0,MSV000092757,NoID,temp/queries/40/405c2c160386469bb19bf4ed839f804c/405c2c160386469bb19bf4ed839f804c.mgf,1,221,766765
5-ASA_2-cyclopropylethanamine,mzspec:GNPS:MULTIPLEX-SYNTHESIS-LIBRARY-ALL-PARTITION-6:accession:CCMSLIB00016278897,-0.0,mzspec:MSV000092757:peak/05092023-pos-pc18-peaklist/pos_inf_prog_7107_Male_58_267_R_A2.mzXML:scan:1168,1,0.83,2,0,MSV000092757,NoID,temp/queries/40/405c2c160386469bb19bf4ed839f804c/405c2c160386469bb19bf4ed839f804c.mgf,1,221,767020
5-ASA_2-cyclopropylethanamine,mzspec:GNPS:MULTIPLEX-SYNTHESIS-LIBRARY-ALL-PARTITION-6:accession:CCMSLIB00016278897,-0.0,mzspec:MSV000092757:peak/05092023-pos-pc18-peaklist/pos_inf_non_7524_Male_67_267_R_B9.mzXML:scan:862,1,0.83,2,0,MSV000092757,NoID,temp/queries/40/405c2c160386469bb19bf4ed839f804c/405c2c160386469bb19bf4ed839f804c.mgf,1,221,767421
5-ASA_2-cyclopropylethanamine,mzspec:GNPS:MULTIPLEX-SYNTHESIS-LIBRARY-ALL-PARTITION-6:accession:CCMSLIB00016278897,-0.0,mzspec:MSV000092757:peak/05092023-pos-pc18-peaklist/pos_inf_non_7524_Male_67_267_R_B9.mzXML:scan:1180,1,0.83,2,0,MSV000092757,NoID,temp/queries/40/405c2c160386469bb19bf4ed839f804c/405c2c160386469bb19bf4ed839f804c.mgf,1,221,767422
5-ASA_2-cyclopropylethanamine,mzspec:GNPS:MULTIPLEX-SYNTHESIS-LIBRARY-ALL-PARTITION-6:accession:CCMSLIB00016278897,-0.0,mzspec:MSV000092757:peak/05092023-pos-pc18-peaklist/pos_inf_non_7263_Female_76_267_R_B6.mzXML:scan:787,1,0.83,2,0,MSV000092757,NoID,temp/queries/40/405c2c160386469bb19bf4ed839f804c/405c2c160386469bb19bf4ed839f804c.mgf,1,221,766479
5-ASA_2-cyclopropylethanamine,mzspec:GNPS:MULTIPLEX-SYNTHESIS-LIBRARY-ALL-PARTITION-6:accession:CCMSLIB00016278897,-0.0,mzspec:MSV000092757:peak/05092023-pos-pc18-peaklist/pos_inf_prog_10199_Female_68_267_R_A8.mzXML:scan:1146,1,0.83,2,0,MSV000092757,NoID,temp/queries/40/405c2c160386469bb19bf4ed839f804c/405c2c160386469bb19bf4ed839f804c.mgf,1,221,766815
5-ASA_2-cyclopropylethanamine,mzspec:GNPS:MULTIPLEX-SYNTHESIS-LIBRARY-ALL-PARTITION-6:accession:CCMSLIB00016278897,-0.0,mzspec:MSV000095003:peak/20240610_PCP_pos/P1_B4_523.mzML:scan:948,1,0.83,2,0,MSV000095003,NoID,temp/queries/40/405c2c160386469bb19bf4ed839f804c/405c2c160386469bb19bf4ed839f804c.mgf,1,221,1725605
5-ASA_2-cyclopropylethanamine,mzspec:GNPS:MULTIPLEX-SYNTHESIS-LIBRARY-ALL-PARTITION-6:accession:CCMSLIB00016278897,-0.0,mzspec:MSV000092757:peak/05092023-pos-pc18-peaklist/pos_inf_non_7036_Female_54_267_R_B2.mzXML:scan:1322,1,0.83,2,0,MSV000092757,NoID,temp/queries/40/405c2c160386469bb19bf4ed839f804c/405c2c160386469bb19bf4ed839f804c.mgf,1,221,768092
5-ASA_2-cyclopropylethanamine,mzspec:GNPS:MULTIPLEX-SYNTHESIS-LIBRARY-ALL-PARTITION-6:accession:CCMSLIB00016278897,-0.0,mzspec:MSV000092757:peak/05092023-pos-pc18-peaklist/pos_inf_prog_10235_Male_75_267_R_A9.mzXML:scan:1186,1,0.82,2,0,MSV000092757,NoID,temp/queries/40/405c2c160386469bb19bf4ed839f804c/405c2c160386469bb19bf4ed839f804c.mgf,1,221,767984
5-ASA_2-cyclopropylethanamine,mzspec:GNPS:MULTIPLEX-SYNTHESIS-LIBRARY-ALL-PARTITION-6:accession:CCMSLIB00016278897,-0.0,mzspec:MSV000092757:peak/05092023-pos-pc18-peaklist/pos_inf_non_7036_Female_54_267_R_B2.mzXML:scan:1167,1,0.82,2,0,MSV000092757,NoID,temp/queries/40/405c2c160386469bb19bf4ed839f804c/405c2c160386469bb19bf4ed839f804c.mgf,1,221,768091
5-ASA_2-cyclopropylethanamine,mzspec:GNPS:MULTIPLEX-SYNTHESIS-LIBRARY-ALL-PARTITION-6:accession:CCMSLIB00016278897,-0.0,mzspec:MSV000092757:peak/05092023-pos-pc18-peaklist/pos_inf_prog_9112_male_71_193_G_A7.mzXML:scan:782,1,0.82,2,0,MSV000092757,NoID,temp/queries/40/405c2c160386469bb19bf4ed839f804c/405c2c160386469bb19bf4ed839f804c.mgf,1,221,767223
5-ASA_2-cyclopropylethanamine,mzspec:GNPS:MULTIPLEX-SYNTHESIS-LIBRARY-ALL-PARTITION-6:accession:CCMSLIB00016278897,-0.0,mzspec:MSV000092757:peak/05092023-pos-pc18-peaklist/pos_inf_non_9965_Male_42_267_R_B5.mzXML:scan:1327,1,0.82,2,0,MSV000092757,NoID,temp/queries/40/405c2c160386469bb19bf4ed839f804c/405c2c160386469bb19bf4ed839f804c.mgf,1,221,767285
5-ASA_2-cyclopropylethanamine,mzspec:GNPS:MULTIPLEX-SYNTHESIS-LIBRARY-ALL-PARTITION-6:accession:CCMSLIB00016278897,-0.0,mzspec:MSV000092757:peak/05092023-pos-pc18-peaklist/pos_uninf_prog_9092_female_62_193_G_A5.mzXML:scan:1247,1,0.82,2,0,MSV000092757,NoID,temp/queries/40/405c2c160386469bb19bf4ed839f804c/405c2c160386469bb19bf4ed839f804c.mgf,1,221,767881
5-ASA_2-cyclopropylethanamine,mzspec:GNPS:MULTIPLEX-SYNTHESIS-LIBRARY-ALL-PARTITION-6:accession:CCMSLIB00016278897,-0.0,mzspec:MSV000092757:peak/05092023-pos-pc18-peaklist/pos_inf_prog_10272_Male_72_267_R_A10.mzXML:scan:1258,1,0.82,2,0,MSV000092757,NoID,temp/queries/40/405c2c160386469bb19bf4ed839f804c/405c2c160386469bb19bf4ed839f804c.mgf,1,221,767844
5-ASA_2-cyclopropylethanamine,mzspec:GNPS:MULTIPLEX-SYNTHESIS-LIBRARY-ALL-PARTITION-6:accession:CCMSLIB00016278897,-0.0,mzspec:MSV000083535:ccms_peak/OMICS_MHAE003_icMERS_12HRS_4_Lipid_022_NEG_17July17_Polaroid_HSST-T3-A923.mzML:scan:19868,1,0.82,2,0,MSV000083535,NoID,temp/queries/40/405c2c160386469bb19bf4ed839f804c/405c2c160386469bb19bf4ed839f804c.mgf,1,221,1612696
5-ASA_2-cyclopropylethanamine,mzspec:GNPS:MULTIPLEX-SYNTHESIS-LIBRARY-ALL-PARTITION-6:accession:CCMSLIB00016278897,-0.0,mzspec:MSV000092757:peak/05092023-pos-pc18-peaklist/pos_inf_non_10169_Male_40_267_R_C4.mzXML:scan:1075,1,0.82,2,0,MSV000092757,NoID,temp/queries/40/405c2c160386469bb19bf4ed839f804c/405c2c160386469bb19bf4ed839f804c.mgf,1,221,767928
5-ASA_2-cyclopropylethanamine,mzspec:GNPS:MULTIPLEX-SYNTHESIS-LIBRARY-ALL-PARTITION-6:accession:CCMSLIB00016278897,-0.0,mzspec:MSV000092757:peak/05092023-pos-pc18-peaklist/pos_inf_non_9162_male_70_193_G_A8.mzXML:scan:1341,1,0.82,2,0,MSV000092757,NoID,temp/queries/40/405c2c160386469bb19bf4ed839f804c/405c2c160386469bb19bf4ed839f804c.mgf,1,221,766649
5-ASA_2-cyclopropylethanamine,mzspec:GNPS:MULTIPLEX-SYNTHESIS-LIBRARY-ALL-PARTITION-6:accession:CCMSLIB00016278897,-0.0,mzspec:MSV000092757:peak/05092023-pos-pc18-peaklist/pos_inf_prog_8367_Male_74_267_R_A4.mzXML:scan:725,1,0.82,2,0,MSV000092757,NoID,temp/queries/40/405c2c160386469bb19bf4ed839f804c/405c2c160386469bb19bf4ed839f804c.mgf,1,221,768070
5-ASA_2-cyclopropylethanamine,mzspec:GNPS:MULTIPLEX-SYNTHESIS-LIBRARY-ALL-PARTITION-6:accession:CCMSLIB00016278897,-0.0,mzspec:MSV000092757:peak/05092023-pos-pc18-peaklist/pos_inf_non_9197_male_69_193_G_A11.mzXML:scan:1025,1,0.82,2,0,MSV000092757,NoID,temp/queries/40/405c2c160386469bb19bf4ed839f804c/405c2c160386469bb19bf4ed839f804c.mgf,1,221,766837
5-ASA_2-cyclopropylethanamine,mzspec:GNPS:MULTIPLEX-SYNTHESIS-LIBRARY-ALL-PARTITION-6:accession:CCMSLIB00016278897,-0.0,mzspec:MSV000092757:peak/05092023-pos-pc18-peaklist/pos_inf_non_9011_male_52_193_G_A2.mzXML:scan:949,1,0.82,2,0,MSV000092757,NoID,temp/queries/40/405c2c160386469bb19bf4ed839f804c/405c2c160386469bb19bf4ed839f804c.mgf,1,221,767456
5-ASA_2-cyclopropylethanamine,mzspec:GNPS:MULTIPLEX-SYNTHESIS-LIBRARY-ALL-PARTITION-6:accession:CCMSLIB00016278897,-0.0,mzspec:MSV000092757:peak/05092023-pos-pc18-peaklist/pos_inf_non_8384_Female_63_267_R_B10.mzXML:scan:850,1,0.82,2,0,MSV000092757,NoID,temp/queries/40/405c2c160386469bb19bf4ed839f804c/405c2c160386469bb19bf4ed839f804c.mgf,1,221,767592
5-ASA_2-cyclopropylethanamine,mzspec:GNPS:MULTIPLEX-SYNTHESIS-LIBRARY-ALL-PARTITION-6:accession:CCMSLIB00016278897,-0.0,mzspec:MSV000092757:peak/05092023-pos-pc18-peaklist/pos_inf_non_10169_Male_40_267_R_C4.mzXML:scan:1273,1,0.82,2,0,MSV000092757,NoID,temp/queries/40/405c2c160386469bb19bf4ed839f804c/405c2c160386469bb19bf4ed839f804c.mgf,1,221,767929
5-ASA_2-cyclopropylethanamine,mzspec:GNPS:MULTIPLEX-SYNTHESIS-LIBRARY-ALL-PARTITION-6:accession:CCMSLIB00016278897,-0.0,mzspec:MSV000092757:peak/05092023-pos-pc18-peaklist/pos_inf_non_8030_Female_64_267_R_C9.mzXML:scan:1162,1,0.82,2,0,MSV000092757,NoID,temp/queries/40/405c2c160386469bb19bf4ed839f804c/405c2c160386469bb19bf4ed839f804c.mgf,1,221,767752
5-ASA_2-cyclopropylethanamine,mzspec:GNPS:MULTIPLEX-SYNTHESIS-LIBRARY-ALL-PARTITION-6:accession:CCMSLIB00016278897,-0.0,mzspec:MSV000092757:peak/05092023-pos-pc18-peaklist/pos_uninf_prog_9092_female_62_193_G_A5.mzXML:scan:1070,1,0.81,2,0,MSV000092757,NoID,temp/queries/40/405c2c160386469bb19bf4ed839f804c/405c2c160386469bb19bf4ed839f804c.mgf,1,221,767880
5-ASA_2-cyclopropylethanamine,mzspec:GNPS:MULTIPLEX-SYNTHESIS-LIBRARY-ALL-PARTITION-6:accession:CCMSLIB00016278897,-0.0,mzspec:MSV000093898:peak/mzML/POS_CSBE_CCP.mzML:scan:1607,1,0.81,2,0,MSV000093898,NoID,temp/queries/40/405c2c160386469bb19bf4ed839f804c/405c2c160386469bb19bf4ed839f804c.mgf,1,221,460307
5-ASA_2-cyclopropylethanamine,mzspec:GNPS:MULTIPLEX-SYNTHESIS-LIBRARY-ALL-PARTITION-6:accession:CCMSLIB00016278897,-0.0,mzspec:MSV000092757:peak/05092023-pos-pc18-peaklist/pos_inf_prog_7107_Male_58_267_R_A2.mzXML:scan:885,1,0.81,2,0,MSV000092757,NoID,temp/queries/40/405c2c160386469bb19bf4ed839f804c/405c2c160386469bb19bf4ed839f804c.mgf,1,221,767019
5-ASA_2-cyclopropylethanamine,mzspec:GNPS:MULTIPLEX-SYNTHESIS-LIBRARY-ALL-PARTITION-6:accession:CCMSLIB00016278897,-0.0,mzspec:MSV000092757:peak/05092023-pos-pc18-peaklist/pos_inf_non_8030_Female_64_267_R_C9.mzXML:scan:1322,1,0.81,2,0,MSV000092757,NoID,temp/queries/40/405c2c160386469bb19bf4ed839f804c/405c2c160386469bb19bf4ed839f804c.mgf,1,221,767753
5-ASA_2-cyclopropylethanamine,mzspec:GNPS:MULTIPLEX-SYNTHESIS-LIBRARY-ALL-PARTITION-6:accession:CCMSLIB00016278897,-0.0,mzspec:MSV000092757:peak/05092023-pos-pc18-peaklist/pos_inf_prog_8997_male_51_193_G_A1.mzXML:scan:1123,1,0.81,2,0,MSV000092757,NoID,temp/queries/40/405c2c160386469bb19bf4ed839f804c/405c2c160386469bb19bf4ed839f804c.mgf,1,221,767498
5-ASA_2-cyclopropylethanamine,mzspec:GNPS:MULTIPLEX-SYNTHESIS-LIBRARY-ALL-PARTITION-6:accession:CCMSLIB00016278897,-0.0,mzspec:MSV000092757:peak/05092023-pos-pc18-peaklist/pos_inf_non_10124_Male_67_267_R_C8.mzXML:scan:1112,1,0.81,2,0,MSV000092757,NoID,temp/queries/40/405c2c160386469bb19bf4ed839f804c/405c2c160386469bb19bf4ed839f804c.mgf,1,221,767039
5-ASA_2-cyclopropylethanamine,mzspec:GNPS:MULTIPLEX-SYNTHESIS-LIBRARY-ALL-PARTITION-6:accession:CCMSLIB00016278897,-0.0,mzspec:MSV000092757:peak/05092023-pos-pc18-peaklist/pos_inf_non_7064_Female_51_267_R_C3.mzXML:scan:787,1,0.81,2,0,MSV000092757,NoID,temp/queries/40/405c2c160386469bb19bf4ed839f804c/405c2c160386469bb19bf4ed839f804c.mgf,1,221,767169
5-ASA_2-cyclopropylethanamine,mzspec:GNPS:MULTIPLEX-SYNTHESIS-LIBRARY-ALL-PARTITION-6:accession:CCMSLIB00016278897,-0.0,mzspec:MSV000092757:peak/05092023-pos-pc18-peaklist/pos_start_QC_4.mzXML:scan:1158,1,0.8,2,0,MSV000092757,NoID,temp/queries/40/405c2c160386469bb19bf4ed839f804c/405c2c160386469bb19bf4ed839f804c.mgf,1,221,767341
5-ASA_2-cyclopropylethanamine,mzspec:GNPS:MULTIPLEX-SYNTHESIS-LIBRARY-ALL-PARTITION-6:accession:CCMSLIB00016278897,-0.0,mzspec:MSV000092757:peak/05092023-pos-pc18-peaklist/pos_inf_non_10124_Male_67_267_R_C8.mzXML:scan:1295,1,0.8,2,0,MSV000092757,NoID,temp/queries/40/405c2c160386469bb19bf4ed839f804c/405c2c160386469bb19bf4ed839f804c.mgf,1,221,767040
5-ASA_2-cyclopropylethanamine,mzspec:GNPS:MULTIPLEX-SYNTHESIS-LIBRARY-ALL-PARTITION-6:accession:CCMSLIB00016278897,-0.0,mzspec:MSV000092757:peak/05092023-pos-pc18-peaklist/pos_inf_non_10124_Male_67_267_R_C8.mzXML:scan:806,1,0.8,2,0,MSV000092757,NoID,temp/queries/40/405c2c160386469bb19bf4ed839f804c/405c2c160386469bb19bf4ed839f804c.mgf,1,221,767038
5-ASA_2-cyclopropylethanamine,mzspec:GNPS:MULTIPLEX-SYNTHESIS-LIBRARY-ALL-PARTITION-6:accession:CCMSLIB00016278897,-0.0,mzspec:MSV000092757:peak/05092023-pos-pc18-peaklist/pos_inf_non_9170_male_50_193_G_A10.mzXML:scan:1309,1,0.8,2,0,MSV000092757,NoID,temp/queries/40/405c2c160386469bb19bf4ed839f804c/405c2c160386469bb19bf4ed839f804c.mgf,1,221,767804
5-ASA_2-cyclopropylethanamine,mzspec:GNPS:MULTIPLEX-SYNTHESIS-LIBRARY-ALL-PARTITION-6:accession:CCMSLIB00016278897,-0.0,mzspec:MSV000092757:peak/05092023-pos-pc18-peaklist/pos_inf_non_7036_Female_54_267_R_B2.mzXML:scan:918,1,0.8,2,0,MSV000092757,NoID,temp/queries/40/405c2c160386469bb19bf4ed839f804c/405c2c160386469bb19bf4ed839f804c.mgf,1,221,768090
5-ASA_2-cyclopropylethanamine,mzspec:GNPS:MULTIPLEX-SYNTHESIS-LIBRARY-ALL-PARTITION-6:accession:CCMSLIB00016278897,-0.0,mzspec:MSV000092757:peak/05092023-pos-pc18-peaklist/pos_inf_non_8030_Female_64_267_R_C9.mzXML:scan:910,1,0.8,2,0,MSV000092757,NoID,temp/queries/40/405c2c160386469bb19bf4ed839f804c/405c2c160386469bb19bf4ed839f804c.mgf,1,221,767751
5-ASA_2-cyclopropylethanamine,mzspec:GNPS:MULTIPLEX-SYNTHESIS-LIBRARY-ALL-PARTITION-6:accession:CCMSLIB00016278897,-0.0,mzspec:MSV000092757:peak/05092023-pos-pc18-peaklist/pos_inf_prog_10199_Female_68_267_R_A8.mzXML:scan:892,1,0.8,2,0,MSV000092757,NoID,temp/queries/40/405c2c160386469bb19bf4ed839f804c/405c2c160386469bb19bf4ed839f804c.mgf,1,221,766814
5-ASA_2-cyclopropylethanamine,mzspec:GNPS:MULTIPLEX-SYNTHESIS-LIBRARY-ALL-PARTITION-6:accession:CCMSLIB00016278897,-0.0,mzspec:ST002044:HILIC/ESIPOS/NHF5_POS.mzML:scan:523,1,0.8,2,0,ST002044,NoID,temp/queries/40/405c2c160386469bb19bf4ed839f804c/405c2c160386469bb19bf4ed839f804c.mgf,1,221,3174568
5-ASA_2-cyclopropylethanamine,mzspec:GNPS:MULTIPLEX-SYNTHESIS-LIBRARY-ALL-PARTITION-6:accession:CCMSLIB00016278897,-0.0,mzspec:MSV000092757:peak/05092023-pos-pc18-peaklist/pos_inf_non_9965_Male_42_267_R_B5.mzXML:scan:902,1,0.8,2,0,MSV000092757,NoID,temp/queries/40/405c2c160386469bb19bf4ed839f804c/405c2c160386469bb19bf4ed839f804c.mgf,1,221,767283
5-ASA_2-cyclopropylethanamine,mzspec:GNPS:MULTIPLEX-SYNTHESIS-LIBRARY-ALL-PARTITION-6:accession:CCMSLIB00016278897,-0.0,mzspec:MSV000092757:peak/05092023-pos-pc18-peaklist/pos_inf_non_10169_Male_40_267_R_C4.mzXML:scan:751,1,0.79,2,0,MSV000092757,NoID,temp/queries/40/405c2c160386469bb19bf4ed839f804c/405c2c160386469bb19bf4ed839f804c.mgf,1,221,767927
5-ASA_2-cyclopropylethanamine,mzspec:GNPS:MULTIPLEX-SYNTHESIS-LIBRARY-ALL-PARTITION-6:accession:CCMSLIB00016278897,-0.0,mzspec:MSV000092757:peak/05092023-pos-pc18-peaklist/pos_inf_non_9197_male_69_193_G_A11.mzXML:scan:729,1,0.79,2,0,MSV000092757,NoID,temp/queries/40/405c2c160386469bb19bf4ed839f804c/405c2c160386469bb19bf4ed839f804c.mgf,1,221,766836
5-ASA_2-cyclopropylethanamine,mzspec:GNPS:MULTIPLEX-SYNTHESIS-LIBRARY-ALL-PARTITION-6:accession:CCMSLIB00016278897,-0.0,mzspec:MSV000092757:peak/05092023-pos-pc18-peaklist/pos_inf_non_9170_male_50_193_G_A10.mzXML:scan:1142,1,0.79,2,0,MSV000092757,NoID,temp/queries/40/405c2c160386469bb19bf4ed839f804c/405c2c160386469bb19bf4ed839f804c.mgf,1,221,767802
5-ASA_2-cyclopropylethanamine,mzspec:GNPS:MULTIPLEX-SYNTHESIS-LIBRARY-ALL-PARTITION-6:accession:CCMSLIB00016278897,-0.0,mzspec:MSV000092757:peak/05092023-pos-pc18-peaklist/pos_inf_non_9011_male_52_193_G_A2.mzXML:scan:1105,1,0.79,2,0,MSV000092757,NoID,temp/queries/40/405c2c160386469bb19bf4ed839f804c/405c2c160386469bb19bf4ed839f804c.mgf,1,221,767457
5-ASA_2-cyclopropylethanamine,mzspec:GNPS:MULTIPLEX-SYNTHESIS-LIBRARY-ALL-PARTITION-6:accession:CCMSLIB00016278897,-0.0,mzspec:MSV000092757:peak/05092023-pos-pc18-peaklist/pos_inf_non_9108_male_55_193_G_A6.mzXML:scan:879,1,0.79,2,0,MSV000092757,NoID,temp/queries/40/405c2c160386469bb19bf4ed839f804c/405c2c160386469bb19bf4ed839f804c.mgf,1,221,766764
5-ASA_2-cyclopropylethanamine,mzspec:GNPS:MULTIPLEX-SYNTHESIS-LIBRARY-ALL-PARTITION-6:accession:CCMSLIB00016278897,-0.0,mzspec:MSV000093898:peak/mzML/POS_CSBE.mzML:scan:1265,1,0.79,2,0,MSV000093898,NoID,temp/queries/40/405c2c160386469bb19bf4ed839f804c/405c2c160386469bb19bf4ed839f804c.mgf,1,221,460269
5-ASA_2-cyclopropylethanamine,mzspec:GNPS:MULTIPLEX-SYNTHESIS-LIBRARY-ALL-PARTITION-6:accession:CCMSLIB00016278897,-0.0,mzspec:MSV000092757:peak/05092023-pos-pc18-peaklist/pos_inf_non_7064_Female_51_267_R_C3.mzXML:scan:1109,1,0.79,2,0,MSV000092757,NoID,temp/queries/40/405c2c160386469bb19bf4ed839f804c/405c2c160386469bb19bf4ed839f804c.mgf,1,221,767170
5-ASA_2-cyclopropylethanamine,mzspec:GNPS:MULTIPLEX-SYNTHESIS-LIBRARY-ALL-PARTITION-6:accession:CCMSLIB00016278897,-0.0,mzspec:MSV000092757:peak/05092023-pos-pc18-peaklist/pos_inf_prog_10272_Male_72_267_R_A10.mzXML:scan:746,1,0.79,2,0,MSV000092757,NoID,temp/queries/40/405c2c160386469bb19bf4ed839f804c/405c2c160386469bb19bf4ed839f804c.mgf,1,221,767842
5-ASA_2-cyclopropylethanamine,mzspec:GNPS:MULTIPLEX-SYNTHESIS-LIBRARY-ALL-PARTITION-6:accession:CCMSLIB00016278897,0.01,mzspec:MSV000084908:ccms_peak/Fecal_mzXML/Plate_02/FIT150E3CAL_GB5_01_52013.mzML:scan:5269,1,0.79,2,0,MSV000084908,NoID,temp/queries/40/405c2c160386469bb19bf4ed839f804c/405c2c160386469bb19bf4ed839f804c.mgf,1,221,1570155
5-ASA_2-cyclopropylethanamine,mzspec:GNPS:MULTIPLEX-SYNTHESIS-LIBRARY-ALL-PARTITION-6:accession:CCMSLIB00016278897,-0.0,mzspec:MSV000092757:peak/05092023-pos-pc18-peaklist/pos_inf_non_9162_male_70_193_G_A8.mzXML:scan:848,1,0.78,2,0,MSV000092757,NoID,temp/queries/40/405c2c160386469bb19bf4ed839f804c/405c2c160386469bb19bf4ed839f804c.mgf,1,221,766647
5-ASA_2-cyclopropylethanamine,mzspec:GNPS:MULTIPLEX-SYNTHESIS-LIBRARY-ALL-PARTITION-6:accession:CCMSLIB00016278897,-0.0,mzspec:MSV000092757:peak/05092023-pos-pc18-peaklist/pos_inf_prog_10145_Female_73_267_R_A7.mzXML:scan:826,1,0.78,2,0,MSV000092757,NoID,temp/queries/40/405c2c160386469bb19bf4ed839f804c/405c2c160386469bb19bf4ed839f804c.mgf,1,221,767122
5-ASA_2-cyclopropylethanamine,mzspec:GNPS:MULTIPLEX-SYNTHESIS-LIBRARY-ALL-PARTITION-6:accession:CCMSLIB00016278897,-0.0,mzspec:MSV000092757:peak/05092023-pos-pc18-peaklist/pos_inf_non_9170_male_50_193_G_A10.mzXML:scan:867,1,0.78,2,0,MSV000092757,NoID,temp/queries/40/405c2c160386469bb19bf4ed839f804c/405c2c160386469bb19bf4ed839f804c.mgf,1,221,767798
5-ASA_2-cyclopropylethanamine,mzspec:GNPS:MULTIPLEX-SYNTHESIS-LIBRARY-ALL-PARTITION-6:accession:CCMSLIB00016278897,-0.0,mzspec:MSV000092757:peak/05092023-pos-pc18-peaklist/pos_inf_non_7012_Female_45_267_R_B4.mzXML:scan:1127,1,0.78,2,0,MSV000092757,NoID,temp/queries/40/405c2c160386469bb19bf4ed839f804c/405c2c160386469bb19bf4ed839f804c.mgf,1,221,766961
5-ASA_2-cyclopropylethanamine,mzspec:GNPS:MULTIPLEX-SYNTHESIS-LIBRARY-ALL-PARTITION-6:accession:CCMSLIB00016278897,-0.0,mzspec:MSV000085870:peak/peak/PH697211_pos_IDA.mzXML:scan:2540,1,0.78,4,0,MSV000085870,NoID,temp/queries/40/405c2c160386469bb19bf4ed839f804c/405c2c160386469bb19bf4ed839f804c.mgf,1,221,1243674
5-ASA_2-cyclopropylethanamine,mzspec:GNPS:MULTIPLEX-SYNTHESIS-LIBRARY-ALL-PARTITION-6:accession:CCMSLIB00016278897,-0.0,mzspec:MSV000092757:peak/05092023-pos-pc18-peaklist/pos_inf_non_9413_Male_79_267_R_B8.mzXML:scan:846,1,0.78,2,0,MSV000092757,NoID,temp/queries/40/405c2c160386469bb19bf4ed839f804c/405c2c160386469bb19bf4ed839f804c.mgf,1,221,766870
5-ASA_2-cyclopropylethanamine,mzspec:GNPS:MULTIPLEX-SYNTHESIS-LIBRARY-ALL-PARTITION-6:accession:CCMSLIB00016278897,-0.0,mzspec:MTBLS417:FILES/PH697211_pos_IDA.mzXML:scan:2540,1,0.78,4,0,MTBLS417,NoID,temp/queries/40/405c2c160386469bb19bf4ed839f804c/405c2c160386469bb19bf4ed839f804c.mgf,1,221,3415897
5-ASA_2-cyclopropylethanamine,mzspec:GNPS:MULTIPLEX-SYNTHESIS-LIBRARY-ALL-PARTITION-6:accession:CCMSLIB00016278897,-0.0,mzspec:MSV000092757:peak/05092023-pos-pc18-peaklist/pos_inf_prog_10235_Male_75_267_R_A9.mzXML:scan:895,1,0.76,2,0,MSV000092757,NoID,temp/queries/40/405c2c160386469bb19bf4ed839f804c/405c2c160386469bb19bf4ed839f804c.mgf,1,221,767983
5-ASA_2-cyclopropylethanamine,mzspec:GNPS:MULTIPLEX-SYNTHESIS-LIBRARY-ALL-PARTITION-6:accession:CCMSLIB00016278897,-0.02,mzspec:MTBLS417:FILES/PH697289_pos_IDA.mzXML:scan:2371,1,0.76,3,0,MTBLS417,NoID,temp/queries/40/405c2c160386469bb19bf4ed839f804c/405c2c160386469bb19bf4ed839f804c.mgf,1,221,3416266
5-ASA_2-cyclopropylethanamine,mzspec:GNPS:MULTIPLEX-SYNTHESIS-LIBRARY-ALL-PARTITION-6:accession:CCMSLIB00016278897,-0.02,mzspec:MSV000085870:peak/peak/PH697289_pos_IDA.mzXML:scan:2371,1,0.76,3,0,MSV000085870,NoID,temp/queries/40/405c2c160386469bb19bf4ed839f804c/405c2c160386469bb19bf4ed839f804c.mgf,1,221,1243752
5-ASA_2-cyclopropylethanamine,mzspec:GNPS:MULTIPLEX-SYNTHESIS-LIBRARY-ALL-PARTITION-6:accession:CCMSLIB00016278897,-0.0,mzspec:MTBLS417:FILES/PH697184_pos_IDA.mzXML:scan:2586,1,0.76,2,0,MTBLS417,NoID,temp/queries/40/405c2c160386469bb19bf4ed839f804c/405c2c160386469bb19bf4ed839f804c.mgf,1,221,3415480
5-ASA_2-cyclopropylethanamine,mzspec:GNPS:MULTIPLEX-SYNTHESIS-LIBRARY-ALL-PARTITION-6:accession:CCMSLIB00016278897,-0.0,mzspec:MSV000085870:peak/peak/PH697184_pos_IDA.mzXML:scan:2586,1,0.76,2,0,MSV000085870,NoID,temp/queries/40/405c2c160386469bb19bf4ed839f804c/405c2c160386469bb19bf4ed839f804c.mgf,1,221,1245569
5-ASA_2-cyclopropylethanamine,mzspec:GNPS:MULTIPLEX-SYNTHESIS-LIBRARY-ALL-PARTITION-6:accession:CCMSLIB00016278897,-0.0,mzspec:MSV000085870:peak/peak/PH697247_pos_IDA.mzXML:scan:2908,1,0.75,3,0,MSV000085870,NoID,temp/queries/40/405c2c160386469bb19bf4ed839f804c/405c2c160386469bb19bf4ed839f804c.mgf,1,221,1245139
5-ASA_2-cyclopropylethanamine,mzspec:GNPS:MULTIPLEX-SYNTHESIS-LIBRARY-ALL-PARTITION-6:accession:CCMSLIB00016278897,-0.0,mzspec:MTBLS417:FILES/PH697247_pos_IDA.mzXML:scan:2908,1,0.75,3,0,MTBLS417,NoID,temp/queries/40/405c2c160386469bb19bf4ed839f804c/405c2c160386469bb19bf4ed839f804c.mgf,1,221,3417679
5-ASA_2-cyclopropylethanamine,mzspec:GNPS:MULTIPLEX-SYNTHESIS-LIBRARY-ALL-PARTITION-6:accession:CCMSLIB00016278897,-0.0,mzspec:MSV000085870:peak/peak/PH697119_pos_IDA.mzXML:scan:2293,1,0.75,2,0,MSV000085870,NoID,temp/queries/40/405c2c160386469bb19bf4ed839f804c/405c2c160386469bb19bf4ed839f804c.mgf,1,221,1243921
5-ASA_2-cyclopropylethanamine,mzspec:GNPS:MULTIPLEX-SYNTHESIS-LIBRARY-ALL-PARTITION-6:accession:CCMSLIB00016278897,-0.0,mzspec:MTBLS417:FILES/PH697119_pos_IDA.mzXML:scan:2293,1,0.75,2,0,MTBLS417,NoID,temp/queries/40/405c2c160386469bb19bf4ed839f804c/405c2c160386469bb19bf4ed839f804c.mgf,1,221,3416836
5-ASA_2-cyclopropylethanamine,mzspec:GNPS:MULTIPLEX-SYNTHESIS-LIBRARY-ALL-PARTITION-6:accession:CCMSLIB00016278897,-0.0,mzspec:MSV000085870:peak/peak/PH697285_pos_IDA.mzXML:scan:2885,1,0.75,3,0,MSV000085870,NoID,temp/queries/40/405c2c160386469bb19bf4ed839f804c/405c2c160386469bb19bf4ed839f804c.mgf,1,221,1244724
5-ASA_2-cyclopropylethanamine,mzspec:GNPS:MULTIPLEX-SYNTHESIS-LIBRARY-ALL-PARTITION-6:accession:CCMSLIB00016278897,-0.0,mzspec:MTBLS417:FILES/PH697285_pos_IDA.mzXML:scan:2885,1,0.75,3,0,MTBLS417,NoID,temp/queries/40/405c2c160386469bb19bf4ed839f804c/405c2c160386469bb19bf4ed839f804c.mgf,1,221,3416225
5-ASA_2-cyclopropylethanamine,mzspec:GNPS:MULTIPLEX-SYNTHESIS-LIBRARY-ALL-PARTITION-6:accession:CCMSLIB00016278897,-0.0,mzspec:MSV000092757:peak/05092023-pos-pc18-peaklist/pos_NA_8990_NA_NA_193_G_B5.mzXML:scan:1118,1,0.75,2,0,MSV000092757,NoID,temp/queries/40/405c2c160386469bb19bf4ed839f804c/405c2c160386469bb19bf4ed839f804c.mgf,1,221,767506
5-ASA_2-cyclopropylethanamine,mzspec:GNPS:MULTIPLEX-SYNTHESIS-LIBRARY-ALL-PARTITION-6:accession:CCMSLIB00016278897,-0.0,mzspec:ST002044:RP/ESIPOS/D_173.mzML:scan:3956,1,0.74,2,0,ST002044,NoID,temp/queries/40/405c2c160386469bb19bf4ed839f804c/405c2c160386469bb19bf4ed839f804c.mgf,1,221,3151426
5-ASA_2-cyclopropylethanamine,mzspec:GNPS:MULTIPLEX-SYNTHESIS-LIBRARY-ALL-PARTITION-6:accession:CCMSLIB00016278897,-0.0,mzspec:MSV000092754:peak/05082023-pos-philic-peaklist/pos_inf_prog_8367_Male_74_267_R_A4.mzXML:scan:691,1,0.74,2,0,MSV000092754,NoID,temp/queries/40/405c2c160386469bb19bf4ed839f804c/405c2c160386469bb19bf4ed839f804c.mgf,1,221,1999640
5-ASA_2-cyclopropylethanamine,mzspec:GNPS:MULTIPLEX-SYNTHESIS-LIBRARY-ALL-PARTITION-6:accession:CCMSLIB00016278897,-0.0,mzspec:MTBLS417:FILES/PH697291_pos_IDA.mzXML:scan:2218,1,0.74,3,0,MTBLS417,NoID,temp/queries/40/405c2c160386469bb19bf4ed839f804c/405c2c160386469bb19bf4ed839f804c.mgf,1,221,3417990
5-ASA_2-cyclopropylethanamine,mzspec:GNPS:MULTIPLEX-SYNTHESIS-LIBRARY-ALL-PARTITION-6:accession:CCMSLIB00016278897,-0.0,mzspec:MSV000085870:peak/peak/PH697291_pos_IDA.mzXML:scan:2218,1,0.74,3,0,MSV000085870,NoID,temp/queries/40/405c2c160386469bb19bf4ed839f804c/405c2c160386469bb19bf4ed839f804c.mgf,1,221,1245003
5-ASA_2-cyclopropylethanamine,mzspec:GNPS:MULTIPLEX-SYNTHESIS-LIBRARY-ALL-PARTITION-6:accession:CCMSLIB00016278897,-0.0,mzspec:MSV000083475:ccms_peak/RAW/PLATE5/5G1_4_41_mousseau-88-s006-a02.mzML:scan:983,1,0.74,2,0,MSV000083475,NoID,temp/queries/40/405c2c160386469bb19bf4ed839f804c/405c2c160386469bb19bf4ed839f804c.mgf,1,221,2781217
5-ASA_2-cyclopropylethanamine,mzspec:GNPS:MULTIPLEX-SYNTHESIS-LIBRARY-ALL-PARTITION-6:accession:CCMSLIB00016278897,-0.0,mzspec:MSV000083475:peak/mzML/Animal_PLATE5_mzML/Plate5_Samples/5G1_4_41_mousseau-88-s006-a02.mzML:scan:983,1,0.74,2,0,MSV000083475,NoID,temp/queries/40/405c2c160386469bb19bf4ed839f804c/405c2c160386469bb19bf4ed839f804c.mgf,1,221,2778251
5-ASA_2-cyclopropylethanamine,mzspec:GNPS:MULTIPLEX-SYNTHESIS-LIBRARY-ALL-PARTITION-6:accession:CCMSLIB00016278897,-0.0,mzspec:MSV000083475:peak/mzML/Animal_PLATE5_mzML/Plate5_Blanks/5H5_Blank.mzML:scan:983,1,0.73,2,0,MSV000083475,NoID,temp/queries/40/405c2c160386469bb19bf4ed839f804c/405c2c160386469bb19bf4ed839f804c.mgf,1,221,2779417
5-ASA_2-cyclopropylethanamine,mzspec:GNPS:MULTIPLEX-SYNTHESIS-LIBRARY-ALL-PARTITION-6:accession:CCMSLIB00016278897,-0.0,mzspec:MSV000083475:ccms_peak/RAW/PLATE5/5H5_Blank.mzML:scan:983,1,0.73,2,0,MSV000083475,NoID,temp/queries/40/405c2c160386469bb19bf4ed839f804c/405c2c160386469bb19bf4ed839f804c.mgf,1,221,2779266
5-ASA_2-cyclopropylethanamine,mzspec:GNPS:MULTIPLEX-SYNTHESIS-LIBRARY-ALL-PARTITION-6:accession:CCMSLIB00016278897,-0.0,mzspec:MSV000083475:ccms_peak/RAW/PLATE5/5H8_4_61_mousseau-88-s070-a02.mzML:scan:991,1,0.72,2,0,MSV000083475,NoID,temp/queries/40/405c2c160386469bb19bf4ed839f804c/405c2c160386469bb19bf4ed839f804c.mgf,1,221,2779962
5-ASA_2-cyclopropylethanamine,mzspec:GNPS:MULTIPLEX-SYNTHESIS-LIBRARY-ALL-PARTITION-6:accession:CCMSLIB00016278897,-0.0,mzspec:MSV000083475:peak/mzML/Animal_PLATE5_mzML/Plate5_Samples/5H8_4_61_mousseau-88-s070-a02.mzML:scan:991,1,0.72,2,0,MSV000083475,NoID,temp/queries/40/405c2c160386469bb19bf4ed839f804c/405c2c160386469bb19bf4ed839f804c.mgf,1,221,2779150
5-ASA_2-cyclopropylethanamine,mzspec:GNPS:MULTIPLEX-SYNTHESIS-LIBRARY-ALL-PARTITION-6:accession:CCMSLIB00016278897,-0.0,mzspec:MTBLS417:FILES/PH697211_pos_IDA.mzXML:scan:2281,1,0.72,2,0,MTBLS417,NoID,temp/queries/40/405c2c160386469bb19bf4ed839f804c/405c2c160386469bb19bf4ed839f804c.mgf,1,221,3415896
5-ASA_2-cyclopropylethanamine,mzspec:GNPS:MULTIPLEX-SYNTHESIS-LIBRARY-ALL-PARTITION-6:accession:CCMSLIB00016278897,-0.0,mzspec:MSV000085870:peak/peak/PH697211_pos_IDA.mzXML:scan:2281,1,0.72,2,0,MSV000085870,NoID,temp/queries/40/405c2c160386469bb19bf4ed839f804c/405c2c160386469bb19bf4ed839f804c.mgf,1,221,1243673
5-ASA_2-cyclopropylethanamine,mzspec:GNPS:MULTIPLEX-SYNTHESIS-LIBRARY-ALL-PARTITION-6:accession:CCMSLIB00016278897,-0.0,mzspec:MTBLS417:FILES/PH697182_pos_IDA.mzXML:scan:2448,1,0.72,2,0,MTBLS417,NoID,temp/queries/40/405c2c160386469bb19bf4ed839f804c/405c2c160386469bb19bf4ed839f804c.mgf,1,221,3417628
5-ASA_2-cyclopropylethanamine,mzspec:GNPS:MULTIPLEX-SYNTHESIS-LIBRARY-ALL-PARTITION-6:accession:CCMSLIB00016278897,-0.0,mzspec:MTBLS417:FILES/PH697291_pos_IDA.mzXML:scan:2445,1,0.72,2,0,MTBLS417,NoID,temp/queries/40/405c2c160386469bb19bf4ed839f804c/405c2c160386469bb19bf4ed839f804c.mgf,1,221,3417993
5-ASA_2-cyclopropylethanamine,mzspec:GNPS:MULTIPLEX-SYNTHESIS-LIBRARY-ALL-PARTITION-6:accession:CCMSLIB00016278897,-0.0,mzspec:MSV000085870:peak/peak/PH697291_pos_IDA.mzXML:scan:2445,1,0.72,2,0,MSV000085870,NoID,temp/queries/40/405c2c160386469bb19bf4ed839f804c/405c2c160386469bb19bf4ed839f804c.mgf,1,221,1245006
5-ASA_2-cyclopropylethanamine,mzspec:GNPS:MULTIPLEX-SYNTHESIS-LIBRARY-ALL-PARTITION-6:accession:CCMSLIB00016278897,-0.0,mzspec:MSV000085870:peak/peak/PH697182_pos_IDA.mzXML:scan:2448,1,0.72,2,0,MSV000085870,NoID,temp/queries/40/405c2c160386469bb19bf4ed839f804c/405c2c160386469bb19bf4ed839f804c.mgf,1,221,1245639
5-ASA_2-cyclopropylethanamine,mzspec:GNPS:MULTIPLEX-SYNTHESIS-LIBRARY-ALL-PARTITION-6:accession:CCMSLIB00016278897,-0.0,mzspec:MTBLS417:FILES/PH697285_pos_IDA.mzXML:scan:2586,1,0.72,2,0,MTBLS417,NoID,temp/queries/40/405c2c160386469bb19bf4ed839f804c/405c2c160386469bb19bf4ed839f804c.mgf,1,221,3416223
5-ASA_2-cyclopropylethanamine,mzspec:GNPS:MULTIPLEX-SYNTHESIS-LIBRARY-ALL-PARTITION-6:accession:CCMSLIB00016278897,-0.0,mzspec:MSV000085870:peak/peak/PH697285_pos_IDA.mzXML:scan:2586,1,0.72,2,0,MSV000085870,NoID,temp/queries/40/405c2c160386469bb19bf4ed839f804c/405c2c160386469bb19bf4ed839f804c.mgf,1,221,1244722
5-ASA_2-cyclopropylethanamine,mzspec:GNPS:MULTIPLEX-SYNTHESIS-LIBRARY-ALL-PARTITION-6:accession:CCMSLIB00016278897,-0.0,mzspec:MTBLS417:FILES/PH697257_pos_IDA.mzXML:scan:2832,1,0.72,2,0,MTBLS417,NoID,temp/queries/40/405c2c160386469bb19bf4ed839f804c/405c2c160386469bb19bf4ed839f804c.mgf,1,221,3417781
5-ASA_2-cyclopropylethanamine,mzspec:GNPS:MULTIPLEX-SYNTHESIS-LIBRARY-ALL-PARTITION-6:accession:CCMSLIB00016278897,-0.01,mzspec:MTBLS3322:FILES/DERIVED_FILES/POS/pos_muscle_30d_6h_8.mzXML:scan:3193,1,0.72,2,0,MTBLS3322,NoID,temp/queries/40/405c2c160386469bb19bf4ed839f804c/405c2c160386469bb19bf4ed839f804c.mgf,1,221,3395608
5-ASA_2-cyclopropylethanamine,mzspec:GNPS:MULTIPLEX-SYNTHESIS-LIBRARY-ALL-PARTITION-6:accession:CCMSLIB00016278897,-0.0,mzspec:MSV000085870:peak/peak/PH697257_pos_IDA.mzXML:scan:2832,1,0.72,2,0,MSV000085870,NoID,temp/queries/40/405c2c160386469bb19bf4ed839f804c/405c2c160386469bb19bf4ed839f804c.mgf,1,221,1244644
5-ASA_2-cyclopropylethanamine,mzspec:GNPS:MULTIPLEX-SYNTHESIS-LIBRARY-ALL-PARTITION-6:accession:CCMSLIB00016278897,-0.0,mzspec:MSV000083475:ccms_peak/RAW/PLATE5/5F5_4_31_mousseau-88-s009-a02.mzML:scan:980,1,0.72,2,0,MSV000083475,NoID,temp/queries/40/405c2c160386469bb19bf4ed839f804c/405c2c160386469bb19bf4ed839f804c.mgf,1,221,2779540
5-ASA_2-cyclopropylethanamine,mzspec:GNPS:MULTIPLEX-SYNTHESIS-LIBRARY-ALL-PARTITION-6:accession:CCMSLIB00016278897,-0.0,mzspec:MSV000083475:peak/mzML/Animal_PLATE5_mzML/Plate5_Samples/5F5_4_31_mousseau-88-s009-a02.mzML:scan:980,1,0.72,2,0,MSV000083475,NoID,temp/queries/40/405c2c160386469bb19bf4ed839f804c/405c2c160386469bb19bf4ed839f804c.mgf,1,221,2778242
5-ASA_2-cyclopropylethanamine,mzspec:GNPS:MULTIPLEX-SYNTHESIS-LIBRARY-ALL-PARTITION-6:accession:CCMSLIB00016278897,-0.0,mzspec:MSV000083475:ccms_peak/RAW/PLATE5/5H9_4_63_mousseau-88-s051-a02.mzML:scan:1003,1,0.71,2,0,MSV000083475,NoID,temp/queries/40/405c2c160386469bb19bf4ed839f804c/405c2c160386469bb19bf4ed839f804c.mgf,1,221,2780941
5-ASA_2-cyclopropylethanamine,mzspec:GNPS:MULTIPLEX-SYNTHESIS-LIBRARY-ALL-PARTITION-6:accession:CCMSLIB00016278897,-0.0,mzspec:MSV000083475:peak/mzML/Animal_PLATE5_mzML/Plate5_Samples/5H9_4_63_mousseau-88-s051-a02.mzML:scan:1003,1,0.71,2,0,MSV000083475,NoID,temp/queries/40/405c2c160386469bb19bf4ed839f804c/405c2c160386469bb19bf4ed839f804c.mgf,1,221,2778075
5-ASA_2-cyclopropylethanamine,mzspec:GNPS:MULTIPLEX-SYNTHESIS-LIBRARY-ALL-PARTITION-6:accession:CCMSLIB00016278897,-0.0,mzspec:MSV000083475:ccms_peak/RAW/PLATE5/5G4_4_45_mousseau-88-s067-a02.mzML:scan:993,1,0.71,2,0,MSV000083475,NoID,temp/queries/40/405c2c160386469bb19bf4ed839f804c/405c2c160386469bb19bf4ed839f804c.mgf,1,221,2780389
5-ASA_2-cyclopropylethanamine,mzspec:GNPS:MULTIPLEX-SYNTHESIS-LIBRARY-ALL-PARTITION-6:accession:CCMSLIB00016278897,-0.0,mzspec:MSV000083475:peak/mzML/Animal_PLATE5_mzML/Plate5_Samples/5G4_4_45_mousseau-88-s067-a02.mzML:scan:993,1,0.71,2,0,MSV000083475,NoID,temp/queries/40/405c2c160386469bb19bf4ed839f804c/405c2c160386469bb19bf4ed839f804c.mgf,1,221,2778742
5-ASA_2-cyclopropylethanamine,mzspec:GNPS:MULTIPLEX-SYNTHESIS-LIBRARY-ALL-PARTITION-6:accession:CCMSLIB00016278897,-0.0,mzspec:MTBLS417:FILES/PH697257_pos_IDA.mzXML:scan:2310,1,0.71,2,0,MTBLS417,NoID,temp/queries/40/405c2c160386469bb19bf4ed839f804c/405c2c160386469bb19bf4ed839f804c.mgf,1,221,3417775
5-ASA_2-cyclopropylethanamine,mzspec:GNPS:MULTIPLEX-SYNTHESIS-LIBRARY-ALL-PARTITION-6:accession:CCMSLIB00016278897,-0.0,mzspec:MSV000085870:peak/peak/PH697257_pos_IDA.mzXML:scan:2310,1,0.71,2,0,MSV000085870,NoID,temp/queries/40/405c2c160386469bb19bf4ed839f804c/405c2c160386469bb19bf4ed839f804c.mgf,1,221,1244638
5-ASA_2-cyclopropylethanamine,mzspec:GNPS:MULTIPLEX-SYNTHESIS-LIBRARY-ALL-PARTITION-6:accession:CCMSLIB00016278897,0.02,mzspec:ST003500:balbo006_mckeo093_19145_20230510_S152.mzML:scan:10120,1,0.71,2,0,ST003500,NoID,temp/queries/40/405c2c160386469bb19bf4ed839f804c/405c2c160386469bb19bf4ed839f804c.mgf,1,221,3124431
5-ASA_2-cyclopropylethanamine,mzspec:GNPS:MULTIPLEX-SYNTHESIS-LIBRARY-ALL-PARTITION-6:accession:CCMSLIB00016278897,-0.0,mzspec:MSV000083475:peak/mzML/Animal_PLATE5_mzML/Plate5_Samples/5F3_4_28_mousseau-88-s013-a02.mzML:scan:1001,1,0.71,2,0,MSV000083475,NoID,temp/queries/40/405c2c160386469bb19bf4ed839f804c/405c2c160386469bb19bf4ed839f804c.mgf,1,221,2780503
5-ASA_2-cyclopropylethanamine,mzspec:GNPS:MULTIPLEX-SYNTHESIS-LIBRARY-ALL-PARTITION-6:accession:CCMSLIB00016278897,-0.0,mzspec:MSV000083475:ccms_peak/RAW/PLATE5/5F3_4_28_mousseau-88-s013-a02.mzML:scan:1001,1,0.71,2,0,MSV000083475,NoID,temp/queries/40/405c2c160386469bb19bf4ed839f804c/405c2c160386469bb19bf4ed839f804c.mgf,1,221,2779868
5-ASA_2-cyclopropylethanamine,mzspec:GNPS:MULTIPLEX-SYNTHESIS-LIBRARY-ALL-PARTITION-6:accession:CCMSLIB00016278897,-0.0,mzspec:MTBLS417:FILES/PH697287_pos_IDA.mzXML:scan:2274,1,0.7,2,0,MTBLS417,NoID,temp/queries/40/405c2c160386469bb19bf4ed839f804c/405c2c160386469bb19bf4ed839f804c.mgf,1,221,3416129
5-ASA_2-cyclopropylethanamine,mzspec:GNPS:MULTIPLEX-SYNTHESIS-LIBRARY-ALL-PARTITION-6:accession:CCMSLIB00016278897,-0.0,mzspec:MSV000085870:peak/peak/PH697287_pos_IDA.mzXML:scan:2274,1,0.7,2,0,MSV000085870,NoID,temp/queries/40/405c2c160386469bb19bf4ed839f804c/405c2c160386469bb19bf4ed839f804c.mgf,1,221,1244061
5-ASA_2-cyclopropylethanamine,mzspec:GNPS:MULTIPLEX-SYNTHESIS-LIBRARY-ALL-PARTITION-6:accession:CCMSLIB00016278897,0.0,mzspec:MSV000092754:peak/05082023-pos-philic-peaklist/pos_inf_non_7524_Male_67_267_R_B9.mzXML:scan:719,1,0.7,2,0,MSV000092754,NoID,temp/queries/40/405c2c160386469bb19bf4ed839f804c/405c2c160386469bb19bf4ed839f804c.mgf,1,221,1999911
