compound_name,lib_usi,Delta Mass,USI,Charge,Cosine,Matching Peaks,Unit Delta Mass,Dataset,Status,Query Filename,Query Scan,Index UnitPM,Index IdxInUnitPM
5-ASA_2-ethylaniline,mzspec:GNPS:MULTIPLEX-SYNTHESIS-LIBRARY-ALL-PARTITION-6:accession:CCMSLIB00016278870,0.0,mzspec:ST002420:G9_2.mzML:scan:8720,1,0.79,2,0,ST002420,NoID,temp/queries/58/58181fd1c66a4a10a282d9dc978876ab/58181fd1c66a4a10a282d9dc978876ab.mgf,1,257,3126610
5-ASA_2-ethylaniline,mzspec:GNPS:MULTIPLEX-SYNTHESIS-LIBRARY-ALL-PARTITION-6:accession:CCMSLIB00016278870,0.0,mzspec:ST002420:G23_1.mzML:scan:8951,1,0.79,2,0,ST002420,NoID,temp/queries/58/58181fd1c66a4a10a282d9dc978876ab/58181fd1c66a4a10a282d9dc978876ab.mgf,1,257,3121979
5-ASA_2-ethylaniline,mzspec:GNPS:MULTIPLEX-SYNTHESIS-LIBRARY-ALL-PARTITION-6:accession:CCMSLIB00016278870,0.0,mzspec:ST002420:G8_3.mzML:scan:8698,1,0.79,2,0,ST002420,NoID,temp/queries/58/58181fd1c66a4a10a282d9dc978876ab/58181fd1c66a4a10a282d9dc978876ab.mgf,1,257,3117852
5-ASA_2-ethylaniline,mzspec:GNPS:MULTIPLEX-SYNTHESIS-LIBRARY-ALL-PARTITION-6:accession:CCMSLIB00016278870,-0.0,mzspec:MTBLS840:FILES/C2P1neg.mzXML:scan:4328,1,0.79,2,0,MTBLS840,NoID,temp/queries/58/58181fd1c66a4a10a282d9dc978876ab/58181fd1c66a4a10a282d9dc978876ab.mgf,1,257,3298139
5-ASA_2-ethylaniline,mzspec:GNPS:MULTIPLEX-SYNTHESIS-LIBRARY-ALL-PARTITION-6:accession:CCMSLIB00016278870,0.0,mzspec:ST002420:G22_1.mzML:scan:8972,1,0.79,2,0,ST002420,NoID,temp/queries/58/58181fd1c66a4a10a282d9dc978876ab/58181fd1c66a4a10a282d9dc978876ab.mgf,1,257,3126064
5-ASA_2-ethylaniline,mzspec:GNPS:MULTIPLEX-SYNTHESIS-LIBRARY-ALL-PARTITION-6:accession:CCMSLIB00016278870,-0.0,mzspec:MSV000092317:peak/R vs S PA_mzML neg files/48.mzML:scan:6500,1,0.79,2,0,MSV000092317,NoID,temp/queries/58/58181fd1c66a4a10a282d9dc978876ab/58181fd1c66a4a10a282d9dc978876ab.mgf,1,257,1659652
5-ASA_2-ethylaniline,mzspec:GNPS:MULTIPLEX-SYNTHESIS-LIBRARY-ALL-PARTITION-6:accession:CCMSLIB00016278870,-0.0,mzspec:MTBLS840:FILES/C10P3neg.mzXML:scan:4453,1,0.79,2,0,MTBLS840,NoID,temp/queries/58/58181fd1c66a4a10a282d9dc978876ab/58181fd1c66a4a10a282d9dc978876ab.mgf,1,257,3298084
5-ASA_2-ethylaniline,mzspec:GNPS:MULTIPLEX-SYNTHESIS-LIBRARY-ALL-PARTITION-6:accession:CCMSLIB00016278870,0.0,mzspec:ST002420:G19_1_ratio2.mzML:scan:9098,1,0.79,2,0,ST002420,NoID,temp/queries/58/58181fd1c66a4a10a282d9dc978876ab/58181fd1c66a4a10a282d9dc978876ab.mgf,1,257,3126494
5-ASA_2-ethylaniline,mzspec:GNPS:MULTIPLEX-SYNTHESIS-LIBRARY-ALL-PARTITION-6:accession:CCMSLIB00016278870,0.0,mzspec:ST002420:G14_3.mzML:scan:8678,1,0.79,2,0,ST002420,NoID,temp/queries/58/58181fd1c66a4a10a282d9dc978876ab/58181fd1c66a4a10a282d9dc978876ab.mgf,1,257,3125184
5-ASA_2-ethylaniline,mzspec:GNPS:MULTIPLEX-SYNTHESIS-LIBRARY-ALL-PARTITION-6:accession:CCMSLIB00016278870,0.0,mzspec:ST002420:G11_3.mzML:scan:8703,1,0.79,2,0,ST002420,NoID,temp/queries/58/58181fd1c66a4a10a282d9dc978876ab/58181fd1c66a4a10a282d9dc978876ab.mgf,1,257,3121082
5-ASA_2-ethylaniline,mzspec:GNPS:MULTIPLEX-SYNTHESIS-LIBRARY-ALL-PARTITION-6:accession:CCMSLIB00016278870,-0.0,mzspec:MSV000092317:peak/R vs S PA_mzML neg files/18.mzML:scan:6509,1,0.78,2,0,MSV000092317,NoID,temp/queries/58/58181fd1c66a4a10a282d9dc978876ab/58181fd1c66a4a10a282d9dc978876ab.mgf,1,257,1659371
5-ASA_2-ethylaniline,mzspec:GNPS:MULTIPLEX-SYNTHESIS-LIBRARY-ALL-PARTITION-6:accession:CCMSLIB00016278870,-0.0,mzspec:MSV000092317:peak/R vs S PA_mzML neg files/34.mzML:scan:6477,1,0.78,2,0,MSV000092317,NoID,temp/queries/58/58181fd1c66a4a10a282d9dc978876ab/58181fd1c66a4a10a282d9dc978876ab.mgf,1,257,1659634
5-ASA_2-ethylaniline,mzspec:GNPS:MULTIPLEX-SYNTHESIS-LIBRARY-ALL-PARTITION-6:accession:CCMSLIB00016278870,-0.0,mzspec:MTBLS840:FILES/C4P1neg.mzXML:scan:4915,1,0.78,2,0,MTBLS840,NoID,temp/queries/58/58181fd1c66a4a10a282d9dc978876ab/58181fd1c66a4a10a282d9dc978876ab.mgf,1,257,3297246
5-ASA_2-ethylaniline,mzspec:GNPS:MULTIPLEX-SYNTHESIS-LIBRARY-ALL-PARTITION-6:accession:CCMSLIB00016278870,-0.0,mzspec:MSV000092317:peak/R vs S PA_mzML neg files/67.mzML:scan:6524,1,0.78,2,0,MSV000092317,NoID,temp/queries/58/58181fd1c66a4a10a282d9dc978876ab/58181fd1c66a4a10a282d9dc978876ab.mgf,1,257,1659328
5-ASA_2-ethylaniline,mzspec:GNPS:MULTIPLEX-SYNTHESIS-LIBRARY-ALL-PARTITION-6:accession:CCMSLIB00016278870,0.0,mzspec:ST002420:G24_3.mzML:scan:8657,1,0.78,2,0,ST002420,NoID,temp/queries/58/58181fd1c66a4a10a282d9dc978876ab/58181fd1c66a4a10a282d9dc978876ab.mgf,1,257,3128538
5-ASA_2-ethylaniline,mzspec:GNPS:MULTIPLEX-SYNTHESIS-LIBRARY-ALL-PARTITION-6:accession:CCMSLIB00016278870,-0.0,mzspec:MSV000092317:peak/R vs S PA_mzML neg files/35.mzML:scan:6479,1,0.77,2,0,MSV000092317,NoID,temp/queries/58/58181fd1c66a4a10a282d9dc978876ab/58181fd1c66a4a10a282d9dc978876ab.mgf,1,257,1659176
5-ASA_2-ethylaniline,mzspec:GNPS:MULTIPLEX-SYNTHESIS-LIBRARY-ALL-PARTITION-6:accession:CCMSLIB00016278870,0.0,mzspec:ST002420:G24_2.mzML:scan:8636,1,0.77,2,0,ST002420,NoID,temp/queries/58/58181fd1c66a4a10a282d9dc978876ab/58181fd1c66a4a10a282d9dc978876ab.mgf,1,257,3124204
5-ASA_2-ethylaniline,mzspec:GNPS:MULTIPLEX-SYNTHESIS-LIBRARY-ALL-PARTITION-6:accession:CCMSLIB00016278870,0.0,mzspec:ST002420:G24_1.mzML:scan:8930,1,0.77,2,0,ST002420,NoID,temp/queries/58/58181fd1c66a4a10a282d9dc978876ab/58181fd1c66a4a10a282d9dc978876ab.mgf,1,257,3118159
5-ASA_2-ethylaniline,mzspec:GNPS:MULTIPLEX-SYNTHESIS-LIBRARY-ALL-PARTITION-6:accession:CCMSLIB00016278870,0.0,mzspec:ST002420:G2_1.mzML:scan:8992,1,0.77,2,0,ST002420,NoID,temp/queries/58/58181fd1c66a4a10a282d9dc978876ab/58181fd1c66a4a10a282d9dc978876ab.mgf,1,257,3122659
5-ASA_2-ethylaniline,mzspec:GNPS:MULTIPLEX-SYNTHESIS-LIBRARY-ALL-PARTITION-6:accession:CCMSLIB00016278870,0.0,mzspec:ST002420:G23_2.mzML:scan:8657,1,0.77,2,0,ST002420,NoID,temp/queries/58/58181fd1c66a4a10a282d9dc978876ab/58181fd1c66a4a10a282d9dc978876ab.mgf,1,257,3126749
5-ASA_2-ethylaniline,mzspec:GNPS:MULTIPLEX-SYNTHESIS-LIBRARY-ALL-PARTITION-6:accession:CCMSLIB00016278870,-0.0,mzspec:MTBLS840:FILES/C2P1neg.mzXML:scan:4823,1,0.77,2,0,MTBLS840,NoID,temp/queries/58/58181fd1c66a4a10a282d9dc978876ab/58181fd1c66a4a10a282d9dc978876ab.mgf,1,257,3298140
5-ASA_2-ethylaniline,mzspec:GNPS:MULTIPLEX-SYNTHESIS-LIBRARY-ALL-PARTITION-6:accession:CCMSLIB00016278870,-0.0,mzspec:MTBLS840:FILES/C9P1neg.mzXML:scan:4879,1,0.77,2,0,MTBLS840,NoID,temp/queries/58/58181fd1c66a4a10a282d9dc978876ab/58181fd1c66a4a10a282d9dc978876ab.mgf,1,257,3297957
5-ASA_2-ethylaniline,mzspec:GNPS:MULTIPLEX-SYNTHESIS-LIBRARY-ALL-PARTITION-6:accession:CCMSLIB00016278870,-0.0,mzspec:MTBLS840:FILES/C11P2neg.mzXML:scan:4933,1,0.77,2,0,MTBLS840,NoID,temp/queries/58/58181fd1c66a4a10a282d9dc978876ab/58181fd1c66a4a10a282d9dc978876ab.mgf,1,257,3297990
5-ASA_2-ethylaniline,mzspec:GNPS:MULTIPLEX-SYNTHESIS-LIBRARY-ALL-PARTITION-6:accession:CCMSLIB00016278870,-0.0,mzspec:MSV000092317:peak/R vs S PA_mzML neg files/46.mzML:scan:6432,1,0.77,2,0,MSV000092317,NoID,temp/queries/58/58181fd1c66a4a10a282d9dc978876ab/58181fd1c66a4a10a282d9dc978876ab.mgf,1,257,1659527
5-ASA_2-ethylaniline,mzspec:GNPS:MULTIPLEX-SYNTHESIS-LIBRARY-ALL-PARTITION-6:accession:CCMSLIB00016278870,0.0,mzspec:ST002420:G25_1.mzML:scan:8993,1,0.76,2,0,ST002420,NoID,temp/queries/58/58181fd1c66a4a10a282d9dc978876ab/58181fd1c66a4a10a282d9dc978876ab.mgf,1,257,3120445
5-ASA_2-ethylaniline,mzspec:GNPS:MULTIPLEX-SYNTHESIS-LIBRARY-ALL-PARTITION-6:accession:CCMSLIB00016278870,-0.0,mzspec:MSV000092317:peak/R vs S PA_mzML neg files/46.mzML:scan:6678,1,0.76,2,0,MSV000092317,NoID,temp/queries/58/58181fd1c66a4a10a282d9dc978876ab/58181fd1c66a4a10a282d9dc978876ab.mgf,1,257,1659528
5-ASA_2-ethylaniline,mzspec:GNPS:MULTIPLEX-SYNTHESIS-LIBRARY-ALL-PARTITION-6:accession:CCMSLIB00016278870,0.0,mzspec:ST002420:G8_2.mzML:scan:8741,1,0.76,2,0,ST002420,NoID,temp/queries/58/58181fd1c66a4a10a282d9dc978876ab/58181fd1c66a4a10a282d9dc978876ab.mgf,1,257,3118985
5-ASA_2-ethylaniline,mzspec:GNPS:MULTIPLEX-SYNTHESIS-LIBRARY-ALL-PARTITION-6:accession:CCMSLIB00016278870,-0.0,mzspec:MSV000092317:peak/R vs S PA_mzML neg files/13.mzML:scan:6474,1,0.75,2,0,MSV000092317,NoID,temp/queries/58/58181fd1c66a4a10a282d9dc978876ab/58181fd1c66a4a10a282d9dc978876ab.mgf,1,257,1659283
5-ASA_2-ethylaniline,mzspec:GNPS:MULTIPLEX-SYNTHESIS-LIBRARY-ALL-PARTITION-6:accession:CCMSLIB00016278870,-0.02,mzspec:MTBLS9134:FILES/DERIVED_FILES/POS/D32_POS-D32.mzXML:scan:6202,1,0.75,4,0,MTBLS9134,NoID,temp/queries/58/58181fd1c66a4a10a282d9dc978876ab/58181fd1c66a4a10a282d9dc978876ab.mgf,1,257,3305445
5-ASA_2-ethylaniline,mzspec:GNPS:MULTIPLEX-SYNTHESIS-LIBRARY-ALL-PARTITION-6:accession:CCMSLIB00016278870,0.0,mzspec:ST002420:G9_3.mzML:scan:8733,1,0.75,2,0,ST002420,NoID,temp/queries/58/58181fd1c66a4a10a282d9dc978876ab/58181fd1c66a4a10a282d9dc978876ab.mgf,1,257,3120741
5-ASA_2-ethylaniline,mzspec:GNPS:MULTIPLEX-SYNTHESIS-LIBRARY-ALL-PARTITION-6:accession:CCMSLIB00016278870,0.0,mzspec:ST002420:G16_3.mzML:scan:8678,1,0.75,2,0,ST002420,NoID,temp/queries/58/58181fd1c66a4a10a282d9dc978876ab/58181fd1c66a4a10a282d9dc978876ab.mgf,1,257,3123572
5-ASA_2-ethylaniline,mzspec:GNPS:MULTIPLEX-SYNTHESIS-LIBRARY-ALL-PARTITION-6:accession:CCMSLIB00016278870,0.0,mzspec:ST002420:G13_2.mzML:scan:8720,1,0.75,2,0,ST002420,NoID,temp/queries/58/58181fd1c66a4a10a282d9dc978876ab/58181fd1c66a4a10a282d9dc978876ab.mgf,1,257,3119643
5-ASA_2-ethylaniline,mzspec:GNPS:MULTIPLEX-SYNTHESIS-LIBRARY-ALL-PARTITION-6:accession:CCMSLIB00016278870,0.0,mzspec:ST002420:G12_1.mzML:scan:9034,1,0.75,2,0,ST002420,NoID,temp/queries/58/58181fd1c66a4a10a282d9dc978876ab/58181fd1c66a4a10a282d9dc978876ab.mgf,1,257,3119958
5-ASA_2-ethylaniline,mzspec:GNPS:MULTIPLEX-SYNTHESIS-LIBRARY-ALL-PARTITION-6:accession:CCMSLIB00016278870,0.0,mzspec:ST002420:G16_2.mzML:scan:8678,1,0.75,2,0,ST002420,NoID,temp/queries/58/58181fd1c66a4a10a282d9dc978876ab/58181fd1c66a4a10a282d9dc978876ab.mgf,1,257,3118839
5-ASA_2-ethylaniline,mzspec:GNPS:MULTIPLEX-SYNTHESIS-LIBRARY-ALL-PARTITION-6:accession:CCMSLIB00016278870,-0.0,mzspec:MSV000092317:peak/R vs S PA_mzML neg files/54.mzML:scan:6453,1,0.75,2,0,MSV000092317,NoID,temp/queries/58/58181fd1c66a4a10a282d9dc978876ab/58181fd1c66a4a10a282d9dc978876ab.mgf,1,257,1659629
5-ASA_2-ethylaniline,mzspec:GNPS:MULTIPLEX-SYNTHESIS-LIBRARY-ALL-PARTITION-6:accession:CCMSLIB00016278870,-0.02,mzspec:MTBLS9134:FILES/DERIVED_FILES/POS/D41_POS-D41.mzXML:scan:6311,1,0.75,4,0,MTBLS9134,NoID,temp/queries/58/58181fd1c66a4a10a282d9dc978876ab/58181fd1c66a4a10a282d9dc978876ab.mgf,1,257,3306011
5-ASA_2-ethylaniline,mzspec:GNPS:MULTIPLEX-SYNTHESIS-LIBRARY-ALL-PARTITION-6:accession:CCMSLIB00016278870,0.01,mzspec:MSV000093604:raw/Samples/S_209_B_P1-B-4_01_23935.mzXML:scan:681,1,0.75,2,0,MSV000093604,NoID,temp/queries/58/58181fd1c66a4a10a282d9dc978876ab/58181fd1c66a4a10a282d9dc978876ab.mgf,1,257,1511133
5-ASA_2-ethylaniline,mzspec:GNPS:MULTIPLEX-SYNTHESIS-LIBRARY-ALL-PARTITION-6:accession:CCMSLIB00016278870,0.0,mzspec:ST002420:G18_2_ratio1.mzML:scan:8699,1,0.75,2,0,ST002420,NoID,temp/queries/58/58181fd1c66a4a10a282d9dc978876ab/58181fd1c66a4a10a282d9dc978876ab.mgf,1,257,3117722
5-ASA_2-ethylaniline,mzspec:GNPS:MULTIPLEX-SYNTHESIS-LIBRARY-ALL-PARTITION-6:accession:CCMSLIB00016278870,0.01,mzspec:MSV000093269:raw/20180806_KBL_JL_HILICZ_Poplar_FungInnoc_Final/rawdata/20180806_KBL_JL_Poplar_FungInnoc_Final_QE-HF-UV_HILICZ_USHXG01093_POS_MSMS_125_BESC103-Block2-72h_2_Rg70to1050-CE102040--S1_Run652.mzML:scan:677,1,0.75,2,0,MSV000093269,NoID,temp/queries/58/58181fd1c66a4a10a282d9dc978876ab/58181fd1c66a4a10a282d9dc978876ab.mgf,1,257,1856356
5-ASA_2-ethylaniline,mzspec:GNPS:MULTIPLEX-SYNTHESIS-LIBRARY-ALL-PARTITION-6:accession:CCMSLIB00016278870,0.01,mzspec:MSV000093269:raw/20180806_KBL_JL_HILICZ_Poplar_FungInnoc_Final/rawdata/20180806_KBL_JL_Poplar_FungInnoc_Final_QE-HF-UV_HILICZ_USHXG01093_POS_MSMS_194_GW9827-Block2-Control_2_Rg70to1050-CE102040--S1_Run509.mzML:scan:681,1,0.75,2,0,MSV000093269,NoID,temp/queries/58/58181fd1c66a4a10a282d9dc978876ab/58181fd1c66a4a10a282d9dc978876ab.mgf,1,257,1858931
5-ASA_2-ethylaniline,mzspec:GNPS:MULTIPLEX-SYNTHESIS-LIBRARY-ALL-PARTITION-6:accession:CCMSLIB00016278870,0.0,mzspec:ST002420:G26_2.mzML:scan:8694,1,0.75,2,0,ST002420,NoID,temp/queries/58/58181fd1c66a4a10a282d9dc978876ab/58181fd1c66a4a10a282d9dc978876ab.mgf,1,257,3127396
5-ASA_2-ethylaniline,mzspec:GNPS:MULTIPLEX-SYNTHESIS-LIBRARY-ALL-PARTITION-6:accession:CCMSLIB00016278870,0.0,mzspec:MTBLS12424:FILES/DERIVED_FILES/pos/Control1_POS.mzXML:scan:1176,1,0.75,3,0,MTBLS12424,NoID,temp/queries/58/58181fd1c66a4a10a282d9dc978876ab/58181fd1c66a4a10a282d9dc978876ab.mgf,1,257,3419256
5-ASA_2-ethylaniline,mzspec:GNPS:MULTIPLEX-SYNTHESIS-LIBRARY-ALL-PARTITION-6:accession:CCMSLIB00016278870,-0.02,mzspec:ST002420:G18_3_ratio1.mzML:scan:11649,1,0.75,2,0,ST002420,NoID,temp/queries/58/58181fd1c66a4a10a282d9dc978876ab/58181fd1c66a4a10a282d9dc978876ab.mgf,1,257,3121848
5-ASA_2-ethylaniline,mzspec:GNPS:MULTIPLEX-SYNTHESIS-LIBRARY-ALL-PARTITION-6:accession:CCMSLIB00016278870,-0.0,mzspec:MSV000092317:peak/R vs S PA_mzML neg files/67.mzML:scan:6764,1,0.75,2,0,MSV000092317,NoID,temp/queries/58/58181fd1c66a4a10a282d9dc978876ab/58181fd1c66a4a10a282d9dc978876ab.mgf,1,257,1659329
5-ASA_2-ethylaniline,mzspec:GNPS:MULTIPLEX-SYNTHESIS-LIBRARY-ALL-PARTITION-6:accession:CCMSLIB00016278870,-0.0,mzspec:MSV000092317:peak/R vs S PA_mzML neg files/13.mzML:scan:6719,1,0.75,2,0,MSV000092317,NoID,temp/queries/58/58181fd1c66a4a10a282d9dc978876ab/58181fd1c66a4a10a282d9dc978876ab.mgf,1,257,1659284
5-ASA_2-ethylaniline,mzspec:GNPS:MULTIPLEX-SYNTHESIS-LIBRARY-ALL-PARTITION-6:accession:CCMSLIB00016278870,-0.0,mzspec:MSV000085101:ccms_peak/GL3_neg.mzML:scan:4462,1,0.75,2,0,MSV000085101,NoID,temp/queries/58/58181fd1c66a4a10a282d9dc978876ab/58181fd1c66a4a10a282d9dc978876ab.mgf,1,257,50810
5-ASA_2-ethylaniline,mzspec:GNPS:MULTIPLEX-SYNTHESIS-LIBRARY-ALL-PARTITION-6:accession:CCMSLIB00016278870,-0.0,mzspec:MSV000092317:peak/R vs S PA_mzML neg files/34.mzML:scan:6722,1,0.74,2,0,MSV000092317,NoID,temp/queries/58/58181fd1c66a4a10a282d9dc978876ab/58181fd1c66a4a10a282d9dc978876ab.mgf,1,257,1659635
5-ASA_2-ethylaniline,mzspec:GNPS:MULTIPLEX-SYNTHESIS-LIBRARY-ALL-PARTITION-6:accession:CCMSLIB00016278870,0.0,mzspec:MSV000083475:peak/mzML/Animal_PLATE6_mzML/Plate6_Samples/6A10_4_77_mousseau-88-s032-a02.mzML:scan:142,1,0.74,2,0,MSV000083475,NoID,temp/queries/58/58181fd1c66a4a10a282d9dc978876ab/58181fd1c66a4a10a282d9dc978876ab.mgf,1,257,2761182
5-ASA_2-ethylaniline,mzspec:GNPS:MULTIPLEX-SYNTHESIS-LIBRARY-ALL-PARTITION-6:accession:CCMSLIB00016278870,-0.0,mzspec:MSV000092317:peak/R vs S PA_mzML neg files/30.mzML:scan:6764,1,0.74,2,0,MSV000092317,NoID,temp/queries/58/58181fd1c66a4a10a282d9dc978876ab/58181fd1c66a4a10a282d9dc978876ab.mgf,1,257,1659456
5-ASA_2-ethylaniline,mzspec:GNPS:MULTIPLEX-SYNTHESIS-LIBRARY-ALL-PARTITION-6:accession:CCMSLIB00016278870,-0.0,mzspec:MSV000092317:peak/R vs S PA_mzML neg files/54.mzML:scan:6697,1,0.74,2,0,MSV000092317,NoID,temp/queries/58/58181fd1c66a4a10a282d9dc978876ab/58181fd1c66a4a10a282d9dc978876ab.mgf,1,257,1659630
5-ASA_2-ethylaniline,mzspec:GNPS:MULTIPLEX-SYNTHESIS-LIBRARY-ALL-PARTITION-6:accession:CCMSLIB00016278870,0.0,mzspec:MSV000083475:ccms_peak/RAW/PLATE6/6A10_4_77_mousseau-88-s032-a02.mzML:scan:142,1,0.74,2,0,MSV000083475,NoID,temp/queries/58/58181fd1c66a4a10a282d9dc978876ab/58181fd1c66a4a10a282d9dc978876ab.mgf,1,257,2759794
5-ASA_2-ethylaniline,mzspec:GNPS:MULTIPLEX-SYNTHESIS-LIBRARY-ALL-PARTITION-6:accession:CCMSLIB00016278870,0.0,mzspec:ST002420:G26_3.mzML:scan:8636,1,0.74,2,0,ST002420,NoID,temp/queries/58/58181fd1c66a4a10a282d9dc978876ab/58181fd1c66a4a10a282d9dc978876ab.mgf,1,257,3124738
5-ASA_2-ethylaniline,mzspec:GNPS:MULTIPLEX-SYNTHESIS-LIBRARY-ALL-PARTITION-6:accession:CCMSLIB00016278870,0.01,mzspec:MSV000093269:raw/20180806_KBL_JL_HILICZ_Poplar_FungInnoc_Final/rawdata/20180806_KBL_JL_Poplar_FungInnoc_Final_QE-HF-UV_HILICZ_USHXG01093_POS_MSMS_188_GW9807-Block2-24h_2_Rg70to1050-CE102040--S1_Run546.mzML:scan:693,1,0.74,2,0,MSV000093269,NoID,temp/queries/58/58181fd1c66a4a10a282d9dc978876ab/58181fd1c66a4a10a282d9dc978876ab.mgf,1,257,1852645
5-ASA_2-ethylaniline,mzspec:GNPS:MULTIPLEX-SYNTHESIS-LIBRARY-ALL-PARTITION-6:accession:CCMSLIB00016278870,-0.02,mzspec:MTBLS9134:FILES/DERIVED_FILES/POS/D41_POS-D41.mzXML:scan:6318,1,0.74,4,0,MTBLS9134,NoID,temp/queries/58/58181fd1c66a4a10a282d9dc978876ab/58181fd1c66a4a10a282d9dc978876ab.mgf,1,257,3306012
5-ASA_2-ethylaniline,mzspec:GNPS:MULTIPLEX-SYNTHESIS-LIBRARY-ALL-PARTITION-6:accession:CCMSLIB00016278870,0.01,mzspec:MSV000093269:raw/20180806_KBL_JL_HILICZ_Poplar_FungInnoc_Final/rawdata/20180806_KBL_JL_Poplar_FungInnoc_Final_QE-HF-UV_HILICZ_USHXG01093_POS_MSMS_321_GW9912-Block3-72h_3_Rg70to1050-CE102040--S1_Run1058.mzML:scan:689,1,0.73,2,0,MSV000093269,NoID,temp/queries/58/58181fd1c66a4a10a282d9dc978876ab/58181fd1c66a4a10a282d9dc978876ab.mgf,1,257,1858406
5-ASA_2-ethylaniline,mzspec:GNPS:MULTIPLEX-SYNTHESIS-LIBRARY-ALL-PARTITION-6:accession:CCMSLIB00016278870,-0.02,mzspec:MTBLS9134:FILES/DERIVED_FILES/POS/D36_POS-D36.mzXML:scan:6284,1,0.73,4,0,MTBLS9134,NoID,temp/queries/58/58181fd1c66a4a10a282d9dc978876ab/58181fd1c66a4a10a282d9dc978876ab.mgf,1,257,3305739
5-ASA_2-ethylaniline,mzspec:GNPS:MULTIPLEX-SYNTHESIS-LIBRARY-ALL-PARTITION-6:accession:CCMSLIB00016278870,-0.0,mzspec:MSV000092317:peak/R vs S PA_mzML neg files/35.mzML:scan:6718,1,0.73,2,0,MSV000092317,NoID,temp/queries/58/58181fd1c66a4a10a282d9dc978876ab/58181fd1c66a4a10a282d9dc978876ab.mgf,1,257,1659177
5-ASA_2-ethylaniline,mzspec:GNPS:MULTIPLEX-SYNTHESIS-LIBRARY-ALL-PARTITION-6:accession:CCMSLIB00016278870,0.0,mzspec:ST002420:G23_3.mzML:scan:8673,1,0.73,2,0,ST002420,NoID,temp/queries/58/58181fd1c66a4a10a282d9dc978876ab/58181fd1c66a4a10a282d9dc978876ab.mgf,1,257,3121683
5-ASA_2-ethylaniline,mzspec:GNPS:MULTIPLEX-SYNTHESIS-LIBRARY-ALL-PARTITION-6:accession:CCMSLIB00016278870,0.01,mzspec:MSV000093269:raw/20180806_KBL_JL_HILICZ_Poplar_FungInnoc_Final/rawdata/20180806_KBL_JL_Poplar_FungInnoc_Final_QE-HF-UV_HILICZ_USHXG01093_POS_MSMS_204_GW9862-Block2-24h_2_Rg70to1050-CE102040--S1_Run555.mzML:scan:681,1,0.72,2,0,MSV000093269,NoID,temp/queries/58/58181fd1c66a4a10a282d9dc978876ab/58181fd1c66a4a10a282d9dc978876ab.mgf,1,257,1853481
5-ASA_2-ethylaniline,mzspec:GNPS:MULTIPLEX-SYNTHESIS-LIBRARY-ALL-PARTITION-6:accession:CCMSLIB00016278870,0.01,mzspec:MSV000093269:raw/20180806_KBL_JL_HILICZ_Poplar_FungInnoc_Final/rawdata/20180806_KBL_JL_Poplar_FungInnoc_Final_QE-HF-UV_HILICZ_USHXG01093_POS_MSMS_138_BESC22-Block2-24h_2_Rg70to1050-CE102040--S1_Run588.mzML:scan:680,1,0.72,2,0,MSV000093269,NoID,temp/queries/58/58181fd1c66a4a10a282d9dc978876ab/58181fd1c66a4a10a282d9dc978876ab.mgf,1,257,1859920
5-ASA_2-ethylaniline,mzspec:GNPS:MULTIPLEX-SYNTHESIS-LIBRARY-ALL-PARTITION-6:accession:CCMSLIB00016278870,0.0,mzspec:ST002420:G25_1.mzML:scan:8951,1,0.72,2,0,ST002420,NoID,temp/queries/58/58181fd1c66a4a10a282d9dc978876ab/58181fd1c66a4a10a282d9dc978876ab.mgf,1,257,3120444
5-ASA_2-ethylaniline,mzspec:GNPS:MULTIPLEX-SYNTHESIS-LIBRARY-ALL-PARTITION-6:accession:CCMSLIB00016278870,-0.0,mzspec:MSV000092317:peak/R vs S PA_mzML neg files/108.mzML:scan:6501,1,0.72,2,0,MSV000092317,NoID,temp/queries/58/58181fd1c66a4a10a282d9dc978876ab/58181fd1c66a4a10a282d9dc978876ab.mgf,1,257,1659267
5-ASA_2-ethylaniline,mzspec:GNPS:MULTIPLEX-SYNTHESIS-LIBRARY-ALL-PARTITION-6:accession:CCMSLIB00016278870,-0.0,mzspec:MSV000085101:ccms_peak/RL2_neg.mzML:scan:4408,1,0.72,2,0,MSV000085101,NoID,temp/queries/58/58181fd1c66a4a10a282d9dc978876ab/58181fd1c66a4a10a282d9dc978876ab.mgf,1,257,51006
5-ASA_2-ethylaniline,mzspec:GNPS:MULTIPLEX-SYNTHESIS-LIBRARY-ALL-PARTITION-6:accession:CCMSLIB00016278870,-0.01,mzspec:MSV000094559:updates/2024-11-22_apatan_044a6e50/raw/08132024/AP_480.mzML:scan:709,1,0.72,3,0,MSV000094559,NoID,temp/queries/58/58181fd1c66a4a10a282d9dc978876ab/58181fd1c66a4a10a282d9dc978876ab.mgf,1,257,1436063
5-ASA_2-ethylaniline,mzspec:GNPS:MULTIPLEX-SYNTHESIS-LIBRARY-ALL-PARTITION-6:accession:CCMSLIB00016278870,0.0,mzspec:MTBLS12424:FILES/DERIVED_FILES/pos/NHar2_POS.mzXML:scan:1122,1,0.72,2,0,MTBLS12424,NoID,temp/queries/58/58181fd1c66a4a10a282d9dc978876ab/58181fd1c66a4a10a282d9dc978876ab.mgf,1,257,3419330
5-ASA_2-ethylaniline,mzspec:GNPS:MULTIPLEX-SYNTHESIS-LIBRARY-ALL-PARTITION-6:accession:CCMSLIB00016278870,0.0,mzspec:MSV000083475:peak/mzML/Water_Plant_PLATE3and4_mzML/Plate4_Samples/4E2_1_57_thomas-18-s052-a03.mzML:scan:110,1,0.71,2,0,MSV000083475,NoID,temp/queries/58/58181fd1c66a4a10a282d9dc978876ab/58181fd1c66a4a10a282d9dc978876ab.mgf,1,257,2759183
5-ASA_2-ethylaniline,mzspec:GNPS:MULTIPLEX-SYNTHESIS-LIBRARY-ALL-PARTITION-6:accession:CCMSLIB00016278870,0.0,mzspec:MSV000083475:ccms_peak/RAW/PLATE3and4/4E2_1_57_thomas-18-s052-a03.mzML:scan:110,1,0.71,2,0,MSV000083475,NoID,temp/queries/58/58181fd1c66a4a10a282d9dc978876ab/58181fd1c66a4a10a282d9dc978876ab.mgf,1,257,2761596
5-ASA_2-ethylaniline,mzspec:GNPS:MULTIPLEX-SYNTHESIS-LIBRARY-ALL-PARTITION-6:accession:CCMSLIB00016278870,-0.0,mzspec:MSV000085101:ccms_peak/GL2_neg.mzML:scan:4497,1,0.71,2,0,MSV000085101,NoID,temp/queries/58/58181fd1c66a4a10a282d9dc978876ab/58181fd1c66a4a10a282d9dc978876ab.mgf,1,257,51350
5-ASA_2-ethylaniline,mzspec:GNPS:MULTIPLEX-SYNTHESIS-LIBRARY-ALL-PARTITION-6:accession:CCMSLIB00016278870,-0.0,mzspec:MSV000085101:ccms_peak/RL1_neg.mzML:scan:4405,1,0.71,2,0,MSV000085101,NoID,temp/queries/58/58181fd1c66a4a10a282d9dc978876ab/58181fd1c66a4a10a282d9dc978876ab.mgf,1,257,51145
5-ASA_2-ethylaniline,mzspec:GNPS:MULTIPLEX-SYNTHESIS-LIBRARY-ALL-PARTITION-6:accession:CCMSLIB00016278870,0.0,mzspec:ST002420:G14_1.mzML:scan:9032,1,0.71,2,0,ST002420,NoID,temp/queries/58/58181fd1c66a4a10a282d9dc978876ab/58181fd1c66a4a10a282d9dc978876ab.mgf,1,257,3118641
5-ASA_2-ethylaniline,mzspec:GNPS:MULTIPLEX-SYNTHESIS-LIBRARY-ALL-PARTITION-6:accession:CCMSLIB00016278870,-0.02,mzspec:MTBLS9134:FILES/DERIVED_FILES/POS/QC-4_POS-QC-4.mzXML:scan:6221,1,0.71,4,0,MTBLS9134,NoID,temp/queries/58/58181fd1c66a4a10a282d9dc978876ab/58181fd1c66a4a10a282d9dc978876ab.mgf,1,257,3305709
5-ASA_2-ethylaniline,mzspec:GNPS:MULTIPLEX-SYNTHESIS-LIBRARY-ALL-PARTITION-6:accession:CCMSLIB00016278870,-0.0,mzspec:MSV000092068:raw/20181025_AK_JS_Wildermuth_Atmut2_20180919PDR2_QE139_EPC18_USDAY43619/mzml_files/20181025_AK_JS_Wildermuth_Atmut-corr2_20180919PDR2_QE139_EPC18_USDAY43619_NEG_MSMS-V2_0_Corr-RtEx-cyp79B2B3_3__104.mzML:scan:1091,1,0.7,2,0,MSV000092068,NoID,temp/queries/58/58181fd1c66a4a10a282d9dc978876ab/58181fd1c66a4a10a282d9dc978876ab.mgf,1,257,2913701
