compound_name,lib_usi,Delta Mass,USI,Charge,Cosine,Matching Peaks,Unit Delta Mass,Dataset,Status,Query Filename,Query Scan,Index UnitPM,Index IdxInUnitPM
5-ASA_2-ethylphenol,mzspec:GNPS:MULTIPLEX-SYNTHESIS-LIBRARY-ALL-PARTITION-6:accession:CCMSLIB00016278812,-0.0,mzspec:MSV000083014:peak/Samples/G96298_20x_BE11_01_31964.mzXML:scan:290,1,0.85,2,0,MSV000083014,NoID,temp/queries/85/853503192bd94c2baffe9ab9872ca263/853503192bd94c2baffe9ab9872ca263.mgf,1,258,1109393
5-ASA_2-ethylphenol,mzspec:GNPS:MULTIPLEX-SYNTHESIS-LIBRARY-ALL-PARTITION-6:accession:CCMSLIB00016278812,-0.0,mzspec:MSV000084900:ccms_peak/Global_Foodomics_composite_data_2020/MSV000083014_course/G96298_20x_BE11_01_31964.mzML:scan:290,1,0.85,2,0,MSV000084900,NoID,temp/queries/85/853503192bd94c2baffe9ab9872ca263/853503192bd94c2baffe9ab9872ca263.mgf,1,258,721015
5-ASA_2-ethylphenol,mzspec:GNPS:MULTIPLEX-SYNTHESIS-LIBRARY-ALL-PARTITION-6:accession:CCMSLIB00016278812,-0.0,mzspec:MSV000082386:ccms_peak/data_mzxml_solidcoffee/Samples/G96298_20x_BE11_01_31964.mzML:scan:290,1,0.85,2,0,MSV000082386,NoID,temp/queries/85/853503192bd94c2baffe9ab9872ca263/853503192bd94c2baffe9ab9872ca263.mgf,1,258,35872
5-ASA_2-ethylphenol,mzspec:GNPS:MULTIPLEX-SYNTHESIS-LIBRARY-ALL-PARTITION-6:accession:CCMSLIB00016278812,-0.0,mzspec:MSV000093469:peak/20230816_ReFrame_drug_lib_pos/reframe_drugs_pos_P1_B7_id.mzML:scan:1355,1,0.83,3,0,MSV000093469,NoID,temp/queries/85/853503192bd94c2baffe9ab9872ca263/853503192bd94c2baffe9ab9872ca263.mgf,1,258,1586504
5-ASA_2-ethylphenol,mzspec:GNPS:MULTIPLEX-SYNTHESIS-LIBRARY-ALL-PARTITION-6:accession:CCMSLIB00016278812,-0.02,mzspec:MSV000083320:ccms_peak/data/99729.mzML:scan:513,1,0.81,4,0,MSV000083320,NoID,temp/queries/85/853503192bd94c2baffe9ab9872ca263/853503192bd94c2baffe9ab9872ca263.mgf,1,258,1278991
5-ASA_2-ethylphenol,mzspec:GNPS:MULTIPLEX-SYNTHESIS-LIBRARY-ALL-PARTITION-6:accession:CCMSLIB00016278812,-0.02,mzspec:MSV000090284:peak/KO1_80.mzML:scan:632,1,0.8,3,0,MSV000090284,NoID,temp/queries/85/853503192bd94c2baffe9ab9872ca263/853503192bd94c2baffe9ab9872ca263.mgf,1,258,1033949
5-ASA_2-ethylphenol,mzspec:GNPS:MULTIPLEX-SYNTHESIS-LIBRARY-ALL-PARTITION-6:accession:CCMSLIB00016278812,-0.02,mzspec:MSV000083320:ccms_peak/data/99725.mzML:scan:470,1,0.79,3,0,MSV000083320,NoID,temp/queries/85/853503192bd94c2baffe9ab9872ca263/853503192bd94c2baffe9ab9872ca263.mgf,1,258,1279294
5-ASA_2-ethylphenol,mzspec:GNPS:MULTIPLEX-SYNTHESIS-LIBRARY-ALL-PARTITION-6:accession:CCMSLIB00016278812,-0.02,mzspec:MSV000083320:ccms_peak/data/99735.mzML:scan:489,1,0.79,3,0,MSV000083320,NoID,temp/queries/85/853503192bd94c2baffe9ab9872ca263/853503192bd94c2baffe9ab9872ca263.mgf,1,258,1279002
5-ASA_2-ethylphenol,mzspec:GNPS:MULTIPLEX-SYNTHESIS-LIBRARY-ALL-PARTITION-6:accession:CCMSLIB00016278812,-0.02,mzspec:MSV000090284:peak/KO2_80.mzML:scan:719,1,0.78,3,0,MSV000090284,NoID,temp/queries/85/853503192bd94c2baffe9ab9872ca263/853503192bd94c2baffe9ab9872ca263.mgf,1,258,1034009
5-ASA_2-ethylphenol,mzspec:GNPS:MULTIPLEX-SYNTHESIS-LIBRARY-ALL-PARTITION-6:accession:CCMSLIB00016278812,-0.02,mzspec:MSV000083320:ccms_peak/data/99735.mzML:scan:529,1,0.78,3,0,MSV000083320,NoID,temp/queries/85/853503192bd94c2baffe9ab9872ca263/853503192bd94c2baffe9ab9872ca263.mgf,1,258,1279003
5-ASA_2-ethylphenol,mzspec:GNPS:MULTIPLEX-SYNTHESIS-LIBRARY-ALL-PARTITION-6:accession:CCMSLIB00016278812,-0.02,mzspec:MSV000083320:ccms_peak/data/99725.mzML:scan:512,1,0.77,3,0,MSV000083320,NoID,temp/queries/85/853503192bd94c2baffe9ab9872ca263/853503192bd94c2baffe9ab9872ca263.mgf,1,258,1279295
5-ASA_2-ethylphenol,mzspec:GNPS:MULTIPLEX-SYNTHESIS-LIBRARY-ALL-PARTITION-6:accession:CCMSLIB00016278812,-0.02,mzspec:MSV000083320:ccms_peak/data/99729.mzML:scan:475,1,0.76,4,0,MSV000083320,NoID,temp/queries/85/853503192bd94c2baffe9ab9872ca263/853503192bd94c2baffe9ab9872ca263.mgf,1,258,1278990
5-ASA_2-ethylphenol,mzspec:GNPS:MULTIPLEX-SYNTHESIS-LIBRARY-ALL-PARTITION-6:accession:CCMSLIB00016278812,-0.02,mzspec:MSV000094559:updates/2024-05-01_apatan_a239a811/peak/AP_135.mzML:scan:1384,1,0.76,3,0,MSV000094559,NoID,temp/queries/85/853503192bd94c2baffe9ab9872ca263/853503192bd94c2baffe9ab9872ca263.mgf,1,258,873058
5-ASA_2-ethylphenol,mzspec:GNPS:MULTIPLEX-SYNTHESIS-LIBRARY-ALL-PARTITION-6:accession:CCMSLIB00016278812,-0.02,mzspec:MSV000094559:updates/2024-04-30_apatan_3bf26fdf/peak/AP_135.mzML:scan:1384,1,0.76,3,0,MSV000094559,NoID,temp/queries/85/853503192bd94c2baffe9ab9872ca263/853503192bd94c2baffe9ab9872ca263.mgf,1,258,875382
5-ASA_2-ethylphenol,mzspec:GNPS:MULTIPLEX-SYNTHESIS-LIBRARY-ALL-PARTITION-6:accession:CCMSLIB00016278812,-0.02,mzspec:MSV000094559:updates/2024-04-30_apatan_21b0824a/peak/AP_135.mzML:scan:1384,1,0.76,3,0,MSV000094559,NoID,temp/queries/85/853503192bd94c2baffe9ab9872ca263/853503192bd94c2baffe9ab9872ca263.mgf,1,258,878700
5-ASA_2-ethylphenol,mzspec:GNPS:MULTIPLEX-SYNTHESIS-LIBRARY-ALL-PARTITION-6:accession:CCMSLIB00016278812,-0.02,mzspec:MSV000094559:updates/2024-04-30_apatan_dffdff66/peak/AP_135.mzML:scan:1384,1,0.76,3,0,MSV000094559,NoID,temp/queries/85/853503192bd94c2baffe9ab9872ca263/853503192bd94c2baffe9ab9872ca263.mgf,1,258,878685
5-ASA_2-ethylphenol,mzspec:GNPS:MULTIPLEX-SYNTHESIS-LIBRARY-ALL-PARTITION-6:accession:CCMSLIB00016278812,-0.02,mzspec:MSV000090284:peak/KO1_80_2.mzML:scan:715,1,0.76,3,0,MSV000090284,NoID,temp/queries/85/853503192bd94c2baffe9ab9872ca263/853503192bd94c2baffe9ab9872ca263.mgf,1,258,1033953
5-ASA_2-ethylphenol,mzspec:GNPS:MULTIPLEX-SYNTHESIS-LIBRARY-ALL-PARTITION-6:accession:CCMSLIB00016278812,-0.02,mzspec:MSV000090804:updates/2022-12-01_SophieGuti_f88cf376/peak/14-HLB_221116_pos_iaMSMS_01.mzML:scan:4294967295,1,0.76,3,0,MSV000090804,NoID,temp/queries/85/853503192bd94c2baffe9ab9872ca263/853503192bd94c2baffe9ab9872ca263.mgf,1,258,1050318
5-ASA_2-ethylphenol,mzspec:GNPS:MULTIPLEX-SYNTHESIS-LIBRARY-ALL-PARTITION-6:accession:CCMSLIB00016278812,-0.02,mzspec:MSV000090804:updates/2022-12-01_SophieGuti_f88cf376/peak/14-HLB_221116_pos_iaMSMS_02.mzML:scan:4294967295,1,0.75,3,0,MSV000090804,NoID,temp/queries/85/853503192bd94c2baffe9ab9872ca263/853503192bd94c2baffe9ab9872ca263.mgf,1,258,1049820
5-ASA_2-ethylphenol,mzspec:GNPS:MULTIPLEX-SYNTHESIS-LIBRARY-ALL-PARTITION-6:accession:CCMSLIB00016278812,-0.02,mzspec:MSV000090804:updates/2022-12-01_SophieGuti_f88cf376/peak/12-HLB_221116_pos_iaMSMS_03.mzML:scan:4294967295,1,0.75,4,0,MSV000090804,NoID,temp/queries/85/853503192bd94c2baffe9ab9872ca263/853503192bd94c2baffe9ab9872ca263.mgf,1,258,1049407
5-ASA_2-ethylphenol,mzspec:GNPS:MULTIPLEX-SYNTHESIS-LIBRARY-ALL-PARTITION-6:accession:CCMSLIB00016278812,-0.02,mzspec:MSV000090284:peak/KO2_50.mzML:scan:689,1,0.74,2,0,MSV000090284,NoID,temp/queries/85/853503192bd94c2baffe9ab9872ca263/853503192bd94c2baffe9ab9872ca263.mgf,1,258,1034024
5-ASA_2-ethylphenol,mzspec:GNPS:MULTIPLEX-SYNTHESIS-LIBRARY-ALL-PARTITION-6:accession:CCMSLIB00016278812,-0.02,mzspec:MSV000091520:peak/QC_Blanks_mzML/Pooled_mzML/Pooled2_Plate23.mzML:scan:452,1,0.74,4,0,MSV000091520,NoID,temp/queries/85/853503192bd94c2baffe9ab9872ca263/853503192bd94c2baffe9ab9872ca263.mgf,1,258,1168083
5-ASA_2-ethylphenol,mzspec:GNPS:MULTIPLEX-SYNTHESIS-LIBRARY-ALL-PARTITION-6:accession:CCMSLIB00016278812,-0.02,mzspec:MSV000091520:ccms_peak/QC_Blanks/Pooled/Pooled2_Plate23.mzML:scan:452,1,0.74,4,0,MSV000091520,NoID,temp/queries/85/853503192bd94c2baffe9ab9872ca263/853503192bd94c2baffe9ab9872ca263.mgf,1,258,1167186
5-ASA_2-ethylphenol,mzspec:GNPS:MULTIPLEX-SYNTHESIS-LIBRARY-ALL-PARTITION-6:accession:CCMSLIB00016278812,-0.02,mzspec:MSV000090284:peak/KO1_80.mzML:scan:740,1,0.73,2,0,MSV000090284,NoID,temp/queries/85/853503192bd94c2baffe9ab9872ca263/853503192bd94c2baffe9ab9872ca263.mgf,1,258,1033951
5-ASA_2-ethylphenol,mzspec:GNPS:MULTIPLEX-SYNTHESIS-LIBRARY-ALL-PARTITION-6:accession:CCMSLIB00016278812,-0.02,mzspec:MSV000090284:peak/KO1_80_2.mzML:scan:785,1,0.73,2,0,MSV000090284,NoID,temp/queries/85/853503192bd94c2baffe9ab9872ca263/853503192bd94c2baffe9ab9872ca263.mgf,1,258,1033955
5-ASA_2-ethylphenol,mzspec:GNPS:MULTIPLEX-SYNTHESIS-LIBRARY-ALL-PARTITION-6:accession:CCMSLIB00016278812,-0.02,mzspec:MSV000090284:peak/WT1_80.mzML:scan:654,1,0.73,2,0,MSV000090284,NoID,temp/queries/85/853503192bd94c2baffe9ab9872ca263/853503192bd94c2baffe9ab9872ca263.mgf,1,258,1033973
5-ASA_2-ethylphenol,mzspec:GNPS:MULTIPLEX-SYNTHESIS-LIBRARY-ALL-PARTITION-6:accession:CCMSLIB00016278812,-0.02,mzspec:MSV000090284:peak/KO2_80.mzML:scan:842,1,0.73,2,0,MSV000090284,NoID,temp/queries/85/853503192bd94c2baffe9ab9872ca263/853503192bd94c2baffe9ab9872ca263.mgf,1,258,1034011
5-ASA_2-ethylphenol,mzspec:GNPS:MULTIPLEX-SYNTHESIS-LIBRARY-ALL-PARTITION-6:accession:CCMSLIB00016278812,-0.02,mzspec:MSV000090284:peak/KO1_50.mzML:scan:718,1,0.73,2,0,MSV000090284,NoID,temp/queries/85/853503192bd94c2baffe9ab9872ca263/853503192bd94c2baffe9ab9872ca263.mgf,1,258,1033980
5-ASA_2-ethylphenol,mzspec:GNPS:MULTIPLEX-SYNTHESIS-LIBRARY-ALL-PARTITION-6:accession:CCMSLIB00016278812,-0.02,mzspec:MSV000090804:updates/2022-12-01_SophieGuti_f88cf376/peak/07-HLB_221116_pos_iaMSMS_02.mzML:scan:4294967295,1,0.72,4,0,MSV000090804,NoID,temp/queries/85/853503192bd94c2baffe9ab9872ca263/853503192bd94c2baffe9ab9872ca263.mgf,1,258,1047676
5-ASA_2-ethylphenol,mzspec:GNPS:MULTIPLEX-SYNTHESIS-LIBRARY-ALL-PARTITION-6:accession:CCMSLIB00016278812,-0.02,mzspec:MSV000090804:updates/2022-12-01_SophieGuti_f88cf376/peak/05-HLB_221116_pos_iaMSMS_03.mzML:scan:4294967295,1,0.72,4,0,MSV000090804,NoID,temp/queries/85/853503192bd94c2baffe9ab9872ca263/853503192bd94c2baffe9ab9872ca263.mgf,1,258,1047934
5-ASA_2-ethylphenol,mzspec:GNPS:MULTIPLEX-SYNTHESIS-LIBRARY-ALL-PARTITION-6:accession:CCMSLIB00016278812,-0.02,mzspec:MSV000097540:peak/mzmL/P_Food_IBD_C1_Fresh_2.mzML:scan:1080,1,0.72,1,0,MSV000097540,NoID,temp/queries/85/853503192bd94c2baffe9ab9872ca263/853503192bd94c2baffe9ab9872ca263.mgf,1,258,1100726
5-ASA_2-ethylphenol,mzspec:GNPS:MULTIPLEX-SYNTHESIS-LIBRARY-ALL-PARTITION-6:accession:CCMSLIB00016278812,-0.02,mzspec:MSV000090284:peak/WT1_50.mzML:scan:596,1,0.72,2,0,MSV000090284,NoID,temp/queries/85/853503192bd94c2baffe9ab9872ca263/853503192bd94c2baffe9ab9872ca263.mgf,1,258,1033968
5-ASA_2-ethylphenol,mzspec:GNPS:MULTIPLEX-SYNTHESIS-LIBRARY-ALL-PARTITION-6:accession:CCMSLIB00016278812,-0.02,mzspec:MSV000097540:peak/mzmL/P_Food_IBD_C1_Fresh_3.mzML:scan:1099,1,0.72,1,0,MSV000097540,NoID,temp/queries/85/853503192bd94c2baffe9ab9872ca263/853503192bd94c2baffe9ab9872ca263.mgf,1,258,1101038
5-ASA_2-ethylphenol,mzspec:GNPS:MULTIPLEX-SYNTHESIS-LIBRARY-ALL-PARTITION-6:accession:CCMSLIB00016278812,-0.02,mzspec:MSV000091520:ccms_peak/QC_Blanks/Pooled/Pooled3_Plate14.mzML:scan:433,1,0.71,4,0,MSV000091520,NoID,temp/queries/85/853503192bd94c2baffe9ab9872ca263/853503192bd94c2baffe9ab9872ca263.mgf,1,258,1157930
5-ASA_2-ethylphenol,mzspec:GNPS:MULTIPLEX-SYNTHESIS-LIBRARY-ALL-PARTITION-6:accession:CCMSLIB00016278812,-0.02,mzspec:MSV000090804:updates/2022-12-01_SophieGuti_f88cf376/peak/09-HLB_221116_pos_iaMSMS_03.mzML:scan:4294967295,1,0.71,2,0,MSV000090804,NoID,temp/queries/85/853503192bd94c2baffe9ab9872ca263/853503192bd94c2baffe9ab9872ca263.mgf,1,258,1049700
5-ASA_2-ethylphenol,mzspec:GNPS:MULTIPLEX-SYNTHESIS-LIBRARY-ALL-PARTITION-6:accession:CCMSLIB00016278812,-0.02,mzspec:MSV000091520:peak/QC_Blanks_mzML/Pooled_mzML/Pooled3_Plate14.mzML:scan:433,1,0.71,4,0,MSV000091520,NoID,temp/queries/85/853503192bd94c2baffe9ab9872ca263/853503192bd94c2baffe9ab9872ca263.mgf,1,258,1161377
5-ASA_2-ethylphenol,mzspec:GNPS:MULTIPLEX-SYNTHESIS-LIBRARY-ALL-PARTITION-6:accession:CCMSLIB00016278812,-0.02,mzspec:MSV000083320:ccms_peak/data/99692.mzML:scan:487,1,0.71,2,0,MSV000083320,NoID,temp/queries/85/853503192bd94c2baffe9ab9872ca263/853503192bd94c2baffe9ab9872ca263.mgf,1,258,1279782
5-ASA_2-ethylphenol,mzspec:GNPS:MULTIPLEX-SYNTHESIS-LIBRARY-ALL-PARTITION-6:accession:CCMSLIB00016278812,-0.02,mzspec:MSV000097540:peak/mzmL/P_Food_IBD_C1_Fresh_1.mzML:scan:1078,1,0.71,1,0,MSV000097540,NoID,temp/queries/85/853503192bd94c2baffe9ab9872ca263/853503192bd94c2baffe9ab9872ca263.mgf,1,258,1100672
5-ASA_2-ethylphenol,mzspec:GNPS:MULTIPLEX-SYNTHESIS-LIBRARY-ALL-PARTITION-6:accession:CCMSLIB00016278812,-0.01,mzspec:MSV000096564:updates/2025-01-03_JAGONGO_1994_c37737fe/peak/mzML/P_Food_IBD_C1_Fresh.mzML:scan:947,1,0.71,1,0,MSV000096564,NoID,temp/queries/85/853503192bd94c2baffe9ab9872ca263/853503192bd94c2baffe9ab9872ca263.mgf,1,258,1831445
5-ASA_2-ethylphenol,mzspec:GNPS:MULTIPLEX-SYNTHESIS-LIBRARY-ALL-PARTITION-6:accession:CCMSLIB00016278812,-0.01,mzspec:MSV000096564:updates/2025-01-03_JAGONGO_1994_c37737fe/raw/IBD_diet_samples/mzML/P_Food_IBD_C1_Fresh.mzML:scan:947,1,0.71,1,0,MSV000096564,NoID,temp/queries/85/853503192bd94c2baffe9ab9872ca263/853503192bd94c2baffe9ab9872ca263.mgf,1,258,1830356
5-ASA_2-ethylphenol,mzspec:GNPS:MULTIPLEX-SYNTHESIS-LIBRARY-ALL-PARTITION-6:accession:CCMSLIB00016278812,-0.01,mzspec:MSV000096242:peak/mzml_20230620_rt_ms2_positive/Blank_20230629225724.mzML:scan:947,1,0.71,1,0,MSV000096242,NoID,temp/queries/85/853503192bd94c2baffe9ab9872ca263/853503192bd94c2baffe9ab9872ca263.mgf,1,258,144036
5-ASA_2-ethylphenol,mzspec:GNPS:MULTIPLEX-SYNTHESIS-LIBRARY-ALL-PARTITION-6:accession:CCMSLIB00016278812,-0.02,mzspec:MSV000090804:updates/2022-12-01_SophieGuti_f88cf376/peak/04-HLB_221116_pos_iaMSMS_02.mzML:scan:4294967295,1,0.7,4,0,MSV000090804,NoID,temp/queries/85/853503192bd94c2baffe9ab9872ca263/853503192bd94c2baffe9ab9872ca263.mgf,1,258,1051969
5-ASA_2-ethylphenol,mzspec:GNPS:MULTIPLEX-SYNTHESIS-LIBRARY-ALL-PARTITION-6:accession:CCMSLIB00016278812,-0.02,mzspec:MSV000095003:peak/20240610_PCP_pos/P2_D4_593.mzML:scan:1158,1,0.7,2,0,MSV000095003,NoID,temp/queries/85/853503192bd94c2baffe9ab9872ca263/853503192bd94c2baffe9ab9872ca263.mgf,1,258,1124208
5-ASA_2-ethylphenol,mzspec:GNPS:MULTIPLEX-SYNTHESIS-LIBRARY-ALL-PARTITION-6:accession:CCMSLIB00016278812,-0.02,mzspec:MSV000090284:peak/WT2_80.mzML:scan:536,1,0.7,2,0,MSV000090284,NoID,temp/queries/85/853503192bd94c2baffe9ab9872ca263/853503192bd94c2baffe9ab9872ca263.mgf,1,258,1033991
5-ASA_2-ethylphenol,mzspec:GNPS:MULTIPLEX-SYNTHESIS-LIBRARY-ALL-PARTITION-6:accession:CCMSLIB00016278812,-0.02,mzspec:MSV000090284:peak/KO1_100.mzML:scan:581,1,0.7,2,0,MSV000090284,NoID,temp/queries/85/853503192bd94c2baffe9ab9872ca263/853503192bd94c2baffe9ab9872ca263.mgf,1,258,1033942
