compound_name,lib_usi,desc,timing
"5-ASA_2-fluoro(1,1-biphenyl)4-carboxylic-acid",mzspec:GNPS:MULTIPLEX-SYNTHESIS-LIBRARY-ALL-PARTITION-6:accession:CCMSLIB00016279404,prep,0.0007319450378417969
"5-ASA_2-fluoro(1,1-biphenyl)4-carboxylic-acid",mzspec:GNPS:MULTIPLEX-SYNTHESIS-LIBRARY-ALL-PARTITION-6:accession:CCMSLIB00016279404,Search,0.705315351486206
"5-ASA_2-fluoro(1,1-biphenyl)4-carboxylic-acid",mzspec:GNPS:MULTIPLEX-SYNTHESIS-LIBRARY-ALL-PARTITION-6:accession:CCMSLIB00016279404,Parse Query,0.00010251998901367188
"5-ASA_2-fluoro(1,1-biphenyl)4-carboxylic-acid",mzspec:GNPS:MULTIPLEX-SYNTHESIS-LIBRARY-ALL-PARTITION-6:accession:CCMSLIB00016279404,Parse Query 2,0.0015420913696289062
"5-ASA_2-fluoro(1,1-biphenyl)4-carboxylic-acid",mzspec:GNPS:MULTIPLEX-SYNTHESIS-LIBRARY-ALL-PARTITION-6:accession:CCMSLIB00016279404,Get DB Info,8.893013000488281e-05
"5-ASA_2-fluoro(1,1-biphenyl)4-carboxylic-acid",mzspec:GNPS:MULTIPLEX-SYNTHESIS-LIBRARY-ALL-PARTITION-6:accession:CCMSLIB00016279404,Demangle,0.005693197250366211
"5-ASA_2-fluoro(1,1-biphenyl)4-carboxylic-acid",mzspec:GNPS:MULTIPLEX-SYNTHESIS-LIBRARY-ALL-PARTITION-6:accession:CCMSLIB00016279404,Group,0.005201101303100586
"5-ASA_2-fluoro(1,1-biphenyl)4-carboxylic-acid",mzspec:GNPS:MULTIPLEX-SYNTHESIS-LIBRARY-ALL-PARTITION-6:accession:CCMSLIB00016279404,Enrich datasets,0.011021137237548828
