compound_name,lib_usi,desc,timing
5-ASA_2-hydroxy-nicotinic-acid,mzspec:GNPS:MULTIPLEX-SYNTHESIS-LIBRARY-ALL-PARTITION-6:accession:CCMSLIB00016279510,prep,0.0007867813110351562
5-ASA_2-hydroxy-nicotinic-acid,mzspec:GNPS:MULTIPLEX-SYNTHESIS-LIBRARY-ALL-PARTITION-6:accession:CCMSLIB00016279510,Search,0.7125558853149414
5-ASA_2-hydroxy-nicotinic-acid,mzspec:GNPS:MULTIPLEX-SYNTHESIS-LIBRARY-ALL-PARTITION-6:accession:CCMSLIB00016279510,Parse Query,9.918212890625e-05
5-ASA_2-hydroxy-nicotinic-acid,mzspec:GNPS:MULTIPLEX-SYNTHESIS-LIBRARY-ALL-PARTITION-6:accession:CCMSLIB00016279510,Parse Query 2,0.0013689994812011719
5-ASA_2-hydroxy-nicotinic-acid,mzspec:GNPS:MULTIPLEX-SYNTHESIS-LIBRARY-ALL-PARTITION-6:accession:CCMSLIB00016279510,Get DB Info,9.083747863769531e-05
5-ASA_2-hydroxy-nicotinic-acid,mzspec:GNPS:MULTIPLEX-SYNTHESIS-LIBRARY-ALL-PARTITION-6:accession:CCMSLIB00016279510,Demangle,0.005212306976318359
5-ASA_2-hydroxy-nicotinic-acid,mzspec:GNPS:MULTIPLEX-SYNTHESIS-LIBRARY-ALL-PARTITION-6:accession:CCMSLIB00016279510,Group,0.004885673522949219
5-ASA_2-hydroxy-nicotinic-acid,mzspec:GNPS:MULTIPLEX-SYNTHESIS-LIBRARY-ALL-PARTITION-6:accession:CCMSLIB00016279510,Enrich datasets,0.011253595352172852
