compound_name,lib_usi,desc,timing
5-ASA_2-iodobenzoic-acid,mzspec:GNPS:MULTIPLEX-SYNTHESIS-LIBRARY-ALL-PARTITION-6:accession:CCMSLIB00016279338,prep,0.0006911754608154297
5-ASA_2-iodobenzoic-acid,mzspec:GNPS:MULTIPLEX-SYNTHESIS-LIBRARY-ALL-PARTITION-6:accession:CCMSLIB00016279338,Search,0.6973624229431152
5-ASA_2-iodobenzoic-acid,mzspec:GNPS:MULTIPLEX-SYNTHESIS-LIBRARY-ALL-PARTITION-6:accession:CCMSLIB00016279338,Parse Query,8.7738037109375e-05
5-ASA_2-iodobenzoic-acid,mzspec:GNPS:MULTIPLEX-SYNTHESIS-LIBRARY-ALL-PARTITION-6:accession:CCMSLIB00016279338,Parse Query 2,0.001271963119506836
5-ASA_2-iodobenzoic-acid,mzspec:GNPS:MULTIPLEX-SYNTHESIS-LIBRARY-ALL-PARTITION-6:accession:CCMSLIB00016279338,Get DB Info,8.344650268554688e-05
5-ASA_2-iodobenzoic-acid,mzspec:GNPS:MULTIPLEX-SYNTHESIS-LIBRARY-ALL-PARTITION-6:accession:CCMSLIB00016279338,Demangle,0.004637718200683594
5-ASA_2-iodobenzoic-acid,mzspec:GNPS:MULTIPLEX-SYNTHESIS-LIBRARY-ALL-PARTITION-6:accession:CCMSLIB00016279338,Group,0.0048754215240478516
5-ASA_2-iodobenzoic-acid,mzspec:GNPS:MULTIPLEX-SYNTHESIS-LIBRARY-ALL-PARTITION-6:accession:CCMSLIB00016279338,Enrich datasets,0.011098384857177734
