compound_name,lib_usi,desc,timing
5-ASA_2-iodophenol,mzspec:GNPS:MULTIPLEX-SYNTHESIS-LIBRARY-ALL-PARTITION-6:accession:CCMSLIB00016279275,prep,0.0007221698760986328
5-ASA_2-iodophenol,mzspec:GNPS:MULTIPLEX-SYNTHESIS-LIBRARY-ALL-PARTITION-6:accession:CCMSLIB00016279275,Search,0.6901426315307617
5-ASA_2-iodophenol,mzspec:GNPS:MULTIPLEX-SYNTHESIS-LIBRARY-ALL-PARTITION-6:accession:CCMSLIB00016279275,Parse Query,9.72747802734375e-05
5-ASA_2-iodophenol,mzspec:GNPS:MULTIPLEX-SYNTHESIS-LIBRARY-ALL-PARTITION-6:accession:CCMSLIB00016279275,Parse Query 2,0.001477956771850586
5-ASA_2-iodophenol,mzspec:GNPS:MULTIPLEX-SYNTHESIS-LIBRARY-ALL-PARTITION-6:accession:CCMSLIB00016279275,Get DB Info,9.202957153320312e-05
5-ASA_2-iodophenol,mzspec:GNPS:MULTIPLEX-SYNTHESIS-LIBRARY-ALL-PARTITION-6:accession:CCMSLIB00016279275,Demangle,0.005305051803588867
5-ASA_2-iodophenol,mzspec:GNPS:MULTIPLEX-SYNTHESIS-LIBRARY-ALL-PARTITION-6:accession:CCMSLIB00016279275,Group,0.0051920413970947266
5-ASA_2-iodophenol,mzspec:GNPS:MULTIPLEX-SYNTHESIS-LIBRARY-ALL-PARTITION-6:accession:CCMSLIB00016279275,Enrich datasets,0.013719558715820312
