compound_name,lib_usi,Delta Mass,USI,Charge,Cosine,Matching Peaks,Unit Delta Mass,Dataset,Status,Query Filename,Query Scan,Index UnitPM,Index IdxInUnitPM
5-ASA_2-methyl-3-pentanol,mzspec:GNPS:MULTIPLEX-SYNTHESIS-LIBRARY-ALL-PARTITION-6:accession:CCMSLIB00016278800,0.02,mzspec:MSV000094688:peak/MC-AgroParisTech-20-pos_01_5624.mzXML:scan:11613,1,0.77,3,0,MSV000094688,NoID,temp/queries/c6/c60b8a84ff56409ca92ce74d7c09c6bc/c60b8a84ff56409ca92ce74d7c09c6bc.mgf,1,238,694015
5-ASA_2-methyl-3-pentanol,mzspec:GNPS:MULTIPLEX-SYNTHESIS-LIBRARY-ALL-PARTITION-6:accession:CCMSLIB00016278800,0.02,mzspec:MSV000094688:ccms_peak/MC-AgroParisTech-20-pos_01_5624.mzML:scan:11613,1,0.77,3,0,MSV000094688,NoID,temp/queries/c6/c60b8a84ff56409ca92ce74d7c09c6bc/c60b8a84ff56409ca92ce74d7c09c6bc.mgf,1,238,711094
5-ASA_2-methyl-3-pentanol,mzspec:GNPS:MULTIPLEX-SYNTHESIS-LIBRARY-ALL-PARTITION-6:accession:CCMSLIB00016278800,0.02,mzspec:MSV000094688:ccms_peak/MC-AgroParisTech-54-pos_01_5660.mzML:scan:11001,1,0.76,3,0,MSV000094688,NoID,temp/queries/c6/c60b8a84ff56409ca92ce74d7c09c6bc/c60b8a84ff56409ca92ce74d7c09c6bc.mgf,1,238,708316
5-ASA_2-methyl-3-pentanol,mzspec:GNPS:MULTIPLEX-SYNTHESIS-LIBRARY-ALL-PARTITION-6:accession:CCMSLIB00016278800,0.02,mzspec:MSV000094688:peak/MC-AgroParisTech-54-pos_01_5660.mzXML:scan:11001,1,0.76,3,0,MSV000094688,NoID,temp/queries/c6/c60b8a84ff56409ca92ce74d7c09c6bc/c60b8a84ff56409ca92ce74d7c09c6bc.mgf,1,238,710627
5-ASA_2-methyl-3-pentanol,mzspec:GNPS:MULTIPLEX-SYNTHESIS-LIBRARY-ALL-PARTITION-6:accession:CCMSLIB00016278800,0.01,mzspec:MSV000095253:raw/positive mzml files/TA_3_1.mzML:scan:138,1,0.76,2,0,MSV000095253,NoID,temp/queries/c6/c60b8a84ff56409ca92ce74d7c09c6bc/c60b8a84ff56409ca92ce74d7c09c6bc.mgf,1,238,261304
5-ASA_2-methyl-3-pentanol,mzspec:GNPS:MULTIPLEX-SYNTHESIS-LIBRARY-ALL-PARTITION-6:accession:CCMSLIB00016278800,-0.0,mzspec:MSV000083475:peak/mzML/Animal_PLATE5_mzML/Plate5_Samples/5D2_3_64_sandin-54-s001-a04.mzML:scan:939,1,0.75,5,0,MSV000083475,NoID,temp/queries/c6/c60b8a84ff56409ca92ce74d7c09c6bc/c60b8a84ff56409ca92ce74d7c09c6bc.mgf,1,238,1254580
5-ASA_2-methyl-3-pentanol,mzspec:GNPS:MULTIPLEX-SYNTHESIS-LIBRARY-ALL-PARTITION-6:accession:CCMSLIB00016278800,-0.0,mzspec:MSV000083475:ccms_peak/RAW/PLATE5/5D2_3_64_sandin-54-s001-a04.mzML:scan:939,1,0.75,5,0,MSV000083475,NoID,temp/queries/c6/c60b8a84ff56409ca92ce74d7c09c6bc/c60b8a84ff56409ca92ce74d7c09c6bc.mgf,1,238,1254545
5-ASA_2-methyl-3-pentanol,mzspec:GNPS:MULTIPLEX-SYNTHESIS-LIBRARY-ALL-PARTITION-6:accession:CCMSLIB00016278800,0.01,mzspec:MSV000095253:raw/positive mzml files/LP_2_1.mzML:scan:135,1,0.74,2,0,MSV000095253,NoID,temp/queries/c6/c60b8a84ff56409ca92ce74d7c09c6bc/c60b8a84ff56409ca92ce74d7c09c6bc.mgf,1,238,261526
5-ASA_2-methyl-3-pentanol,mzspec:GNPS:MULTIPLEX-SYNTHESIS-LIBRARY-ALL-PARTITION-6:accession:CCMSLIB00016278800,0.0,mzspec:MSV000083475:peak/mzML/Animal_PLATE5_mzML/Plate5_Samples/5D7_3_76_sandin-54-s003-a04.mzML:scan:927,1,0.73,4,0,MSV000083475,NoID,temp/queries/c6/c60b8a84ff56409ca92ce74d7c09c6bc/c60b8a84ff56409ca92ce74d7c09c6bc.mgf,1,238,1255664
5-ASA_2-methyl-3-pentanol,mzspec:GNPS:MULTIPLEX-SYNTHESIS-LIBRARY-ALL-PARTITION-6:accession:CCMSLIB00016278800,0.0,mzspec:MSV000083475:peak/mzML/Animal_PLATE5_mzML/Plate5_Samples/5C10_3_57_sandin-54-s002-a04.mzML:scan:957,1,0.73,4,0,MSV000083475,NoID,temp/queries/c6/c60b8a84ff56409ca92ce74d7c09c6bc/c60b8a84ff56409ca92ce74d7c09c6bc.mgf,1,238,1255446
5-ASA_2-methyl-3-pentanol,mzspec:GNPS:MULTIPLEX-SYNTHESIS-LIBRARY-ALL-PARTITION-6:accession:CCMSLIB00016278800,0.0,mzspec:MSV000083475:ccms_peak/RAW/PLATE5/5C10_3_57_sandin-54-s002-a04.mzML:scan:957,1,0.73,4,0,MSV000083475,NoID,temp/queries/c6/c60b8a84ff56409ca92ce74d7c09c6bc/c60b8a84ff56409ca92ce74d7c09c6bc.mgf,1,238,1255341
5-ASA_2-methyl-3-pentanol,mzspec:GNPS:MULTIPLEX-SYNTHESIS-LIBRARY-ALL-PARTITION-6:accession:CCMSLIB00016278800,0.0,mzspec:MSV000083475:ccms_peak/RAW/PLATE5/5D7_3_76_sandin-54-s003-a04.mzML:scan:927,1,0.73,4,0,MSV000083475,NoID,temp/queries/c6/c60b8a84ff56409ca92ce74d7c09c6bc/c60b8a84ff56409ca92ce74d7c09c6bc.mgf,1,238,1254340
5-ASA_2-methyl-3-pentanol,mzspec:GNPS:MULTIPLEX-SYNTHESIS-LIBRARY-ALL-PARTITION-6:accession:CCMSLIB00016278800,0.0,mzspec:MSV000085480:ccms_peak/190627_Irina_OMZ_ETNP18/ETNP18_Oxycline_4_B.mzML:scan:1006,1,0.72,3,0,MSV000085480,NoID,temp/queries/c6/c60b8a84ff56409ca92ce74d7c09c6bc/c60b8a84ff56409ca92ce74d7c09c6bc.mgf,1,238,636804
5-ASA_2-methyl-3-pentanol,mzspec:GNPS:MULTIPLEX-SYNTHESIS-LIBRARY-ALL-PARTITION-6:accession:CCMSLIB00016278800,0.0,mzspec:MSV000085480:raw/190627_Irina_OMZ_ETNP18/mzML/ETNP18_Oxycline_4_B.mzML:scan:1006,1,0.72,3,0,MSV000085480,NoID,temp/queries/c6/c60b8a84ff56409ca92ce74d7c09c6bc/c60b8a84ff56409ca92ce74d7c09c6bc.mgf,1,238,635937
5-ASA_2-methyl-3-pentanol,mzspec:GNPS:MULTIPLEX-SYNTHESIS-LIBRARY-ALL-PARTITION-6:accession:CCMSLIB00016278800,0.01,mzspec:MSV000095253:raw/positive mzml files/Plastic_blank_20240503021003.mzML:scan:1487,1,0.71,2,0,MSV000095253,NoID,temp/queries/c6/c60b8a84ff56409ca92ce74d7c09c6bc/c60b8a84ff56409ca92ce74d7c09c6bc.mgf,1,238,261156
5-ASA_2-methyl-3-pentanol,mzspec:GNPS:MULTIPLEX-SYNTHESIS-LIBRARY-ALL-PARTITION-6:accession:CCMSLIB00016278800,0.0,mzspec:MSV000085480:updates/2021-11-06_ikoester_7a9e7627/peak/ENTP_68_SIO.mzML:scan:1146,1,0.71,3,0,MSV000085480,NoID,temp/queries/c6/c60b8a84ff56409ca92ce74d7c09c6bc/c60b8a84ff56409ca92ce74d7c09c6bc.mgf,1,238,635811
5-ASA_2-methyl-3-pentanol,mzspec:GNPS:MULTIPLEX-SYNTHESIS-LIBRARY-ALL-PARTITION-6:accession:CCMSLIB00016278800,0.01,mzspec:MSV000095253:raw/positive mzml files/ANF_2_1.mzML:scan:112,1,0.7,2,0,MSV000095253,NoID,temp/queries/c6/c60b8a84ff56409ca92ce74d7c09c6bc/c60b8a84ff56409ca92ce74d7c09c6bc.mgf,1,238,261511
