compound_name,lib_usi,desc,timing
5-ASA_2-methylbutylamine,mzspec:GNPS:MULTIPLEX-SYNTHESIS-LIBRARY-ALL-PARTITION-6:accession:CCMSLIB00016279132,prep,0.0006282329559326172
5-ASA_2-methylbutylamine,mzspec:GNPS:MULTIPLEX-SYNTHESIS-LIBRARY-ALL-PARTITION-6:accession:CCMSLIB00016279132,Search,0.7815532684326172
5-ASA_2-methylbutylamine,mzspec:GNPS:MULTIPLEX-SYNTHESIS-LIBRARY-ALL-PARTITION-6:accession:CCMSLIB00016279132,Parse Query,0.00015091896057128906
5-ASA_2-methylbutylamine,mzspec:GNPS:MULTIPLEX-SYNTHESIS-LIBRARY-ALL-PARTITION-6:accession:CCMSLIB00016279132,Parse Query 2,0.0017728805541992188
5-ASA_2-methylbutylamine,mzspec:GNPS:MULTIPLEX-SYNTHESIS-LIBRARY-ALL-PARTITION-6:accession:CCMSLIB00016279132,Get DB Info,0.0001285076141357422
5-ASA_2-methylbutylamine,mzspec:GNPS:MULTIPLEX-SYNTHESIS-LIBRARY-ALL-PARTITION-6:accession:CCMSLIB00016279132,Demangle,0.009212017059326172
5-ASA_2-methylbutylamine,mzspec:GNPS:MULTIPLEX-SYNTHESIS-LIBRARY-ALL-PARTITION-6:accession:CCMSLIB00016279132,Group,0.005077838897705078
5-ASA_2-methylbutylamine,mzspec:GNPS:MULTIPLEX-SYNTHESIS-LIBRARY-ALL-PARTITION-6:accession:CCMSLIB00016279132,Enrich datasets,0.010997295379638672
