compound_name,lib_usi,desc,timing
5-ASA_2-pyrazinecarboxylic-acid,mzspec:GNPS:MULTIPLEX-SYNTHESIS-LIBRARY-ALL-PARTITION-6:accession:CCMSLIB00016279352,prep,0.0015099048614501953
5-ASA_2-pyrazinecarboxylic-acid,mzspec:GNPS:MULTIPLEX-SYNTHESIS-LIBRARY-ALL-PARTITION-6:accession:CCMSLIB00016279352,Search,0.8258588314056396
5-ASA_2-pyrazinecarboxylic-acid,mzspec:GNPS:MULTIPLEX-SYNTHESIS-LIBRARY-ALL-PARTITION-6:accession:CCMSLIB00016279352,Parse Query,9.417533874511719e-05
5-ASA_2-pyrazinecarboxylic-acid,mzspec:GNPS:MULTIPLEX-SYNTHESIS-LIBRARY-ALL-PARTITION-6:accession:CCMSLIB00016279352,Parse Query 2,0.0014061927795410156
5-ASA_2-pyrazinecarboxylic-acid,mzspec:GNPS:MULTIPLEX-SYNTHESIS-LIBRARY-ALL-PARTITION-6:accession:CCMSLIB00016279352,Get DB Info,9.655952453613281e-05
5-ASA_2-pyrazinecarboxylic-acid,mzspec:GNPS:MULTIPLEX-SYNTHESIS-LIBRARY-ALL-PARTITION-6:accession:CCMSLIB00016279352,Demangle,0.0048236846923828125
5-ASA_2-pyrazinecarboxylic-acid,mzspec:GNPS:MULTIPLEX-SYNTHESIS-LIBRARY-ALL-PARTITION-6:accession:CCMSLIB00016279352,Group,0.004860877990722656
5-ASA_2-pyrazinecarboxylic-acid,mzspec:GNPS:MULTIPLEX-SYNTHESIS-LIBRARY-ALL-PARTITION-6:accession:CCMSLIB00016279352,Enrich datasets,0.010981082916259766
