compound_name,lib_usi,desc,timing
5-ASA_2-tridecenoic-acid,mzspec:GNPS:MULTIPLEX-SYNTHESIS-LIBRARY-ALL-PARTITION-6:accession:CCMSLIB00016278652,prep,0.0009620189666748047
5-ASA_2-tridecenoic-acid,mzspec:GNPS:MULTIPLEX-SYNTHESIS-LIBRARY-ALL-PARTITION-6:accession:CCMSLIB00016278652,Search,0.7092008590698242
5-ASA_2-tridecenoic-acid,mzspec:GNPS:MULTIPLEX-SYNTHESIS-LIBRARY-ALL-PARTITION-6:accession:CCMSLIB00016278652,Parse Query,8.487701416015625e-05
5-ASA_2-tridecenoic-acid,mzspec:GNPS:MULTIPLEX-SYNTHESIS-LIBRARY-ALL-PARTITION-6:accession:CCMSLIB00016278652,Parse Query 2,0.0013265609741210938
5-ASA_2-tridecenoic-acid,mzspec:GNPS:MULTIPLEX-SYNTHESIS-LIBRARY-ALL-PARTITION-6:accession:CCMSLIB00016278652,Get DB Info,8.821487426757812e-05
5-ASA_2-tridecenoic-acid,mzspec:GNPS:MULTIPLEX-SYNTHESIS-LIBRARY-ALL-PARTITION-6:accession:CCMSLIB00016278652,Demangle,0.0046844482421875
5-ASA_2-tridecenoic-acid,mzspec:GNPS:MULTIPLEX-SYNTHESIS-LIBRARY-ALL-PARTITION-6:accession:CCMSLIB00016278652,Group,0.004889011383056641
5-ASA_2-tridecenoic-acid,mzspec:GNPS:MULTIPLEX-SYNTHESIS-LIBRARY-ALL-PARTITION-6:accession:CCMSLIB00016278652,Enrich datasets,0.011307001113891602
