compound_name,lib_usi,Delta Mass,USI,Charge,Cosine,Matching Peaks,Unit Delta Mass,Dataset,Status,Query Filename,Query Scan,Index UnitPM,Index IdxInUnitPM
5-ASA_3-(1-piperazino)phenol,mzspec:GNPS:MULTIPLEX-SYNTHESIS-LIBRARY-ALL-PARTITION-6:accession:CCMSLIB00016279226,0.02,mzspec:MSV000090851:ccms_peak/AcOEt_1.mzML:scan:2035,1,0.73,3,0,MSV000090851,NoID,temp/queries/03/03d455e6616f491bb75a9a993918e8b7/03d455e6616f491bb75a9a993918e8b7.mgf,1,314,1423287
5-ASA_3-(1-piperazino)phenol,mzspec:GNPS:MULTIPLEX-SYNTHESIS-LIBRARY-ALL-PARTITION-6:accession:CCMSLIB00016279226,0.02,mzspec:MSV000090851:peak/AcOEt_1.mzML:scan:2035,1,0.73,3,0,MSV000090851,NoID,temp/queries/03/03d455e6616f491bb75a9a993918e8b7/03d455e6616f491bb75a9a993918e8b7.mgf,1,314,1423337
5-ASA_3-(1-piperazino)phenol,mzspec:GNPS:MULTIPLEX-SYNTHESIS-LIBRARY-ALL-PARTITION-6:accession:CCMSLIB00016279226,0.02,mzspec:MSV000090851:peak/AcOEt_3.mzML:scan:2117,1,0.73,3,0,MSV000090851,NoID,temp/queries/03/03d455e6616f491bb75a9a993918e8b7/03d455e6616f491bb75a9a993918e8b7.mgf,1,314,1423405
5-ASA_3-(1-piperazino)phenol,mzspec:GNPS:MULTIPLEX-SYNTHESIS-LIBRARY-ALL-PARTITION-6:accession:CCMSLIB00016279226,0.02,mzspec:MSV000090851:ccms_peak/AcOEt_3.mzML:scan:2117,1,0.73,3,0,MSV000090851,NoID,temp/queries/03/03d455e6616f491bb75a9a993918e8b7/03d455e6616f491bb75a9a993918e8b7.mgf,1,314,1423254
