compound_name,lib_usi,desc,timing
"5-ASA_3-amino-1,2,4-triazole-5-carboxylic acid hydrate",mzspec:GNPS:MULTIPLEX-SYNTHESIS-LIBRARY-ALL-PARTITION-6:accession:CCMSLIB00016279597,prep,0.001104116439819336
"5-ASA_3-amino-1,2,4-triazole-5-carboxylic acid hydrate",mzspec:GNPS:MULTIPLEX-SYNTHESIS-LIBRARY-ALL-PARTITION-6:accession:CCMSLIB00016279597,Search,0.7167890071868896
"5-ASA_3-amino-1,2,4-triazole-5-carboxylic acid hydrate",mzspec:GNPS:MULTIPLEX-SYNTHESIS-LIBRARY-ALL-PARTITION-6:accession:CCMSLIB00016279597,Parse Query,9.894371032714844e-05
"5-ASA_3-amino-1,2,4-triazole-5-carboxylic acid hydrate",mzspec:GNPS:MULTIPLEX-SYNTHESIS-LIBRARY-ALL-PARTITION-6:accession:CCMSLIB00016279597,Parse Query 2,0.0012769699096679688
"5-ASA_3-amino-1,2,4-triazole-5-carboxylic acid hydrate",mzspec:GNPS:MULTIPLEX-SYNTHESIS-LIBRARY-ALL-PARTITION-6:accession:CCMSLIB00016279597,Get DB Info,0.00010943412780761719
"5-ASA_3-amino-1,2,4-triazole-5-carboxylic acid hydrate",mzspec:GNPS:MULTIPLEX-SYNTHESIS-LIBRARY-ALL-PARTITION-6:accession:CCMSLIB00016279597,Demangle,0.0051746368408203125
"5-ASA_3-amino-1,2,4-triazole-5-carboxylic acid hydrate",mzspec:GNPS:MULTIPLEX-SYNTHESIS-LIBRARY-ALL-PARTITION-6:accession:CCMSLIB00016279597,Group,0.0050237178802490234
"5-ASA_3-amino-1,2,4-triazole-5-carboxylic acid hydrate",mzspec:GNPS:MULTIPLEX-SYNTHESIS-LIBRARY-ALL-PARTITION-6:accession:CCMSLIB00016279597,Enrich datasets,0.010509967803955078
