compound_name,lib_usi,desc,timing
5-ASA_3-amino-3-phenylpropanoic acid,mzspec:GNPS:MULTIPLEX-SYNTHESIS-LIBRARY-ALL-PARTITION-6:accession:CCMSLIB00016279606,prep,0.0007796287536621094
5-ASA_3-amino-3-phenylpropanoic acid,mzspec:GNPS:MULTIPLEX-SYNTHESIS-LIBRARY-ALL-PARTITION-6:accession:CCMSLIB00016279606,Search,0.7382194995880127
5-ASA_3-amino-3-phenylpropanoic acid,mzspec:GNPS:MULTIPLEX-SYNTHESIS-LIBRARY-ALL-PARTITION-6:accession:CCMSLIB00016279606,Parse Query,9.369850158691406e-05
5-ASA_3-amino-3-phenylpropanoic acid,mzspec:GNPS:MULTIPLEX-SYNTHESIS-LIBRARY-ALL-PARTITION-6:accession:CCMSLIB00016279606,Parse Query 2,0.0011851787567138672
5-ASA_3-amino-3-phenylpropanoic acid,mzspec:GNPS:MULTIPLEX-SYNTHESIS-LIBRARY-ALL-PARTITION-6:accession:CCMSLIB00016279606,Get DB Info,9.036064147949219e-05
5-ASA_3-amino-3-phenylpropanoic acid,mzspec:GNPS:MULTIPLEX-SYNTHESIS-LIBRARY-ALL-PARTITION-6:accession:CCMSLIB00016279606,Demangle,0.004680633544921875
5-ASA_3-amino-3-phenylpropanoic acid,mzspec:GNPS:MULTIPLEX-SYNTHESIS-LIBRARY-ALL-PARTITION-6:accession:CCMSLIB00016279606,Group,0.004864931106567383
5-ASA_3-amino-3-phenylpropanoic acid,mzspec:GNPS:MULTIPLEX-SYNTHESIS-LIBRARY-ALL-PARTITION-6:accession:CCMSLIB00016279606,Enrich datasets,0.010333538055419922
