compound_name,lib_usi,desc,timing
5-ASA_3-amino-4-bromophenol,mzspec:GNPS:MULTIPLEX-SYNTHESIS-LIBRARY-ALL-PARTITION-6:accession:CCMSLIB00016278868,prep,0.0007555484771728516
5-ASA_3-amino-4-bromophenol,mzspec:GNPS:MULTIPLEX-SYNTHESIS-LIBRARY-ALL-PARTITION-6:accession:CCMSLIB00016278868,Search,0.7084319591522217
5-ASA_3-amino-4-bromophenol,mzspec:GNPS:MULTIPLEX-SYNTHESIS-LIBRARY-ALL-PARTITION-6:accession:CCMSLIB00016278868,Parse Query,9.417533874511719e-05
5-ASA_3-amino-4-bromophenol,mzspec:GNPS:MULTIPLEX-SYNTHESIS-LIBRARY-ALL-PARTITION-6:accession:CCMSLIB00016278868,Parse Query 2,0.0012347698211669922
5-ASA_3-amino-4-bromophenol,mzspec:GNPS:MULTIPLEX-SYNTHESIS-LIBRARY-ALL-PARTITION-6:accession:CCMSLIB00016278868,Get DB Info,9.059906005859375e-05
5-ASA_3-amino-4-bromophenol,mzspec:GNPS:MULTIPLEX-SYNTHESIS-LIBRARY-ALL-PARTITION-6:accession:CCMSLIB00016278868,Demangle,0.0048635005950927734
5-ASA_3-amino-4-bromophenol,mzspec:GNPS:MULTIPLEX-SYNTHESIS-LIBRARY-ALL-PARTITION-6:accession:CCMSLIB00016278868,Group,0.00497126579284668
5-ASA_3-amino-4-bromophenol,mzspec:GNPS:MULTIPLEX-SYNTHESIS-LIBRARY-ALL-PARTITION-6:accession:CCMSLIB00016278868,Enrich datasets,0.011364221572875977
