compound_name,lib_usi,Delta Mass,USI,Charge,Cosine,Matching Peaks,Unit Delta Mass,Dataset,Status,Query Filename,Query Scan,Index UnitPM,Index IdxInUnitPM
5-ASA_3-amino-4-chlorobenzoic acid,mzspec:GNPS:MULTIPLEX-SYNTHESIS-LIBRARY-ALL-PARTITION-6:accession:CCMSLIB00016279599,0.02,mzspec:MSV000094528:peak/mzml_20230130_negative/20230131_pluskal_mce_1D2_K17_id_negative.mzML:scan:493,1,0.82,1,0,MSV000094528,NoID,temp/queries/c6/c6dab8a305134d30b66a2cc115416975/c6dab8a305134d30b66a2cc115416975.mgf,1,307,240456
5-ASA_3-amino-4-chlorobenzoic acid,mzspec:GNPS:MULTIPLEX-SYNTHESIS-LIBRARY-ALL-PARTITION-6:accession:CCMSLIB00016279599,0.01,mzspec:ST003210:Single cells vs Cell clusters/MDA-MB-453_QCs-NPC-04.mzML:scan:4204,1,0.71,1,0,ST003210,NoID,temp/queries/c6/c6dab8a305134d30b66a2cc115416975/c6dab8a305134d30b66a2cc115416975.mgf,1,307,2573618
5-ASA_3-amino-4-chlorobenzoic acid,mzspec:GNPS:MULTIPLEX-SYNTHESIS-LIBRARY-ALL-PARTITION-6:accession:CCMSLIB00016279599,0.01,mzspec:ST003210:Single cells vs Cell clusters/MDA-MB-453_QCs-NPC-02.mzML:scan:4213,1,0.71,1,0,ST003210,NoID,temp/queries/c6/c6dab8a305134d30b66a2cc115416975/c6dab8a305134d30b66a2cc115416975.mgf,1,307,2572583
5-ASA_3-amino-4-chlorobenzoic acid,mzspec:GNPS:MULTIPLEX-SYNTHESIS-LIBRARY-ALL-PARTITION-6:accession:CCMSLIB00016279599,-0.02,mzspec:MSV000095296:ccms_peak/positive_T42d/D140C.mzML:scan:4294967295,1,0.7,1,0,MSV000095296,NoID,temp/queries/c6/c6dab8a305134d30b66a2cc115416975/c6dab8a305134d30b66a2cc115416975.mgf,1,307,1004008
