compound_name,lib_usi,desc,timing
5-ASA_3-hydroxyhippuric acid,mzspec:GNPS:MULTIPLEX-SYNTHESIS-LIBRARY-ALL-PARTITION-6:accession:CCMSLIB00016278747,prep,0.0007538795471191406
5-ASA_3-hydroxyhippuric acid,mzspec:GNPS:MULTIPLEX-SYNTHESIS-LIBRARY-ALL-PARTITION-6:accession:CCMSLIB00016278747,Search,0.7563507556915283
5-ASA_3-hydroxyhippuric acid,mzspec:GNPS:MULTIPLEX-SYNTHESIS-LIBRARY-ALL-PARTITION-6:accession:CCMSLIB00016278747,Parse Query,8.392333984375e-05
5-ASA_3-hydroxyhippuric acid,mzspec:GNPS:MULTIPLEX-SYNTHESIS-LIBRARY-ALL-PARTITION-6:accession:CCMSLIB00016278747,Parse Query 2,0.0014030933380126953
5-ASA_3-hydroxyhippuric acid,mzspec:GNPS:MULTIPLEX-SYNTHESIS-LIBRARY-ALL-PARTITION-6:accession:CCMSLIB00016278747,Get DB Info,8.702278137207031e-05
5-ASA_3-hydroxyhippuric acid,mzspec:GNPS:MULTIPLEX-SYNTHESIS-LIBRARY-ALL-PARTITION-6:accession:CCMSLIB00016278747,Demangle,0.0049741268157958984
5-ASA_3-hydroxyhippuric acid,mzspec:GNPS:MULTIPLEX-SYNTHESIS-LIBRARY-ALL-PARTITION-6:accession:CCMSLIB00016278747,Group,0.0050084590911865234
5-ASA_3-hydroxyhippuric acid,mzspec:GNPS:MULTIPLEX-SYNTHESIS-LIBRARY-ALL-PARTITION-6:accession:CCMSLIB00016278747,Enrich datasets,0.011853933334350586
