compound_name,lib_usi,Delta Mass,USI,Charge,Cosine,Matching Peaks,Unit Delta Mass,Dataset,Status,Query Filename,Query Scan,Index UnitPM,Index IdxInUnitPM
5-ASA_3-methoxypropanoic-acid,mzspec:GNPS:MULTIPLEX-SYNTHESIS-LIBRARY-ALL-PARTITION-6:accession:CCMSLIB00016278996,0.0,mzspec:MSV000094393:peak/Salicylic_Fatty_acids_AP_55.mzML:scan:749,1,0.99,6,0,MSV000094393,NoID,temp/queries/2a/2ac964d4dc4a4d5fa1602019c6761aa8/2ac964d4dc4a4d5fa1602019c6761aa8.mgf,1,240,826574
5-ASA_3-methoxypropanoic-acid,mzspec:GNPS:MULTIPLEX-SYNTHESIS-LIBRARY-ALL-PARTITION-6:accession:CCMSLIB00016278996,0.0,mzspec:MSV000079628:ccms_peak/samples/20160321-JWFH13-2_P2-B-4_01_33802.mzXML:scan:526,1,0.86,3,0,MSV000079628,NoID,temp/queries/2a/2ac964d4dc4a4d5fa1602019c6761aa8/2ac964d4dc4a4d5fa1602019c6761aa8.mgf,1,240,2399831
5-ASA_3-methoxypropanoic-acid,mzspec:GNPS:MULTIPLEX-SYNTHESIS-LIBRARY-ALL-PARTITION-6:accession:CCMSLIB00016278996,-0.0,mzspec:MSV000079628:ccms_peak/samples/20160321-JWFH15-2_P2-B-6_01_33810.mzXML:scan:528,1,0.85,2,0,MSV000079628,NoID,temp/queries/2a/2ac964d4dc4a4d5fa1602019c6761aa8/2ac964d4dc4a4d5fa1602019c6761aa8.mgf,1,240,2399801
5-ASA_3-methoxypropanoic-acid,mzspec:GNPS:MULTIPLEX-SYNTHESIS-LIBRARY-ALL-PARTITION-6:accession:CCMSLIB00016278996,-0.0,mzspec:MSV000079628:ccms_peak/samples/20160321-JWPre2-3_P2-D-2_01_33746.mzXML:scan:530,1,0.85,2,0,MSV000079628,NoID,temp/queries/2a/2ac964d4dc4a4d5fa1602019c6761aa8/2ac964d4dc4a4d5fa1602019c6761aa8.mgf,1,240,2399819
5-ASA_3-methoxypropanoic-acid,mzspec:GNPS:MULTIPLEX-SYNTHESIS-LIBRARY-ALL-PARTITION-6:accession:CCMSLIB00016278996,0.0,mzspec:MSV000082074:ccms_peak/Samples/G75836_5x_4ul_BH5_01_19756.mzML:scan:181,1,0.85,2,0,MSV000082074,NoID,temp/queries/2a/2ac964d4dc4a4d5fa1602019c6761aa8/2ac964d4dc4a4d5fa1602019c6761aa8.mgf,1,240,2633375
5-ASA_3-methoxypropanoic-acid,mzspec:GNPS:MULTIPLEX-SYNTHESIS-LIBRARY-ALL-PARTITION-6:accession:CCMSLIB00016278996,-0.0,mzspec:MSV000079628:ccms_peak/samples/20160321-JWFH12-3_P2-E-3_01_33800.mzXML:scan:530,1,0.85,2,0,MSV000079628,NoID,temp/queries/2a/2ac964d4dc4a4d5fa1602019c6761aa8/2ac964d4dc4a4d5fa1602019c6761aa8.mgf,1,240,2399834
5-ASA_3-methoxypropanoic-acid,mzspec:GNPS:MULTIPLEX-SYNTHESIS-LIBRARY-ALL-PARTITION-6:accession:CCMSLIB00016278996,0.0,mzspec:MSV000084734:ccms_peak/files/Plant_simple_subset/files/G75836_5x_4ul_BH5_01_19756.mzML:scan:181,1,0.85,2,0,MSV000084734,NoID,temp/queries/2a/2ac964d4dc4a4d5fa1602019c6761aa8/2ac964d4dc4a4d5fa1602019c6761aa8.mgf,1,240,1938402
5-ASA_3-methoxypropanoic-acid,mzspec:GNPS:MULTIPLEX-SYNTHESIS-LIBRARY-ALL-PARTITION-6:accession:CCMSLIB00016278996,0.0,mzspec:MSV000084734:ccms_peak/files/Animal_plant_beverage_subset/plants_small/files/G78884_chia_seed_BG1_01_20553.mzML:scan:160,1,0.85,2,0,MSV000084734,NoID,temp/queries/2a/2ac964d4dc4a4d5fa1602019c6761aa8/2ac964d4dc4a4d5fa1602019c6761aa8.mgf,1,240,1938308
5-ASA_3-methoxypropanoic-acid,mzspec:GNPS:MULTIPLEX-SYNTHESIS-LIBRARY-ALL-PARTITION-6:accession:CCMSLIB00016278996,0.0,mzspec:MSV000081659:peak/data_mzxml/Samples/G75836_5x_4ul_BH5_01_19756.mzXML:scan:181,1,0.85,2,0,MSV000081659,NoID,temp/queries/2a/2ac964d4dc4a4d5fa1602019c6761aa8/2ac964d4dc4a4d5fa1602019c6761aa8.mgf,1,240,1908768
5-ASA_3-methoxypropanoic-acid,mzspec:GNPS:MULTIPLEX-SYNTHESIS-LIBRARY-ALL-PARTITION-6:accession:CCMSLIB00016278996,0.0,mzspec:MSV000082074:ccms_peak/Samples/G78884_chia_seed_BG1_01_20553.mzML:scan:160,1,0.85,2,0,MSV000082074,NoID,temp/queries/2a/2ac964d4dc4a4d5fa1602019c6761aa8/2ac964d4dc4a4d5fa1602019c6761aa8.mgf,1,240,2632589
5-ASA_3-methoxypropanoic-acid,mzspec:GNPS:MULTIPLEX-SYNTHESIS-LIBRARY-ALL-PARTITION-6:accession:CCMSLIB00016278996,0.0,mzspec:MSV000084900:ccms_peak/Global_Foodomics_composite_data_2020/MSV000083010_core/G75836_5x_4ul_BH5_01_19756.mzML:scan:181,1,0.85,2,0,MSV000084900,NoID,temp/queries/2a/2ac964d4dc4a4d5fa1602019c6761aa8/2ac964d4dc4a4d5fa1602019c6761aa8.mgf,1,240,917953
5-ASA_3-methoxypropanoic-acid,mzspec:GNPS:MULTIPLEX-SYNTHESIS-LIBRARY-ALL-PARTITION-6:accession:CCMSLIB00016278996,0.0,mzspec:MSV000084900:ccms_peak/Global_Foodomics_composite_data_2020/MSV000083010_core/G78884_chia_seed_BG1_01_20553.mzML:scan:160,1,0.85,2,0,MSV000084900,NoID,temp/queries/2a/2ac964d4dc4a4d5fa1602019c6761aa8/2ac964d4dc4a4d5fa1602019c6761aa8.mgf,1,240,917075
5-ASA_3-methoxypropanoic-acid,mzspec:GNPS:MULTIPLEX-SYNTHESIS-LIBRARY-ALL-PARTITION-6:accession:CCMSLIB00016278996,0.0,mzspec:MSV000083010:ccms_peak/Samples/G78884_chia_seed_BG1_01_20553.mzML:scan:160,1,0.85,2,0,MSV000083010,NoID,temp/queries/2a/2ac964d4dc4a4d5fa1602019c6761aa8/2ac964d4dc4a4d5fa1602019c6761aa8.mgf,1,240,778261
5-ASA_3-methoxypropanoic-acid,mzspec:GNPS:MULTIPLEX-SYNTHESIS-LIBRARY-ALL-PARTITION-6:accession:CCMSLIB00016278996,0.0,mzspec:MSV000081753:ccms_peak/data_mzxml/Samples/G78884_chia_seed_BG1_01_20553.mzML:scan:160,1,0.85,2,0,MSV000081753,NoID,temp/queries/2a/2ac964d4dc4a4d5fa1602019c6761aa8/2ac964d4dc4a4d5fa1602019c6761aa8.mgf,1,240,779577
5-ASA_3-methoxypropanoic-acid,mzspec:GNPS:MULTIPLEX-SYNTHESIS-LIBRARY-ALL-PARTITION-6:accession:CCMSLIB00016278996,0.0,mzspec:MSV000083010:ccms_peak/Samples/G75836_5x_4ul_BH5_01_19756.mzML:scan:181,1,0.85,2,0,MSV000083010,NoID,temp/queries/2a/2ac964d4dc4a4d5fa1602019c6761aa8/2ac964d4dc4a4d5fa1602019c6761aa8.mgf,1,240,778246
5-ASA_3-methoxypropanoic-acid,mzspec:GNPS:MULTIPLEX-SYNTHESIS-LIBRARY-ALL-PARTITION-6:accession:CCMSLIB00016278996,0.0,mzspec:MSV000084101:ccms_peak/Plant_simple_subset/G75836_5x_4ul_BH5_01_19756.mzML:scan:181,1,0.85,2,0,MSV000084101,NoID,temp/queries/2a/2ac964d4dc4a4d5fa1602019c6761aa8/2ac964d4dc4a4d5fa1602019c6761aa8.mgf,1,240,56820
5-ASA_3-methoxypropanoic-acid,mzspec:GNPS:MULTIPLEX-SYNTHESIS-LIBRARY-ALL-PARTITION-6:accession:CCMSLIB00016278996,-0.0,mzspec:MSV000079628:ccms_peak/samples/20160321-JWGZ3-2_P2-B-10_01_33826.mzXML:scan:530,1,0.85,2,0,MSV000079628,NoID,temp/queries/2a/2ac964d4dc4a4d5fa1602019c6761aa8/2ac964d4dc4a4d5fa1602019c6761aa8.mgf,1,240,2399755
5-ASA_3-methoxypropanoic-acid,mzspec:GNPS:MULTIPLEX-SYNTHESIS-LIBRARY-ALL-PARTITION-6:accession:CCMSLIB00016278996,-0.0,mzspec:MSV000079628:ccms_peak/samples/20160321-JWFH8-3_P2-D-11_01_33784.mzXML:scan:529,1,0.85,2,0,MSV000079628,NoID,temp/queries/2a/2ac964d4dc4a4d5fa1602019c6761aa8/2ac964d4dc4a4d5fa1602019c6761aa8.mgf,1,240,2399810
5-ASA_3-methoxypropanoic-acid,mzspec:GNPS:MULTIPLEX-SYNTHESIS-LIBRARY-ALL-PARTITION-6:accession:CCMSLIB00016278996,-0.0,mzspec:MSV000079628:ccms_peak/samples/20160321-JWGZ6-2_P2-C-1_01_33839.mzXML:scan:530,1,0.85,2,0,MSV000079628,NoID,temp/queries/2a/2ac964d4dc4a4d5fa1602019c6761aa8/2ac964d4dc4a4d5fa1602019c6761aa8.mgf,1,240,2399761
5-ASA_3-methoxypropanoic-acid,mzspec:GNPS:MULTIPLEX-SYNTHESIS-LIBRARY-ALL-PARTITION-6:accession:CCMSLIB00016278996,-0.0,mzspec:MSV000079628:ccms_peak/samples/20160321-JWGZ10-1_P1-C-5_01_33856.mzXML:scan:528,1,0.84,2,0,MSV000079628,NoID,temp/queries/2a/2ac964d4dc4a4d5fa1602019c6761aa8/2ac964d4dc4a4d5fa1602019c6761aa8.mgf,1,240,2399777
5-ASA_3-methoxypropanoic-acid,mzspec:GNPS:MULTIPLEX-SYNTHESIS-LIBRARY-ALL-PARTITION-6:accession:CCMSLIB00016278996,-0.0,mzspec:MSV000079628:ccms_peak/samples/20160321-JWFH16-1_P1-B-7_01_33814.mzXML:scan:529,1,0.84,2,0,MSV000079628,NoID,temp/queries/2a/2ac964d4dc4a4d5fa1602019c6761aa8/2ac964d4dc4a4d5fa1602019c6761aa8.mgf,1,240,2399768
5-ASA_3-methoxypropanoic-acid,mzspec:GNPS:MULTIPLEX-SYNTHESIS-LIBRARY-ALL-PARTITION-6:accession:CCMSLIB00016278996,0.0,mzspec:MSV000079628:ccms_peak/samples/20160321-JWFH6-3_P2-D-9_01_33775.mzXML:scan:528,1,0.84,2,0,MSV000079628,NoID,temp/queries/2a/2ac964d4dc4a4d5fa1602019c6761aa8/2ac964d4dc4a4d5fa1602019c6761aa8.mgf,1,240,2399788
5-ASA_3-methoxypropanoic-acid,mzspec:GNPS:MULTIPLEX-SYNTHESIS-LIBRARY-ALL-PARTITION-6:accession:CCMSLIB00016278996,0.0,mzspec:MSV000079628:ccms_peak/samples/20160321-JWFH3-1_P1-F-6_01_33760.mzXML:scan:531,1,0.84,2,0,MSV000079628,NoID,temp/queries/2a/2ac964d4dc4a4d5fa1602019c6761aa8/2ac964d4dc4a4d5fa1602019c6761aa8.mgf,1,240,2399812
5-ASA_3-methoxypropanoic-acid,mzspec:GNPS:MULTIPLEX-SYNTHESIS-LIBRARY-ALL-PARTITION-6:accession:CCMSLIB00016278996,0.0,mzspec:MSV000079628:ccms_peak/samples/20160321-JWFH5-1_P1-F-8_01_33768.mzXML:scan:531,1,0.83,2,0,MSV000079628,NoID,temp/queries/2a/2ac964d4dc4a4d5fa1602019c6761aa8/2ac964d4dc4a4d5fa1602019c6761aa8.mgf,1,240,2399774
5-ASA_3-methoxypropanoic-acid,mzspec:GNPS:MULTIPLEX-SYNTHESIS-LIBRARY-ALL-PARTITION-6:accession:CCMSLIB00016278996,-0.0,mzspec:MSV000096272:ccms_peak/Kutz43850OSMAC-R2A_con.mzML:scan:4294967295,1,0.82,5,0,MSV000096272,NoID,temp/queries/2a/2ac964d4dc4a4d5fa1602019c6761aa8/2ac964d4dc4a4d5fa1602019c6761aa8.mgf,1,240,2572320
5-ASA_3-methoxypropanoic-acid,mzspec:GNPS:MULTIPLEX-SYNTHESIS-LIBRARY-ALL-PARTITION-6:accession:CCMSLIB00016278996,-0.0,mzspec:MSV000079628:ccms_peak/samples/20160321-JWGZ8-1_P1-C-3_01_33848.mzXML:scan:528,1,0.82,2,0,MSV000079628,NoID,temp/queries/2a/2ac964d4dc4a4d5fa1602019c6761aa8/2ac964d4dc4a4d5fa1602019c6761aa8.mgf,1,240,2399782
5-ASA_3-methoxypropanoic-acid,mzspec:GNPS:MULTIPLEX-SYNTHESIS-LIBRARY-ALL-PARTITION-6:accession:CCMSLIB00016278996,-0.0,mzspec:MSV000079628:ccms_peak/samples/20160321-JWGZ10-3_P2-F-5_01_33858.mzXML:scan:529,1,0.82,2,0,MSV000079628,NoID,temp/queries/2a/2ac964d4dc4a4d5fa1602019c6761aa8/2ac964d4dc4a4d5fa1602019c6761aa8.mgf,1,240,2399778
5-ASA_3-methoxypropanoic-acid,mzspec:GNPS:MULTIPLEX-SYNTHESIS-LIBRARY-ALL-PARTITION-6:accession:CCMSLIB00016278996,-0.0,mzspec:MSV000079628:ccms_peak/samples/20160321-JWPre2-1_P1-F-2_01_33744.mzXML:scan:529,1,0.81,2,0,MSV000079628,NoID,temp/queries/2a/2ac964d4dc4a4d5fa1602019c6761aa8/2ac964d4dc4a4d5fa1602019c6761aa8.mgf,1,240,2399757
5-ASA_3-methoxypropanoic-acid,mzspec:GNPS:MULTIPLEX-SYNTHESIS-LIBRARY-ALL-PARTITION-6:accession:CCMSLIB00016278996,-0.0,mzspec:MSV000079628:ccms_peak/samples/20160321-JWGZ3-3_P2-E-10_01_33827.mzXML:scan:529,1,0.81,2,0,MSV000079628,NoID,temp/queries/2a/2ac964d4dc4a4d5fa1602019c6761aa8/2ac964d4dc4a4d5fa1602019c6761aa8.mgf,1,240,2399802
5-ASA_3-methoxypropanoic-acid,mzspec:GNPS:MULTIPLEX-SYNTHESIS-LIBRARY-ALL-PARTITION-6:accession:CCMSLIB00016278996,-0.0,mzspec:MSV000079628:ccms_peak/samples/20160321-JWFH13-2_P2-B-4_01_33802.mzXML:scan:528,1,0.81,2,0,MSV000079628,NoID,temp/queries/2a/2ac964d4dc4a4d5fa1602019c6761aa8/2ac964d4dc4a4d5fa1602019c6761aa8.mgf,1,240,2399832
5-ASA_3-methoxypropanoic-acid,mzspec:GNPS:MULTIPLEX-SYNTHESIS-LIBRARY-ALL-PARTITION-6:accession:CCMSLIB00016278996,-0.0,mzspec:MSV000079628:ccms_peak/samples/20160321-JWFH9-2_P2-A-12_01_33786.mzXML:scan:525,1,0.81,4,0,MSV000079628,NoID,temp/queries/2a/2ac964d4dc4a4d5fa1602019c6761aa8/2ac964d4dc4a4d5fa1602019c6761aa8.mgf,1,240,2399805
5-ASA_3-methoxypropanoic-acid,mzspec:GNPS:MULTIPLEX-SYNTHESIS-LIBRARY-ALL-PARTITION-6:accession:CCMSLIB00016278996,-0.0,mzspec:MSV000085120:ccms_peak/Plate 5/BAX364_2x_GB1_01_23596.mzML:scan:147,1,0.8,4,0,MSV000085120,NoID,temp/queries/2a/2ac964d4dc4a4d5fa1602019c6761aa8/2ac964d4dc4a4d5fa1602019c6761aa8.mgf,1,240,68240
5-ASA_3-methoxypropanoic-acid,mzspec:GNPS:MULTIPLEX-SYNTHESIS-LIBRARY-ALL-PARTITION-6:accession:CCMSLIB00016278996,-0.0,mzspec:MSV000079628:ccms_peak/samples/20160321-JWGZ9-3_P2-F-4_01_33853.mzXML:scan:524,1,0.8,3,0,MSV000079628,NoID,temp/queries/2a/2ac964d4dc4a4d5fa1602019c6761aa8/2ac964d4dc4a4d5fa1602019c6761aa8.mgf,1,240,2399795
5-ASA_3-methoxypropanoic-acid,mzspec:GNPS:MULTIPLEX-SYNTHESIS-LIBRARY-ALL-PARTITION-6:accession:CCMSLIB00016278996,-0.0,mzspec:MSV000079628:ccms_peak/samples/20160321-JWGZ11-3_P2-F-6_01_33861.mzXML:scan:529,1,0.79,3,0,MSV000079628,NoID,temp/queries/2a/2ac964d4dc4a4d5fa1602019c6761aa8/2ac964d4dc4a4d5fa1602019c6761aa8.mgf,1,240,2399811
5-ASA_3-methoxypropanoic-acid,mzspec:GNPS:MULTIPLEX-SYNTHESIS-LIBRARY-ALL-PARTITION-6:accession:CCMSLIB00016278996,-0.0,mzspec:MSV000096272:ccms_peak/Kutz43850OSMAC-R2A_con.mzML:scan:4294967295,1,0.79,3,0,MSV000096272,NoID,temp/queries/2a/2ac964d4dc4a4d5fa1602019c6761aa8/2ac964d4dc4a4d5fa1602019c6761aa8.mgf,1,240,2572319
5-ASA_3-methoxypropanoic-acid,mzspec:GNPS:MULTIPLEX-SYNTHESIS-LIBRARY-ALL-PARTITION-6:accession:CCMSLIB00016278996,0.0,mzspec:MSV000089481:peak/mzml/S1_2-M25.mzML:scan:809,1,0.79,5,0,MSV000089481,NoID,temp/queries/2a/2ac964d4dc4a4d5fa1602019c6761aa8/2ac964d4dc4a4d5fa1602019c6761aa8.mgf,1,240,2371907
5-ASA_3-methoxypropanoic-acid,mzspec:GNPS:MULTIPLEX-SYNTHESIS-LIBRARY-ALL-PARTITION-6:accession:CCMSLIB00016278996,-0.0,mzspec:MSV000079628:ccms_peak/samples/20160321-JWFH10-2_P2-B-1_01_33791.mzXML:scan:526,1,0.79,3,0,MSV000079628,NoID,temp/queries/2a/2ac964d4dc4a4d5fa1602019c6761aa8/2ac964d4dc4a4d5fa1602019c6761aa8.mgf,1,240,2399822
5-ASA_3-methoxypropanoic-acid,mzspec:GNPS:MULTIPLEX-SYNTHESIS-LIBRARY-ALL-PARTITION-6:accession:CCMSLIB00016278996,-0.0,mzspec:MSV000079628:ccms_peak/samples/20160321-JWGZ7-1_P1-C-2_01_33841.mzXML:scan:526,1,0.78,3,0,MSV000079628,NoID,temp/queries/2a/2ac964d4dc4a4d5fa1602019c6761aa8/2ac964d4dc4a4d5fa1602019c6761aa8.mgf,1,240,2399793
5-ASA_3-methoxypropanoic-acid,mzspec:GNPS:MULTIPLEX-SYNTHESIS-LIBRARY-ALL-PARTITION-6:accession:CCMSLIB00016278996,0.0,mzspec:MSV000089481:peak/mzml/S2_2-M25.mzML:scan:806,1,0.78,4,0,MSV000089481,NoID,temp/queries/2a/2ac964d4dc4a4d5fa1602019c6761aa8/2ac964d4dc4a4d5fa1602019c6761aa8.mgf,1,240,2372996
5-ASA_3-methoxypropanoic-acid,mzspec:GNPS:MULTIPLEX-SYNTHESIS-LIBRARY-ALL-PARTITION-6:accession:CCMSLIB00016278996,0.0,mzspec:MSV000079628:ccms_peak/samples/20160321-JWGZ11-2_P2-C-6_01_33860.mzXML:scan:527,1,0.77,2,0,MSV000079628,NoID,temp/queries/2a/2ac964d4dc4a4d5fa1602019c6761aa8/2ac964d4dc4a4d5fa1602019c6761aa8.mgf,1,240,2399798
5-ASA_3-methoxypropanoic-acid,mzspec:GNPS:MULTIPLEX-SYNTHESIS-LIBRARY-ALL-PARTITION-6:accession:CCMSLIB00016278996,0.0,mzspec:MSV000079628:ccms_peak/samples/20160321-JWGZ2-2_P2-B-9_01_33823.mzXML:scan:527,1,0.77,3,0,MSV000079628,NoID,temp/queries/2a/2ac964d4dc4a4d5fa1602019c6761aa8/2ac964d4dc4a4d5fa1602019c6761aa8.mgf,1,240,2399792
5-ASA_3-methoxypropanoic-acid,mzspec:GNPS:MULTIPLEX-SYNTHESIS-LIBRARY-ALL-PARTITION-6:accession:CCMSLIB00016278996,0.0,mzspec:MSV000096584:updates/2025-01-07_JAGONGO_1994_0a435195/peak/mzMLfile/P4_A9_G75821.mzML:scan:514,1,0.77,5,0,MSV000096584,NoID,temp/queries/2a/2ac964d4dc4a4d5fa1602019c6761aa8/2ac964d4dc4a4d5fa1602019c6761aa8.mgf,1,240,609867
5-ASA_3-methoxypropanoic-acid,mzspec:GNPS:MULTIPLEX-SYNTHESIS-LIBRARY-ALL-PARTITION-6:accession:CCMSLIB00016278996,0.0,mzspec:MSV000096584:updates/2025-01-07_JAGONGO_1994_0a435195/peak/mzMLfile/P4_A12_G75834.mzML:scan:523,1,0.77,5,0,MSV000096584,NoID,temp/queries/2a/2ac964d4dc4a4d5fa1602019c6761aa8/2ac964d4dc4a4d5fa1602019c6761aa8.mgf,1,240,609598
5-ASA_3-methoxypropanoic-acid,mzspec:GNPS:MULTIPLEX-SYNTHESIS-LIBRARY-ALL-PARTITION-6:accession:CCMSLIB00016278996,-0.0,mzspec:MSV000079628:ccms_peak/samples/20160321-JWPre1-3_P2-D-1_01_33743.mzXML:scan:527,1,0.77,3,0,MSV000079628,NoID,temp/queries/2a/2ac964d4dc4a4d5fa1602019c6761aa8/2ac964d4dc4a4d5fa1602019c6761aa8.mgf,1,240,2399775
5-ASA_3-methoxypropanoic-acid,mzspec:GNPS:MULTIPLEX-SYNTHESIS-LIBRARY-ALL-PARTITION-6:accession:CCMSLIB00016278996,0.0,mzspec:MSV000079628:ccms_peak/samples/20160321-JWGZ11-1_P1-C-6_01_33859.mzXML:scan:526,1,0.76,2,0,MSV000079628,NoID,temp/queries/2a/2ac964d4dc4a4d5fa1602019c6761aa8/2ac964d4dc4a4d5fa1602019c6761aa8.mgf,1,240,2399750
5-ASA_3-methoxypropanoic-acid,mzspec:GNPS:MULTIPLEX-SYNTHESIS-LIBRARY-ALL-PARTITION-6:accession:CCMSLIB00016278996,0.0,mzspec:MSV000089481:peak/mzml/S1_5-M50.mzML:scan:784,1,0.76,4,0,MSV000089481,NoID,temp/queries/2a/2ac964d4dc4a4d5fa1602019c6761aa8/2ac964d4dc4a4d5fa1602019c6761aa8.mgf,1,240,2372834
5-ASA_3-methoxypropanoic-acid,mzspec:GNPS:MULTIPLEX-SYNTHESIS-LIBRARY-ALL-PARTITION-6:accession:CCMSLIB00016278996,0.0,mzspec:MSV000097542:peak/Plate1to4_3X/P4_A12_G75834_2.mzML:scan:528,1,0.76,5,0,MSV000097542,NoID,temp/queries/2a/2ac964d4dc4a4d5fa1602019c6761aa8/2ac964d4dc4a4d5fa1602019c6761aa8.mgf,1,240,76600
5-ASA_3-methoxypropanoic-acid,mzspec:GNPS:MULTIPLEX-SYNTHESIS-LIBRARY-ALL-PARTITION-6:accession:CCMSLIB00016278996,0.0,mzspec:MSV000083002:ccms_peak/9-26-18/Vicky1-e12-264-D2A.mzML:scan:137,1,0.75,5,0,MSV000083002,NoID,temp/queries/2a/2ac964d4dc4a4d5fa1602019c6761aa8/2ac964d4dc4a4d5fa1602019c6761aa8.mgf,1,240,1943455
5-ASA_3-methoxypropanoic-acid,mzspec:GNPS:MULTIPLEX-SYNTHESIS-LIBRARY-ALL-PARTITION-6:accession:CCMSLIB00016278996,-0.0,mzspec:MSV000079628:ccms_peak/samples/20160321-JWFH2-2_P2-A-5_01_33758.mzXML:scan:526,1,0.75,3,0,MSV000079628,NoID,temp/queries/2a/2ac964d4dc4a4d5fa1602019c6761aa8/2ac964d4dc4a4d5fa1602019c6761aa8.mgf,1,240,2399827
5-ASA_3-methoxypropanoic-acid,mzspec:GNPS:MULTIPLEX-SYNTHESIS-LIBRARY-ALL-PARTITION-6:accession:CCMSLIB00016278996,0.0,mzspec:MSV000083010:ccms_peak/Samples/G73452_1x_RE6_01_20323.mzML:scan:178,1,0.75,5,0,MSV000083010,NoID,temp/queries/2a/2ac964d4dc4a4d5fa1602019c6761aa8/2ac964d4dc4a4d5fa1602019c6761aa8.mgf,1,240,778367
5-ASA_3-methoxypropanoic-acid,mzspec:GNPS:MULTIPLEX-SYNTHESIS-LIBRARY-ALL-PARTITION-6:accession:CCMSLIB00016278996,-0.0,mzspec:MSV000079628:ccms_peak/samples/20160321-JWFH10-3_P2-E-1_01_33792.mzXML:scan:527,1,0.75,2,0,MSV000079628,NoID,temp/queries/2a/2ac964d4dc4a4d5fa1602019c6761aa8/2ac964d4dc4a4d5fa1602019c6761aa8.mgf,1,240,2399781
5-ASA_3-methoxypropanoic-acid,mzspec:GNPS:MULTIPLEX-SYNTHESIS-LIBRARY-ALL-PARTITION-6:accession:CCMSLIB00016278996,0.0,mzspec:MSV000096584:updates/2025-01-07_JAGONGO_1994_0a435195/peak/mzMLfile/P4_A11_G75835.mzML:scan:514,1,0.75,4,0,MSV000096584,NoID,temp/queries/2a/2ac964d4dc4a4d5fa1602019c6761aa8/2ac964d4dc4a4d5fa1602019c6761aa8.mgf,1,240,609584
5-ASA_3-methoxypropanoic-acid,mzspec:GNPS:MULTIPLEX-SYNTHESIS-LIBRARY-ALL-PARTITION-6:accession:CCMSLIB00016278996,0.0,mzspec:MSV000082074:ccms_peak/Samples/G73452_1x_RE6_01_20323.mzML:scan:178,1,0.75,5,0,MSV000082074,NoID,temp/queries/2a/2ac964d4dc4a4d5fa1602019c6761aa8/2ac964d4dc4a4d5fa1602019c6761aa8.mgf,1,240,2632899
5-ASA_3-methoxypropanoic-acid,mzspec:GNPS:MULTIPLEX-SYNTHESIS-LIBRARY-ALL-PARTITION-6:accession:CCMSLIB00016278996,0.0,mzspec:MSV000079628:ccms_peak/samples/20160321-JWGZ4-1_P1-B-11_01_33830.mzXML:scan:530,1,0.75,2,0,MSV000079628,NoID,temp/queries/2a/2ac964d4dc4a4d5fa1602019c6761aa8/2ac964d4dc4a4d5fa1602019c6761aa8.mgf,1,240,2399809
5-ASA_3-methoxypropanoic-acid,mzspec:GNPS:MULTIPLEX-SYNTHESIS-LIBRARY-ALL-PARTITION-6:accession:CCMSLIB00016278996,0.0,mzspec:MSV000089481:peak/mzml/S1_1-M25.mzML:scan:782,1,0.75,4,0,MSV000089481,NoID,temp/queries/2a/2ac964d4dc4a4d5fa1602019c6761aa8/2ac964d4dc4a4d5fa1602019c6761aa8.mgf,1,240,2372088
5-ASA_3-methoxypropanoic-acid,mzspec:GNPS:MULTIPLEX-SYNTHESIS-LIBRARY-ALL-PARTITION-6:accession:CCMSLIB00016278996,0.0,mzspec:MSV000096584:updates/2025-01-07_JAGONGO_1994_0a435195/peak/mzMLfile/P4_A7_G75823.mzML:scan:524,1,0.75,5,0,MSV000096584,NoID,temp/queries/2a/2ac964d4dc4a4d5fa1602019c6761aa8/2ac964d4dc4a4d5fa1602019c6761aa8.mgf,1,240,609803
5-ASA_3-methoxypropanoic-acid,mzspec:GNPS:MULTIPLEX-SYNTHESIS-LIBRARY-ALL-PARTITION-6:accession:CCMSLIB00016278996,0.0,mzspec:MSV000097542:peak/Plate1to4_3X/P4_A12_G75834_3.mzML:scan:532,1,0.75,5,0,MSV000097542,NoID,temp/queries/2a/2ac964d4dc4a4d5fa1602019c6761aa8/2ac964d4dc4a4d5fa1602019c6761aa8.mgf,1,240,76589
5-ASA_3-methoxypropanoic-acid,mzspec:GNPS:MULTIPLEX-SYNTHESIS-LIBRARY-ALL-PARTITION-6:accession:CCMSLIB00016278996,-0.0,mzspec:MSV000079628:ccms_peak/samples/20160321-JWGZ7-3_P2-F-2_01_33843.mzXML:scan:526,1,0.75,2,0,MSV000079628,NoID,temp/queries/2a/2ac964d4dc4a4d5fa1602019c6761aa8/2ac964d4dc4a4d5fa1602019c6761aa8.mgf,1,240,2399779
5-ASA_3-methoxypropanoic-acid,mzspec:GNPS:MULTIPLEX-SYNTHESIS-LIBRARY-ALL-PARTITION-6:accession:CCMSLIB00016278996,0.0,mzspec:MSV000084734:ccms_peak/files/Plant_simple_subset/files/G73452_1x_RE6_01_20323.mzML:scan:178,1,0.75,5,0,MSV000084734,NoID,temp/queries/2a/2ac964d4dc4a4d5fa1602019c6761aa8/2ac964d4dc4a4d5fa1602019c6761aa8.mgf,1,240,1938374
5-ASA_3-methoxypropanoic-acid,mzspec:GNPS:MULTIPLEX-SYNTHESIS-LIBRARY-ALL-PARTITION-6:accession:CCMSLIB00016278996,0.0,mzspec:MSV000081753:ccms_peak/data_mzxml/Samples/G73452_1x_RE6_01_20323.mzML:scan:178,1,0.75,5,0,MSV000081753,NoID,temp/queries/2a/2ac964d4dc4a4d5fa1602019c6761aa8/2ac964d4dc4a4d5fa1602019c6761aa8.mgf,1,240,779543
5-ASA_3-methoxypropanoic-acid,mzspec:GNPS:MULTIPLEX-SYNTHESIS-LIBRARY-ALL-PARTITION-6:accession:CCMSLIB00016278996,0.0,mzspec:MSV000084101:ccms_peak/Plant_simple_subset/G73452_1x_RE6_01_20323.mzML:scan:178,1,0.75,5,0,MSV000084101,NoID,temp/queries/2a/2ac964d4dc4a4d5fa1602019c6761aa8/2ac964d4dc4a4d5fa1602019c6761aa8.mgf,1,240,56927
5-ASA_3-methoxypropanoic-acid,mzspec:GNPS:MULTIPLEX-SYNTHESIS-LIBRARY-ALL-PARTITION-6:accession:CCMSLIB00016278996,0.0,mzspec:MSV000084900:ccms_peak/Global_Foodomics_composite_data_2020/MSV000083010_core/G73452_1x_RE6_01_20323.mzML:scan:178,1,0.75,5,0,MSV000084900,NoID,temp/queries/2a/2ac964d4dc4a4d5fa1602019c6761aa8/2ac964d4dc4a4d5fa1602019c6761aa8.mgf,1,240,917667
5-ASA_3-methoxypropanoic-acid,mzspec:GNPS:MULTIPLEX-SYNTHESIS-LIBRARY-ALL-PARTITION-6:accession:CCMSLIB00016278996,-0.0,mzspec:MSV000079628:ccms_peak/samples/20160321-JWGZ13-3_P2-F-8_01_33869.mzXML:scan:526,1,0.75,3,0,MSV000079628,NoID,temp/queries/2a/2ac964d4dc4a4d5fa1602019c6761aa8/2ac964d4dc4a4d5fa1602019c6761aa8.mgf,1,240,2399790
5-ASA_3-methoxypropanoic-acid,mzspec:GNPS:MULTIPLEX-SYNTHESIS-LIBRARY-ALL-PARTITION-6:accession:CCMSLIB00016278996,0.0,mzspec:MSV000079628:ccms_peak/samples/20160321-JWFH5-3_P2-D-8_01_33770.mzXML:scan:528,1,0.75,3,0,MSV000079628,NoID,temp/queries/2a/2ac964d4dc4a4d5fa1602019c6761aa8/2ac964d4dc4a4d5fa1602019c6761aa8.mgf,1,240,2399770
5-ASA_3-methoxypropanoic-acid,mzspec:GNPS:MULTIPLEX-SYNTHESIS-LIBRARY-ALL-PARTITION-6:accession:CCMSLIB00016278996,0.0,mzspec:MSV000081659:peak/data_mzxml/Samples/G75854_5x_2ul_BC7_01_19677.mzXML:scan:167,1,0.74,3,0,MSV000081659,NoID,temp/queries/2a/2ac964d4dc4a4d5fa1602019c6761aa8/2ac964d4dc4a4d5fa1602019c6761aa8.mgf,1,240,1908766
5-ASA_3-methoxypropanoic-acid,mzspec:GNPS:MULTIPLEX-SYNTHESIS-LIBRARY-ALL-PARTITION-6:accession:CCMSLIB00016278996,0.0,mzspec:MSV000084734:ccms_peak/files/Animal_plant_beverage_subset/plants_small/files/G75854_5x_2ul_BC7_01_19677.mzML:scan:167,1,0.74,3,0,MSV000084734,NoID,temp/queries/2a/2ac964d4dc4a4d5fa1602019c6761aa8/2ac964d4dc4a4d5fa1602019c6761aa8.mgf,1,240,1938158
5-ASA_3-methoxypropanoic-acid,mzspec:GNPS:MULTIPLEX-SYNTHESIS-LIBRARY-ALL-PARTITION-6:accession:CCMSLIB00016278996,0.0,mzspec:MSV000084900:ccms_peak/Global_Foodomics_composite_data_2020/MSV000083010_core/G75854_5x_2ul_BC7_01_19677.mzML:scan:167,1,0.74,3,0,MSV000084900,NoID,temp/queries/2a/2ac964d4dc4a4d5fa1602019c6761aa8/2ac964d4dc4a4d5fa1602019c6761aa8.mgf,1,240,918293
5-ASA_3-methoxypropanoic-acid,mzspec:GNPS:MULTIPLEX-SYNTHESIS-LIBRARY-ALL-PARTITION-6:accession:CCMSLIB00016278996,0.0,mzspec:MSV000096584:updates/2025-01-07_JAGONGO_1994_0a435195/peak/mzMLfile/P4_A10_G75836.mzML:scan:506,1,0.74,4,0,MSV000096584,NoID,temp/queries/2a/2ac964d4dc4a4d5fa1602019c6761aa8/2ac964d4dc4a4d5fa1602019c6761aa8.mgf,1,240,609818
5-ASA_3-methoxypropanoic-acid,mzspec:GNPS:MULTIPLEX-SYNTHESIS-LIBRARY-ALL-PARTITION-6:accession:CCMSLIB00016278996,0.0,mzspec:MSV000083010:ccms_peak/Samples/G75854_5x_2ul_BC7_01_19677.mzML:scan:167,1,0.74,3,0,MSV000083010,NoID,temp/queries/2a/2ac964d4dc4a4d5fa1602019c6761aa8/2ac964d4dc4a4d5fa1602019c6761aa8.mgf,1,240,778841
5-ASA_3-methoxypropanoic-acid,mzspec:GNPS:MULTIPLEX-SYNTHESIS-LIBRARY-ALL-PARTITION-6:accession:CCMSLIB00016278996,0.0,mzspec:MSV000089481:peak/mzml/S7_1-M25.mzML:scan:809,1,0.74,4,0,MSV000089481,NoID,temp/queries/2a/2ac964d4dc4a4d5fa1602019c6761aa8/2ac964d4dc4a4d5fa1602019c6761aa8.mgf,1,240,2373128
5-ASA_3-methoxypropanoic-acid,mzspec:GNPS:MULTIPLEX-SYNTHESIS-LIBRARY-ALL-PARTITION-6:accession:CCMSLIB00016278996,0.0,mzspec:MSV000085226:ccms_peak/qemistree_midi_data/G75854_5x_2ul_BC7_01_19677.mzML:scan:167,1,0.74,3,0,MSV000085226,NoID,temp/queries/2a/2ac964d4dc4a4d5fa1602019c6761aa8/2ac964d4dc4a4d5fa1602019c6761aa8.mgf,1,240,2275928
5-ASA_3-methoxypropanoic-acid,mzspec:GNPS:MULTIPLEX-SYNTHESIS-LIBRARY-ALL-PARTITION-6:accession:CCMSLIB00016278996,0.0,mzspec:MSV000082074:ccms_peak/Samples/G75854_5x_2ul_BC7_01_19677.mzML:scan:167,1,0.74,3,0,MSV000082074,NoID,temp/queries/2a/2ac964d4dc4a4d5fa1602019c6761aa8/2ac964d4dc4a4d5fa1602019c6761aa8.mgf,1,240,2633556
5-ASA_3-methoxypropanoic-acid,mzspec:GNPS:MULTIPLEX-SYNTHESIS-LIBRARY-ALL-PARTITION-6:accession:CCMSLIB00016278996,0.0,mzspec:MSV000083010:ccms_peak/Samples/G78909_1x_RD5_01_18830.mzML:scan:182,1,0.74,4,0,MSV000083010,NoID,temp/queries/2a/2ac964d4dc4a4d5fa1602019c6761aa8/2ac964d4dc4a4d5fa1602019c6761aa8.mgf,1,240,778262
5-ASA_3-methoxypropanoic-acid,mzspec:GNPS:MULTIPLEX-SYNTHESIS-LIBRARY-ALL-PARTITION-6:accession:CCMSLIB00016278996,0.0,mzspec:MSV000083002:ccms_peak/9-26-18/Vicky1-c5-200-A5A.mzML:scan:135,1,0.74,5,0,MSV000083002,NoID,temp/queries/2a/2ac964d4dc4a4d5fa1602019c6761aa8/2ac964d4dc4a4d5fa1602019c6761aa8.mgf,1,240,1943911
5-ASA_3-methoxypropanoic-acid,mzspec:GNPS:MULTIPLEX-SYNTHESIS-LIBRARY-ALL-PARTITION-6:accession:CCMSLIB00016278996,0.0,mzspec:MSV000083002:ccms_peak/10-1-18/Vicky1-c3-197-E10B.mzML:scan:141,1,0.74,5,0,MSV000083002,NoID,temp/queries/2a/2ac964d4dc4a4d5fa1602019c6761aa8/2ac964d4dc4a4d5fa1602019c6761aa8.mgf,1,240,1943939
5-ASA_3-methoxypropanoic-acid,mzspec:GNPS:MULTIPLEX-SYNTHESIS-LIBRARY-ALL-PARTITION-6:accession:CCMSLIB00016278996,0.0,mzspec:MSV000084734:ccms_peak/files/Animal_plant_beverage_subset/plants_small/files/G78909_1x_RD5_01_18830.mzML:scan:182,1,0.74,4,0,MSV000084734,NoID,temp/queries/2a/2ac964d4dc4a4d5fa1602019c6761aa8/2ac964d4dc4a4d5fa1602019c6761aa8.mgf,1,240,1938493
5-ASA_3-methoxypropanoic-acid,mzspec:GNPS:MULTIPLEX-SYNTHESIS-LIBRARY-ALL-PARTITION-6:accession:CCMSLIB00016278996,0.0,mzspec:MSV000097542:peak/Plate1to4_3X/P4_A10_G75836_2.mzML:scan:550,1,0.74,4,0,MSV000097542,NoID,temp/queries/2a/2ac964d4dc4a4d5fa1602019c6761aa8/2ac964d4dc4a4d5fa1602019c6761aa8.mgf,1,240,76545
5-ASA_3-methoxypropanoic-acid,mzspec:GNPS:MULTIPLEX-SYNTHESIS-LIBRARY-ALL-PARTITION-6:accession:CCMSLIB00016278996,0.0,mzspec:MSV000081750:ccms_peak/data_mzxml/Samples/G78909_1x_RD5_01_18830.mzML:scan:182,1,0.74,4,0,MSV000081750,NoID,temp/queries/2a/2ac964d4dc4a4d5fa1602019c6761aa8/2ac964d4dc4a4d5fa1602019c6761aa8.mgf,1,240,2295611
5-ASA_3-methoxypropanoic-acid,mzspec:GNPS:MULTIPLEX-SYNTHESIS-LIBRARY-ALL-PARTITION-6:accession:CCMSLIB00016278996,0.0,mzspec:MSV000084900:ccms_peak/Global_Foodomics_composite_data_2020/MSV000083010_core/G78909_1x_RD5_01_18830.mzML:scan:182,1,0.74,4,0,MSV000084900,NoID,temp/queries/2a/2ac964d4dc4a4d5fa1602019c6761aa8/2ac964d4dc4a4d5fa1602019c6761aa8.mgf,1,240,918015
5-ASA_3-methoxypropanoic-acid,mzspec:GNPS:MULTIPLEX-SYNTHESIS-LIBRARY-ALL-PARTITION-6:accession:CCMSLIB00016278996,0.0,mzspec:MSV000082074:ccms_peak/Samples/G78909_1x_RD5_01_18830.mzML:scan:182,1,0.74,4,0,MSV000082074,NoID,temp/queries/2a/2ac964d4dc4a4d5fa1602019c6761aa8/2ac964d4dc4a4d5fa1602019c6761aa8.mgf,1,240,2633175
5-ASA_3-methoxypropanoic-acid,mzspec:GNPS:MULTIPLEX-SYNTHESIS-LIBRARY-ALL-PARTITION-6:accession:CCMSLIB00016278996,0.0,mzspec:MSV000079628:ccms_peak/samples/20160321-JWFH4-3_P2-D-7_01_33767.mzXML:scan:529,1,0.74,3,0,MSV000079628,NoID,temp/queries/2a/2ac964d4dc4a4d5fa1602019c6761aa8/2ac964d4dc4a4d5fa1602019c6761aa8.mgf,1,240,2399764
5-ASA_3-methoxypropanoic-acid,mzspec:GNPS:MULTIPLEX-SYNTHESIS-LIBRARY-ALL-PARTITION-6:accession:CCMSLIB00016278996,0.0,mzspec:MSV000079628:ccms_peak/samples/20160321-JWFH8-1_P1-A-11_01_33782.mzXML:scan:528,1,0.74,2,0,MSV000079628,NoID,temp/queries/2a/2ac964d4dc4a4d5fa1602019c6761aa8/2ac964d4dc4a4d5fa1602019c6761aa8.mgf,1,240,2399835
5-ASA_3-methoxypropanoic-acid,mzspec:GNPS:MULTIPLEX-SYNTHESIS-LIBRARY-ALL-PARTITION-6:accession:CCMSLIB00016278996,0.0,mzspec:MSV000089481:peak/mzml/S1_2-M50.mzML:scan:794,1,0.73,3,0,MSV000089481,NoID,temp/queries/2a/2ac964d4dc4a4d5fa1602019c6761aa8/2ac964d4dc4a4d5fa1602019c6761aa8.mgf,1,240,2373227
5-ASA_3-methoxypropanoic-acid,mzspec:GNPS:MULTIPLEX-SYNTHESIS-LIBRARY-ALL-PARTITION-6:accession:CCMSLIB00016278996,0.0,mzspec:MSV000083002:ccms_peak/9-26-18/Vicky1-c4-264-C2A.mzML:scan:149,1,0.73,5,0,MSV000083002,NoID,temp/queries/2a/2ac964d4dc4a4d5fa1602019c6761aa8/2ac964d4dc4a4d5fa1602019c6761aa8.mgf,1,240,1942879
5-ASA_3-methoxypropanoic-acid,mzspec:GNPS:MULTIPLEX-SYNTHESIS-LIBRARY-ALL-PARTITION-6:accession:CCMSLIB00016278996,0.0,mzspec:MSV000079628:ccms_peak/samples/20160321-JWGZ6-1_P1-C-1_01_33838.mzXML:scan:531,1,0.73,2,0,MSV000079628,NoID,temp/queries/2a/2ac964d4dc4a4d5fa1602019c6761aa8/2ac964d4dc4a4d5fa1602019c6761aa8.mgf,1,240,2399784
5-ASA_3-methoxypropanoic-acid,mzspec:GNPS:MULTIPLEX-SYNTHESIS-LIBRARY-ALL-PARTITION-6:accession:CCMSLIB00016278996,-0.0,mzspec:MSV000079628:ccms_peak/samples/20160321-JWFH11-3_P2-E-2_01_33795.mzXML:scan:527,1,0.73,2,0,MSV000079628,NoID,temp/queries/2a/2ac964d4dc4a4d5fa1602019c6761aa8/2ac964d4dc4a4d5fa1602019c6761aa8.mgf,1,240,2399813
5-ASA_3-methoxypropanoic-acid,mzspec:GNPS:MULTIPLEX-SYNTHESIS-LIBRARY-ALL-PARTITION-6:accession:CCMSLIB00016278996,0.0,mzspec:MSV000089481:peak/mzml/S1_3-M25.mzML:scan:807,1,0.73,4,0,MSV000089481,NoID,temp/queries/2a/2ac964d4dc4a4d5fa1602019c6761aa8/2ac964d4dc4a4d5fa1602019c6761aa8.mgf,1,240,2372217
5-ASA_3-methoxypropanoic-acid,mzspec:GNPS:MULTIPLEX-SYNTHESIS-LIBRARY-ALL-PARTITION-6:accession:CCMSLIB00016278996,-0.0,mzspec:MSV000079628:ccms_peak/samples/20160321-JWPre1-2_P2-A-1_01_33742.mzXML:scan:529,1,0.73,2,0,MSV000079628,NoID,temp/queries/2a/2ac964d4dc4a4d5fa1602019c6761aa8/2ac964d4dc4a4d5fa1602019c6761aa8.mgf,1,240,2399816
5-ASA_3-methoxypropanoic-acid,mzspec:GNPS:MULTIPLEX-SYNTHESIS-LIBRARY-ALL-PARTITION-6:accession:CCMSLIB00016278996,0.0,mzspec:MSV000097542:peak/Plate1to4_3X/P4_A10_G75836_3.mzML:scan:539,1,0.73,4,0,MSV000097542,NoID,temp/queries/2a/2ac964d4dc4a4d5fa1602019c6761aa8/2ac964d4dc4a4d5fa1602019c6761aa8.mgf,1,240,76498
5-ASA_3-methoxypropanoic-acid,mzspec:GNPS:MULTIPLEX-SYNTHESIS-LIBRARY-ALL-PARTITION-6:accession:CCMSLIB00016278996,0.01,mzspec:MSV000085119:ccms_peak/Malpighiaceae_POS/Malpighiaceae_Plate2_POS/P2_A3_BA3_01_53648.mzML:scan:218,1,0.72,4,0,MSV000085119,NoID,temp/queries/2a/2ac964d4dc4a4d5fa1602019c6761aa8/2ac964d4dc4a4d5fa1602019c6761aa8.mgf,1,240,766786
5-ASA_3-methoxypropanoic-acid,mzspec:GNPS:MULTIPLEX-SYNTHESIS-LIBRARY-ALL-PARTITION-6:accession:CCMSLIB00016278996,-0.0,mzspec:MSV000079628:ccms_peak/samples/20160321-JWFH9-3_P2-D-12_01_33787.mzXML:scan:525,1,0.72,3,0,MSV000079628,NoID,temp/queries/2a/2ac964d4dc4a4d5fa1602019c6761aa8/2ac964d4dc4a4d5fa1602019c6761aa8.mgf,1,240,2399787
5-ASA_3-methoxypropanoic-acid,mzspec:GNPS:MULTIPLEX-SYNTHESIS-LIBRARY-ALL-PARTITION-6:accession:CCMSLIB00016278996,0.0,mzspec:MSV000097542:peak/Plate1to4_3X/P4_A10_G75836_1.mzML:scan:538,1,0.72,4,0,MSV000097542,NoID,temp/queries/2a/2ac964d4dc4a4d5fa1602019c6761aa8/2ac964d4dc4a4d5fa1602019c6761aa8.mgf,1,240,76558
5-ASA_3-methoxypropanoic-acid,mzspec:GNPS:MULTIPLEX-SYNTHESIS-LIBRARY-ALL-PARTITION-6:accession:CCMSLIB00016278996,-0.0,mzspec:MSV000079628:ccms_peak/samples/20160321-JWGZ1-3_P2-E-8_01_33819.mzXML:scan:527,1,0.72,3,0,MSV000079628,NoID,temp/queries/2a/2ac964d4dc4a4d5fa1602019c6761aa8/2ac964d4dc4a4d5fa1602019c6761aa8.mgf,1,240,2399771
5-ASA_3-methoxypropanoic-acid,mzspec:GNPS:MULTIPLEX-SYNTHESIS-LIBRARY-ALL-PARTITION-6:accession:CCMSLIB00016278996,-0.0,mzspec:MSV000082074:ccms_peak/Samples/G86788_1x_RG11_01_23383.mzML:scan:181,1,0.72,2,0,MSV000082074,NoID,temp/queries/2a/2ac964d4dc4a4d5fa1602019c6761aa8/2ac964d4dc4a4d5fa1602019c6761aa8.mgf,1,240,2633450
5-ASA_3-methoxypropanoic-acid,mzspec:GNPS:MULTIPLEX-SYNTHESIS-LIBRARY-ALL-PARTITION-6:accession:CCMSLIB00016278996,-0.0,mzspec:MSV000084734:ccms_peak/files/Animal_plant_beverage_subset/plants_small/files/G86788_1x_RG11_01_23383.mzML:scan:181,1,0.72,2,0,MSV000084734,NoID,temp/queries/2a/2ac964d4dc4a4d5fa1602019c6761aa8/2ac964d4dc4a4d5fa1602019c6761aa8.mgf,1,240,1938314
5-ASA_3-methoxypropanoic-acid,mzspec:GNPS:MULTIPLEX-SYNTHESIS-LIBRARY-ALL-PARTITION-6:accession:CCMSLIB00016278996,-0.0,mzspec:MSV000084900:ccms_peak/Global_Foodomics_composite_data_2020/MSV000083010_core/G86788_1x_RG11_01_23383.mzML:scan:181,1,0.72,2,0,MSV000084900,NoID,temp/queries/2a/2ac964d4dc4a4d5fa1602019c6761aa8/2ac964d4dc4a4d5fa1602019c6761aa8.mgf,1,240,918099
5-ASA_3-methoxypropanoic-acid,mzspec:GNPS:MULTIPLEX-SYNTHESIS-LIBRARY-ALL-PARTITION-6:accession:CCMSLIB00016278996,-0.0,mzspec:MSV000083010:ccms_peak/Samples/G86788_1x_RG11_01_23383.mzML:scan:181,1,0.72,2,0,MSV000083010,NoID,temp/queries/2a/2ac964d4dc4a4d5fa1602019c6761aa8/2ac964d4dc4a4d5fa1602019c6761aa8.mgf,1,240,778310
5-ASA_3-methoxypropanoic-acid,mzspec:GNPS:MULTIPLEX-SYNTHESIS-LIBRARY-ALL-PARTITION-6:accession:CCMSLIB00016278996,-0.0,mzspec:MSV000083010:ccms_peak/Samples/G78884_chia_seed_BG1_01_20553.mzML:scan:156,1,0.72,2,0,MSV000083010,NoID,temp/queries/2a/2ac964d4dc4a4d5fa1602019c6761aa8/2ac964d4dc4a4d5fa1602019c6761aa8.mgf,1,240,778260
5-ASA_3-methoxypropanoic-acid,mzspec:GNPS:MULTIPLEX-SYNTHESIS-LIBRARY-ALL-PARTITION-6:accession:CCMSLIB00016278996,-0.0,mzspec:MSV000082074:ccms_peak/Samples/G78884_chia_seed_BG1_01_20553.mzML:scan:156,1,0.72,2,0,MSV000082074,NoID,temp/queries/2a/2ac964d4dc4a4d5fa1602019c6761aa8/2ac964d4dc4a4d5fa1602019c6761aa8.mgf,1,240,2632588
5-ASA_3-methoxypropanoic-acid,mzspec:GNPS:MULTIPLEX-SYNTHESIS-LIBRARY-ALL-PARTITION-6:accession:CCMSLIB00016278996,-0.0,mzspec:MSV000081753:ccms_peak/data_mzxml/Samples/G78884_chia_seed_BG1_01_20553.mzML:scan:156,1,0.72,2,0,MSV000081753,NoID,temp/queries/2a/2ac964d4dc4a4d5fa1602019c6761aa8/2ac964d4dc4a4d5fa1602019c6761aa8.mgf,1,240,779576
5-ASA_3-methoxypropanoic-acid,mzspec:GNPS:MULTIPLEX-SYNTHESIS-LIBRARY-ALL-PARTITION-6:accession:CCMSLIB00016278996,-0.0,mzspec:MSV000084900:ccms_peak/Global_Foodomics_composite_data_2020/MSV000083010_core/G78884_chia_seed_BG1_01_20553.mzML:scan:156,1,0.72,2,0,MSV000084900,NoID,temp/queries/2a/2ac964d4dc4a4d5fa1602019c6761aa8/2ac964d4dc4a4d5fa1602019c6761aa8.mgf,1,240,917074
5-ASA_3-methoxypropanoic-acid,mzspec:GNPS:MULTIPLEX-SYNTHESIS-LIBRARY-ALL-PARTITION-6:accession:CCMSLIB00016278996,-0.0,mzspec:MSV000084734:ccms_peak/files/Animal_plant_beverage_subset/plants_small/files/G78884_chia_seed_BG1_01_20553.mzML:scan:156,1,0.72,2,0,MSV000084734,NoID,temp/queries/2a/2ac964d4dc4a4d5fa1602019c6761aa8/2ac964d4dc4a4d5fa1602019c6761aa8.mgf,1,240,1938307
5-ASA_3-methoxypropanoic-acid,mzspec:GNPS:MULTIPLEX-SYNTHESIS-LIBRARY-ALL-PARTITION-6:accession:CCMSLIB00016278996,0.0,mzspec:MSV000079628:ccms_peak/samples/20160321-JWFH6-1_P1-F-9_01_33773.mzXML:scan:485,1,0.72,2,0,MSV000079628,NoID,temp/queries/2a/2ac964d4dc4a4d5fa1602019c6761aa8/2ac964d4dc4a4d5fa1602019c6761aa8.mgf,1,240,2399759
5-ASA_3-methoxypropanoic-acid,mzspec:GNPS:MULTIPLEX-SYNTHESIS-LIBRARY-ALL-PARTITION-6:accession:CCMSLIB00016278996,0.0,mzspec:MSV000097542:peak/Plate1to4_3X/P4_A9_G75821_3.mzML:scan:531,1,0.72,4,0,MSV000097542,NoID,temp/queries/2a/2ac964d4dc4a4d5fa1602019c6761aa8/2ac964d4dc4a4d5fa1602019c6761aa8.mgf,1,240,76613
5-ASA_3-methoxypropanoic-acid,mzspec:GNPS:MULTIPLEX-SYNTHESIS-LIBRARY-ALL-PARTITION-6:accession:CCMSLIB00016278996,0.0,mzspec:MSV000086013:ccms_peak/mzxml/data/J5_rerun_BE8_01_55617.mzML:scan:219,1,0.72,3,0,MSV000086013,NoID,temp/queries/2a/2ac964d4dc4a4d5fa1602019c6761aa8/2ac964d4dc4a4d5fa1602019c6761aa8.mgf,1,240,95264
5-ASA_3-methoxypropanoic-acid,mzspec:GNPS:MULTIPLEX-SYNTHESIS-LIBRARY-ALL-PARTITION-6:accession:CCMSLIB00016278996,0.0,mzspec:MSV000097542:peak/Plate1to4_3X/P4_A8_G75822_3.mzML:scan:556,1,0.72,4,0,MSV000097542,NoID,temp/queries/2a/2ac964d4dc4a4d5fa1602019c6761aa8/2ac964d4dc4a4d5fa1602019c6761aa8.mgf,1,240,76515
5-ASA_3-methoxypropanoic-acid,mzspec:GNPS:MULTIPLEX-SYNTHESIS-LIBRARY-ALL-PARTITION-6:accession:CCMSLIB00016278996,0.0,mzspec:MSV000096584:updates/2025-01-07_JAGONGO_1994_0a435195/peak/mzMLfile/P4_A8_G75822.mzML:scan:508,1,0.72,4,0,MSV000096584,NoID,temp/queries/2a/2ac964d4dc4a4d5fa1602019c6761aa8/2ac964d4dc4a4d5fa1602019c6761aa8.mgf,1,240,609661
5-ASA_3-methoxypropanoic-acid,mzspec:GNPS:MULTIPLEX-SYNTHESIS-LIBRARY-ALL-PARTITION-6:accession:CCMSLIB00016278996,-0.0,mzspec:MSV000090953:raw/mzML/220908_ED_Giovanni_sample_271cent.mzML:scan:156,1,0.71,5,0,MSV000090953,NoID,temp/queries/2a/2ac964d4dc4a4d5fa1602019c6761aa8/2ac964d4dc4a4d5fa1602019c6761aa8.mgf,1,240,827941
5-ASA_3-methoxypropanoic-acid,mzspec:GNPS:MULTIPLEX-SYNTHESIS-LIBRARY-ALL-PARTITION-6:accession:CCMSLIB00016278996,0.0,mzspec:MSV000089481:peak/mzml/S2_1-M25.mzML:scan:818,1,0.71,4,0,MSV000089481,NoID,temp/queries/2a/2ac964d4dc4a4d5fa1602019c6761aa8/2ac964d4dc4a4d5fa1602019c6761aa8.mgf,1,240,2373217
5-ASA_3-methoxypropanoic-acid,mzspec:GNPS:MULTIPLEX-SYNTHESIS-LIBRARY-ALL-PARTITION-6:accession:CCMSLIB00016278996,0.0,mzspec:MSV000089481:peak/mzml/S1_4-M25.mzML:scan:797,1,0.71,3,0,MSV000089481,NoID,temp/queries/2a/2ac964d4dc4a4d5fa1602019c6761aa8/2ac964d4dc4a4d5fa1602019c6761aa8.mgf,1,240,2371771
5-ASA_3-methoxypropanoic-acid,mzspec:GNPS:MULTIPLEX-SYNTHESIS-LIBRARY-ALL-PARTITION-6:accession:CCMSLIB00016278996,0.0,mzspec:MSV000079628:ccms_peak/samples/20160321-JWPre3-3_P2-D-3_01_33751.mzXML:scan:527,1,0.71,2,0,MSV000079628,NoID,temp/queries/2a/2ac964d4dc4a4d5fa1602019c6761aa8/2ac964d4dc4a4d5fa1602019c6761aa8.mgf,1,240,2399799
5-ASA_3-methoxypropanoic-acid,mzspec:GNPS:MULTIPLEX-SYNTHESIS-LIBRARY-ALL-PARTITION-6:accession:CCMSLIB00016278996,-0.0,mzspec:MSV000079628:ccms_peak/samples/20160321-JWFH16-2_P2-B-7_01_33815.mzXML:scan:528,1,0.71,2,0,MSV000079628,NoID,temp/queries/2a/2ac964d4dc4a4d5fa1602019c6761aa8/2ac964d4dc4a4d5fa1602019c6761aa8.mgf,1,240,2399803
5-ASA_3-methoxypropanoic-acid,mzspec:GNPS:MULTIPLEX-SYNTHESIS-LIBRARY-ALL-PARTITION-6:accession:CCMSLIB00016278996,0.0,mzspec:MSV000087942:ccms_peak/Plate_01_RAW/Tube_069_RERUNS.mzML:scan:775,1,0.71,4,0,MSV000087942,NoID,temp/queries/2a/2ac964d4dc4a4d5fa1602019c6761aa8/2ac964d4dc4a4d5fa1602019c6761aa8.mgf,1,240,2279792
5-ASA_3-methoxypropanoic-acid,mzspec:GNPS:MULTIPLEX-SYNTHESIS-LIBRARY-ALL-PARTITION-6:accession:CCMSLIB00016278996,0.0,mzspec:MSV000084556:ccms_peak/Raw_data/FD003_T3.mzML:scan:756,1,0.71,4,0,MSV000084556,NoID,temp/queries/2a/2ac964d4dc4a4d5fa1602019c6761aa8/2ac964d4dc4a4d5fa1602019c6761aa8.mgf,1,240,2340599
5-ASA_3-methoxypropanoic-acid,mzspec:GNPS:MULTIPLEX-SYNTHESIS-LIBRARY-ALL-PARTITION-6:accession:CCMSLIB00016278996,-0.0,mzspec:MSV000079628:ccms_peak/samples/20160321-JWGZ10-2_P2-C-5_01_33857.mzXML:scan:525,1,0.7,3,0,MSV000079628,NoID,temp/queries/2a/2ac964d4dc4a4d5fa1602019c6761aa8/2ac964d4dc4a4d5fa1602019c6761aa8.mgf,1,240,2399772
5-ASA_3-methoxypropanoic-acid,mzspec:GNPS:MULTIPLEX-SYNTHESIS-LIBRARY-ALL-PARTITION-6:accession:CCMSLIB00016278996,0.0,mzspec:MSV000097542:peak/Plate1to4_3X/P4_A8_G75822_2.mzML:scan:555,1,0.7,4,0,MSV000097542,NoID,temp/queries/2a/2ac964d4dc4a4d5fa1602019c6761aa8/2ac964d4dc4a4d5fa1602019c6761aa8.mgf,1,240,76570
5-ASA_3-methoxypropanoic-acid,mzspec:GNPS:MULTIPLEX-SYNTHESIS-LIBRARY-ALL-PARTITION-6:accession:CCMSLIB00016278996,0.0,mzspec:MSV000082391:ccms_peak/plate2_tomato_data_mzxml/Samples/G95857_1x_BD3_01_32272.mzML:scan:162,1,0.7,2,0,MSV000082391,NoID,temp/queries/2a/2ac964d4dc4a4d5fa1602019c6761aa8/2ac964d4dc4a4d5fa1602019c6761aa8.mgf,1,240,2795389
5-ASA_3-methoxypropanoic-acid,mzspec:GNPS:MULTIPLEX-SYNTHESIS-LIBRARY-ALL-PARTITION-6:accession:CCMSLIB00016278996,0.0,mzspec:MSV000083014:peak/Samples/G95857_1x_BD3_01_32272.mzXML:scan:162,1,0.7,2,0,MSV000083014,NoID,temp/queries/2a/2ac964d4dc4a4d5fa1602019c6761aa8/2ac964d4dc4a4d5fa1602019c6761aa8.mgf,1,240,2092073
5-ASA_3-methoxypropanoic-acid,mzspec:GNPS:MULTIPLEX-SYNTHESIS-LIBRARY-ALL-PARTITION-6:accession:CCMSLIB00016278996,0.0,mzspec:MSV000084900:ccms_peak/Global_Foodomics_composite_data_2020/MSV000083014_course/G95857_1x_BD3_01_32272.mzML:scan:162,1,0.7,2,0,MSV000084900,NoID,temp/queries/2a/2ac964d4dc4a4d5fa1602019c6761aa8/2ac964d4dc4a4d5fa1602019c6761aa8.mgf,1,240,917163
5-ASA_3-methoxypropanoic-acid,mzspec:GNPS:MULTIPLEX-SYNTHESIS-LIBRARY-ALL-PARTITION-6:accession:CCMSLIB00016278996,0.0,mzspec:MSV000079628:ccms_peak/samples/20160321-JWGZ5-1_P1-B-12_01_33833.mzXML:scan:529,1,0.7,2,0,MSV000079628,NoID,temp/queries/2a/2ac964d4dc4a4d5fa1602019c6761aa8/2ac964d4dc4a4d5fa1602019c6761aa8.mgf,1,240,2399789
5-ASA_3-methoxypropanoic-acid,mzspec:GNPS:MULTIPLEX-SYNTHESIS-LIBRARY-ALL-PARTITION-6:accession:CCMSLIB00016278996,0.0,mzspec:MSV000083010:ccms_peak/polluted_citrus/G79637_1x_RH11_01_18964.mzML:scan:179,1,0.7,3,0,MSV000083010,NoID,temp/queries/2a/2ac964d4dc4a4d5fa1602019c6761aa8/2ac964d4dc4a4d5fa1602019c6761aa8.mgf,1,240,779230
5-ASA_3-methoxypropanoic-acid,mzspec:GNPS:MULTIPLEX-SYNTHESIS-LIBRARY-ALL-PARTITION-6:accession:CCMSLIB00016278996,0.0,mzspec:MSV000084900:ccms_peak/Global_Foodomics_composite_data_2020/MSV000083010_citrus_polluted/G79637_1x_RH11_01_18964.mzML:scan:179,1,0.7,3,0,MSV000084900,NoID,temp/queries/2a/2ac964d4dc4a4d5fa1602019c6761aa8/2ac964d4dc4a4d5fa1602019c6761aa8.mgf,1,240,918179
5-ASA_3-methoxypropanoic-acid,mzspec:GNPS:MULTIPLEX-SYNTHESIS-LIBRARY-ALL-PARTITION-6:accession:CCMSLIB00016278996,0.0,mzspec:MSV000081750:ccms_peak/data_mzxml/Samples/G79637_1x_RH11_01_18964.mzML:scan:179,1,0.7,3,0,MSV000081750,NoID,temp/queries/2a/2ac964d4dc4a4d5fa1602019c6761aa8/2ac964d4dc4a4d5fa1602019c6761aa8.mgf,1,240,2295621
5-ASA_3-methoxypropanoic-acid,mzspec:GNPS:MULTIPLEX-SYNTHESIS-LIBRARY-ALL-PARTITION-6:accession:CCMSLIB00016278996,0.0,mzspec:MSV000082074:ccms_peak/Samples/G79637_1x_RH11_01_18964.mzML:scan:179,1,0.7,3,0,MSV000082074,NoID,temp/queries/2a/2ac964d4dc4a4d5fa1602019c6761aa8/2ac964d4dc4a4d5fa1602019c6761aa8.mgf,1,240,2632670
5-ASA_3-methoxypropanoic-acid,mzspec:GNPS:MULTIPLEX-SYNTHESIS-LIBRARY-ALL-PARTITION-6:accession:CCMSLIB00016278996,-0.0,mzspec:MSV000079628:ccms_peak/samples/20160321-JWFH1-2_P2-A-4_01_33753.mzXML:scan:529,1,0.7,2,0,MSV000079628,NoID,temp/queries/2a/2ac964d4dc4a4d5fa1602019c6761aa8/2ac964d4dc4a4d5fa1602019c6761aa8.mgf,1,240,2399806
5-ASA_3-methoxypropanoic-acid,mzspec:GNPS:MULTIPLEX-SYNTHESIS-LIBRARY-ALL-PARTITION-6:accession:CCMSLIB00016278996,0.01,mzspec:MSV000085119:ccms_peak/Malpighiaceae_POS/Malpighiaceae_Plate2_POS/P2_A3_BA3_01_53648.mzML:scan:238,1,0.7,4,0,MSV000085119,NoID,temp/queries/2a/2ac964d4dc4a4d5fa1602019c6761aa8/2ac964d4dc4a4d5fa1602019c6761aa8.mgf,1,240,766789
