compound_name,lib_usi,desc,timing
5-ASA_3-pyridazinecarboxylic-acid,mzspec:GNPS:MULTIPLEX-SYNTHESIS-LIBRARY-ALL-PARTITION-6:accession:CCMSLIB00016279304,prep,0.0007283687591552734
5-ASA_3-pyridazinecarboxylic-acid,mzspec:GNPS:MULTIPLEX-SYNTHESIS-LIBRARY-ALL-PARTITION-6:accession:CCMSLIB00016279304,Search,0.7218165397644043
5-ASA_3-pyridazinecarboxylic-acid,mzspec:GNPS:MULTIPLEX-SYNTHESIS-LIBRARY-ALL-PARTITION-6:accession:CCMSLIB00016279304,Parse Query,8.463859558105469e-05
5-ASA_3-pyridazinecarboxylic-acid,mzspec:GNPS:MULTIPLEX-SYNTHESIS-LIBRARY-ALL-PARTITION-6:accession:CCMSLIB00016279304,Parse Query 2,0.0012187957763671875
5-ASA_3-pyridazinecarboxylic-acid,mzspec:GNPS:MULTIPLEX-SYNTHESIS-LIBRARY-ALL-PARTITION-6:accession:CCMSLIB00016279304,Get DB Info,0.0001659393310546875
5-ASA_3-pyridazinecarboxylic-acid,mzspec:GNPS:MULTIPLEX-SYNTHESIS-LIBRARY-ALL-PARTITION-6:accession:CCMSLIB00016279304,Demangle,0.006103038787841797
5-ASA_3-pyridazinecarboxylic-acid,mzspec:GNPS:MULTIPLEX-SYNTHESIS-LIBRARY-ALL-PARTITION-6:accession:CCMSLIB00016279304,Group,0.004836320877075195
5-ASA_3-pyridazinecarboxylic-acid,mzspec:GNPS:MULTIPLEX-SYNTHESIS-LIBRARY-ALL-PARTITION-6:accession:CCMSLIB00016279304,Enrich datasets,0.010407686233520508
