compound_name,lib_usi,Delta Mass,USI,Charge,Cosine,Matching Peaks,Unit Delta Mass,Dataset,Status,Query Filename,Query Scan,Index UnitPM,Index IdxInUnitPM
5-ASA_4-ethynyl-benzoic-acid,mzspec:GNPS:MULTIPLEX-SYNTHESIS-LIBRARY-ALL-PARTITION-6:accession:CCMSLIB00016279292,-0.01,mzspec:MTBLS12231:FILES/DERIVED_FILES/NEG/O.A_LZP_2-C7_1_16314.mzML:scan:4294967295,1,0.85,2,0,MTBLS12231,NoID,temp/queries/ef/ef8e77d5067c4f458828efdee191be88/ef8e77d5067c4f458828efdee191be88.mgf,1,282,3154148
5-ASA_4-ethynyl-benzoic-acid,mzspec:GNPS:MULTIPLEX-SYNTHESIS-LIBRARY-ALL-PARTITION-6:accession:CCMSLIB00016279292,-0.02,mzspec:MTBLS12231:FILES/DERIVED_FILES/NEG/H_7_1-B3_1_16237.mzML:scan:4294967295,1,0.83,2,0,MTBLS12231,NoID,temp/queries/ef/ef8e77d5067c4f458828efdee191be88/ef8e77d5067c4f458828efdee191be88.mgf,1,282,3157444
5-ASA_4-ethynyl-benzoic-acid,mzspec:GNPS:MULTIPLEX-SYNTHESIS-LIBRARY-ALL-PARTITION-6:accession:CCMSLIB00016279292,-0.02,mzspec:MTBLS12231:FILES/DERIVED_FILES/NEG/O.M_ZWL_1-F1_1_16276.mzML:scan:4294967295,1,0.83,1,0,MTBLS12231,NoID,temp/queries/ef/ef8e77d5067c4f458828efdee191be88/ef8e77d5067c4f458828efdee191be88.mgf,1,282,3156599
5-ASA_4-ethynyl-benzoic-acid,mzspec:GNPS:MULTIPLEX-SYNTHESIS-LIBRARY-ALL-PARTITION-6:accession:CCMSLIB00016279292,-0.02,mzspec:MTBLS12231:FILES/DERIVED_FILES/NEG/H_49_1-B7_1_16246.mzML:scan:4294967295,1,0.82,1,0,MTBLS12231,NoID,temp/queries/ef/ef8e77d5067c4f458828efdee191be88/ef8e77d5067c4f458828efdee191be88.mgf,1,282,3152085
5-ASA_4-ethynyl-benzoic-acid,mzspec:GNPS:MULTIPLEX-SYNTHESIS-LIBRARY-ALL-PARTITION-6:accession:CCMSLIB00016279292,-0.02,mzspec:MTBLS12231:FILES/DERIVED_FILES/NEG/O.M_GJJ_2-A4_1_16289.mzML:scan:4294967295,1,0.82,1,0,MTBLS12231,NoID,temp/queries/ef/ef8e77d5067c4f458828efdee191be88/ef8e77d5067c4f458828efdee191be88.mgf,1,282,3157475
5-ASA_4-ethynyl-benzoic-acid,mzspec:GNPS:MULTIPLEX-SYNTHESIS-LIBRARY-ALL-PARTITION-6:accession:CCMSLIB00016279292,-0.01,mzspec:MTBLS12231:FILES/DERIVED_FILES/NEG/H_38-A4_1_16230.mzML:scan:4294967295,1,0.81,2,0,MTBLS12231,NoID,temp/queries/ef/ef8e77d5067c4f458828efdee191be88/ef8e77d5067c4f458828efdee191be88.mgf,1,282,3154041
5-ASA_4-ethynyl-benzoic-acid,mzspec:GNPS:MULTIPLEX-SYNTHESIS-LIBRARY-ALL-PARTITION-6:accession:CCMSLIB00016279292,-0.02,mzspec:MTBLS12231:FILES/DERIVED_FILES/NEG/O.A_ZJY_2-D4_1_16321.mzML:scan:4294967295,1,0.8,1,0,MTBLS12231,NoID,temp/queries/ef/ef8e77d5067c4f458828efdee191be88/ef8e77d5067c4f458828efdee191be88.mgf,1,282,3155246
5-ASA_4-ethynyl-benzoic-acid,mzspec:GNPS:MULTIPLEX-SYNTHESIS-LIBRARY-ALL-PARTITION-6:accession:CCMSLIB00016279292,-0.02,mzspec:MTBLS12231:FILES/DERIVED_FILES/NEG/H_13-C6_1_16253.mzML:scan:4294967295,1,0.79,2,0,MTBLS12231,NoID,temp/queries/ef/ef8e77d5067c4f458828efdee191be88/ef8e77d5067c4f458828efdee191be88.mgf,1,282,3158591
5-ASA_4-ethynyl-benzoic-acid,mzspec:GNPS:MULTIPLEX-SYNTHESIS-LIBRARY-ALL-PARTITION-6:accession:CCMSLIB00016279292,-0.01,mzspec:MTBLS12231:FILES/DERIVED_FILES/NEG/O.A_BSR_2-D6_1_16323.mzML:scan:4294967295,1,0.76,2,0,MTBLS12231,NoID,temp/queries/ef/ef8e77d5067c4f458828efdee191be88/ef8e77d5067c4f458828efdee191be88.mgf,1,282,3158237
5-ASA_4-ethynyl-benzoic-acid,mzspec:GNPS:MULTIPLEX-SYNTHESIS-LIBRARY-ALL-PARTITION-6:accession:CCMSLIB00016279292,-0.0,mzspec:MSV000082074:updates/2019-02-26_jgauglitz_75d3f04f/other/Wittenberg/cider_analysis/Fuji/mzxml/Samples/CW_145.S_F1.T13_MeOH_RC8_01_13347.mzXML:scan:1588,1,0.75,1,0,MSV000082074,NoID,temp/queries/ef/ef8e77d5067c4f458828efdee191be88/ef8e77d5067c4f458828efdee191be88.mgf,1,282,2527530
5-ASA_4-ethynyl-benzoic-acid,mzspec:GNPS:MULTIPLEX-SYNTHESIS-LIBRARY-ALL-PARTITION-6:accession:CCMSLIB00016279292,-0.0,mzspec:MSV000081350:ccms_peak/mzXML/CW_145.S_F1.T13_MeOH_RC8_01_13347.mzXML:scan:1588,1,0.75,1,0,MSV000081350,NoID,temp/queries/ef/ef8e77d5067c4f458828efdee191be88/ef8e77d5067c4f458828efdee191be88.mgf,1,282,608363
5-ASA_4-ethynyl-benzoic-acid,mzspec:GNPS:MULTIPLEX-SYNTHESIS-LIBRARY-ALL-PARTITION-6:accession:CCMSLIB00016279292,-0.02,mzspec:MTBLS12231:FILES/DERIVED_FILES/NEG/H_CQL_1-C3_1_16250.mzML:scan:4294967295,1,0.74,2,0,MTBLS12231,NoID,temp/queries/ef/ef8e77d5067c4f458828efdee191be88/ef8e77d5067c4f458828efdee191be88.mgf,1,282,3157286
5-ASA_4-ethynyl-benzoic-acid,mzspec:GNPS:MULTIPLEX-SYNTHESIS-LIBRARY-ALL-PARTITION-6:accession:CCMSLIB00016279292,-0.02,mzspec:MTBLS12231:FILES/DERIVED_FILES/NEG/O.A_LYL_2-D2_1_16319.mzML:scan:4294967295,1,0.74,1,0,MTBLS12231,NoID,temp/queries/ef/ef8e77d5067c4f458828efdee191be88/ef8e77d5067c4f458828efdee191be88.mgf,1,282,3158970
