compound_name,lib_usi,desc,timing
5-ASA_4-iodophenol,mzspec:GNPS:MULTIPLEX-SYNTHESIS-LIBRARY-ALL-PARTITION-6:accession:CCMSLIB00016279269,prep,0.0008194446563720703
5-ASA_4-iodophenol,mzspec:GNPS:MULTIPLEX-SYNTHESIS-LIBRARY-ALL-PARTITION-6:accession:CCMSLIB00016279269,Search,0.8156297206878662
5-ASA_4-iodophenol,mzspec:GNPS:MULTIPLEX-SYNTHESIS-LIBRARY-ALL-PARTITION-6:accession:CCMSLIB00016279269,Parse Query,9.965896606445312e-05
5-ASA_4-iodophenol,mzspec:GNPS:MULTIPLEX-SYNTHESIS-LIBRARY-ALL-PARTITION-6:accession:CCMSLIB00016279269,Parse Query 2,0.0014579296112060547
5-ASA_4-iodophenol,mzspec:GNPS:MULTIPLEX-SYNTHESIS-LIBRARY-ALL-PARTITION-6:accession:CCMSLIB00016279269,Get DB Info,9.918212890625e-05
5-ASA_4-iodophenol,mzspec:GNPS:MULTIPLEX-SYNTHESIS-LIBRARY-ALL-PARTITION-6:accession:CCMSLIB00016279269,Demangle,0.005033969879150391
5-ASA_4-iodophenol,mzspec:GNPS:MULTIPLEX-SYNTHESIS-LIBRARY-ALL-PARTITION-6:accession:CCMSLIB00016279269,Group,0.0053253173828125
5-ASA_4-iodophenol,mzspec:GNPS:MULTIPLEX-SYNTHESIS-LIBRARY-ALL-PARTITION-6:accession:CCMSLIB00016279269,Enrich datasets,0.013229131698608398
