compound_name,lib_usi,Delta Mass,USI,Charge,Cosine,Matching Peaks,Unit Delta Mass,Dataset,Status,Query Filename,Query Scan,Index UnitPM,Index IdxInUnitPM
5-ASA_4-methoxyphenol,mzspec:GNPS:MULTIPLEX-SYNTHESIS-LIBRARY-ALL-PARTITION-6:accession:CCMSLIB00016279260,0.02,mzspec:ST002044:RP/ESIPOS/NHF_84.mzML:scan:922,1,0.89,4,0,ST002044,NoID,temp/queries/62/621530a24c244b82ab6c3981a25df3ba/621530a24c244b82ab6c3981a25df3ba.mgf,1,260,1450986
5-ASA_4-methoxyphenol,mzspec:GNPS:MULTIPLEX-SYNTHESIS-LIBRARY-ALL-PARTITION-6:accession:CCMSLIB00016279260,0.02,mzspec:ST002044:RP/ESIPOS/NHF_84.mzML:scan:876,1,0.88,4,0,ST002044,NoID,temp/queries/62/621530a24c244b82ab6c3981a25df3ba/621530a24c244b82ab6c3981a25df3ba.mgf,1,260,1450985
5-ASA_4-methoxyphenol,mzspec:GNPS:MULTIPLEX-SYNTHESIS-LIBRARY-ALL-PARTITION-6:accession:CCMSLIB00016279260,0.0,mzspec:MSV000090886:ccms_peak/rawdata/20220119_JGI_MD_507130_BioS_final1_QE-139_HILICZ_USHXG01825_POS_MSMS_25RM_BESC-307-Clat-RM_2_Rg70to1050-CE102040-root-S1_Run852.mzML:scan:321,1,0.82,4,0,MSV000090886,NoID,temp/queries/62/621530a24c244b82ab6c3981a25df3ba/621530a24c244b82ab6c3981a25df3ba.mgf,1,260,1103308
5-ASA_4-methoxyphenol,mzspec:GNPS:MULTIPLEX-SYNTHESIS-LIBRARY-ALL-PARTITION-6:accession:CCMSLIB00016279260,0.0,mzspec:MSV000090886:raw/rawdata/20220119_JGI_MD_507130_BioS_final1_QE-139_HILICZ_USHXG01825_POS_MSMS_25RM_BESC-307-Clat-RM_2_Rg70to1050-CE102040-root-S1_Run852.mzML:scan:321,1,0.82,4,0,MSV000090886,NoID,temp/queries/62/621530a24c244b82ab6c3981a25df3ba/621530a24c244b82ab6c3981a25df3ba.mgf,1,260,1104568
5-ASA_4-methoxyphenol,mzspec:GNPS:MULTIPLEX-SYNTHESIS-LIBRARY-ALL-PARTITION-6:accession:CCMSLIB00016279260,0.0,mzspec:MSV000093269:raw/20180806_KBL_JL_HILICZ_Poplar_FungInnoc_Final/rawdata/20180806_KBL_JL_Poplar_FungInnoc_Final_QE-HF-UV_HILICZ_USHXG01093_POS_MSMS_219_HRSP27-1-Block2-72h_2_Rg70to1050-CE102040--S1_Run558.mzML:scan:446,1,0.82,4,0,MSV000093269,NoID,temp/queries/62/621530a24c244b82ab6c3981a25df3ba/621530a24c244b82ab6c3981a25df3ba.mgf,1,260,844815
5-ASA_4-methoxyphenol,mzspec:GNPS:MULTIPLEX-SYNTHESIS-LIBRARY-ALL-PARTITION-6:accession:CCMSLIB00016279260,0.0,mzspec:MSV000090886:ccms_peak/rawdata/20220119_JGI_MD_507130_BioS_final1_QE-139_HILICZ_USHXG01825_POS_MSMS_20LM_BESC-258-Clat-LM_1_Rg70to1050-CE102040-leaf-S1_Run40.mzML:scan:311,1,0.81,4,0,MSV000090886,NoID,temp/queries/62/621530a24c244b82ab6c3981a25df3ba/621530a24c244b82ab6c3981a25df3ba.mgf,1,260,1103892
5-ASA_4-methoxyphenol,mzspec:GNPS:MULTIPLEX-SYNTHESIS-LIBRARY-ALL-PARTITION-6:accession:CCMSLIB00016279260,0.0,mzspec:MSV000093604:raw/Samples/S_209_B_P1-B-4_01_23935.mzXML:scan:447,1,0.81,4,0,MSV000093604,NoID,temp/queries/62/621530a24c244b82ab6c3981a25df3ba/621530a24c244b82ab6c3981a25df3ba.mgf,1,260,576920
5-ASA_4-methoxyphenol,mzspec:GNPS:MULTIPLEX-SYNTHESIS-LIBRARY-ALL-PARTITION-6:accession:CCMSLIB00016279260,0.0,mzspec:MSV000093269:raw/20180806_KBL_JL_HILICZ_Poplar_FungInnoc_Final/rawdata/20180806_KBL_JL_Poplar_FungInnoc_Final_QE-HF-UV_HILICZ_USHXG01093_POS_MSMS_194_GW9827-Block2-Control_2_Rg70to1050-CE102040--S1_Run509.mzML:scan:447,1,0.81,4,0,MSV000093269,NoID,temp/queries/62/621530a24c244b82ab6c3981a25df3ba/621530a24c244b82ab6c3981a25df3ba.mgf,1,260,844695
5-ASA_4-methoxyphenol,mzspec:GNPS:MULTIPLEX-SYNTHESIS-LIBRARY-ALL-PARTITION-6:accession:CCMSLIB00016279260,0.0,mzspec:MSV000090886:raw/rawdata/20220119_JGI_MD_507130_BioS_final1_QE-139_HILICZ_USHXG01825_POS_MSMS_20LM_BESC-258-Clat-LM_1_Rg70to1050-CE102040-leaf-S1_Run40.mzML:scan:311,1,0.81,4,0,MSV000090886,NoID,temp/queries/62/621530a24c244b82ab6c3981a25df3ba/621530a24c244b82ab6c3981a25df3ba.mgf,1,260,1103614
5-ASA_4-methoxyphenol,mzspec:GNPS:MULTIPLEX-SYNTHESIS-LIBRARY-ALL-PARTITION-6:accession:CCMSLIB00016279260,0.0,mzspec:MSV000090886:raw/rawdata/20220119_JGI_MD_507130_BioS_final1_QE-139_HILICZ_USHXG01825_POS_MSMS_1RM_BESC-13-Clat-RM_1_Rg70to1050-CE102040-root-S1_Run803.mzML:scan:320,1,0.8,3,0,MSV000090886,NoID,temp/queries/62/621530a24c244b82ab6c3981a25df3ba/621530a24c244b82ab6c3981a25df3ba.mgf,1,260,1103475
5-ASA_4-methoxyphenol,mzspec:GNPS:MULTIPLEX-SYNTHESIS-LIBRARY-ALL-PARTITION-6:accession:CCMSLIB00016279260,0.0,mzspec:MSV000090886:ccms_peak/rawdata/20220119_JGI_MD_507130_BioS_final1_QE-139_HILICZ_USHXG01825_POS_MSMS_1RM_BESC-13-Clat-RM_1_Rg70to1050-CE102040-root-S1_Run803.mzML:scan:320,1,0.8,3,0,MSV000090886,NoID,temp/queries/62/621530a24c244b82ab6c3981a25df3ba/621530a24c244b82ab6c3981a25df3ba.mgf,1,260,1103729
5-ASA_4-methoxyphenol,mzspec:GNPS:MULTIPLEX-SYNTHESIS-LIBRARY-ALL-PARTITION-6:accession:CCMSLIB00016279260,0.0,mzspec:MSV000093269:raw/20180806_KBL_JL_HILICZ_Poplar_FungInnoc_Final/rawdata/20180806_KBL_JL_Poplar_FungInnoc_Final_QE-HF-UV_HILICZ_USHXG01093_POS_MSMS_275_BESC801-Block3-72h_3_Rg70to1050-CE102040--S1_Run852.mzML:scan:450,1,0.79,4,0,MSV000093269,NoID,temp/queries/62/621530a24c244b82ab6c3981a25df3ba/621530a24c244b82ab6c3981a25df3ba.mgf,1,260,844191
5-ASA_4-methoxyphenol,mzspec:GNPS:MULTIPLEX-SYNTHESIS-LIBRARY-ALL-PARTITION-6:accession:CCMSLIB00016279260,0.0,mzspec:MSV000093269:raw/20171122_KBL_JL_Poplar_Pilot_Big_Polar/rawdata/20171122_KBL_JL_Poplar_Pilot_Big_QE139-UV_ZHILIC5um_715831_POS-MSMS_19_PoplarControl_1_MeOH__102030eV__S1_Run20.mzML:scan:326,1,0.79,3,0,MSV000093269,NoID,temp/queries/62/621530a24c244b82ab6c3981a25df3ba/621530a24c244b82ab6c3981a25df3ba.mgf,1,260,846719
5-ASA_4-methoxyphenol,mzspec:GNPS:MULTIPLEX-SYNTHESIS-LIBRARY-ALL-PARTITION-6:accession:CCMSLIB00016279260,0.0,mzspec:MSV000090886:raw/rawdata/20220119_JGI_MD_507130_BioS_final1_QE-139_HILICZ_USHXG01825_POS_MSMS_85RM_GW-11047-Clat-RM_1_Rg70to1050-CE102040-root-S1_Run794.mzML:scan:321,1,0.78,2,0,MSV000090886,NoID,temp/queries/62/621530a24c244b82ab6c3981a25df3ba/621530a24c244b82ab6c3981a25df3ba.mgf,1,260,1104267
5-ASA_4-methoxyphenol,mzspec:GNPS:MULTIPLEX-SYNTHESIS-LIBRARY-ALL-PARTITION-6:accession:CCMSLIB00016279260,0.0,mzspec:MSV000090886:ccms_peak/rawdata/20220119_JGI_MD_507130_BioS_final1_QE-139_HILICZ_USHXG01825_POS_MSMS_85RM_GW-11047-Clat-RM_1_Rg70to1050-CE102040-root-S1_Run794.mzML:scan:321,1,0.78,2,0,MSV000090886,NoID,temp/queries/62/621530a24c244b82ab6c3981a25df3ba/621530a24c244b82ab6c3981a25df3ba.mgf,1,260,1103482
5-ASA_4-methoxyphenol,mzspec:GNPS:MULTIPLEX-SYNTHESIS-LIBRARY-ALL-PARTITION-6:accession:CCMSLIB00016279260,0.0,mzspec:MSV000090886:ccms_peak/rawdata/20220119_JGI_MD_507130_BioS_final1_QE-139_HILICZ_USHXG01825_POS_MSMS_44RM_BESC-388-Clat-RM_2_Rg70to1050-CE102040-root-S1_Run815.mzML:scan:318,1,0.77,2,0,MSV000090886,NoID,temp/queries/62/621530a24c244b82ab6c3981a25df3ba/621530a24c244b82ab6c3981a25df3ba.mgf,1,260,1104284
5-ASA_4-methoxyphenol,mzspec:GNPS:MULTIPLEX-SYNTHESIS-LIBRARY-ALL-PARTITION-6:accession:CCMSLIB00016279260,0.0,mzspec:MSV000090886:raw/rawdata/20220119_JGI_MD_507130_BioS_final1_QE-139_HILICZ_USHXG01825_POS_MSMS_44RM_BESC-388-Clat-RM_2_Rg70to1050-CE102040-root-S1_Run815.mzML:scan:318,1,0.77,2,0,MSV000090886,NoID,temp/queries/62/621530a24c244b82ab6c3981a25df3ba/621530a24c244b82ab6c3981a25df3ba.mgf,1,260,1103176
5-ASA_4-methoxyphenol,mzspec:GNPS:MULTIPLEX-SYNTHESIS-LIBRARY-ALL-PARTITION-6:accession:CCMSLIB00016279260,0.0,mzspec:MSV000090886:raw/rawdata/20220119_JGI_MD_507130_BioS_final1_QE-139_HILICZ_USHXG01825_POS_MSMS_22LM_BESC-285-Clat-LM_1_Rg70to1050-CE102040-leaf-S1_Run46.mzML:scan:308,1,0.74,4,0,MSV000090886,NoID,temp/queries/62/621530a24c244b82ab6c3981a25df3ba/621530a24c244b82ab6c3981a25df3ba.mgf,1,260,1103738
5-ASA_4-methoxyphenol,mzspec:GNPS:MULTIPLEX-SYNTHESIS-LIBRARY-ALL-PARTITION-6:accession:CCMSLIB00016279260,0.0,mzspec:MSV000090886:ccms_peak/rawdata/20220119_JGI_MD_507130_BioS_final1_QE-139_HILICZ_USHXG01825_POS_MSMS_22LM_BESC-285-Clat-LM_1_Rg70to1050-CE102040-leaf-S1_Run46.mzML:scan:308,1,0.74,4,0,MSV000090886,NoID,temp/queries/62/621530a24c244b82ab6c3981a25df3ba/621530a24c244b82ab6c3981a25df3ba.mgf,1,260,1103399
