compound_name,lib_usi,Delta Mass,USI,Charge,Cosine,Matching Peaks,Unit Delta Mass,Dataset,Status,Query Filename,Query Scan,Index UnitPM,Index IdxInUnitPM
5-ASA_4-methyl-2-nitrophenol,mzspec:GNPS:MULTIPLEX-SYNTHESIS-LIBRARY-ALL-PARTITION-6:accession:CCMSLIB00016278768,-0.0,mzspec:MSV000094559:updates/2024-12-18_apatan_366c37f7/raw/10172024/AP_1787.mzML:scan:698,1,0.95,5,0,MSV000094559,NoID,temp/queries/f6/f6a1e4f67b544af7bf376952bae30988/f6a1e4f67b544af7bf376952bae30988.mgf,1,289,998167
5-ASA_4-methyl-2-nitrophenol,mzspec:GNPS:MULTIPLEX-SYNTHESIS-LIBRARY-ALL-PARTITION-6:accession:CCMSLIB00016278768,0.0,mzspec:MSV000094393:peak/BA_Salicylic_AP61.mzML:scan:726,1,0.95,5,0,MSV000094393,NoID,temp/queries/f6/f6a1e4f67b544af7bf376952bae30988/f6a1e4f67b544af7bf376952bae30988.mgf,1,289,813407
5-ASA_4-methyl-2-nitrophenol,mzspec:GNPS:MULTIPLEX-SYNTHESIS-LIBRARY-ALL-PARTITION-6:accession:CCMSLIB00016278768,-0.0,mzspec:MSV000092945:peak/mzML/PLT7_ISP2_F2.mzML:scan:912,1,0.94,3,0,MSV000092945,NoID,temp/queries/f6/f6a1e4f67b544af7bf376952bae30988/f6a1e4f67b544af7bf376952bae30988.mgf,1,289,991845
5-ASA_4-methyl-2-nitrophenol,mzspec:GNPS:MULTIPLEX-SYNTHESIS-LIBRARY-ALL-PARTITION-6:accession:CCMSLIB00016278768,-0.0,mzspec:MSV000092945:peak/mzML/PLT7_ISP2_F2.mzML:scan:941,1,0.94,3,0,MSV000092945,NoID,temp/queries/f6/f6a1e4f67b544af7bf376952bae30988/f6a1e4f67b544af7bf376952bae30988.mgf,1,289,991846
5-ASA_4-methyl-2-nitrophenol,mzspec:GNPS:MULTIPLEX-SYNTHESIS-LIBRARY-ALL-PARTITION-6:accession:CCMSLIB00016278768,-0.0,mzspec:MSV000090457:peak/mzML/PLT6_CZP_H3.mzML:scan:1369,1,0.92,2,0,MSV000090457,NoID,temp/queries/f6/f6a1e4f67b544af7bf376952bae30988/f6a1e4f67b544af7bf376952bae30988.mgf,1,289,1473377
5-ASA_4-methyl-2-nitrophenol,mzspec:GNPS:MULTIPLEX-SYNTHESIS-LIBRARY-ALL-PARTITION-6:accession:CCMSLIB00016278768,-0.0,mzspec:MSV000090472:peak/mzML/PLT6_NSG_H3.mzML:scan:1189,1,0.92,2,0,MSV000090472,NoID,temp/queries/f6/f6a1e4f67b544af7bf376952bae30988/f6a1e4f67b544af7bf376952bae30988.mgf,1,289,813860
5-ASA_4-methyl-2-nitrophenol,mzspec:GNPS:MULTIPLEX-SYNTHESIS-LIBRARY-ALL-PARTITION-6:accession:CCMSLIB00016278768,-0.0,mzspec:MSV000089815:ccms_peak/PLT4_NSG_Raw/PLT4_NSG_H8.mzML:scan:939,1,0.91,3,0,MSV000089815,NoID,temp/queries/f6/f6a1e4f67b544af7bf376952bae30988/f6a1e4f67b544af7bf376952bae30988.mgf,1,289,1464420
5-ASA_4-methyl-2-nitrophenol,mzspec:GNPS:MULTIPLEX-SYNTHESIS-LIBRARY-ALL-PARTITION-6:accession:CCMSLIB00016278768,-0.0,mzspec:MSV000089316:ccms_peak/Terreic acid samples/2020-07-27 jovoc mzml files/JVC00441.mzML:scan:4294967295,1,0.9,2,0,MSV000089316,NoID,temp/queries/f6/f6a1e4f67b544af7bf376952bae30988/f6a1e4f67b544af7bf376952bae30988.mgf,1,289,805580
5-ASA_4-methyl-2-nitrophenol,mzspec:GNPS:MULTIPLEX-SYNTHESIS-LIBRARY-ALL-PARTITION-6:accession:CCMSLIB00016278768,-0.0,mzspec:MSV000093265:peak/NPOmix_MSMS/GCF_000389715.1.mzML.2.mzML:scan:939,1,0.9,2,0,MSV000093265,NoID,temp/queries/f6/f6a1e4f67b544af7bf376952bae30988/f6a1e4f67b544af7bf376952bae30988.mgf,1,289,263037
5-ASA_4-methyl-2-nitrophenol,mzspec:GNPS:MULTIPLEX-SYNTHESIS-LIBRARY-ALL-PARTITION-6:accession:CCMSLIB00016278768,-0.0,mzspec:MSV000089316:raw/Terreic acid samples/2020-07-27 jovoc mzml files/JVC00441.mzML:scan:4294967295,1,0.9,2,0,MSV000089316,NoID,temp/queries/f6/f6a1e4f67b544af7bf376952bae30988/f6a1e4f67b544af7bf376952bae30988.mgf,1,289,805636
5-ASA_4-methyl-2-nitrophenol,mzspec:GNPS:MULTIPLEX-SYNTHESIS-LIBRARY-ALL-PARTITION-6:accession:CCMSLIB00016278768,-0.0,mzspec:MSV000090457:peak/mzML/PLT6_CZP_H3.mzML:scan:1404,1,0.9,2,0,MSV000090457,NoID,temp/queries/f6/f6a1e4f67b544af7bf376952bae30988/f6a1e4f67b544af7bf376952bae30988.mgf,1,289,1473378
5-ASA_4-methyl-2-nitrophenol,mzspec:GNPS:MULTIPLEX-SYNTHESIS-LIBRARY-ALL-PARTITION-6:accession:CCMSLIB00016278768,-0.0,mzspec:MSV000094769:peak/peak/MSV000089815_PLT4_NSG_H8.mzML:scan:939,1,0.9,2,0,MSV000094769,NoID,temp/queries/f6/f6a1e4f67b544af7bf376952bae30988/f6a1e4f67b544af7bf376952bae30988.mgf,1,289,323814
5-ASA_4-methyl-2-nitrophenol,mzspec:GNPS:MULTIPLEX-SYNTHESIS-LIBRARY-ALL-PARTITION-6:accession:CCMSLIB00016278768,-0.0,mzspec:MSV000094769:ccms_peak/peak/MSV000089815_PLT4_NSG_H8.mzML:scan:939,1,0.9,2,0,MSV000094769,NoID,temp/queries/f6/f6a1e4f67b544af7bf376952bae30988/f6a1e4f67b544af7bf376952bae30988.mgf,1,289,323350
5-ASA_4-methyl-2-nitrophenol,mzspec:GNPS:MULTIPLEX-SYNTHESIS-LIBRARY-ALL-PARTITION-6:accession:CCMSLIB00016278768,-0.0,mzspec:MSV000089815:peak/PLT4_NSG_mzML/PLT4_NSG_H8.mzML:scan:939,1,0.9,2,0,MSV000089815,NoID,temp/queries/f6/f6a1e4f67b544af7bf376952bae30988/f6a1e4f67b544af7bf376952bae30988.mgf,1,289,1464546
5-ASA_4-methyl-2-nitrophenol,mzspec:GNPS:MULTIPLEX-SYNTHESIS-LIBRARY-ALL-PARTITION-6:accession:CCMSLIB00016278768,-0.0,mzspec:MSV000092945:peak/mzML/PLT7_ISP2_F2.mzML:scan:529,1,0.89,3,0,MSV000092945,NoID,temp/queries/f6/f6a1e4f67b544af7bf376952bae30988/f6a1e4f67b544af7bf376952bae30988.mgf,1,289,991840
5-ASA_4-methyl-2-nitrophenol,mzspec:GNPS:MULTIPLEX-SYNTHESIS-LIBRARY-ALL-PARTITION-6:accession:CCMSLIB00016278768,-0.0,mzspec:MSV000089316:ccms_peak/Terreic acid samples/2020-07-27 jovoc mzml files/JVC00441.mzML:scan:4294967295,1,0.89,2,0,MSV000089316,NoID,temp/queries/f6/f6a1e4f67b544af7bf376952bae30988/f6a1e4f67b544af7bf376952bae30988.mgf,1,289,805579
5-ASA_4-methyl-2-nitrophenol,mzspec:GNPS:MULTIPLEX-SYNTHESIS-LIBRARY-ALL-PARTITION-6:accession:CCMSLIB00016278768,-0.0,mzspec:MSV000089316:raw/Terreic acid samples/2020-07-27 jovoc mzml files/JVC00441.mzML:scan:4294967295,1,0.89,2,0,MSV000089316,NoID,temp/queries/f6/f6a1e4f67b544af7bf376952bae30988/f6a1e4f67b544af7bf376952bae30988.mgf,1,289,805635
5-ASA_4-methyl-2-nitrophenol,mzspec:GNPS:MULTIPLEX-SYNTHESIS-LIBRARY-ALL-PARTITION-6:accession:CCMSLIB00016278768,-0.0,mzspec:MSV000092945:peak/mzML/PLT7_ISP2_F2.mzML:scan:585,1,0.88,3,0,MSV000092945,NoID,temp/queries/f6/f6a1e4f67b544af7bf376952bae30988/f6a1e4f67b544af7bf376952bae30988.mgf,1,289,991842
5-ASA_4-methyl-2-nitrophenol,mzspec:GNPS:MULTIPLEX-SYNTHESIS-LIBRARY-ALL-PARTITION-6:accession:CCMSLIB00016278768,-0.0,mzspec:MSV000092945:peak/mzML/PLT7_ISP2_F2.mzML:scan:556,1,0.85,3,0,MSV000092945,NoID,temp/queries/f6/f6a1e4f67b544af7bf376952bae30988/f6a1e4f67b544af7bf376952bae30988.mgf,1,289,991841
5-ASA_4-methyl-2-nitrophenol,mzspec:GNPS:MULTIPLEX-SYNTHESIS-LIBRARY-ALL-PARTITION-6:accession:CCMSLIB00016278768,0.01,mzspec:MTBLS3322:FILES/DERIVED_FILES/POS/pos_muscle_30d_1h_2.mzXML:scan:2572,1,0.82,1,0,MTBLS3322,NoID,temp/queries/f6/f6a1e4f67b544af7bf376952bae30988/f6a1e4f67b544af7bf376952bae30988.mgf,1,289,2123804
5-ASA_4-methyl-2-nitrophenol,mzspec:GNPS:MULTIPLEX-SYNTHESIS-LIBRARY-ALL-PARTITION-6:accession:CCMSLIB00016278768,-0.0,mzspec:MSV000092945:peak/mzML/PLT7_ISP2_F2.mzML:scan:613,1,0.81,2,0,MSV000092945,NoID,temp/queries/f6/f6a1e4f67b544af7bf376952bae30988/f6a1e4f67b544af7bf376952bae30988.mgf,1,289,991843
5-ASA_4-methyl-2-nitrophenol,mzspec:GNPS:MULTIPLEX-SYNTHESIS-LIBRARY-ALL-PARTITION-6:accession:CCMSLIB00016278768,-0.0,mzspec:MSV000083118:ccms_peak/20180626-Cfe-DMSO-14point784-14point788.mzML:scan:2323,1,0.8,3,0,MSV000083118,NoID,temp/queries/f6/f6a1e4f67b544af7bf376952bae30988/f6a1e4f67b544af7bf376952bae30988.mgf,1,289,335222
5-ASA_4-methyl-2-nitrophenol,mzspec:GNPS:MULTIPLEX-SYNTHESIS-LIBRARY-ALL-PARTITION-6:accession:CCMSLIB00016278768,-0.0,mzspec:MSV000092716:peak/Peak List/M_RM_8258_JRC_POS_1.mzXML:scan:3055,1,0.79,1,0,MSV000092716,NoID,temp/queries/f6/f6a1e4f67b544af7bf376952bae30988/f6a1e4f67b544af7bf376952bae30988.mgf,1,289,35959
5-ASA_4-methyl-2-nitrophenol,mzspec:GNPS:MULTIPLEX-SYNTHESIS-LIBRARY-ALL-PARTITION-6:accession:CCMSLIB00016278768,0.0,mzspec:MTBLS3935:FILES/DERIVED_FILES/mzXML/20210109EC75-F_PP12_3.mzXML:scan:1273,1,0.77,1,0,MTBLS3935,NoID,temp/queries/f6/f6a1e4f67b544af7bf376952bae30988/f6a1e4f67b544af7bf376952bae30988.mgf,1,289,2113692
5-ASA_4-methyl-2-nitrophenol,mzspec:GNPS:MULTIPLEX-SYNTHESIS-LIBRARY-ALL-PARTITION-6:accession:CCMSLIB00016278768,-0.01,mzspec:MTBLS3322:FILES/DERIVED_FILES/POS/pos_muscle_3d_24h_8.mzXML:scan:6944,1,0.77,1,0,MTBLS3322,NoID,temp/queries/f6/f6a1e4f67b544af7bf376952bae30988/f6a1e4f67b544af7bf376952bae30988.mgf,1,289,2122038
5-ASA_4-methyl-2-nitrophenol,mzspec:GNPS:MULTIPLEX-SYNTHESIS-LIBRARY-ALL-PARTITION-6:accession:CCMSLIB00016278768,0.01,mzspec:MTBLS3322:FILES/DERIVED_FILES/POS/pos_muscle_30d_1h_10.mzXML:scan:2708,1,0.76,1,0,MTBLS3322,NoID,temp/queries/f6/f6a1e4f67b544af7bf376952bae30988/f6a1e4f67b544af7bf376952bae30988.mgf,1,289,2120654
5-ASA_4-methyl-2-nitrophenol,mzspec:GNPS:MULTIPLEX-SYNTHESIS-LIBRARY-ALL-PARTITION-6:accession:CCMSLIB00016278768,-0.02,mzspec:MTBLS3563:FILES/DERIVED_FILES/POS/NAA10-1-auto-MS-MS-pos_7_1_1376.mzML:scan:897,1,0.73,2,0,MTBLS3563,NoID,temp/queries/f6/f6a1e4f67b544af7bf376952bae30988/f6a1e4f67b544af7bf376952bae30988.mgf,1,289,2142523
5-ASA_4-methyl-2-nitrophenol,mzspec:GNPS:MULTIPLEX-SYNTHESIS-LIBRARY-ALL-PARTITION-6:accession:CCMSLIB00016278768,-0.01,mzspec:MTBLS3322:FILES/DERIVED_FILES/POS/pos_muscle_30d_6h_9.mzXML:scan:6798,1,0.73,1,0,MTBLS3322,NoID,temp/queries/f6/f6a1e4f67b544af7bf376952bae30988/f6a1e4f67b544af7bf376952bae30988.mgf,1,289,2123936
5-ASA_4-methyl-2-nitrophenol,mzspec:GNPS:MULTIPLEX-SYNTHESIS-LIBRARY-ALL-PARTITION-6:accession:CCMSLIB00016278768,-0.01,mzspec:MSV000095296:ccms_peak/positive_T42d/D040C.mzML:scan:4294967295,1,0.73,1,0,MSV000095296,NoID,temp/queries/f6/f6a1e4f67b544af7bf376952bae30988/f6a1e4f67b544af7bf376952bae30988.mgf,1,289,956211
5-ASA_4-methyl-2-nitrophenol,mzspec:GNPS:MULTIPLEX-SYNTHESIS-LIBRARY-ALL-PARTITION-6:accession:CCMSLIB00016278768,-0.01,mzspec:MSV000083010:ccms_peak/Samples/G73642_2x_RB3_01_19113.mzML:scan:815,1,0.72,1,0,MSV000083010,NoID,temp/queries/f6/f6a1e4f67b544af7bf376952bae30988/f6a1e4f67b544af7bf376952bae30988.mgf,1,289,730034
5-ASA_4-methyl-2-nitrophenol,mzspec:GNPS:MULTIPLEX-SYNTHESIS-LIBRARY-ALL-PARTITION-6:accession:CCMSLIB00016278768,-0.01,mzspec:ST002514:The role of dietary inulin in NASH progression/F1125_pos-F1125.mzML:scan:4294967295,1,0.72,1,0,ST002514,NoID,temp/queries/f6/f6a1e4f67b544af7bf376952bae30988/f6a1e4f67b544af7bf376952bae30988.mgf,1,289,1895784
5-ASA_4-methyl-2-nitrophenol,mzspec:GNPS:MULTIPLEX-SYNTHESIS-LIBRARY-ALL-PARTITION-6:accession:CCMSLIB00016278768,-0.01,mzspec:MSV000082074:ccms_peak/Samples/G73642_2x_RB3_01_19113.mzML:scan:815,1,0.72,1,0,MSV000082074,NoID,temp/queries/f6/f6a1e4f67b544af7bf376952bae30988/f6a1e4f67b544af7bf376952bae30988.mgf,1,289,1651379
5-ASA_4-methyl-2-nitrophenol,mzspec:GNPS:MULTIPLEX-SYNTHESIS-LIBRARY-ALL-PARTITION-6:accession:CCMSLIB00016278768,-0.01,mzspec:MSV000084900:ccms_peak/Global_Foodomics_composite_data_2020/MSV000083010_core/G73642_2x_RB3_01_19113.mzML:scan:815,1,0.72,1,0,MSV000084900,NoID,temp/queries/f6/f6a1e4f67b544af7bf376952bae30988/f6a1e4f67b544af7bf376952bae30988.mgf,1,289,890576
5-ASA_4-methyl-2-nitrophenol,mzspec:GNPS:MULTIPLEX-SYNTHESIS-LIBRARY-ALL-PARTITION-6:accession:CCMSLIB00016278768,-0.01,mzspec:MSV000081681:ccms_peak/data_mzxml/Samples/G73642_2x_RB3_01_19113.mzML:scan:815,1,0.72,1,0,MSV000081681,NoID,temp/queries/f6/f6a1e4f67b544af7bf376952bae30988/f6a1e4f67b544af7bf376952bae30988.mgf,1,289,995924
5-ASA_4-methyl-2-nitrophenol,mzspec:GNPS:MULTIPLEX-SYNTHESIS-LIBRARY-ALL-PARTITION-6:accession:CCMSLIB00016278768,-0.0,mzspec:MSV000092716:peak/Peak List/M_RM_8258_POS_2.mzXML:scan:3041,1,0.71,1,0,MSV000092716,NoID,temp/queries/f6/f6a1e4f67b544af7bf376952bae30988/f6a1e4f67b544af7bf376952bae30988.mgf,1,289,36999
5-ASA_4-methyl-2-nitrophenol,mzspec:GNPS:MULTIPLEX-SYNTHESIS-LIBRARY-ALL-PARTITION-6:accession:CCMSLIB00016278768,-0.0,mzspec:MTBLS3935:FILES/DERIVED_FILES/mzXML/20210109EC24-F_PP04_3.mzXML:scan:1169,1,0.7,1,0,MTBLS3935,NoID,temp/queries/f6/f6a1e4f67b544af7bf376952bae30988/f6a1e4f67b544af7bf376952bae30988.mgf,1,289,2113463
5-ASA_4-methyl-2-nitrophenol,mzspec:GNPS:MULTIPLEX-SYNTHESIS-LIBRARY-ALL-PARTITION-6:accession:CCMSLIB00016278768,-0.01,mzspec:MSV000082074:ccms_peak/Samples/G87577_1x_BA8_01_26547.mzML:scan:808,1,0.7,1,0,MSV000082074,NoID,temp/queries/f6/f6a1e4f67b544af7bf376952bae30988/f6a1e4f67b544af7bf376952bae30988.mgf,1,289,1650807
5-ASA_4-methyl-2-nitrophenol,mzspec:GNPS:MULTIPLEX-SYNTHESIS-LIBRARY-ALL-PARTITION-6:accession:CCMSLIB00016278768,-0.01,mzspec:MSV000082072:ccms_peak/data_mzXML/Samples/G87577_1x_BA8_01_26547.mzML:scan:808,1,0.7,1,0,MSV000082072,NoID,temp/queries/f6/f6a1e4f67b544af7bf376952bae30988/f6a1e4f67b544af7bf376952bae30988.mgf,1,289,1870382
5-ASA_4-methyl-2-nitrophenol,mzspec:GNPS:MULTIPLEX-SYNTHESIS-LIBRARY-ALL-PARTITION-6:accession:CCMSLIB00016278768,-0.01,mzspec:MSV000084900:ccms_peak/Global_Foodomics_composite_data_2020/MSV000083010_core/G87577_1x_BA8_01_26547.mzML:scan:808,1,0.7,1,0,MSV000084900,NoID,temp/queries/f6/f6a1e4f67b544af7bf376952bae30988/f6a1e4f67b544af7bf376952bae30988.mgf,1,289,891778
5-ASA_4-methyl-2-nitrophenol,mzspec:GNPS:MULTIPLEX-SYNTHESIS-LIBRARY-ALL-PARTITION-6:accession:CCMSLIB00016278768,-0.01,mzspec:MSV000083010:ccms_peak/Samples/G87577_1x_BA8_01_26547.mzML:scan:808,1,0.7,1,0,MSV000083010,NoID,temp/queries/f6/f6a1e4f67b544af7bf376952bae30988/f6a1e4f67b544af7bf376952bae30988.mgf,1,289,730403
5-ASA_4-methyl-2-nitrophenol,mzspec:GNPS:MULTIPLEX-SYNTHESIS-LIBRARY-ALL-PARTITION-6:accession:CCMSLIB00016278768,-0.01,mzspec:MSV000084734:ccms_peak/files/Animal_plant_beverage_subset/plants_small/files/G87577_1x_BA8_01_26547.mzML:scan:808,1,0.7,1,0,MSV000084734,NoID,temp/queries/f6/f6a1e4f67b544af7bf376952bae30988/f6a1e4f67b544af7bf376952bae30988.mgf,1,289,1149869
