compound_name,lib_usi,Delta Mass,USI,Charge,Cosine,Matching Peaks,Unit Delta Mass,Dataset,Status,Query Filename,Query Scan,Index UnitPM,Index IdxInUnitPM
5-ASA_4-phenylbenzoic-acid,mzspec:GNPS:MULTIPLEX-SYNTHESIS-LIBRARY-ALL-PARTITION-6:accession:CCMSLIB00016279397,-0.02,mzspec:MSV000092820:raw/083123_Matthaei_Herbarium_lowmz/2019_Matthaei_nBuOH_150-450mz/Mahonia-aquifolium-Leaf-nBuOH-2019.mzML:scan:2394,1,0.9,1,0,MSV000092820,NoID,temp/queries/f0/f0168806d11047e388db22694994c2e9/f0168806d11047e388db22694994c2e9.mgf,1,334,313797
5-ASA_4-phenylbenzoic-acid,mzspec:GNPS:MULTIPLEX-SYNTHESIS-LIBRARY-ALL-PARTITION-6:accession:CCMSLIB00016279397,-0.01,mzspec:MSV000085119:ccms_peak/Malpighiaceae_POS/Malpighiaceae_Plate1_POS/P1_G10_GG10_01_53550.mzML:scan:597,1,0.9,2,0,MSV000085119,NoID,temp/queries/f0/f0168806d11047e388db22694994c2e9/f0168806d11047e388db22694994c2e9.mgf,1,334,469872
5-ASA_4-phenylbenzoic-acid,mzspec:GNPS:MULTIPLEX-SYNTHESIS-LIBRARY-ALL-PARTITION-6:accession:CCMSLIB00016279397,-0.02,mzspec:MSV000094528:updates/2024-10-07_corinnabrungs_594d7cf4/peak/mzml_20240502_MSn_negative/20240502_pluskal_enamine_5007_N22_id_MSn_negative.mzML:scan:180,1,0.89,1,0,MSV000094528,NoID,temp/queries/f0/f0168806d11047e388db22694994c2e9/f0168806d11047e388db22694994c2e9.mgf,1,334,259692
5-ASA_4-phenylbenzoic-acid,mzspec:GNPS:MULTIPLEX-SYNTHESIS-LIBRARY-ALL-PARTITION-6:accession:CCMSLIB00016279397,-0.01,mzspec:MSV000085119:ccms_peak/Malpighiaceae_POS/Malpighiaceae_Plate1_POS/P1_G10_GG10_01_53550.mzML:scan:640,1,0.87,2,0,MSV000085119,NoID,temp/queries/f0/f0168806d11047e388db22694994c2e9/f0168806d11047e388db22694994c2e9.mgf,1,334,469873
5-ASA_4-phenylbenzoic-acid,mzspec:GNPS:MULTIPLEX-SYNTHESIS-LIBRARY-ALL-PARTITION-6:accession:CCMSLIB00016279397,-0.02,mzspec:MSV000092820:raw/083123_Matthaei_Herbarium_lowmz/2020_Matthaei_EA_150-450mz/Peperomia-obtusifolia-Stem-ethylacetate-2020.mzML:scan:2698,1,0.85,2,0,MSV000092820,NoID,temp/queries/f0/f0168806d11047e388db22694994c2e9/f0168806d11047e388db22694994c2e9.mgf,1,334,313262
5-ASA_4-phenylbenzoic-acid,mzspec:GNPS:MULTIPLEX-SYNTHESIS-LIBRARY-ALL-PARTITION-6:accession:CCMSLIB00016279397,-0.02,mzspec:MSV000094528:updates/2024-10-07_corinnabrungs_594d7cf4/peak/mzml_20240502_MSn_negative/20240502_pluskal_enamine_5007_N22_id_MSn_negative.mzML:scan:427,1,0.82,1,0,MSV000094528,NoID,temp/queries/f0/f0168806d11047e388db22694994c2e9/f0168806d11047e388db22694994c2e9.mgf,1,334,259696
5-ASA_4-phenylbenzoic-acid,mzspec:GNPS:MULTIPLEX-SYNTHESIS-LIBRARY-ALL-PARTITION-6:accession:CCMSLIB00016279397,-0.02,mzspec:MSV000092820:raw/083123_Matthaei_Herbarium_lowmz/2020_Matthaei_EA_150-450mz/Peperomia-obtusifolia-Stem-ethylacetate-2020.mzML:scan:2711,1,0.8,2,0,MSV000092820,NoID,temp/queries/f0/f0168806d11047e388db22694994c2e9/f0168806d11047e388db22694994c2e9.mgf,1,334,313263
5-ASA_4-phenylbenzoic-acid,mzspec:GNPS:MULTIPLEX-SYNTHESIS-LIBRARY-ALL-PARTITION-6:accession:CCMSLIB00016279397,0.02,mzspec:MSV000092820:raw/083123_Matthaei_Herbarium_lowmz/2019_Matthaei_nBuOH_150-450mz/Mahonia-aquifolium-Leaf-nBuOH-2019.mzML:scan:1898,1,0.79,1,0,MSV000092820,NoID,temp/queries/f0/f0168806d11047e388db22694994c2e9/f0168806d11047e388db22694994c2e9.mgf,1,334,313796
5-ASA_4-phenylbenzoic-acid,mzspec:GNPS:MULTIPLEX-SYNTHESIS-LIBRARY-ALL-PARTITION-6:accession:CCMSLIB00016279397,-0.02,mzspec:MSV000094528:updates/2024-10-07_corinnabrungs_594d7cf4/peak/mzml_20240502_MSn_negative/20240502_pluskal_enamine_5007_N22_id_MSn_negative.mzML:scan:426,1,0.79,1,0,MSV000094528,NoID,temp/queries/f0/f0168806d11047e388db22694994c2e9/f0168806d11047e388db22694994c2e9.mgf,1,334,259695
5-ASA_4-phenylbenzoic-acid,mzspec:GNPS:MULTIPLEX-SYNTHESIS-LIBRARY-ALL-PARTITION-6:accession:CCMSLIB00016279397,-0.02,mzspec:MSV000092820:raw/083123_Matthaei_Herbarium_lowmz/2020_Matthaei_nBuOH_150-450mz/Monstera-deliciosa-Stem-nBuOH-2020.mzML:scan:2126,1,0.77,2,0,MSV000092820,NoID,temp/queries/f0/f0168806d11047e388db22694994c2e9/f0168806d11047e388db22694994c2e9.mgf,1,334,311450
5-ASA_4-phenylbenzoic-acid,mzspec:GNPS:MULTIPLEX-SYNTHESIS-LIBRARY-ALL-PARTITION-6:accession:CCMSLIB00016279397,0.02,mzspec:ST002968:mzML/N-S4-0803-NEG.mzML:scan:4294967295,1,0.76,1,0,ST002968,NoID,temp/queries/f0/f0168806d11047e388db22694994c2e9/f0168806d11047e388db22694994c2e9.mgf,1,334,1663071
5-ASA_4-phenylbenzoic-acid,mzspec:GNPS:MULTIPLEX-SYNTHESIS-LIBRARY-ALL-PARTITION-6:accession:CCMSLIB00016279397,0.02,mzspec:MSV000092820:raw/083123_Matthaei_Herbarium_lowmz/2019_Matthaei_nBuOH_150-450mz/Mahonia-aquifolium-Leaf-nBuOH-2019.mzML:scan:1849,1,0.75,1,0,MSV000092820,NoID,temp/queries/f0/f0168806d11047e388db22694994c2e9/f0168806d11047e388db22694994c2e9.mgf,1,334,313792
5-ASA_4-phenylbenzoic-acid,mzspec:GNPS:MULTIPLEX-SYNTHESIS-LIBRARY-ALL-PARTITION-6:accession:CCMSLIB00016279397,-0.01,mzspec:MSV000098055:peak/mzML/31098.mzML:scan:2824,1,0.74,1,0,MSV000098055,NoID,temp/queries/f0/f0168806d11047e388db22694994c2e9/f0168806d11047e388db22694994c2e9.mgf,1,334,877087
5-ASA_4-phenylbenzoic-acid,mzspec:GNPS:MULTIPLEX-SYNTHESIS-LIBRARY-ALL-PARTITION-6:accession:CCMSLIB00016279397,0.01,mzspec:MSV000083756:peak/Fecal-1-3ACN-3IPA-2H2O_RA11_199.mzML:scan:530,1,0.74,2,0,MSV000083756,NoID,temp/queries/f0/f0168806d11047e388db22694994c2e9/f0168806d11047e388db22694994c2e9.mgf,1,334,690082
5-ASA_4-phenylbenzoic-acid,mzspec:GNPS:MULTIPLEX-SYNTHESIS-LIBRARY-ALL-PARTITION-6:accession:CCMSLIB00016279397,0.01,mzspec:MSV000083756:peak/Fecal-1-3ACN-3IPA-2H2O_RA11_201.mzML:scan:523,1,0.74,2,0,MSV000083756,NoID,temp/queries/f0/f0168806d11047e388db22694994c2e9/f0168806d11047e388db22694994c2e9.mgf,1,334,689957
5-ASA_4-phenylbenzoic-acid,mzspec:GNPS:MULTIPLEX-SYNTHESIS-LIBRARY-ALL-PARTITION-6:accession:CCMSLIB00016279397,-0.01,mzspec:MSV000098055:peak/mzML/30411.mzML:scan:2988,1,0.74,1,0,MSV000098055,NoID,temp/queries/f0/f0168806d11047e388db22694994c2e9/f0168806d11047e388db22694994c2e9.mgf,1,334,880197
5-ASA_4-phenylbenzoic-acid,mzspec:GNPS:MULTIPLEX-SYNTHESIS-LIBRARY-ALL-PARTITION-6:accession:CCMSLIB00016279397,0.01,mzspec:MSV000083756:ccms_peak/Fecal-1-3ACN-3IPA-2H2O_RA11_199.mzML:scan:530,1,0.74,2,0,MSV000083756,NoID,temp/queries/f0/f0168806d11047e388db22694994c2e9/f0168806d11047e388db22694994c2e9.mgf,1,334,690467
5-ASA_4-phenylbenzoic-acid,mzspec:GNPS:MULTIPLEX-SYNTHESIS-LIBRARY-ALL-PARTITION-6:accession:CCMSLIB00016279397,0.01,mzspec:MSV000083756:ccms_peak/Fecal-1-3ACN-3IPA-2H2O_RA11_201.mzML:scan:523,1,0.74,2,0,MSV000083756,NoID,temp/queries/f0/f0168806d11047e388db22694994c2e9/f0168806d11047e388db22694994c2e9.mgf,1,334,690392
5-ASA_4-phenylbenzoic-acid,mzspec:GNPS:MULTIPLEX-SYNTHESIS-LIBRARY-ALL-PARTITION-6:accession:CCMSLIB00016279397,-0.01,mzspec:MSV000098055:peak/mzML/31052.mzML:scan:2867,1,0.74,1,0,MSV000098055,NoID,temp/queries/f0/f0168806d11047e388db22694994c2e9/f0168806d11047e388db22694994c2e9.mgf,1,334,881732
5-ASA_4-phenylbenzoic-acid,mzspec:GNPS:MULTIPLEX-SYNTHESIS-LIBRARY-ALL-PARTITION-6:accession:CCMSLIB00016279397,-0.01,mzspec:MSV000098055:peak/mzML/30068.mzML:scan:2812,1,0.74,1,0,MSV000098055,NoID,temp/queries/f0/f0168806d11047e388db22694994c2e9/f0168806d11047e388db22694994c2e9.mgf,1,334,875795
5-ASA_4-phenylbenzoic-acid,mzspec:GNPS:MULTIPLEX-SYNTHESIS-LIBRARY-ALL-PARTITION-6:accession:CCMSLIB00016279397,-0.01,mzspec:MSV000098055:peak/mzML/31052.mzML:scan:2861,1,0.74,1,0,MSV000098055,NoID,temp/queries/f0/f0168806d11047e388db22694994c2e9/f0168806d11047e388db22694994c2e9.mgf,1,334,881731
5-ASA_4-phenylbenzoic-acid,mzspec:GNPS:MULTIPLEX-SYNTHESIS-LIBRARY-ALL-PARTITION-6:accession:CCMSLIB00016279397,-0.01,mzspec:MSV000098055:peak/mzML/30828.mzML:scan:2823,1,0.74,1,0,MSV000098055,NoID,temp/queries/f0/f0168806d11047e388db22694994c2e9/f0168806d11047e388db22694994c2e9.mgf,1,334,880813
5-ASA_4-phenylbenzoic-acid,mzspec:GNPS:MULTIPLEX-SYNTHESIS-LIBRARY-ALL-PARTITION-6:accession:CCMSLIB00016279397,-0.01,mzspec:MSV000098055:peak/mzML/30733.mzML:scan:2834,1,0.74,1,0,MSV000098055,NoID,temp/queries/f0/f0168806d11047e388db22694994c2e9/f0168806d11047e388db22694994c2e9.mgf,1,334,877159
5-ASA_4-phenylbenzoic-acid,mzspec:GNPS:MULTIPLEX-SYNTHESIS-LIBRARY-ALL-PARTITION-6:accession:CCMSLIB00016279397,-0.01,mzspec:MSV000098055:peak/mzML/30503.mzML:scan:2893,1,0.74,1,0,MSV000098055,NoID,temp/queries/f0/f0168806d11047e388db22694994c2e9/f0168806d11047e388db22694994c2e9.mgf,1,334,877681
5-ASA_4-phenylbenzoic-acid,mzspec:GNPS:MULTIPLEX-SYNTHESIS-LIBRARY-ALL-PARTITION-6:accession:CCMSLIB00016279397,0.01,mzspec:MSV000083756:ccms_peak/Fecal-1-3ACN-3IPA-2H2O_RA11_200.mzML:scan:524,1,0.74,2,0,MSV000083756,NoID,temp/queries/f0/f0168806d11047e388db22694994c2e9/f0168806d11047e388db22694994c2e9.mgf,1,334,689942
5-ASA_4-phenylbenzoic-acid,mzspec:GNPS:MULTIPLEX-SYNTHESIS-LIBRARY-ALL-PARTITION-6:accession:CCMSLIB00016279397,0.01,mzspec:MSV000083756:peak/Fecal-1-3ACN-3IPA-2H2O_RA11_200.mzML:scan:524,1,0.74,2,0,MSV000083756,NoID,temp/queries/f0/f0168806d11047e388db22694994c2e9/f0168806d11047e388db22694994c2e9.mgf,1,334,690208
5-ASA_4-phenylbenzoic-acid,mzspec:GNPS:MULTIPLEX-SYNTHESIS-LIBRARY-ALL-PARTITION-6:accession:CCMSLIB00016279397,-0.01,mzspec:MSV000098055:peak/mzML/30224.mzML:scan:2839,1,0.73,1,0,MSV000098055,NoID,temp/queries/f0/f0168806d11047e388db22694994c2e9/f0168806d11047e388db22694994c2e9.mgf,1,334,877110
5-ASA_4-phenylbenzoic-acid,mzspec:GNPS:MULTIPLEX-SYNTHESIS-LIBRARY-ALL-PARTITION-6:accession:CCMSLIB00016279397,-0.01,mzspec:MSV000098055:peak/mzML/30733.mzML:scan:2845,1,0.73,1,0,MSV000098055,NoID,temp/queries/f0/f0168806d11047e388db22694994c2e9/f0168806d11047e388db22694994c2e9.mgf,1,334,877160
5-ASA_4-phenylbenzoic-acid,mzspec:GNPS:MULTIPLEX-SYNTHESIS-LIBRARY-ALL-PARTITION-6:accession:CCMSLIB00016279397,-0.02,mzspec:MSV000096584:updates/2025-01-07_JAGONGO_1994_0a435195/peak/mzMLfile/P5_F4_G79724.mzML:scan:973,1,0.72,2,0,MSV000096584,NoID,temp/queries/f0/f0168806d11047e388db22694994c2e9/f0168806d11047e388db22694994c2e9.mgf,1,334,371478
5-ASA_4-phenylbenzoic-acid,mzspec:GNPS:MULTIPLEX-SYNTHESIS-LIBRARY-ALL-PARTITION-6:accession:CCMSLIB00016279397,-0.01,mzspec:MSV000098055:peak/mzML/30950.mzML:scan:2794,1,0.72,1,0,MSV000098055,NoID,temp/queries/f0/f0168806d11047e388db22694994c2e9/f0168806d11047e388db22694994c2e9.mgf,1,334,878612
5-ASA_4-phenylbenzoic-acid,mzspec:GNPS:MULTIPLEX-SYNTHESIS-LIBRARY-ALL-PARTITION-6:accession:CCMSLIB00016279397,-0.02,mzspec:MSV000092820:raw/083123_Matthaei_Herbarium_lowmz/2020_Matthaei_nBuOH_150-450mz/Monstera-deliciosa-Stem-nBuOH-2020.mzML:scan:2136,1,0.71,2,0,MSV000092820,NoID,temp/queries/f0/f0168806d11047e388db22694994c2e9/f0168806d11047e388db22694994c2e9.mgf,1,334,311451
5-ASA_4-phenylbenzoic-acid,mzspec:GNPS:MULTIPLEX-SYNTHESIS-LIBRARY-ALL-PARTITION-6:accession:CCMSLIB00016279397,-0.01,mzspec:MSV000098055:peak/mzML/30503.mzML:scan:2900,1,0.71,1,0,MSV000098055,NoID,temp/queries/f0/f0168806d11047e388db22694994c2e9/f0168806d11047e388db22694994c2e9.mgf,1,334,877682
5-ASA_4-phenylbenzoic-acid,mzspec:GNPS:MULTIPLEX-SYNTHESIS-LIBRARY-ALL-PARTITION-6:accession:CCMSLIB00016279397,-0.01,mzspec:MSV000098055:peak/mzML/58053.mzML:scan:2827,1,0.7,1,0,MSV000098055,NoID,temp/queries/f0/f0168806d11047e388db22694994c2e9/f0168806d11047e388db22694994c2e9.mgf,1,334,875611
