compound_name,lib_usi,desc,timing
5-ASA_4-pyridazinecarboxylic-acid,mzspec:GNPS:MULTIPLEX-SYNTHESIS-LIBRARY-ALL-PARTITION-6:accession:CCMSLIB00016279516,prep,0.0008723735809326172
5-ASA_4-pyridazinecarboxylic-acid,mzspec:GNPS:MULTIPLEX-SYNTHESIS-LIBRARY-ALL-PARTITION-6:accession:CCMSLIB00016279516,Search,0.7258501052856445
5-ASA_4-pyridazinecarboxylic-acid,mzspec:GNPS:MULTIPLEX-SYNTHESIS-LIBRARY-ALL-PARTITION-6:accession:CCMSLIB00016279516,Parse Query,8.988380432128906e-05
5-ASA_4-pyridazinecarboxylic-acid,mzspec:GNPS:MULTIPLEX-SYNTHESIS-LIBRARY-ALL-PARTITION-6:accession:CCMSLIB00016279516,Parse Query 2,0.001491546630859375
5-ASA_4-pyridazinecarboxylic-acid,mzspec:GNPS:MULTIPLEX-SYNTHESIS-LIBRARY-ALL-PARTITION-6:accession:CCMSLIB00016279516,Get DB Info,8.869171142578125e-05
5-ASA_4-pyridazinecarboxylic-acid,mzspec:GNPS:MULTIPLEX-SYNTHESIS-LIBRARY-ALL-PARTITION-6:accession:CCMSLIB00016279516,Demangle,0.004958629608154297
5-ASA_4-pyridazinecarboxylic-acid,mzspec:GNPS:MULTIPLEX-SYNTHESIS-LIBRARY-ALL-PARTITION-6:accession:CCMSLIB00016279516,Group,0.005296230316162109
5-ASA_4-pyridazinecarboxylic-acid,mzspec:GNPS:MULTIPLEX-SYNTHESIS-LIBRARY-ALL-PARTITION-6:accession:CCMSLIB00016279516,Enrich datasets,0.011798620223999023
