compound_name,lib_usi,desc,timing
5-ASA_4-trifluoromethyl-benzoic-acid,mzspec:GNPS:MULTIPLEX-SYNTHESIS-LIBRARY-ALL-PARTITION-6:accession:CCMSLIB00016279472,prep,0.0013873577117919922
5-ASA_4-trifluoromethyl-benzoic-acid,mzspec:GNPS:MULTIPLEX-SYNTHESIS-LIBRARY-ALL-PARTITION-6:accession:CCMSLIB00016279472,Search,0.7115371227264404
5-ASA_4-trifluoromethyl-benzoic-acid,mzspec:GNPS:MULTIPLEX-SYNTHESIS-LIBRARY-ALL-PARTITION-6:accession:CCMSLIB00016279472,Parse Query,0.0001246929168701172
5-ASA_4-trifluoromethyl-benzoic-acid,mzspec:GNPS:MULTIPLEX-SYNTHESIS-LIBRARY-ALL-PARTITION-6:accession:CCMSLIB00016279472,Parse Query 2,0.0014734268188476562
5-ASA_4-trifluoromethyl-benzoic-acid,mzspec:GNPS:MULTIPLEX-SYNTHESIS-LIBRARY-ALL-PARTITION-6:accession:CCMSLIB00016279472,Get DB Info,0.00015020370483398438
5-ASA_4-trifluoromethyl-benzoic-acid,mzspec:GNPS:MULTIPLEX-SYNTHESIS-LIBRARY-ALL-PARTITION-6:accession:CCMSLIB00016279472,Demangle,0.005579233169555664
5-ASA_4-trifluoromethyl-benzoic-acid,mzspec:GNPS:MULTIPLEX-SYNTHESIS-LIBRARY-ALL-PARTITION-6:accession:CCMSLIB00016279472,Group,0.0052950382232666016
5-ASA_4-trifluoromethyl-benzoic-acid,mzspec:GNPS:MULTIPLEX-SYNTHESIS-LIBRARY-ALL-PARTITION-6:accession:CCMSLIB00016279472,Enrich datasets,0.013089418411254883
