compound_name,lib_usi,Delta Mass,USI,Charge,Cosine,Matching Peaks,Unit Delta Mass,Dataset,Status,Query Filename,Query Scan,Index UnitPM,Index IdxInUnitPM
5-ASA_5-ethyl-2-pyridineethanol,mzspec:GNPS:MULTIPLEX-SYNTHESIS-LIBRARY-ALL-PARTITION-6:accession:CCMSLIB00016279230,0.0,mzspec:MSV000094559:updates/2024-12-18_apatan_366c37f7/raw/10172024/AP_1956.mzML:scan:785,1,1.0,4,0,MSV000094559,NoID,temp/queries/25/2593cfdd322d469695a3c36d1d8f3cf8/2593cfdd322d469695a3c36d1d8f3cf8.mgf,1,287,993792
5-ASA_5-ethyl-2-pyridineethanol,mzspec:GNPS:MULTIPLEX-SYNTHESIS-LIBRARY-ALL-PARTITION-6:accession:CCMSLIB00016279230,-0.0,mzspec:MSV000094559:updates/2024-12-18_apatan_366c37f7/raw/10172024/AP_1948.mzML:scan:789,1,1.0,4,0,MSV000094559,NoID,temp/queries/25/2593cfdd322d469695a3c36d1d8f3cf8/2593cfdd322d469695a3c36d1d8f3cf8.mgf,1,287,993931
5-ASA_5-ethyl-2-pyridineethanol,mzspec:GNPS:MULTIPLEX-SYNTHESIS-LIBRARY-ALL-PARTITION-6:accession:CCMSLIB00016279230,-0.0,mzspec:MSV000094559:updates/2024-12-18_apatan_366c37f7/raw/10172024/AP_1950.mzML:scan:864,1,0.99,3,0,MSV000094559,NoID,temp/queries/25/2593cfdd322d469695a3c36d1d8f3cf8/2593cfdd322d469695a3c36d1d8f3cf8.mgf,1,287,993415
5-ASA_5-ethyl-2-pyridineethanol,mzspec:GNPS:MULTIPLEX-SYNTHESIS-LIBRARY-ALL-PARTITION-6:accession:CCMSLIB00016279230,-0.0,mzspec:MSV000094559:updates/2024-12-18_apatan_366c37f7/raw/10172024/AP_1959.mzML:scan:797,1,0.99,4,0,MSV000094559,NoID,temp/queries/25/2593cfdd322d469695a3c36d1d8f3cf8/2593cfdd322d469695a3c36d1d8f3cf8.mgf,1,287,993567
5-ASA_5-ethyl-2-pyridineethanol,mzspec:GNPS:MULTIPLEX-SYNTHESIS-LIBRARY-ALL-PARTITION-6:accession:CCMSLIB00016279230,-0.0,mzspec:MSV000094559:updates/2024-12-18_apatan_366c37f7/raw/10172024/AP_1942.mzML:scan:782,1,0.98,3,0,MSV000094559,NoID,temp/queries/25/2593cfdd322d469695a3c36d1d8f3cf8/2593cfdd322d469695a3c36d1d8f3cf8.mgf,1,287,994496
5-ASA_5-ethyl-2-pyridineethanol,mzspec:GNPS:MULTIPLEX-SYNTHESIS-LIBRARY-ALL-PARTITION-6:accession:CCMSLIB00016279230,-0.0,mzspec:MSV000094559:updates/2024-12-18_apatan_366c37f7/raw/10172024/AP_1944.mzML:scan:802,1,0.98,3,0,MSV000094559,NoID,temp/queries/25/2593cfdd322d469695a3c36d1d8f3cf8/2593cfdd322d469695a3c36d1d8f3cf8.mgf,1,287,995401
5-ASA_5-ethyl-2-pyridineethanol,mzspec:GNPS:MULTIPLEX-SYNTHESIS-LIBRARY-ALL-PARTITION-6:accession:CCMSLIB00016279230,0.0,mzspec:MSV000094559:updates/2024-05-01_apatan_a239a811/peak/AP_123.mzML:scan:761,1,0.84,2,0,MSV000094559,NoID,temp/queries/25/2593cfdd322d469695a3c36d1d8f3cf8/2593cfdd322d469695a3c36d1d8f3cf8.mgf,1,287,993328
5-ASA_5-ethyl-2-pyridineethanol,mzspec:GNPS:MULTIPLEX-SYNTHESIS-LIBRARY-ALL-PARTITION-6:accession:CCMSLIB00016279230,0.0,mzspec:MSV000094559:updates/2024-04-30_apatan_21b0824a/peak/AP_123.mzML:scan:761,1,0.84,2,0,MSV000094559,NoID,temp/queries/25/2593cfdd322d469695a3c36d1d8f3cf8/2593cfdd322d469695a3c36d1d8f3cf8.mgf,1,287,992858
5-ASA_5-ethyl-2-pyridineethanol,mzspec:GNPS:MULTIPLEX-SYNTHESIS-LIBRARY-ALL-PARTITION-6:accession:CCMSLIB00016279230,0.0,mzspec:MSV000094559:updates/2024-04-30_apatan_3bf26fdf/peak/AP_123.mzML:scan:761,1,0.84,2,0,MSV000094559,NoID,temp/queries/25/2593cfdd322d469695a3c36d1d8f3cf8/2593cfdd322d469695a3c36d1d8f3cf8.mgf,1,287,992822
5-ASA_5-ethyl-2-pyridineethanol,mzspec:GNPS:MULTIPLEX-SYNTHESIS-LIBRARY-ALL-PARTITION-6:accession:CCMSLIB00016279230,0.0,mzspec:MSV000094559:updates/2024-04-30_apatan_dffdff66/peak/AP_123.mzML:scan:761,1,0.84,2,0,MSV000094559,NoID,temp/queries/25/2593cfdd322d469695a3c36d1d8f3cf8/2593cfdd322d469695a3c36d1d8f3cf8.mgf,1,287,994064
5-ASA_5-ethyl-2-pyridineethanol,mzspec:GNPS:MULTIPLEX-SYNTHESIS-LIBRARY-ALL-PARTITION-6:accession:CCMSLIB00016279230,-0.0,mzspec:MSV000094559:updates/2024-12-18_apatan_366c37f7/raw/10172024/AP_1951.mzML:scan:683,1,0.83,2,0,MSV000094559,NoID,temp/queries/25/2593cfdd322d469695a3c36d1d8f3cf8/2593cfdd322d469695a3c36d1d8f3cf8.mgf,1,287,995755
5-ASA_5-ethyl-2-pyridineethanol,mzspec:GNPS:MULTIPLEX-SYNTHESIS-LIBRARY-ALL-PARTITION-6:accession:CCMSLIB00016279230,0.0,mzspec:MSV000094559:updates/2024-12-18_apatan_535e183c/raw/12042024/mzML/AP_1999.mzML:scan:719,1,0.83,2,0,MSV000094559,NoID,temp/queries/25/2593cfdd322d469695a3c36d1d8f3cf8/2593cfdd322d469695a3c36d1d8f3cf8.mgf,1,287,995455
5-ASA_5-ethyl-2-pyridineethanol,mzspec:GNPS:MULTIPLEX-SYNTHESIS-LIBRARY-ALL-PARTITION-6:accession:CCMSLIB00016279230,0.0,mzspec:MSV000094559:updates/2024-12-18_apatan_535e183c/raw/12042024/mzML/AP_2141.mzML:scan:667,1,0.83,2,0,MSV000094559,NoID,temp/queries/25/2593cfdd322d469695a3c36d1d8f3cf8/2593cfdd322d469695a3c36d1d8f3cf8.mgf,1,287,995862
5-ASA_5-ethyl-2-pyridineethanol,mzspec:GNPS:MULTIPLEX-SYNTHESIS-LIBRARY-ALL-PARTITION-6:accession:CCMSLIB00016279230,0.0,mzspec:MSV000094559:updates/2024-12-18_apatan_535e183c/raw/12042024/mzML/AP_2092.mzML:scan:675,1,0.83,2,0,MSV000094559,NoID,temp/queries/25/2593cfdd322d469695a3c36d1d8f3cf8/2593cfdd322d469695a3c36d1d8f3cf8.mgf,1,287,994048
5-ASA_5-ethyl-2-pyridineethanol,mzspec:GNPS:MULTIPLEX-SYNTHESIS-LIBRARY-ALL-PARTITION-6:accession:CCMSLIB00016279230,0.0,mzspec:MSV000094559:updates/2024-12-18_apatan_535e183c/raw/12042024/mzML/AP_2102.mzML:scan:669,1,0.82,2,0,MSV000094559,NoID,temp/queries/25/2593cfdd322d469695a3c36d1d8f3cf8/2593cfdd322d469695a3c36d1d8f3cf8.mgf,1,287,995101
5-ASA_5-ethyl-2-pyridineethanol,mzspec:GNPS:MULTIPLEX-SYNTHESIS-LIBRARY-ALL-PARTITION-6:accession:CCMSLIB00016279230,0.01,mzspec:MSV000092487:peak/mzML/Positive_May/R1_pos_2.mzML:scan:381,1,0.8,2,0,MSV000092487,NoID,temp/queries/25/2593cfdd322d469695a3c36d1d8f3cf8/2593cfdd322d469695a3c36d1d8f3cf8.mgf,1,287,220388
5-ASA_5-ethyl-2-pyridineethanol,mzspec:GNPS:MULTIPLEX-SYNTHESIS-LIBRARY-ALL-PARTITION-6:accession:CCMSLIB00016279230,0.01,mzspec:MSV000084900:ccms_peak/Global_Foodomics_composite_data_2020/MSV000081350_cider/Fuji/cider/CW_145.S_F1.T13_RC8_01_13219.mzML:scan:882,1,0.79,2,0,MSV000084900,NoID,temp/queries/25/2593cfdd322d469695a3c36d1d8f3cf8/2593cfdd322d469695a3c36d1d8f3cf8.mgf,1,287,805768
5-ASA_5-ethyl-2-pyridineethanol,mzspec:GNPS:MULTIPLEX-SYNTHESIS-LIBRARY-ALL-PARTITION-6:accession:CCMSLIB00016279230,0.01,mzspec:MSV000081350:updates/2020-02-03_jgauglitz_c65f43e6/peak/data_mzxml/Samples/Fuji/cider/CW_145.S_F1.T13_RC8_01_13219.mzXML:scan:882,1,0.79,2,0,MSV000081350,NoID,temp/queries/25/2593cfdd322d469695a3c36d1d8f3cf8/2593cfdd322d469695a3c36d1d8f3cf8.mgf,1,287,482280
5-ASA_5-ethyl-2-pyridineethanol,mzspec:GNPS:MULTIPLEX-SYNTHESIS-LIBRARY-ALL-PARTITION-6:accession:CCMSLIB00016279230,0.01,mzspec:MSV000081350:updates/2017-08-07_jgauglitz_abecf825/peak/mzXML_EtOH/CW_145.S_F1.T13_RC8_01_13219.mzXML:scan:882,1,0.79,2,0,MSV000081350,NoID,temp/queries/25/2593cfdd322d469695a3c36d1d8f3cf8/2593cfdd322d469695a3c36d1d8f3cf8.mgf,1,287,482020
5-ASA_5-ethyl-2-pyridineethanol,mzspec:GNPS:MULTIPLEX-SYNTHESIS-LIBRARY-ALL-PARTITION-6:accession:CCMSLIB00016279230,0.01,mzspec:MSV000081350:ccms_peak/mzXML/CW_145.S_F1.T13_MeOH_RC8_01_13347.mzXML:scan:882,1,0.78,2,0,MSV000081350,NoID,temp/queries/25/2593cfdd322d469695a3c36d1d8f3cf8/2593cfdd322d469695a3c36d1d8f3cf8.mgf,1,287,482344
5-ASA_5-ethyl-2-pyridineethanol,mzspec:GNPS:MULTIPLEX-SYNTHESIS-LIBRARY-ALL-PARTITION-6:accession:CCMSLIB00016279230,0.01,mzspec:MSV000082074:updates/2019-02-26_jgauglitz_75d3f04f/other/Wittenberg/cider_analysis/Fuji/mzxml/Samples/CW_145.S_F1.T13_MeOH_RC8_01_13347.mzXML:scan:882,1,0.78,2,0,MSV000082074,NoID,temp/queries/25/2593cfdd322d469695a3c36d1d8f3cf8/2593cfdd322d469695a3c36d1d8f3cf8.mgf,1,287,2015214
5-ASA_5-ethyl-2-pyridineethanol,mzspec:GNPS:MULTIPLEX-SYNTHESIS-LIBRARY-ALL-PARTITION-6:accession:CCMSLIB00016279230,0.01,mzspec:MSV000092487:peak/mzML/Positive_May/R1_pos_1.mzML:scan:372,1,0.77,2,0,MSV000092487,NoID,temp/queries/25/2593cfdd322d469695a3c36d1d8f3cf8/2593cfdd322d469695a3c36d1d8f3cf8.mgf,1,287,218714
5-ASA_5-ethyl-2-pyridineethanol,mzspec:GNPS:MULTIPLEX-SYNTHESIS-LIBRARY-ALL-PARTITION-6:accession:CCMSLIB00016279230,-0.0,mzspec:MTBLS12231:FILES/DERIVED_FILES/POS/O.M_LZF_2-A8_1_16195.mzML:scan:4294967295,1,0.76,2,0,MTBLS12231,NoID,temp/queries/25/2593cfdd322d469695a3c36d1d8f3cf8/2593cfdd322d469695a3c36d1d8f3cf8.mgf,1,287,2557339
5-ASA_5-ethyl-2-pyridineethanol,mzspec:GNPS:MULTIPLEX-SYNTHESIS-LIBRARY-ALL-PARTITION-6:accession:CCMSLIB00016279230,0.02,mzspec:MSV000090953:raw/mzML/220908_ED_Giovanni_sample_259cent.mzML:scan:83,1,0.75,2,0,MSV000090953,NoID,temp/queries/25/2593cfdd322d469695a3c36d1d8f3cf8/2593cfdd322d469695a3c36d1d8f3cf8.mgf,1,287,720463
5-ASA_5-ethyl-2-pyridineethanol,mzspec:GNPS:MULTIPLEX-SYNTHESIS-LIBRARY-ALL-PARTITION-6:accession:CCMSLIB00016279230,-0.01,mzspec:MSV000090341:peak/mzML/AF5-LIST10-HCD40.mzML:scan:503,1,0.74,3,0,MSV000090341,NoID,temp/queries/25/2593cfdd322d469695a3c36d1d8f3cf8/2593cfdd322d469695a3c36d1d8f3cf8.mgf,1,287,1843437
5-ASA_5-ethyl-2-pyridineethanol,mzspec:GNPS:MULTIPLEX-SYNTHESIS-LIBRARY-ALL-PARTITION-6:accession:CCMSLIB00016279230,-0.01,mzspec:MSV000090341:ccms_peak/raw/AF5-LIST10-HCD40.mzML:scan:503,1,0.74,3,0,MSV000090341,NoID,temp/queries/25/2593cfdd322d469695a3c36d1d8f3cf8/2593cfdd322d469695a3c36d1d8f3cf8.mgf,1,287,1842698
5-ASA_5-ethyl-2-pyridineethanol,mzspec:GNPS:MULTIPLEX-SYNTHESIS-LIBRARY-ALL-PARTITION-6:accession:CCMSLIB00016279230,0.01,mzspec:MSV000087728:ccms_peak/VGF_pos_with_QC_and_blanks_raw/VGF147_B05_pos.mzML:scan:1753,1,0.74,3,0,MSV000087728,NoID,temp/queries/25/2593cfdd322d469695a3c36d1d8f3cf8/2593cfdd322d469695a3c36d1d8f3cf8.mgf,1,287,260687
5-ASA_5-ethyl-2-pyridineethanol,mzspec:GNPS:MULTIPLEX-SYNTHESIS-LIBRARY-ALL-PARTITION-6:accession:CCMSLIB00016279230,0.01,mzspec:MSV000087728:ccms_peak/VGF_pos_with_QC_and_blanks_raw/VGF147_G05_pos.mzML:scan:1742,1,0.74,3,0,MSV000087728,NoID,temp/queries/25/2593cfdd322d469695a3c36d1d8f3cf8/2593cfdd322d469695a3c36d1d8f3cf8.mgf,1,287,262770
5-ASA_5-ethyl-2-pyridineethanol,mzspec:GNPS:MULTIPLEX-SYNTHESIS-LIBRARY-ALL-PARTITION-6:accession:CCMSLIB00016279230,0.0,mzspec:MSV000084884:updates/2020-02-03_jamirimoghaddam_67410a78/raw/w20_Alg.mzML:scan:3003,1,0.74,2,0,MSV000084884,NoID,temp/queries/25/2593cfdd322d469695a3c36d1d8f3cf8/2593cfdd322d469695a3c36d1d8f3cf8.mgf,1,287,2004510
5-ASA_5-ethyl-2-pyridineethanol,mzspec:GNPS:MULTIPLEX-SYNTHESIS-LIBRARY-ALL-PARTITION-6:accession:CCMSLIB00016279230,0.0,mzspec:MSV000094559:updates/2024-12-18_apatan_366c37f7/raw/10172024/AP_1945.mzML:scan:793,1,0.72,3,0,MSV000094559,NoID,temp/queries/25/2593cfdd322d469695a3c36d1d8f3cf8/2593cfdd322d469695a3c36d1d8f3cf8.mgf,1,287,994186
5-ASA_5-ethyl-2-pyridineethanol,mzspec:GNPS:MULTIPLEX-SYNTHESIS-LIBRARY-ALL-PARTITION-6:accession:CCMSLIB00016279230,0.01,mzspec:MSV000095296:ccms_peak/negative_T0d/D059A.mzML:scan:4294967295,1,0.72,1,0,MSV000095296,NoID,temp/queries/25/2593cfdd322d469695a3c36d1d8f3cf8/2593cfdd322d469695a3c36d1d8f3cf8.mgf,1,287,883960
5-ASA_5-ethyl-2-pyridineethanol,mzspec:GNPS:MULTIPLEX-SYNTHESIS-LIBRARY-ALL-PARTITION-6:accession:CCMSLIB00016279230,0.02,mzspec:MSV000090953:raw/mzML/220908_ED_Giovanni_sample_258cent.mzML:scan:69,1,0.7,2,0,MSV000090953,NoID,temp/queries/25/2593cfdd322d469695a3c36d1d8f3cf8/2593cfdd322d469695a3c36d1d8f3cf8.mgf,1,287,718489
