compound_name,lib_usi,Delta Mass,USI,Charge,Cosine,Matching Peaks,Unit Delta Mass,Dataset,Status,Query Filename,Query Scan,Index UnitPM,Index IdxInUnitPM
5-ASA_5-hexynoic-acid,mzspec:GNPS:MULTIPLEX-SYNTHESIS-LIBRARY-ALL-PARTITION-6:accession:CCMSLIB00016279002,0.0,mzspec:MSV000094393:peak/Salicylic_Fatty_acids_AP_55.mzML:scan:1034,1,0.97,7,0,MSV000094393,NoID,temp/queries/3b/3be1736014ae41a6b9c92c1f7c776352/3be1736014ae41a6b9c92c1f7c776352.mgf,1,248,1035297
5-ASA_5-hexynoic-acid,mzspec:GNPS:MULTIPLEX-SYNTHESIS-LIBRARY-ALL-PARTITION-6:accession:CCMSLIB00016279002,-0.02,mzspec:MSV000093269:raw/20180806_KBL_JL_HILICZ_Poplar_FungInnoc_Final/rawdata/20180806_KBL_JL_Poplar_FungInnoc_Final_QE-HF-UV_HILICZ_USHXG01093_POS_MSMS_31_BESC304-Block1-24h_1_Rg70to1050-CE102040--S1_Run28.mzML:scan:2700,1,0.73,4,0,MSV000093269,NoID,temp/queries/3b/3be1736014ae41a6b9c92c1f7c776352/3be1736014ae41a6b9c92c1f7c776352.mgf,1,248,1836228
5-ASA_5-hexynoic-acid,mzspec:GNPS:MULTIPLEX-SYNTHESIS-LIBRARY-ALL-PARTITION-6:accession:CCMSLIB00016279002,0.01,mzspec:MSV000087427:peak/03-17-2021-LA-peaklist-reconvert/6_mix.mzXML:scan:138,1,0.71,2,0,MSV000087427,NoID,temp/queries/3b/3be1736014ae41a6b9c92c1f7c776352/3be1736014ae41a6b9c92c1f7c776352.mgf,1,248,1369610
5-ASA_5-hexynoic-acid,mzspec:GNPS:MULTIPLEX-SYNTHESIS-LIBRARY-ALL-PARTITION-6:accession:CCMSLIB00016279002,-0.02,mzspec:MSV000093269:raw/20180806_KBL_JL_HILICZ_Poplar_FungInnoc_Final/rawdata/20180806_KBL_JL_Poplar_FungInnoc_Final_QE-HF-UV_HILICZ_USHXG01093_POS_MSMS_23_BESC24-Block1-Control_1_Rg70to1050-CE102040--S1_Run219.mzML:scan:819,1,0.7,5,0,MSV000093269,NoID,temp/queries/3b/3be1736014ae41a6b9c92c1f7c776352/3be1736014ae41a6b9c92c1f7c776352.mgf,1,248,1832259
5-ASA_5-hexynoic-acid,mzspec:GNPS:MULTIPLEX-SYNTHESIS-LIBRARY-ALL-PARTITION-6:accession:CCMSLIB00016279002,-0.02,mzspec:MSV000091773:raw/Volf_Salix_MassIVE/MVP0020_SALIFO.mzXML:scan:239,1,0.7,4,0,MSV000091773,NoID,temp/queries/3b/3be1736014ae41a6b9c92c1f7c776352/3be1736014ae41a6b9c92c1f7c776352.mgf,1,248,1442222
