compound_name,lib_usi,desc,timing
5-ASA_6-bromo-2-naphthol,mzspec:GNPS:MULTIPLEX-SYNTHESIS-LIBRARY-ALL-PARTITION-6:accession:CCMSLIB00016279265,prep,0.001062631607055664
5-ASA_6-bromo-2-naphthol,mzspec:GNPS:MULTIPLEX-SYNTHESIS-LIBRARY-ALL-PARTITION-6:accession:CCMSLIB00016279265,Search,0.6386048793792725
5-ASA_6-bromo-2-naphthol,mzspec:GNPS:MULTIPLEX-SYNTHESIS-LIBRARY-ALL-PARTITION-6:accession:CCMSLIB00016279265,Parse Query,9.72747802734375e-05
5-ASA_6-bromo-2-naphthol,mzspec:GNPS:MULTIPLEX-SYNTHESIS-LIBRARY-ALL-PARTITION-6:accession:CCMSLIB00016279265,Parse Query 2,0.0014162063598632812
5-ASA_6-bromo-2-naphthol,mzspec:GNPS:MULTIPLEX-SYNTHESIS-LIBRARY-ALL-PARTITION-6:accession:CCMSLIB00016279265,Get DB Info,8.559226989746094e-05
5-ASA_6-bromo-2-naphthol,mzspec:GNPS:MULTIPLEX-SYNTHESIS-LIBRARY-ALL-PARTITION-6:accession:CCMSLIB00016279265,Demangle,0.0047266483306884766
5-ASA_6-bromo-2-naphthol,mzspec:GNPS:MULTIPLEX-SYNTHESIS-LIBRARY-ALL-PARTITION-6:accession:CCMSLIB00016279265,Group,0.005121946334838867
5-ASA_6-bromo-2-naphthol,mzspec:GNPS:MULTIPLEX-SYNTHESIS-LIBRARY-ALL-PARTITION-6:accession:CCMSLIB00016279265,Enrich datasets,0.011360645294189453
