compound_name,lib_usi,Delta Mass,USI,Charge,Cosine,Matching Peaks,Unit Delta Mass,Dataset,Status,Query Filename,Query Scan,Index UnitPM,Index IdxInUnitPM
5-ASA_6-fluoro-2-aminophenol,mzspec:GNPS:MULTIPLEX-SYNTHESIS-LIBRARY-ALL-PARTITION-6:accession:CCMSLIB00016278902,0.02,mzspec:MSV000081981:ccms_peak/2017.AmericanGutPhase1.Samples.mzXMLfiles/Samples/000035763_RD10_01_5376.mzML:scan:548,1,0.74,2,0,MSV000081981,NoID,temp/queries/76/7624801e90ca4b588faa497b70df2fe5/7624801e90ca4b588faa497b70df2fe5.mgf,1,263,1684655
5-ASA_6-fluoro-2-aminophenol,mzspec:GNPS:MULTIPLEX-SYNTHESIS-LIBRARY-ALL-PARTITION-6:accession:CCMSLIB00016278902,0.02,mzspec:MSV000080673:ccms_peak/2017.AmericanGut3K.mzXMLfiles/Samples/000035763_RD10_01_5376.mzML:scan:548,1,0.74,2,0,MSV000080673,NoID,temp/queries/76/7624801e90ca4b588faa497b70df2fe5/7624801e90ca4b588faa497b70df2fe5.mgf,1,263,2275421
5-ASA_6-fluoro-2-aminophenol,mzspec:GNPS:MULTIPLEX-SYNTHESIS-LIBRARY-ALL-PARTITION-6:accession:CCMSLIB00016278902,0.01,mzspec:MTBLS3963:FILES/DERIVED_FILES/POS/Dec-Lys-4_POS.mzML:scan:4294967295,1,0.72,1,0,MTBLS3963,NoID,temp/queries/76/7624801e90ca4b588faa497b70df2fe5/7624801e90ca4b588faa497b70df2fe5.mgf,1,263,2753127
5-ASA_6-fluoro-2-aminophenol,mzspec:GNPS:MULTIPLEX-SYNTHESIS-LIBRARY-ALL-PARTITION-6:accession:CCMSLIB00016278902,-0.02,mzspec:MSV000082386:ccms_peak/data_mzxml_lqcoffee/Samples/G96452_1x_RH6_01_31889.mzML:scan:315,1,0.72,2,0,MSV000082386,NoID,temp/queries/76/7624801e90ca4b588faa497b70df2fe5/7624801e90ca4b588faa497b70df2fe5.mgf,1,263,20469
5-ASA_6-fluoro-2-aminophenol,mzspec:GNPS:MULTIPLEX-SYNTHESIS-LIBRARY-ALL-PARTITION-6:accession:CCMSLIB00016278902,-0.0,mzspec:MTBLS3963:FILES/DERIVED_FILES/POS/Dec-Leu-3_POS.mzML:scan:4294967295,1,0.72,1,0,MTBLS3963,NoID,temp/queries/76/7624801e90ca4b588faa497b70df2fe5/7624801e90ca4b588faa497b70df2fe5.mgf,1,263,2752807
5-ASA_6-fluoro-2-aminophenol,mzspec:GNPS:MULTIPLEX-SYNTHESIS-LIBRARY-ALL-PARTITION-6:accession:CCMSLIB00016278902,-0.02,mzspec:MSV000083014:peak/Samples/G96452_1x_RH6_01_31889.mzXML:scan:315,1,0.72,2,0,MSV000083014,NoID,temp/queries/76/7624801e90ca4b588faa497b70df2fe5/7624801e90ca4b588faa497b70df2fe5.mgf,1,263,1296868
5-ASA_6-fluoro-2-aminophenol,mzspec:GNPS:MULTIPLEX-SYNTHESIS-LIBRARY-ALL-PARTITION-6:accession:CCMSLIB00016278902,-0.02,mzspec:MSV000084900:ccms_peak/Global_Foodomics_composite_data_2020/MSV000083014_course/G96452_1x_RH6_01_31889.mzML:scan:315,1,0.72,2,0,MSV000084900,NoID,temp/queries/76/7624801e90ca4b588faa497b70df2fe5/7624801e90ca4b588faa497b70df2fe5.mgf,1,263,893167
