compound_name,lib_usi,Delta Mass,USI,Charge,Cosine,Matching Peaks,Unit Delta Mass,Dataset,Status,Query Filename,Query Scan,Index UnitPM,Index IdxInUnitPM
5-ASA_6-hydroxy-hexanoic-acid,mzspec:GNPS:MULTIPLEX-SYNTHESIS-LIBRARY-ALL-PARTITION-6:accession:CCMSLIB00016279394,0.0,mzspec:MSV000094559:updates/2025-03-18_apatan_fc71856c/raw/03152025_jhonsnow/mzML/Hu_1172.mzML:scan:1502,1,1.0,6,0,MSV000094559,NoID,temp/queries/30/309c2dbfadef43149f9033535920b0f2/309c2dbfadef43149f9033535920b0f2.mgf,1,268,967716
5-ASA_6-hydroxy-hexanoic-acid,mzspec:GNPS:MULTIPLEX-SYNTHESIS-LIBRARY-ALL-PARTITION-6:accession:CCMSLIB00016279394,0.0,mzspec:MSV000094559:updates/2025-03-18_apatan_fc71856c/raw/03152025_jhonsnow/mzML/Hu_1333.mzML:scan:1344,1,1.0,6,0,MSV000094559,NoID,temp/queries/30/309c2dbfadef43149f9033535920b0f2/309c2dbfadef43149f9033535920b0f2.mgf,1,268,968655
5-ASA_6-hydroxy-hexanoic-acid,mzspec:GNPS:MULTIPLEX-SYNTHESIS-LIBRARY-ALL-PARTITION-6:accession:CCMSLIB00016279394,0.0,mzspec:MSV000094559:updates/2025-03-18_apatan_fc71856c/raw/03152025_jhonsnow/mzML/Hu_1332.mzML:scan:1355,1,1.0,6,0,MSV000094559,NoID,temp/queries/30/309c2dbfadef43149f9033535920b0f2/309c2dbfadef43149f9033535920b0f2.mgf,1,268,965782
5-ASA_6-hydroxy-hexanoic-acid,mzspec:GNPS:MULTIPLEX-SYNTHESIS-LIBRARY-ALL-PARTITION-6:accession:CCMSLIB00016279394,0.0,mzspec:MSV000094559:updates/2025-03-18_apatan_fc71856c/raw/03152025_jhonsnow/mzML/Hu_1335.mzML:scan:1354,1,1.0,6,0,MSV000094559,NoID,temp/queries/30/309c2dbfadef43149f9033535920b0f2/309c2dbfadef43149f9033535920b0f2.mgf,1,268,970506
5-ASA_6-hydroxy-hexanoic-acid,mzspec:GNPS:MULTIPLEX-SYNTHESIS-LIBRARY-ALL-PARTITION-6:accession:CCMSLIB00016279394,0.0,mzspec:MSV000094559:updates/2025-03-18_apatan_fc71856c/raw/03152025_jhonsnow/mzML/Hu_1337.mzML:scan:1366,1,1.0,6,0,MSV000094559,NoID,temp/queries/30/309c2dbfadef43149f9033535920b0f2/309c2dbfadef43149f9033535920b0f2.mgf,1,268,967269
5-ASA_6-hydroxy-hexanoic-acid,mzspec:GNPS:MULTIPLEX-SYNTHESIS-LIBRARY-ALL-PARTITION-6:accession:CCMSLIB00016279394,0.0,mzspec:MSV000094559:updates/2025-03-18_apatan_fc71856c/raw/03152025_jhonsnow/mzML/Hu_1334.mzML:scan:1342,1,1.0,6,0,MSV000094559,NoID,temp/queries/30/309c2dbfadef43149f9033535920b0f2/309c2dbfadef43149f9033535920b0f2.mgf,1,268,970273
5-ASA_6-hydroxy-hexanoic-acid,mzspec:GNPS:MULTIPLEX-SYNTHESIS-LIBRARY-ALL-PARTITION-6:accession:CCMSLIB00016279394,0.0,mzspec:MSV000094559:updates/2025-03-18_apatan_fc71856c/raw/03152025_jhonsnow/mzML/Hu_1252.mzML:scan:1336,1,1.0,6,0,MSV000094559,NoID,temp/queries/30/309c2dbfadef43149f9033535920b0f2/309c2dbfadef43149f9033535920b0f2.mgf,1,268,969705
5-ASA_6-hydroxy-hexanoic-acid,mzspec:GNPS:MULTIPLEX-SYNTHESIS-LIBRARY-ALL-PARTITION-6:accession:CCMSLIB00016279394,0.0,mzspec:MSV000094559:updates/2025-03-18_apatan_fc71856c/raw/03152025_jhonsnow/mzML/Hu_1338.mzML:scan:1338,1,1.0,6,0,MSV000094559,NoID,temp/queries/30/309c2dbfadef43149f9033535920b0f2/309c2dbfadef43149f9033535920b0f2.mgf,1,268,969344
5-ASA_6-hydroxy-hexanoic-acid,mzspec:GNPS:MULTIPLEX-SYNTHESIS-LIBRARY-ALL-PARTITION-6:accession:CCMSLIB00016279394,0.0,mzspec:MSV000094559:updates/2025-03-18_apatan_fc71856c/raw/03152025_jhonsnow/mzML/Hu_1349.mzML:scan:1352,1,1.0,6,0,MSV000094559,NoID,temp/queries/30/309c2dbfadef43149f9033535920b0f2/309c2dbfadef43149f9033535920b0f2.mgf,1,268,970077
5-ASA_6-hydroxy-hexanoic-acid,mzspec:GNPS:MULTIPLEX-SYNTHESIS-LIBRARY-ALL-PARTITION-6:accession:CCMSLIB00016279394,0.0,mzspec:MSV000094559:updates/2025-03-18_apatan_fc71856c/raw/03152025_jhonsnow/mzML/Hu_1165.mzML:scan:1352,1,1.0,6,0,MSV000094559,NoID,temp/queries/30/309c2dbfadef43149f9033535920b0f2/309c2dbfadef43149f9033535920b0f2.mgf,1,268,967372
5-ASA_6-hydroxy-hexanoic-acid,mzspec:GNPS:MULTIPLEX-SYNTHESIS-LIBRARY-ALL-PARTITION-6:accession:CCMSLIB00016279394,0.0,mzspec:MSV000094559:updates/2025-03-18_apatan_fc71856c/raw/03152025_jhonsnow/mzML/Hu_1244.mzML:scan:1350,1,1.0,6,0,MSV000094559,NoID,temp/queries/30/309c2dbfadef43149f9033535920b0f2/309c2dbfadef43149f9033535920b0f2.mgf,1,268,970889
5-ASA_6-hydroxy-hexanoic-acid,mzspec:GNPS:MULTIPLEX-SYNTHESIS-LIBRARY-ALL-PARTITION-6:accession:CCMSLIB00016279394,0.0,mzspec:MSV000094559:updates/2025-03-18_apatan_fc71856c/raw/03152025_jhonsnow/mzML/Hu_1215.mzML:scan:1357,1,1.0,6,0,MSV000094559,NoID,temp/queries/30/309c2dbfadef43149f9033535920b0f2/309c2dbfadef43149f9033535920b0f2.mgf,1,268,967032
5-ASA_6-hydroxy-hexanoic-acid,mzspec:GNPS:MULTIPLEX-SYNTHESIS-LIBRARY-ALL-PARTITION-6:accession:CCMSLIB00016279394,0.0,mzspec:MSV000094559:updates/2025-03-18_apatan_fc71856c/raw/03152025_jhonsnow/mzML/Hu_1346.mzML:scan:1318,1,1.0,6,0,MSV000094559,NoID,temp/queries/30/309c2dbfadef43149f9033535920b0f2/309c2dbfadef43149f9033535920b0f2.mgf,1,268,965421
5-ASA_6-hydroxy-hexanoic-acid,mzspec:GNPS:MULTIPLEX-SYNTHESIS-LIBRARY-ALL-PARTITION-6:accession:CCMSLIB00016279394,0.0,mzspec:MSV000094559:updates/2025-03-18_apatan_fc71856c/raw/03152025_jhonsnow/mzML/Hu_1223.mzML:scan:1330,1,1.0,6,0,MSV000094559,NoID,temp/queries/30/309c2dbfadef43149f9033535920b0f2/309c2dbfadef43149f9033535920b0f2.mgf,1,268,970806
5-ASA_6-hydroxy-hexanoic-acid,mzspec:GNPS:MULTIPLEX-SYNTHESIS-LIBRARY-ALL-PARTITION-6:accession:CCMSLIB00016279394,0.0,mzspec:MSV000094559:updates/2025-03-18_apatan_fc71856c/raw/03152025_jhonsnow/mzML/Hu_1256.mzML:scan:1316,1,1.0,6,0,MSV000094559,NoID,temp/queries/30/309c2dbfadef43149f9033535920b0f2/309c2dbfadef43149f9033535920b0f2.mgf,1,268,970243
5-ASA_6-hydroxy-hexanoic-acid,mzspec:GNPS:MULTIPLEX-SYNTHESIS-LIBRARY-ALL-PARTITION-6:accession:CCMSLIB00016279394,0.0,mzspec:MSV000094559:updates/2025-03-18_apatan_fc71856c/raw/03152025_jhonsnow/mzML/Hu_1213.mzML:scan:1351,1,0.99,6,0,MSV000094559,NoID,temp/queries/30/309c2dbfadef43149f9033535920b0f2/309c2dbfadef43149f9033535920b0f2.mgf,1,268,966332
5-ASA_6-hydroxy-hexanoic-acid,mzspec:GNPS:MULTIPLEX-SYNTHESIS-LIBRARY-ALL-PARTITION-6:accession:CCMSLIB00016279394,0.0,mzspec:MSV000094559:updates/2025-03-18_apatan_fc71856c/raw/03152025_jhonsnow/mzML/Hu_1348.mzML:scan:1331,1,0.99,6,0,MSV000094559,NoID,temp/queries/30/309c2dbfadef43149f9033535920b0f2/309c2dbfadef43149f9033535920b0f2.mgf,1,268,968579
5-ASA_6-hydroxy-hexanoic-acid,mzspec:GNPS:MULTIPLEX-SYNTHESIS-LIBRARY-ALL-PARTITION-6:accession:CCMSLIB00016279394,0.0,mzspec:MSV000094559:updates/2025-03-18_apatan_fc71856c/raw/03152025_jhonsnow/mzML/Hu_1339.mzML:scan:1360,1,0.99,6,0,MSV000094559,NoID,temp/queries/30/309c2dbfadef43149f9033535920b0f2/309c2dbfadef43149f9033535920b0f2.mgf,1,268,970679
5-ASA_6-hydroxy-hexanoic-acid,mzspec:GNPS:MULTIPLEX-SYNTHESIS-LIBRARY-ALL-PARTITION-6:accession:CCMSLIB00016279394,0.0,mzspec:MSV000094559:updates/2025-03-18_apatan_fc71856c/raw/03152025_jhonsnow/mzML/Hu_1330.mzML:scan:1343,1,0.99,6,0,MSV000094559,NoID,temp/queries/30/309c2dbfadef43149f9033535920b0f2/309c2dbfadef43149f9033535920b0f2.mgf,1,268,971063
5-ASA_6-hydroxy-hexanoic-acid,mzspec:GNPS:MULTIPLEX-SYNTHESIS-LIBRARY-ALL-PARTITION-6:accession:CCMSLIB00016279394,0.0,mzspec:MSV000094559:updates/2025-03-18_apatan_fc71856c/raw/03152025_jhonsnow/mzML/Hu_1173.mzML:scan:1320,1,0.99,6,0,MSV000094559,NoID,temp/queries/30/309c2dbfadef43149f9033535920b0f2/309c2dbfadef43149f9033535920b0f2.mgf,1,268,966746
5-ASA_6-hydroxy-hexanoic-acid,mzspec:GNPS:MULTIPLEX-SYNTHESIS-LIBRARY-ALL-PARTITION-6:accession:CCMSLIB00016279394,0.0,mzspec:MSV000094559:updates/2025-03-18_apatan_fc71856c/raw/03152025_jhonsnow/mzML/Hu_1200.mzML:scan:1363,1,0.99,6,0,MSV000094559,NoID,temp/queries/30/309c2dbfadef43149f9033535920b0f2/309c2dbfadef43149f9033535920b0f2.mgf,1,268,967538
5-ASA_6-hydroxy-hexanoic-acid,mzspec:GNPS:MULTIPLEX-SYNTHESIS-LIBRARY-ALL-PARTITION-6:accession:CCMSLIB00016279394,0.0,mzspec:MSV000094559:updates/2025-03-18_apatan_fc71856c/raw/03152025_jhonsnow/mzML/Hu_1248.mzML:scan:1332,1,0.99,6,0,MSV000094559,NoID,temp/queries/30/309c2dbfadef43149f9033535920b0f2/309c2dbfadef43149f9033535920b0f2.mgf,1,268,967775
5-ASA_6-hydroxy-hexanoic-acid,mzspec:GNPS:MULTIPLEX-SYNTHESIS-LIBRARY-ALL-PARTITION-6:accession:CCMSLIB00016279394,0.0,mzspec:MSV000094559:updates/2025-03-18_apatan_fc71856c/raw/03152025_jhonsnow/mzML/Hu_1249.mzML:scan:1333,1,0.98,6,0,MSV000094559,NoID,temp/queries/30/309c2dbfadef43149f9033535920b0f2/309c2dbfadef43149f9033535920b0f2.mgf,1,268,966675
5-ASA_6-hydroxy-hexanoic-acid,mzspec:GNPS:MULTIPLEX-SYNTHESIS-LIBRARY-ALL-PARTITION-6:accession:CCMSLIB00016279394,0.0,mzspec:MSV000094559:updates/2025-03-18_apatan_fc71856c/raw/03152025_jhonsnow/mzML/Hu_1161.mzML:scan:1342,1,0.97,6,0,MSV000094559,NoID,temp/queries/30/309c2dbfadef43149f9033535920b0f2/309c2dbfadef43149f9033535920b0f2.mgf,1,268,971128
5-ASA_6-hydroxy-hexanoic-acid,mzspec:GNPS:MULTIPLEX-SYNTHESIS-LIBRARY-ALL-PARTITION-6:accession:CCMSLIB00016279394,0.0,mzspec:MSV000094559:updates/2025-03-18_apatan_fc71856c/raw/03152025_jhonsnow/mzML/Hu_1164.mzML:scan:1357,1,0.96,6,0,MSV000094559,NoID,temp/queries/30/309c2dbfadef43149f9033535920b0f2/309c2dbfadef43149f9033535920b0f2.mgf,1,268,970210
5-ASA_6-hydroxy-hexanoic-acid,mzspec:GNPS:MULTIPLEX-SYNTHESIS-LIBRARY-ALL-PARTITION-6:accession:CCMSLIB00016279394,0.0,mzspec:MSV000094559:updates/2025-03-18_apatan_fc71856c/raw/03152025_jhonsnow/mzML/Hu_1216.mzML:scan:1252,1,0.95,5,0,MSV000094559,NoID,temp/queries/30/309c2dbfadef43149f9033535920b0f2/309c2dbfadef43149f9033535920b0f2.mgf,1,268,969876
5-ASA_6-hydroxy-hexanoic-acid,mzspec:GNPS:MULTIPLEX-SYNTHESIS-LIBRARY-ALL-PARTITION-6:accession:CCMSLIB00016279394,0.0,mzspec:MSV000094559:updates/2025-03-18_apatan_fc71856c/raw/03152025_jhonsnow/mzML/Hu_1347.mzML:scan:1270,1,0.95,5,0,MSV000094559,NoID,temp/queries/30/309c2dbfadef43149f9033535920b0f2/309c2dbfadef43149f9033535920b0f2.mgf,1,268,970435
5-ASA_6-hydroxy-hexanoic-acid,mzspec:GNPS:MULTIPLEX-SYNTHESIS-LIBRARY-ALL-PARTITION-6:accession:CCMSLIB00016279394,0.0,mzspec:MSV000094559:updates/2025-03-18_apatan_fc71856c/raw/03152025_jhonsnow/mzML/Hu_1250.mzML:scan:1329,1,0.95,5,0,MSV000094559,NoID,temp/queries/30/309c2dbfadef43149f9033535920b0f2/309c2dbfadef43149f9033535920b0f2.mgf,1,268,969566
5-ASA_6-hydroxy-hexanoic-acid,mzspec:GNPS:MULTIPLEX-SYNTHESIS-LIBRARY-ALL-PARTITION-6:accession:CCMSLIB00016279394,0.0,mzspec:MSV000094559:updates/2025-03-18_apatan_fc71856c/raw/03152025_jhonsnow/mzML/Hu_1318.mzML:scan:1325,1,0.94,5,0,MSV000094559,NoID,temp/queries/30/309c2dbfadef43149f9033535920b0f2/309c2dbfadef43149f9033535920b0f2.mgf,1,268,966201
5-ASA_6-hydroxy-hexanoic-acid,mzspec:GNPS:MULTIPLEX-SYNTHESIS-LIBRARY-ALL-PARTITION-6:accession:CCMSLIB00016279394,0.0,mzspec:MSV000094559:updates/2025-03-18_apatan_fc71856c/raw/03152025_jhonsnow/mzML/Hu_1243.mzML:scan:1329,1,0.93,5,0,MSV000094559,NoID,temp/queries/30/309c2dbfadef43149f9033535920b0f2/309c2dbfadef43149f9033535920b0f2.mgf,1,268,965702
5-ASA_6-hydroxy-hexanoic-acid,mzspec:GNPS:MULTIPLEX-SYNTHESIS-LIBRARY-ALL-PARTITION-6:accession:CCMSLIB00016279394,0.0,mzspec:MSV000094559:updates/2025-03-18_apatan_fc71856c/raw/03152025_jhonsnow/mzML/Hu_1331.mzML:scan:1365,1,0.93,5,0,MSV000094559,NoID,temp/queries/30/309c2dbfadef43149f9033535920b0f2/309c2dbfadef43149f9033535920b0f2.mgf,1,268,966501
5-ASA_6-hydroxy-hexanoic-acid,mzspec:GNPS:MULTIPLEX-SYNTHESIS-LIBRARY-ALL-PARTITION-6:accession:CCMSLIB00016279394,0.0,mzspec:MSV000094559:updates/2025-03-18_apatan_fc71856c/raw/03152025_jhonsnow/mzML/Hu_1203.mzML:scan:1345,1,0.93,5,0,MSV000094559,NoID,temp/queries/30/309c2dbfadef43149f9033535920b0f2/309c2dbfadef43149f9033535920b0f2.mgf,1,268,969057
5-ASA_6-hydroxy-hexanoic-acid,mzspec:GNPS:MULTIPLEX-SYNTHESIS-LIBRARY-ALL-PARTITION-6:accession:CCMSLIB00016279394,0.0,mzspec:MSV000094559:updates/2025-03-18_apatan_fc71856c/raw/03152025_jhonsnow/mzML/Hu_1162.mzML:scan:1354,1,0.93,5,0,MSV000094559,NoID,temp/queries/30/309c2dbfadef43149f9033535920b0f2/309c2dbfadef43149f9033535920b0f2.mgf,1,268,966718
5-ASA_6-hydroxy-hexanoic-acid,mzspec:GNPS:MULTIPLEX-SYNTHESIS-LIBRARY-ALL-PARTITION-6:accession:CCMSLIB00016279394,0.0,mzspec:MSV000094559:updates/2025-03-18_apatan_fc71856c/raw/03152025_jhonsnow/mzML/Hu_1206.mzML:scan:1341,1,0.93,5,0,MSV000094559,NoID,temp/queries/30/309c2dbfadef43149f9033535920b0f2/309c2dbfadef43149f9033535920b0f2.mgf,1,268,970923
5-ASA_6-hydroxy-hexanoic-acid,mzspec:GNPS:MULTIPLEX-SYNTHESIS-LIBRARY-ALL-PARTITION-6:accession:CCMSLIB00016279394,0.0,mzspec:MSV000094559:updates/2025-03-18_apatan_fc71856c/raw/03152025_jhonsnow/mzML/Hu_1214.mzML:scan:1319,1,0.92,5,0,MSV000094559,NoID,temp/queries/30/309c2dbfadef43149f9033535920b0f2/309c2dbfadef43149f9033535920b0f2.mgf,1,268,969488
5-ASA_6-hydroxy-hexanoic-acid,mzspec:GNPS:MULTIPLEX-SYNTHESIS-LIBRARY-ALL-PARTITION-6:accession:CCMSLIB00016279394,0.02,mzspec:MSV000094559:updates/2025-03-18_apatan_fc71856c/raw/03152025_jhonsnow/mzML/Hu_1313.mzML:scan:1459,1,0.92,5,0,MSV000094559,NoID,temp/queries/30/309c2dbfadef43149f9033535920b0f2/309c2dbfadef43149f9033535920b0f2.mgf,1,268,969747
5-ASA_6-hydroxy-hexanoic-acid,mzspec:GNPS:MULTIPLEX-SYNTHESIS-LIBRARY-ALL-PARTITION-6:accession:CCMSLIB00016279394,0.0,mzspec:MSV000094559:updates/2025-03-18_apatan_fc71856c/raw/03152025_jhonsnow/mzML/Hu_1204.mzML:scan:1345,1,0.91,5,0,MSV000094559,NoID,temp/queries/30/309c2dbfadef43149f9033535920b0f2/309c2dbfadef43149f9033535920b0f2.mgf,1,268,966455
5-ASA_6-hydroxy-hexanoic-acid,mzspec:GNPS:MULTIPLEX-SYNTHESIS-LIBRARY-ALL-PARTITION-6:accession:CCMSLIB00016279394,0.0,mzspec:MSV000094559:updates/2025-03-18_apatan_fc71856c/raw/03152025_jhonsnow/mzML/Hu_1245.mzML:scan:1333,1,0.91,5,0,MSV000094559,NoID,temp/queries/30/309c2dbfadef43149f9033535920b0f2/309c2dbfadef43149f9033535920b0f2.mgf,1,268,965461
5-ASA_6-hydroxy-hexanoic-acid,mzspec:GNPS:MULTIPLEX-SYNTHESIS-LIBRARY-ALL-PARTITION-6:accession:CCMSLIB00016279394,0.0,mzspec:MSV000094559:updates/2025-03-18_apatan_fc71856c/raw/03152025_jhonsnow/mzML/Hu_1198.mzML:scan:1318,1,0.91,5,0,MSV000094559,NoID,temp/queries/30/309c2dbfadef43149f9033535920b0f2/309c2dbfadef43149f9033535920b0f2.mgf,1,268,966008
5-ASA_6-hydroxy-hexanoic-acid,mzspec:GNPS:MULTIPLEX-SYNTHESIS-LIBRARY-ALL-PARTITION-6:accession:CCMSLIB00016279394,0.0,mzspec:MSV000094559:updates/2025-03-18_apatan_fc71856c/raw/03152025_jhonsnow/mzML/Hu_1246.mzML:scan:1324,1,0.91,5,0,MSV000094559,NoID,temp/queries/30/309c2dbfadef43149f9033535920b0f2/309c2dbfadef43149f9033535920b0f2.mgf,1,268,967927
5-ASA_6-hydroxy-hexanoic-acid,mzspec:GNPS:MULTIPLEX-SYNTHESIS-LIBRARY-ALL-PARTITION-6:accession:CCMSLIB00016279394,0.0,mzspec:MSV000094559:updates/2025-03-18_apatan_fc71856c/raw/03152025_jhonsnow/mzML/Hu_1209.mzML:scan:1351,1,0.9,5,0,MSV000094559,NoID,temp/queries/30/309c2dbfadef43149f9033535920b0f2/309c2dbfadef43149f9033535920b0f2.mgf,1,268,968493
5-ASA_6-hydroxy-hexanoic-acid,mzspec:GNPS:MULTIPLEX-SYNTHESIS-LIBRARY-ALL-PARTITION-6:accession:CCMSLIB00016279394,0.0,mzspec:MSV000094559:updates/2025-03-18_apatan_fc71856c/raw/03152025_jhonsnow/mzML/Hu_1315.mzML:scan:1317,1,0.9,5,0,MSV000094559,NoID,temp/queries/30/309c2dbfadef43149f9033535920b0f2/309c2dbfadef43149f9033535920b0f2.mgf,1,268,969754
5-ASA_6-hydroxy-hexanoic-acid,mzspec:GNPS:MULTIPLEX-SYNTHESIS-LIBRARY-ALL-PARTITION-6:accession:CCMSLIB00016279394,0.0,mzspec:MSV000094559:updates/2025-03-18_apatan_fc71856c/raw/03152025_jhonsnow/mzML/Hu_1225.mzML:scan:1335,1,0.89,5,0,MSV000094559,NoID,temp/queries/30/309c2dbfadef43149f9033535920b0f2/309c2dbfadef43149f9033535920b0f2.mgf,1,268,969155
5-ASA_6-hydroxy-hexanoic-acid,mzspec:GNPS:MULTIPLEX-SYNTHESIS-LIBRARY-ALL-PARTITION-6:accession:CCMSLIB00016279394,0.0,mzspec:MSV000094559:updates/2025-03-18_apatan_fc71856c/raw/03152025_jhonsnow/mzML/Hu_1253.mzML:scan:1323,1,0.88,5,0,MSV000094559,NoID,temp/queries/30/309c2dbfadef43149f9033535920b0f2/309c2dbfadef43149f9033535920b0f2.mgf,1,268,970108
5-ASA_6-hydroxy-hexanoic-acid,mzspec:GNPS:MULTIPLEX-SYNTHESIS-LIBRARY-ALL-PARTITION-6:accession:CCMSLIB00016279394,0.0,mzspec:MSV000094559:updates/2025-03-18_apatan_fc71856c/raw/03152025_jhonsnow/mzML/Hu_1163.mzML:scan:1352,1,0.88,5,0,MSV000094559,NoID,temp/queries/30/309c2dbfadef43149f9033535920b0f2/309c2dbfadef43149f9033535920b0f2.mgf,1,268,966507
5-ASA_6-hydroxy-hexanoic-acid,mzspec:GNPS:MULTIPLEX-SYNTHESIS-LIBRARY-ALL-PARTITION-6:accession:CCMSLIB00016279394,0.0,mzspec:MSV000094559:updates/2025-03-18_apatan_fc71856c/raw/03152025_jhonsnow/mzML/Hu_1255.mzML:scan:1331,1,0.87,5,0,MSV000094559,NoID,temp/queries/30/309c2dbfadef43149f9033535920b0f2/309c2dbfadef43149f9033535920b0f2.mgf,1,268,965672
5-ASA_6-hydroxy-hexanoic-acid,mzspec:GNPS:MULTIPLEX-SYNTHESIS-LIBRARY-ALL-PARTITION-6:accession:CCMSLIB00016279394,0.0,mzspec:MSV000094559:updates/2024-12-18_apatan_535e183c/raw/12042024/mzML/AP_2142.mzML:scan:1189,1,0.87,3,0,MSV000094559,NoID,temp/queries/30/309c2dbfadef43149f9033535920b0f2/309c2dbfadef43149f9033535920b0f2.mgf,1,268,967568
5-ASA_6-hydroxy-hexanoic-acid,mzspec:GNPS:MULTIPLEX-SYNTHESIS-LIBRARY-ALL-PARTITION-6:accession:CCMSLIB00016279394,0.0,mzspec:MSV000094559:updates/2025-03-18_apatan_fc71856c/raw/03152025_jhonsnow/mzML/Hu_1175.mzML:scan:1348,1,0.87,5,0,MSV000094559,NoID,temp/queries/30/309c2dbfadef43149f9033535920b0f2/309c2dbfadef43149f9033535920b0f2.mgf,1,268,970746
5-ASA_6-hydroxy-hexanoic-acid,mzspec:GNPS:MULTIPLEX-SYNTHESIS-LIBRARY-ALL-PARTITION-6:accession:CCMSLIB00016279394,0.0,mzspec:MSV000094559:updates/2025-03-18_apatan_fc71856c/raw/03152025_jhonsnow/mzML/Hu_1201.mzML:scan:1358,1,0.87,5,0,MSV000094559,NoID,temp/queries/30/309c2dbfadef43149f9033535920b0f2/309c2dbfadef43149f9033535920b0f2.mgf,1,268,967406
5-ASA_6-hydroxy-hexanoic-acid,mzspec:GNPS:MULTIPLEX-SYNTHESIS-LIBRARY-ALL-PARTITION-6:accession:CCMSLIB00016279394,0.02,mzspec:MSV000093477:peak/30min_15event_Samples_2uL_20230912_009.mzML:scan:679,1,0.85,2,0,MSV000093477,NoID,temp/queries/30/309c2dbfadef43149f9033535920b0f2/309c2dbfadef43149f9033535920b0f2.mgf,1,268,1012470
5-ASA_6-hydroxy-hexanoic-acid,mzspec:GNPS:MULTIPLEX-SYNTHESIS-LIBRARY-ALL-PARTITION-6:accession:CCMSLIB00016279394,0.02,mzspec:MSV000093475:peak/30min_15event_Samples_2uL_20230912_009.mzML:scan:679,1,0.85,2,0,MSV000093475,NoID,temp/queries/30/309c2dbfadef43149f9033535920b0f2/309c2dbfadef43149f9033535920b0f2.mgf,1,268,639527
5-ASA_6-hydroxy-hexanoic-acid,mzspec:GNPS:MULTIPLEX-SYNTHESIS-LIBRARY-ALL-PARTITION-6:accession:CCMSLIB00016279394,0.02,mzspec:MSV000093477:peak/30min_15event_Samples_2uL_20230912_009.mzML:scan:711,1,0.82,2,0,MSV000093477,NoID,temp/queries/30/309c2dbfadef43149f9033535920b0f2/309c2dbfadef43149f9033535920b0f2.mgf,1,268,1012472
5-ASA_6-hydroxy-hexanoic-acid,mzspec:GNPS:MULTIPLEX-SYNTHESIS-LIBRARY-ALL-PARTITION-6:accession:CCMSLIB00016279394,0.02,mzspec:MSV000093475:peak/30min_15event_Samples_2uL_20230912_009.mzML:scan:711,1,0.82,2,0,MSV000093475,NoID,temp/queries/30/309c2dbfadef43149f9033535920b0f2/309c2dbfadef43149f9033535920b0f2.mgf,1,268,639529
5-ASA_6-hydroxy-hexanoic-acid,mzspec:GNPS:MULTIPLEX-SYNTHESIS-LIBRARY-ALL-PARTITION-6:accession:CCMSLIB00016279394,0.0,mzspec:MSV000094559:updates/2025-03-18_apatan_fc71856c/raw/03152025_jhonsnow/mzML/Hu_1160.mzML:scan:1353,1,0.82,5,0,MSV000094559,NoID,temp/queries/30/309c2dbfadef43149f9033535920b0f2/309c2dbfadef43149f9033535920b0f2.mgf,1,268,967644
5-ASA_6-hydroxy-hexanoic-acid,mzspec:GNPS:MULTIPLEX-SYNTHESIS-LIBRARY-ALL-PARTITION-6:accession:CCMSLIB00016279394,0.0,mzspec:MSV000094559:updates/2025-03-18_apatan_fc71856c/raw/03152025_jhonsnow/mzML/Hu_1247.mzML:scan:1330,1,0.82,5,0,MSV000094559,NoID,temp/queries/30/309c2dbfadef43149f9033535920b0f2/309c2dbfadef43149f9033535920b0f2.mgf,1,268,966957
5-ASA_6-hydroxy-hexanoic-acid,mzspec:GNPS:MULTIPLEX-SYNTHESIS-LIBRARY-ALL-PARTITION-6:accession:CCMSLIB00016279394,0.02,mzspec:MSV000093475:peak/30min_15event_Samples_2uL_20230912_010.mzML:scan:737,1,0.81,2,0,MSV000093475,NoID,temp/queries/30/309c2dbfadef43149f9033535920b0f2/309c2dbfadef43149f9033535920b0f2.mgf,1,268,639543
5-ASA_6-hydroxy-hexanoic-acid,mzspec:GNPS:MULTIPLEX-SYNTHESIS-LIBRARY-ALL-PARTITION-6:accession:CCMSLIB00016279394,0.02,mzspec:MSV000093477:peak/30min_15event_Samples_2uL_20230912_010.mzML:scan:737,1,0.81,2,0,MSV000093477,NoID,temp/queries/30/309c2dbfadef43149f9033535920b0f2/309c2dbfadef43149f9033535920b0f2.mgf,1,268,1012456
5-ASA_6-hydroxy-hexanoic-acid,mzspec:GNPS:MULTIPLEX-SYNTHESIS-LIBRARY-ALL-PARTITION-6:accession:CCMSLIB00016279394,0.02,mzspec:MSV000093477:peak/30min_15event_Samples_2uL_20230912_010.mzML:scan:753,1,0.78,2,0,MSV000093477,NoID,temp/queries/30/309c2dbfadef43149f9033535920b0f2/309c2dbfadef43149f9033535920b0f2.mgf,1,268,1012457
5-ASA_6-hydroxy-hexanoic-acid,mzspec:GNPS:MULTIPLEX-SYNTHESIS-LIBRARY-ALL-PARTITION-6:accession:CCMSLIB00016279394,0.02,mzspec:MSV000093475:peak/30min_15event_Samples_2uL_20230912_010.mzML:scan:753,1,0.78,2,0,MSV000093475,NoID,temp/queries/30/309c2dbfadef43149f9033535920b0f2/309c2dbfadef43149f9033535920b0f2.mgf,1,268,639544
5-ASA_6-hydroxy-hexanoic-acid,mzspec:GNPS:MULTIPLEX-SYNTHESIS-LIBRARY-ALL-PARTITION-6:accession:CCMSLIB00016279394,0.02,mzspec:MSV000093475:peak/30min_15event_Samples_2uL_20230912_009.mzML:scan:695,1,0.77,2,0,MSV000093475,NoID,temp/queries/30/309c2dbfadef43149f9033535920b0f2/309c2dbfadef43149f9033535920b0f2.mgf,1,268,639528
5-ASA_6-hydroxy-hexanoic-acid,mzspec:GNPS:MULTIPLEX-SYNTHESIS-LIBRARY-ALL-PARTITION-6:accession:CCMSLIB00016279394,0.02,mzspec:MSV000093477:peak/30min_15event_Samples_2uL_20230912_009.mzML:scan:695,1,0.77,2,0,MSV000093477,NoID,temp/queries/30/309c2dbfadef43149f9033535920b0f2/309c2dbfadef43149f9033535920b0f2.mgf,1,268,1012471
5-ASA_6-hydroxy-hexanoic-acid,mzspec:GNPS:MULTIPLEX-SYNTHESIS-LIBRARY-ALL-PARTITION-6:accession:CCMSLIB00016279394,0.02,mzspec:MSV000093475:peak/30min_15event_Samples_2uL_20230912_010.mzML:scan:721,1,0.76,2,0,MSV000093475,NoID,temp/queries/30/309c2dbfadef43149f9033535920b0f2/309c2dbfadef43149f9033535920b0f2.mgf,1,268,639542
5-ASA_6-hydroxy-hexanoic-acid,mzspec:GNPS:MULTIPLEX-SYNTHESIS-LIBRARY-ALL-PARTITION-6:accession:CCMSLIB00016279394,0.02,mzspec:MSV000093477:peak/30min_15event_Samples_2uL_20230912_010.mzML:scan:721,1,0.76,2,0,MSV000093477,NoID,temp/queries/30/309c2dbfadef43149f9033535920b0f2/309c2dbfadef43149f9033535920b0f2.mgf,1,268,1012455
