compound_name,lib_usi,desc,timing
5-ASA_7-bromo-2-naphthol,mzspec:GNPS:MULTIPLEX-SYNTHESIS-LIBRARY-ALL-PARTITION-6:accession:CCMSLIB00016279267,prep,0.0008323192596435547
5-ASA_7-bromo-2-naphthol,mzspec:GNPS:MULTIPLEX-SYNTHESIS-LIBRARY-ALL-PARTITION-6:accession:CCMSLIB00016279267,Search,0.6643073558807373
5-ASA_7-bromo-2-naphthol,mzspec:GNPS:MULTIPLEX-SYNTHESIS-LIBRARY-ALL-PARTITION-6:accession:CCMSLIB00016279267,Parse Query,8.487701416015625e-05
5-ASA_7-bromo-2-naphthol,mzspec:GNPS:MULTIPLEX-SYNTHESIS-LIBRARY-ALL-PARTITION-6:accession:CCMSLIB00016279267,Parse Query 2,0.0012850761413574219
5-ASA_7-bromo-2-naphthol,mzspec:GNPS:MULTIPLEX-SYNTHESIS-LIBRARY-ALL-PARTITION-6:accession:CCMSLIB00016279267,Get DB Info,0.00010061264038085938
5-ASA_7-bromo-2-naphthol,mzspec:GNPS:MULTIPLEX-SYNTHESIS-LIBRARY-ALL-PARTITION-6:accession:CCMSLIB00016279267,Demangle,0.004762887954711914
5-ASA_7-bromo-2-naphthol,mzspec:GNPS:MULTIPLEX-SYNTHESIS-LIBRARY-ALL-PARTITION-6:accession:CCMSLIB00016279267,Group,0.005135536193847656
5-ASA_7-bromo-2-naphthol,mzspec:GNPS:MULTIPLEX-SYNTHESIS-LIBRARY-ALL-PARTITION-6:accession:CCMSLIB00016279267,Enrich datasets,0.01301264762878418
