compound_name,lib_usi,Delta Mass,USI,Charge,Cosine,Matching Peaks,Unit Delta Mass,Dataset,Status,Query Filename,Query Scan,Index UnitPM,Index IdxInUnitPM
5-ASA_9-decenoic-acid,mzspec:GNPS:MULTIPLEX-SYNTHESIS-LIBRARY-ALL-PARTITION-6:accession:CCMSLIB00016278973,0.0,mzspec:MSV000084556:ccms_peak/Raw_data/FD003_T1.mzML:scan:1898,1,0.77,7,0,MSV000084556,NoID,temp/queries/86/869bcd16af8c4dcfacb414257169f3c4/869bcd16af8c4dcfacb414257169f3c4.mgf,1,306,1029338
5-ASA_9-decenoic-acid,mzspec:GNPS:MULTIPLEX-SYNTHESIS-LIBRARY-ALL-PARTITION-6:accession:CCMSLIB00016278973,-0.02,mzspec:MSV000083475:ccms_peak/RAW/PLATE3and4/4E11_1_75_thomas-18-s039-a04.mzML:scan:886,1,0.75,4,0,MSV000083475,NoID,temp/queries/86/869bcd16af8c4dcfacb414257169f3c4/869bcd16af8c4dcfacb414257169f3c4.mgf,1,306,1301521
5-ASA_9-decenoic-acid,mzspec:GNPS:MULTIPLEX-SYNTHESIS-LIBRARY-ALL-PARTITION-6:accession:CCMSLIB00016278973,-0.02,mzspec:MSV000083475:peak/mzML/Water_Plant_PLATE3and4_mzML/Plate4_Samples/4E11_1_75_thomas-18-s039-a04.mzML:scan:886,1,0.75,4,0,MSV000083475,NoID,temp/queries/86/869bcd16af8c4dcfacb414257169f3c4/869bcd16af8c4dcfacb414257169f3c4.mgf,1,306,1303588
5-ASA_9-decenoic-acid,mzspec:GNPS:MULTIPLEX-SYNTHESIS-LIBRARY-ALL-PARTITION-6:accession:CCMSLIB00016278973,-0.02,mzspec:MSV000083475:ccms_peak/RAW/PLATE3and4/4C10_1_7_thomas-18-s038-a04.mzML:scan:907,1,0.72,4,0,MSV000083475,NoID,temp/queries/86/869bcd16af8c4dcfacb414257169f3c4/869bcd16af8c4dcfacb414257169f3c4.mgf,1,306,1303038
5-ASA_9-decenoic-acid,mzspec:GNPS:MULTIPLEX-SYNTHESIS-LIBRARY-ALL-PARTITION-6:accession:CCMSLIB00016278973,0.01,mzspec:MSV000095784:peak/mzML/L2B23LVR12.mzML:scan:1840,1,0.72,4,0,MSV000095784,NoID,temp/queries/86/869bcd16af8c4dcfacb414257169f3c4/869bcd16af8c4dcfacb414257169f3c4.mgf,1,306,1135
5-ASA_9-decenoic-acid,mzspec:GNPS:MULTIPLEX-SYNTHESIS-LIBRARY-ALL-PARTITION-6:accession:CCMSLIB00016278973,-0.02,mzspec:MSV000083475:peak/mzML/Water_Plant_PLATE3and4_mzML/Plate4_Samples/4C10_1_7_thomas-18-s038-a04.mzML:scan:907,1,0.72,4,0,MSV000083475,NoID,temp/queries/86/869bcd16af8c4dcfacb414257169f3c4/869bcd16af8c4dcfacb414257169f3c4.mgf,1,306,1302186
5-ASA_9-decenoic-acid,mzspec:GNPS:MULTIPLEX-SYNTHESIS-LIBRARY-ALL-PARTITION-6:accession:CCMSLIB00016278973,-0.02,mzspec:MSV000083475:ccms_peak/RAW/PLATE3and4/4D11_1_48_thomas-18-s040-a03.mzML:scan:934,1,0.71,4,0,MSV000083475,NoID,temp/queries/86/869bcd16af8c4dcfacb414257169f3c4/869bcd16af8c4dcfacb414257169f3c4.mgf,1,306,1303664
5-ASA_9-decenoic-acid,mzspec:GNPS:MULTIPLEX-SYNTHESIS-LIBRARY-ALL-PARTITION-6:accession:CCMSLIB00016278973,0.01,mzspec:MSV000095784:peak/mzML/GRA23LVR8.mzML:scan:1654,1,0.71,5,0,MSV000095784,NoID,temp/queries/86/869bcd16af8c4dcfacb414257169f3c4/869bcd16af8c4dcfacb414257169f3c4.mgf,1,306,1279
5-ASA_9-decenoic-acid,mzspec:GNPS:MULTIPLEX-SYNTHESIS-LIBRARY-ALL-PARTITION-6:accession:CCMSLIB00016278973,-0.02,mzspec:MSV000083475:peak/mzML/Water_Plant_PLATE3and4_mzML/Plate4_Samples/4D11_1_48_thomas-18-s040-a03.mzML:scan:934,1,0.71,4,0,MSV000083475,NoID,temp/queries/86/869bcd16af8c4dcfacb414257169f3c4/869bcd16af8c4dcfacb414257169f3c4.mgf,1,306,1303614
5-ASA_9-decenoic-acid,mzspec:GNPS:MULTIPLEX-SYNTHESIS-LIBRARY-ALL-PARTITION-6:accession:CCMSLIB00016278973,0.01,mzspec:MSV000098069:peak/mzML/14B.mzML:scan:1114,1,0.71,4,0,MSV000098069,NoID,temp/queries/86/869bcd16af8c4dcfacb414257169f3c4/869bcd16af8c4dcfacb414257169f3c4.mgf,1,306,585652
5-ASA_9-decenoic-acid,mzspec:GNPS:MULTIPLEX-SYNTHESIS-LIBRARY-ALL-PARTITION-6:accession:CCMSLIB00016278973,-0.0,mzspec:MSV000093329:peak/mzML/PLT8_ISP2_D3.mzML:scan:1608,1,0.7,6,0,MSV000093329,NoID,temp/queries/86/869bcd16af8c4dcfacb414257169f3c4/869bcd16af8c4dcfacb414257169f3c4.mgf,1,306,475764
5-ASA_9-decenoic-acid,mzspec:GNPS:MULTIPLEX-SYNTHESIS-LIBRARY-ALL-PARTITION-6:accession:CCMSLIB00016278973,0.01,mzspec:MSV000098069:peak/mzML/14B.mzML:scan:1125,1,0.7,3,0,MSV000098069,NoID,temp/queries/86/869bcd16af8c4dcfacb414257169f3c4/869bcd16af8c4dcfacb414257169f3c4.mgf,1,306,585653
