compound_name,lib_usi,desc,timing
5-ASA_adipic acid,mzspec:GNPS:MULTIPLEX-SYNTHESIS-LIBRARY-ALL-PARTITION-6:accession:CCMSLIB00016277506,prep,0.0008418560028076172
5-ASA_adipic acid,mzspec:GNPS:MULTIPLEX-SYNTHESIS-LIBRARY-ALL-PARTITION-6:accession:CCMSLIB00016277506,Search,0.8131358623504639
5-ASA_adipic acid,mzspec:GNPS:MULTIPLEX-SYNTHESIS-LIBRARY-ALL-PARTITION-6:accession:CCMSLIB00016277506,Parse Query,9.107589721679688e-05
5-ASA_adipic acid,mzspec:GNPS:MULTIPLEX-SYNTHESIS-LIBRARY-ALL-PARTITION-6:accession:CCMSLIB00016277506,Parse Query 2,0.0015010833740234375
5-ASA_adipic acid,mzspec:GNPS:MULTIPLEX-SYNTHESIS-LIBRARY-ALL-PARTITION-6:accession:CCMSLIB00016277506,Get DB Info,0.00010538101196289062
5-ASA_adipic acid,mzspec:GNPS:MULTIPLEX-SYNTHESIS-LIBRARY-ALL-PARTITION-6:accession:CCMSLIB00016277506,Demangle,0.004965543746948242
5-ASA_adipic acid,mzspec:GNPS:MULTIPLEX-SYNTHESIS-LIBRARY-ALL-PARTITION-6:accession:CCMSLIB00016277506,Group,0.004985809326171875
5-ASA_adipic acid,mzspec:GNPS:MULTIPLEX-SYNTHESIS-LIBRARY-ALL-PARTITION-6:accession:CCMSLIB00016277506,Enrich datasets,0.011187314987182617
