compound_name,lib_usi,Delta Mass,USI,Charge,Cosine,Matching Peaks,Unit Delta Mass,Dataset,Status,Query Filename,Query Scan,Index UnitPM,Index IdxInUnitPM
5-ASA_cadaverine,mzspec:GNPS:MULTIPLEX-SYNTHESIS-LIBRARY-ALL-PARTITION-6:accession:CCMSLIB00016279138,0.0,mzspec:MSV000094559:updates/2024-12-18_apatan_366c37f7/raw/10172024/AP_1787.mzML:scan:247,1,0.99,6,0,MSV000094559,NoID,temp/queries/2a/2a1e01519801454184ba7918987d3066/2a1e01519801454184ba7918987d3066.mgf,1,238,595934
5-ASA_cadaverine,mzspec:GNPS:MULTIPLEX-SYNTHESIS-LIBRARY-ALL-PARTITION-6:accession:CCMSLIB00016279138,0.0,mzspec:MSV000094559:updates/2024-12-18_apatan_535e183c/raw/12042024/V18-fraction19.mzML:scan:180,1,0.99,5,0,MSV000094559,NoID,temp/queries/2a/2a1e01519801454184ba7918987d3066/2a1e01519801454184ba7918987d3066.mgf,1,238,598037
5-ASA_cadaverine,mzspec:GNPS:MULTIPLEX-SYNTHESIS-LIBRARY-ALL-PARTITION-6:accession:CCMSLIB00016279138,-0.02,mzspec:MSV000095708:peak/mzML/LO23L011.mzML:scan:3099,1,0.9,2,0,MSV000095708,NoID,temp/queries/2a/2a1e01519801454184ba7918987d3066/2a1e01519801454184ba7918987d3066.mgf,1,238,1183632
5-ASA_cadaverine,mzspec:GNPS:MULTIPLEX-SYNTHESIS-LIBRARY-ALL-PARTITION-6:accession:CCMSLIB00016279138,-0.02,mzspec:MSV000097708:peak/mzml/P1_B8.mzML:scan:2432,1,0.9,3,0,MSV000097708,NoID,temp/queries/2a/2a1e01519801454184ba7918987d3066/2a1e01519801454184ba7918987d3066.mgf,1,238,265090
5-ASA_cadaverine,mzspec:GNPS:MULTIPLEX-SYNTHESIS-LIBRARY-ALL-PARTITION-6:accession:CCMSLIB00016279138,-0.02,mzspec:MSV000095708:peak/mzML/WK23L029.mzML:scan:3121,1,0.9,2,0,MSV000095708,NoID,temp/queries/2a/2a1e01519801454184ba7918987d3066/2a1e01519801454184ba7918987d3066.mgf,1,238,1183426
5-ASA_cadaverine,mzspec:GNPS:MULTIPLEX-SYNTHESIS-LIBRARY-ALL-PARTITION-6:accession:CCMSLIB00016279138,-0.02,mzspec:MSV000095708:peak/mzML/GL23L027.mzML:scan:3099,1,0.89,2,0,MSV000095708,NoID,temp/queries/2a/2a1e01519801454184ba7918987d3066/2a1e01519801454184ba7918987d3066.mgf,1,238,1183918
5-ASA_cadaverine,mzspec:GNPS:MULTIPLEX-SYNTHESIS-LIBRARY-ALL-PARTITION-6:accession:CCMSLIB00016279138,-0.02,mzspec:MSV000095708:peak/mzML/WB23L027.mzML:scan:3116,1,0.89,2,0,MSV000095708,NoID,temp/queries/2a/2a1e01519801454184ba7918987d3066/2a1e01519801454184ba7918987d3066.mgf,1,238,1182055
5-ASA_cadaverine,mzspec:GNPS:MULTIPLEX-SYNTHESIS-LIBRARY-ALL-PARTITION-6:accession:CCMSLIB00016279138,-0.02,mzspec:MSV000095784:peak/mzML/ANU23LVR13.mzML:scan:3091,1,0.89,2,0,MSV000095784,NoID,temp/queries/2a/2a1e01519801454184ba7918987d3066/2a1e01519801454184ba7918987d3066.mgf,1,238,842
5-ASA_cadaverine,mzspec:GNPS:MULTIPLEX-SYNTHESIS-LIBRARY-ALL-PARTITION-6:accession:CCMSLIB00016279138,-0.02,mzspec:MSV000095708:peak/mzML/WT23L024.mzML:scan:3123,1,0.89,2,0,MSV000095708,NoID,temp/queries/2a/2a1e01519801454184ba7918987d3066/2a1e01519801454184ba7918987d3066.mgf,1,238,1182647
5-ASA_cadaverine,mzspec:GNPS:MULTIPLEX-SYNTHESIS-LIBRARY-ALL-PARTITION-6:accession:CCMSLIB00016279138,-0.02,mzspec:MSV000095708:peak/mzML/LO23L011.mzML:scan:3109,1,0.89,2,0,MSV000095708,NoID,temp/queries/2a/2a1e01519801454184ba7918987d3066/2a1e01519801454184ba7918987d3066.mgf,1,238,1183633
5-ASA_cadaverine,mzspec:GNPS:MULTIPLEX-SYNTHESIS-LIBRARY-ALL-PARTITION-6:accession:CCMSLIB00016279138,-0.02,mzspec:MSV000095708:peak/mzML/WT23L009.mzML:scan:3119,1,0.89,2,0,MSV000095708,NoID,temp/queries/2a/2a1e01519801454184ba7918987d3066/2a1e01519801454184ba7918987d3066.mgf,1,238,1183978
5-ASA_cadaverine,mzspec:GNPS:MULTIPLEX-SYNTHESIS-LIBRARY-ALL-PARTITION-6:accession:CCMSLIB00016279138,-0.02,mzspec:MSV000095784:peak/mzML/GRA23LVR3.mzML:scan:3143,1,0.89,2,0,MSV000095784,NoID,temp/queries/2a/2a1e01519801454184ba7918987d3066/2a1e01519801454184ba7918987d3066.mgf,1,238,2393
5-ASA_cadaverine,mzspec:GNPS:MULTIPLEX-SYNTHESIS-LIBRARY-ALL-PARTITION-6:accession:CCMSLIB00016279138,-0.02,mzspec:MSV000095708:peak/mzML/WT23L024.mzML:scan:3140,1,0.88,2,0,MSV000095708,NoID,temp/queries/2a/2a1e01519801454184ba7918987d3066/2a1e01519801454184ba7918987d3066.mgf,1,238,1182648
5-ASA_cadaverine,mzspec:GNPS:MULTIPLEX-SYNTHESIS-LIBRARY-ALL-PARTITION-6:accession:CCMSLIB00016279138,-0.02,mzspec:MSV000095708:peak/mzML/SL23L011.mzML:scan:3124,1,0.88,2,0,MSV000095708,NoID,temp/queries/2a/2a1e01519801454184ba7918987d3066/2a1e01519801454184ba7918987d3066.mgf,1,238,1182809
5-ASA_cadaverine,mzspec:GNPS:MULTIPLEX-SYNTHESIS-LIBRARY-ALL-PARTITION-6:accession:CCMSLIB00016279138,-0.02,mzspec:MSV000095708:peak/mzML/LL23L005.mzML:scan:3108,1,0.88,2,0,MSV000095708,NoID,temp/queries/2a/2a1e01519801454184ba7918987d3066/2a1e01519801454184ba7918987d3066.mgf,1,238,1184066
5-ASA_cadaverine,mzspec:GNPS:MULTIPLEX-SYNTHESIS-LIBRARY-ALL-PARTITION-6:accession:CCMSLIB00016279138,-0.02,mzspec:MSV000095784:peak/mzML/TSI23LVR6.mzML:scan:3115,1,0.88,2,0,MSV000095784,NoID,temp/queries/2a/2a1e01519801454184ba7918987d3066/2a1e01519801454184ba7918987d3066.mgf,1,238,3549
5-ASA_cadaverine,mzspec:GNPS:MULTIPLEX-SYNTHESIS-LIBRARY-ALL-PARTITION-6:accession:CCMSLIB00016279138,-0.02,mzspec:MSV000095708:peak/mzML/CL23L007.mzML:scan:3108,1,0.88,2,0,MSV000095708,NoID,temp/queries/2a/2a1e01519801454184ba7918987d3066/2a1e01519801454184ba7918987d3066.mgf,1,238,1183499
5-ASA_cadaverine,mzspec:GNPS:MULTIPLEX-SYNTHESIS-LIBRARY-ALL-PARTITION-6:accession:CCMSLIB00016279138,-0.02,mzspec:MSV000095708:peak/mzML/FL23L021.mzML:scan:3124,1,0.88,2,0,MSV000095708,NoID,temp/queries/2a/2a1e01519801454184ba7918987d3066/2a1e01519801454184ba7918987d3066.mgf,1,238,1183990
5-ASA_cadaverine,mzspec:GNPS:MULTIPLEX-SYNTHESIS-LIBRARY-ALL-PARTITION-6:accession:CCMSLIB00016279138,0.02,mzspec:MSV000092820:raw/083123_Matthaei_Herbarium_lowmz/2020_Matthaei_nBuOH_150-450mz/Prunus-africanum-Leaf-nBuOH-2020.mzML:scan:1373,1,0.88,1,0,MSV000092820,NoID,temp/queries/2a/2a1e01519801454184ba7918987d3066/2a1e01519801454184ba7918987d3066.mgf,1,238,180652
5-ASA_cadaverine,mzspec:GNPS:MULTIPLEX-SYNTHESIS-LIBRARY-ALL-PARTITION-6:accession:CCMSLIB00016279138,0.02,mzspec:MSV000092820:raw/083123_Matthaei_Herbarium_lowmz/2020_Matthaei_nBuOH_150-450mz/Prunus-africanum-Leaf-nBuOH-2020.mzML:scan:1363,1,0.88,1,0,MSV000092820,NoID,temp/queries/2a/2a1e01519801454184ba7918987d3066/2a1e01519801454184ba7918987d3066.mgf,1,238,180651
5-ASA_cadaverine,mzspec:GNPS:MULTIPLEX-SYNTHESIS-LIBRARY-ALL-PARTITION-6:accession:CCMSLIB00016279138,0.02,mzspec:MSV000092820:raw/083123_Matthaei_Herbarium_lowmz/2019_Matthaei_nBuOH_150-450mz/Foeniculum-vulgare-Stem-nBuOH-2019.mzML:scan:1336,1,0.87,1,0,MSV000092820,NoID,temp/queries/2a/2a1e01519801454184ba7918987d3066/2a1e01519801454184ba7918987d3066.mgf,1,238,182289
5-ASA_cadaverine,mzspec:GNPS:MULTIPLEX-SYNTHESIS-LIBRARY-ALL-PARTITION-6:accession:CCMSLIB00016279138,-0.02,mzspec:MSV000095784:peak/mzML/GRA23LVR3.mzML:scan:3155,1,0.87,2,0,MSV000095784,NoID,temp/queries/2a/2a1e01519801454184ba7918987d3066/2a1e01519801454184ba7918987d3066.mgf,1,238,2394
5-ASA_cadaverine,mzspec:GNPS:MULTIPLEX-SYNTHESIS-LIBRARY-ALL-PARTITION-6:accession:CCMSLIB00016279138,-0.02,mzspec:MSV000095708:peak/mzML/FG23L024.mzML:scan:3124,1,0.87,2,0,MSV000095708,NoID,temp/queries/2a/2a1e01519801454184ba7918987d3066/2a1e01519801454184ba7918987d3066.mgf,1,238,1182602
5-ASA_cadaverine,mzspec:GNPS:MULTIPLEX-SYNTHESIS-LIBRARY-ALL-PARTITION-6:accession:CCMSLIB00016279138,0.02,mzspec:MSV000083664:ccms_peak/mzxml/Buffered/Buffer_Samples/BS06_BA7_01_42260.mzML:scan:70,1,0.87,1,0,MSV000083664,NoID,temp/queries/2a/2a1e01519801454184ba7918987d3066/2a1e01519801454184ba7918987d3066.mgf,1,238,115328
5-ASA_cadaverine,mzspec:GNPS:MULTIPLEX-SYNTHESIS-LIBRARY-ALL-PARTITION-6:accession:CCMSLIB00016279138,-0.02,mzspec:MSV000095784:peak/mzML/ROS23LVR7.mzML:scan:3072,1,0.87,2,0,MSV000095784,NoID,temp/queries/2a/2a1e01519801454184ba7918987d3066/2a1e01519801454184ba7918987d3066.mgf,1,238,3673
5-ASA_cadaverine,mzspec:GNPS:MULTIPLEX-SYNTHESIS-LIBRARY-ALL-PARTITION-6:accession:CCMSLIB00016279138,-0.02,mzspec:MSV000095784:peak/mzML/GRY23LVR7.mzML:scan:3108,1,0.87,2,0,MSV000095784,NoID,temp/queries/2a/2a1e01519801454184ba7918987d3066/2a1e01519801454184ba7918987d3066.mgf,1,238,1472
5-ASA_cadaverine,mzspec:GNPS:MULTIPLEX-SYNTHESIS-LIBRARY-ALL-PARTITION-6:accession:CCMSLIB00016279138,-0.02,mzspec:MSV000095784:peak/mzML/FRY23LVR6.mzML:scan:3310,1,0.87,2,0,MSV000095784,NoID,temp/queries/2a/2a1e01519801454184ba7918987d3066/2a1e01519801454184ba7918987d3066.mgf,1,238,3353
5-ASA_cadaverine,mzspec:GNPS:MULTIPLEX-SYNTHESIS-LIBRARY-ALL-PARTITION-6:accession:CCMSLIB00016279138,-0.02,mzspec:MSV000095708:peak/mzML/WB23L012.mzML:scan:3103,1,0.87,2,0,MSV000095708,NoID,temp/queries/2a/2a1e01519801454184ba7918987d3066/2a1e01519801454184ba7918987d3066.mgf,1,238,1182684
5-ASA_cadaverine,mzspec:GNPS:MULTIPLEX-SYNTHESIS-LIBRARY-ALL-PARTITION-6:accession:CCMSLIB00016279138,0.02,mzspec:MSV000083664:ccms_peak/mzxml/Buffered/Buffer_Samples/BS24_BC3_01_42285.mzML:scan:75,1,0.86,1,0,MSV000083664,NoID,temp/queries/2a/2a1e01519801454184ba7918987d3066/2a1e01519801454184ba7918987d3066.mgf,1,238,115416
5-ASA_cadaverine,mzspec:GNPS:MULTIPLEX-SYNTHESIS-LIBRARY-ALL-PARTITION-6:accession:CCMSLIB00016279138,-0.02,mzspec:MSV000095784:peak/mzML/BEA23LVR10.mzML:scan:3285,1,0.86,2,0,MSV000095784,NoID,temp/queries/2a/2a1e01519801454184ba7918987d3066/2a1e01519801454184ba7918987d3066.mgf,1,238,1546
5-ASA_cadaverine,mzspec:GNPS:MULTIPLEX-SYNTHESIS-LIBRARY-ALL-PARTITION-6:accession:CCMSLIB00016279138,0.02,mzspec:MSV000095540:peak/mzML/FG24L030.mzML:scan:222,1,0.86,1,0,MSV000095540,NoID,temp/queries/2a/2a1e01519801454184ba7918987d3066/2a1e01519801454184ba7918987d3066.mgf,1,238,902885
5-ASA_cadaverine,mzspec:GNPS:MULTIPLEX-SYNTHESIS-LIBRARY-ALL-PARTITION-6:accession:CCMSLIB00016279138,-0.02,mzspec:MSV000095708:peak/mzML/HL23L026.mzML:scan:3121,1,0.86,2,0,MSV000095708,NoID,temp/queries/2a/2a1e01519801454184ba7918987d3066/2a1e01519801454184ba7918987d3066.mgf,1,238,1183448
5-ASA_cadaverine,mzspec:GNPS:MULTIPLEX-SYNTHESIS-LIBRARY-ALL-PARTITION-6:accession:CCMSLIB00016279138,0.02,mzspec:MSV000095784:peak/mzML/LST23LVR2.mzML:scan:224,1,0.85,2,0,MSV000095784,NoID,temp/queries/2a/2a1e01519801454184ba7918987d3066/2a1e01519801454184ba7918987d3066.mgf,1,238,3788
5-ASA_cadaverine,mzspec:GNPS:MULTIPLEX-SYNTHESIS-LIBRARY-ALL-PARTITION-6:accession:CCMSLIB00016279138,0.01,mzspec:MSV000092820:raw/083123_Matthaei_Herbarium_lowmz/2019_Matthaei_nBuOH_150-450mz/Beta-vulgaris-Leaf-nBuOH-2019.mzML:scan:2546,1,0.85,2,0,MSV000092820,NoID,temp/queries/2a/2a1e01519801454184ba7918987d3066/2a1e01519801454184ba7918987d3066.mgf,1,238,181992
5-ASA_cadaverine,mzspec:GNPS:MULTIPLEX-SYNTHESIS-LIBRARY-ALL-PARTITION-6:accession:CCMSLIB00016279138,0.01,mzspec:MSV000092820:raw/083123_Matthaei_Herbarium_lowmz/2020_Matthaei_nBuOH_150-450mz/Echeveria-leucotricha-Leaf-nBuOH-2020.mzML:scan:2559,1,0.85,3,0,MSV000092820,NoID,temp/queries/2a/2a1e01519801454184ba7918987d3066/2a1e01519801454184ba7918987d3066.mgf,1,238,182269
5-ASA_cadaverine,mzspec:GNPS:MULTIPLEX-SYNTHESIS-LIBRARY-ALL-PARTITION-6:accession:CCMSLIB00016279138,-0.02,mzspec:MSV000095331:peak/mzML_3/BHI_T72_drug_mix1_3.mzML:scan:2529,1,0.85,2,0,MSV000095331,NoID,temp/queries/2a/2a1e01519801454184ba7918987d3066/2a1e01519801454184ba7918987d3066.mgf,1,238,615211
5-ASA_cadaverine,mzspec:GNPS:MULTIPLEX-SYNTHESIS-LIBRARY-ALL-PARTITION-6:accession:CCMSLIB00016279138,0.01,mzspec:MSV000092820:raw/083123_Matthaei_Herbarium_lowmz/2020_Matthaei_nBuOH_150-450mz/Echeveria-leucotricha-Leaf-nBuOH-2020.mzML:scan:2548,1,0.84,2,0,MSV000092820,NoID,temp/queries/2a/2a1e01519801454184ba7918987d3066/2a1e01519801454184ba7918987d3066.mgf,1,238,182268
5-ASA_cadaverine,mzspec:GNPS:MULTIPLEX-SYNTHESIS-LIBRARY-ALL-PARTITION-6:accession:CCMSLIB00016279138,0.01,mzspec:MSV000092820:raw/083123_Matthaei_Herbarium_lowmz/2020_Matthaei_nBuOH_150-450mz/Echeveria-leucotricha-Leaf-nBuOH-2020.mzML:scan:2537,1,0.84,2,0,MSV000092820,NoID,temp/queries/2a/2a1e01519801454184ba7918987d3066/2a1e01519801454184ba7918987d3066.mgf,1,238,182267
5-ASA_cadaverine,mzspec:GNPS:MULTIPLEX-SYNTHESIS-LIBRARY-ALL-PARTITION-6:accession:CCMSLIB00016279138,0.01,mzspec:MSV000087572:raw/mzML/POS_MSMS_mzML/DOM_Interlab-LC-MS_Lab20_A_Pos_MS2_rep1.mzML:scan:780,1,0.84,1,0,MSV000087572,NoID,temp/queries/2a/2a1e01519801454184ba7918987d3066/2a1e01519801454184ba7918987d3066.mgf,1,238,640611
5-ASA_cadaverine,mzspec:GNPS:MULTIPLEX-SYNTHESIS-LIBRARY-ALL-PARTITION-6:accession:CCMSLIB00016279138,0.02,mzspec:MSV000092820:raw/083123_Matthaei_Herbarium_lowmz/2019_Matthaei_nBuOH_150-450mz/Foeniculum-vulgare-Flower-nBuOH-2019.mzML:scan:1346,1,0.84,1,0,MSV000092820,NoID,temp/queries/2a/2a1e01519801454184ba7918987d3066/2a1e01519801454184ba7918987d3066.mgf,1,238,180515
5-ASA_cadaverine,mzspec:GNPS:MULTIPLEX-SYNTHESIS-LIBRARY-ALL-PARTITION-6:accession:CCMSLIB00016279138,-0.02,mzspec:MSV000095708:peak/mzML/FL23L017.mzML:scan:3115,1,0.84,2,0,MSV000095708,NoID,temp/queries/2a/2a1e01519801454184ba7918987d3066/2a1e01519801454184ba7918987d3066.mgf,1,238,1182946
5-ASA_cadaverine,mzspec:GNPS:MULTIPLEX-SYNTHESIS-LIBRARY-ALL-PARTITION-6:accession:CCMSLIB00016279138,-0.02,mzspec:MSV000095331:peak/mzML_3/BHI_T72_drug_mix4_1.mzML:scan:2550,1,0.83,1,0,MSV000095331,NoID,temp/queries/2a/2a1e01519801454184ba7918987d3066/2a1e01519801454184ba7918987d3066.mgf,1,238,615145
5-ASA_cadaverine,mzspec:GNPS:MULTIPLEX-SYNTHESIS-LIBRARY-ALL-PARTITION-6:accession:CCMSLIB00016279138,0.02,mzspec:MSV000092820:raw/083123_Matthaei_Herbarium_lowmz/2019_Matthaei_nBuOH_150-450mz/Leucanthemum-Leaf-nBuOH-2019.mzML:scan:1331,1,0.83,1,0,MSV000092820,NoID,temp/queries/2a/2a1e01519801454184ba7918987d3066/2a1e01519801454184ba7918987d3066.mgf,1,238,180307
5-ASA_cadaverine,mzspec:GNPS:MULTIPLEX-SYNTHESIS-LIBRARY-ALL-PARTITION-6:accession:CCMSLIB00016279138,0.02,mzspec:MSV000083664:ccms_peak/mzxml/Buffered/Buffer_Samples/BS24_BC3_01_42285.mzML:scan:81,1,0.83,1,0,MSV000083664,NoID,temp/queries/2a/2a1e01519801454184ba7918987d3066/2a1e01519801454184ba7918987d3066.mgf,1,238,115417
5-ASA_cadaverine,mzspec:GNPS:MULTIPLEX-SYNTHESIS-LIBRARY-ALL-PARTITION-6:accession:CCMSLIB00016279138,-0.01,mzspec:MSV000090773:peak/B2_EC_P_POS_QC_Cond_MSMS_TargetList_B1_20eV.mzML:scan:4294967295,1,0.82,2,0,MSV000090773,NoID,temp/queries/2a/2a1e01519801454184ba7918987d3066/2a1e01519801454184ba7918987d3066.mgf,1,238,248732
5-ASA_cadaverine,mzspec:GNPS:MULTIPLEX-SYNTHESIS-LIBRARY-ALL-PARTITION-6:accession:CCMSLIB00016279138,0.01,mzspec:MSV000092820:raw/083123_Matthaei_Herbarium_lowmz/2020_Matthaei_nBuOH_150-450mz/Asplenium-musifolium-Flower-nBuOH-2020.mzML:scan:4075,1,0.82,1,0,MSV000092820,NoID,temp/queries/2a/2a1e01519801454184ba7918987d3066/2a1e01519801454184ba7918987d3066.mgf,1,238,181867
5-ASA_cadaverine,mzspec:GNPS:MULTIPLEX-SYNTHESIS-LIBRARY-ALL-PARTITION-6:accession:CCMSLIB00016279138,0.02,mzspec:MSV000084556:ccms_peak/Raw_data/bread.mzML:scan:195,1,0.82,1,0,MSV000084556,NoID,temp/queries/2a/2a1e01519801454184ba7918987d3066/2a1e01519801454184ba7918987d3066.mgf,1,238,979427
5-ASA_cadaverine,mzspec:GNPS:MULTIPLEX-SYNTHESIS-LIBRARY-ALL-PARTITION-6:accession:CCMSLIB00016279138,0.01,mzspec:MTBLS12283:FILES/DERIVED_FILES/RQ00605-BovineFluid-mzML/POS_ID_02.mzML:scan:2505,1,0.82,2,0,MTBLS12283,NoID,temp/queries/2a/2a1e01519801454184ba7918987d3066/2a1e01519801454184ba7918987d3066.mgf,1,238,1497039
5-ASA_cadaverine,mzspec:GNPS:MULTIPLEX-SYNTHESIS-LIBRARY-ALL-PARTITION-6:accession:CCMSLIB00016279138,-0.02,mzspec:MSV000095331:peak/mzML_3/BHI_T72_drug_mix2_3.mzML:scan:2526,1,0.81,2,0,MSV000095331,NoID,temp/queries/2a/2a1e01519801454184ba7918987d3066/2a1e01519801454184ba7918987d3066.mgf,1,238,615137
5-ASA_cadaverine,mzspec:GNPS:MULTIPLEX-SYNTHESIS-LIBRARY-ALL-PARTITION-6:accession:CCMSLIB00016279138,-0.02,mzspec:MSV000095331:peak/mzML_3/BHI_T72_drug_mix5_3.mzML:scan:2548,1,0.81,2,0,MSV000095331,NoID,temp/queries/2a/2a1e01519801454184ba7918987d3066/2a1e01519801454184ba7918987d3066.mgf,1,238,615461
5-ASA_cadaverine,mzspec:GNPS:MULTIPLEX-SYNTHESIS-LIBRARY-ALL-PARTITION-6:accession:CCMSLIB00016279138,0.02,mzspec:MSV000084734:ccms_peak/files/Animal_plant_beverage_subset/plants_small/files/G86788_1x_RG11_01_23383.mzML:scan:125,1,0.81,1,0,MSV000084734,NoID,temp/queries/2a/2a1e01519801454184ba7918987d3066/2a1e01519801454184ba7918987d3066.mgf,1,238,718769
5-ASA_cadaverine,mzspec:GNPS:MULTIPLEX-SYNTHESIS-LIBRARY-ALL-PARTITION-6:accession:CCMSLIB00016279138,0.02,mzspec:MSV000084900:ccms_peak/Global_Foodomics_composite_data_2020/MSV000083010_core/G86788_1x_RG11_01_23383.mzML:scan:125,1,0.81,1,0,MSV000084900,NoID,temp/queries/2a/2a1e01519801454184ba7918987d3066/2a1e01519801454184ba7918987d3066.mgf,1,238,423063
5-ASA_cadaverine,mzspec:GNPS:MULTIPLEX-SYNTHESIS-LIBRARY-ALL-PARTITION-6:accession:CCMSLIB00016279138,0.02,mzspec:MSV000083010:ccms_peak/Samples/G86788_1x_RG11_01_23383.mzML:scan:125,1,0.81,1,0,MSV000083010,NoID,temp/queries/2a/2a1e01519801454184ba7918987d3066/2a1e01519801454184ba7918987d3066.mgf,1,238,302415
5-ASA_cadaverine,mzspec:GNPS:MULTIPLEX-SYNTHESIS-LIBRARY-ALL-PARTITION-6:accession:CCMSLIB00016279138,0.02,mzspec:MSV000082074:ccms_peak/Samples/G86788_1x_RG11_01_23383.mzML:scan:125,1,0.81,1,0,MSV000082074,NoID,temp/queries/2a/2a1e01519801454184ba7918987d3066/2a1e01519801454184ba7918987d3066.mgf,1,238,1189178
5-ASA_cadaverine,mzspec:GNPS:MULTIPLEX-SYNTHESIS-LIBRARY-ALL-PARTITION-6:accession:CCMSLIB00016279138,0.02,mzspec:MSV000095540:peak/mzML/FG24L011.mzML:scan:212,1,0.81,1,0,MSV000095540,NoID,temp/queries/2a/2a1e01519801454184ba7918987d3066/2a1e01519801454184ba7918987d3066.mgf,1,238,902983
5-ASA_cadaverine,mzspec:GNPS:MULTIPLEX-SYNTHESIS-LIBRARY-ALL-PARTITION-6:accession:CCMSLIB00016279138,0.01,mzspec:MSV000079520:ccms_peak/Labelled/R5_lab_ATCC_pre.mzXML:scan:1834,1,0.81,2,0,MSV000079520,NoID,temp/queries/2a/2a1e01519801454184ba7918987d3066/2a1e01519801454184ba7918987d3066.mgf,1,238,230766
5-ASA_cadaverine,mzspec:GNPS:MULTIPLEX-SYNTHESIS-LIBRARY-ALL-PARTITION-6:accession:CCMSLIB00016279138,0.01,mzspec:MSV000088534:ccms_peak/Raw_Lugdubactin/Lugdubactin_SPE_100MeOH_3_top5.mzML:scan:1319,1,0.8,2,0,MSV000088534,NoID,temp/queries/2a/2a1e01519801454184ba7918987d3066/2a1e01519801454184ba7918987d3066.mgf,1,238,1132302
5-ASA_cadaverine,mzspec:GNPS:MULTIPLEX-SYNTHESIS-LIBRARY-ALL-PARTITION-6:accession:CCMSLIB00016279138,0.01,mzspec:MSV000088534:peak/mzml_Lugdubactin/Lugdubactin_SPE_100MeOH_3_top5.mzML:scan:1319,1,0.8,2,0,MSV000088534,NoID,temp/queries/2a/2a1e01519801454184ba7918987d3066/2a1e01519801454184ba7918987d3066.mgf,1,238,1132294
5-ASA_cadaverine,mzspec:GNPS:MULTIPLEX-SYNTHESIS-LIBRARY-ALL-PARTITION-6:accession:CCMSLIB00016279138,0.01,mzspec:MSV000088534:ccms_peak/Raw_Lugdubactin/Lugdubactin_SPE_100MeOH_1.mzML:scan:1124,1,0.8,2,0,MSV000088534,NoID,temp/queries/2a/2a1e01519801454184ba7918987d3066/2a1e01519801454184ba7918987d3066.mgf,1,238,1132285
5-ASA_cadaverine,mzspec:GNPS:MULTIPLEX-SYNTHESIS-LIBRARY-ALL-PARTITION-6:accession:CCMSLIB00016279138,0.01,mzspec:MSV000088534:peak/mzml_Lugdubactin/Lugdubactin_SPE_100MeOH_1.mzML:scan:1124,1,0.8,2,0,MSV000088534,NoID,temp/queries/2a/2a1e01519801454184ba7918987d3066/2a1e01519801454184ba7918987d3066.mgf,1,238,1132322
5-ASA_cadaverine,mzspec:GNPS:MULTIPLEX-SYNTHESIS-LIBRARY-ALL-PARTITION-6:accession:CCMSLIB00016279138,0.02,mzspec:MSV000088516:peak/200527_LP_A5W_b_pos.mzXML:scan:270,1,0.8,1,0,MSV000088516,NoID,temp/queries/2a/2a1e01519801454184ba7918987d3066/2a1e01519801454184ba7918987d3066.mgf,1,238,1331059
5-ASA_cadaverine,mzspec:GNPS:MULTIPLEX-SYNTHESIS-LIBRARY-ALL-PARTITION-6:accession:CCMSLIB00016279138,0.02,mzspec:MSV000092820:raw/083123_Matthaei_Herbarium_lowmz/2019_Matthaei_nBuOH_150-450mz/Leucanthemum-Leaf-nBuOH-2019.mzML:scan:1341,1,0.79,1,0,MSV000092820,NoID,temp/queries/2a/2a1e01519801454184ba7918987d3066/2a1e01519801454184ba7918987d3066.mgf,1,238,180308
5-ASA_cadaverine,mzspec:GNPS:MULTIPLEX-SYNTHESIS-LIBRARY-ALL-PARTITION-6:accession:CCMSLIB00016279138,0.01,mzspec:MSV000088534:ccms_peak/Raw_Lugdubactin/Lugdubactin_SPE_100MeOH_2.mzML:scan:1155,1,0.79,2,0,MSV000088534,NoID,temp/queries/2a/2a1e01519801454184ba7918987d3066/2a1e01519801454184ba7918987d3066.mgf,1,238,1132331
5-ASA_cadaverine,mzspec:GNPS:MULTIPLEX-SYNTHESIS-LIBRARY-ALL-PARTITION-6:accession:CCMSLIB00016279138,0.01,mzspec:MSV000088534:peak/mzml_Lugdubactin/Lugdubactin_SPE_100MeOH_2.mzML:scan:1155,1,0.79,2,0,MSV000088534,NoID,temp/queries/2a/2a1e01519801454184ba7918987d3066/2a1e01519801454184ba7918987d3066.mgf,1,238,1132310
5-ASA_cadaverine,mzspec:GNPS:MULTIPLEX-SYNTHESIS-LIBRARY-ALL-PARTITION-6:accession:CCMSLIB00016279138,0.01,mzspec:MSV000088332:ccms_peak/RAW/POS/190225_AR_BS_23_Pos.mzML:scan:870,1,0.78,2,0,MSV000088332,NoID,temp/queries/2a/2a1e01519801454184ba7918987d3066/2a1e01519801454184ba7918987d3066.mgf,1,238,1140086
5-ASA_cadaverine,mzspec:GNPS:MULTIPLEX-SYNTHESIS-LIBRARY-ALL-PARTITION-6:accession:CCMSLIB00016279138,0.01,mzspec:MSV000087572:raw/mzML/POS_MSMS_mzML/DOM_Interlab-LC-MS_Lab20_A_Pos_MS2_rep3.mzML:scan:782,1,0.78,1,0,MSV000087572,NoID,temp/queries/2a/2a1e01519801454184ba7918987d3066/2a1e01519801454184ba7918987d3066.mgf,1,238,640604
5-ASA_cadaverine,mzspec:GNPS:MULTIPLEX-SYNTHESIS-LIBRARY-ALL-PARTITION-6:accession:CCMSLIB00016279138,0.02,mzspec:MSV000092820:raw/083123_Matthaei_Herbarium_lowmz/2019_Matthaei_nBuOH_150-450mz/Foeniculum-vulgare-Stem-nBuOH-2019.mzML:scan:1346,1,0.78,1,0,MSV000092820,NoID,temp/queries/2a/2a1e01519801454184ba7918987d3066/2a1e01519801454184ba7918987d3066.mgf,1,238,182290
5-ASA_cadaverine,mzspec:GNPS:MULTIPLEX-SYNTHESIS-LIBRARY-ALL-PARTITION-6:accession:CCMSLIB00016279138,0.01,mzspec:MTBLS9737:FILES/DERIVED_FILES/POS/HFX13_CP1_FZTM230061696-1A.mzML:scan:3046,1,0.78,1,0,MTBLS9737,NoID,temp/queries/2a/2a1e01519801454184ba7918987d3066/2a1e01519801454184ba7918987d3066.mgf,1,238,1575216
5-ASA_cadaverine,mzspec:GNPS:MULTIPLEX-SYNTHESIS-LIBRARY-ALL-PARTITION-6:accession:CCMSLIB00016279138,0.02,mzspec:MSV000083002:ccms_peak/9-26-18/Vicky3-c10-PenicilliumB9A.mzML:scan:182,1,0.78,1,0,MSV000083002,NoID,temp/queries/2a/2a1e01519801454184ba7918987d3066/2a1e01519801454184ba7918987d3066.mgf,1,238,725924
5-ASA_cadaverine,mzspec:GNPS:MULTIPLEX-SYNTHESIS-LIBRARY-ALL-PARTITION-6:accession:CCMSLIB00016279138,0.01,mzspec:MSV000094858:peak/mzml/mTIB041.mzML:scan:4804,1,0.78,1,0,MSV000094858,NoID,temp/queries/2a/2a1e01519801454184ba7918987d3066/2a1e01519801454184ba7918987d3066.mgf,1,238,425890
5-ASA_cadaverine,mzspec:GNPS:MULTIPLEX-SYNTHESIS-LIBRARY-ALL-PARTITION-6:accession:CCMSLIB00016279138,-0.02,mzspec:MSV000095331:peak/mzML_3/BHI_T72_drug_mix1_2.mzML:scan:2530,1,0.78,2,0,MSV000095331,NoID,temp/queries/2a/2a1e01519801454184ba7918987d3066/2a1e01519801454184ba7918987d3066.mgf,1,238,615299
5-ASA_cadaverine,mzspec:GNPS:MULTIPLEX-SYNTHESIS-LIBRARY-ALL-PARTITION-6:accession:CCMSLIB00016279138,0.0,mzspec:MSV000098055:peak/mzML/43547.mzML:scan:444,1,0.77,2,0,MSV000098055,NoID,temp/queries/2a/2a1e01519801454184ba7918987d3066/2a1e01519801454184ba7918987d3066.mgf,1,238,737451
5-ASA_cadaverine,mzspec:GNPS:MULTIPLEX-SYNTHESIS-LIBRARY-ALL-PARTITION-6:accession:CCMSLIB00016279138,-0.02,mzspec:MSV000095331:peak/mzML_3/BHI_T72_drug_mix4_3.mzML:scan:2525,1,0.77,2,0,MSV000095331,NoID,temp/queries/2a/2a1e01519801454184ba7918987d3066/2a1e01519801454184ba7918987d3066.mgf,1,238,615678
5-ASA_cadaverine,mzspec:GNPS:MULTIPLEX-SYNTHESIS-LIBRARY-ALL-PARTITION-6:accession:CCMSLIB00016279138,-0.02,mzspec:MSV000095331:peak/mzML_3/BHI_3.mzML:scan:2522,1,0.77,2,0,MSV000095331,NoID,temp/queries/2a/2a1e01519801454184ba7918987d3066/2a1e01519801454184ba7918987d3066.mgf,1,238,615538
5-ASA_cadaverine,mzspec:GNPS:MULTIPLEX-SYNTHESIS-LIBRARY-ALL-PARTITION-6:accession:CCMSLIB00016279138,0.01,mzspec:MSV000088860:ccms_peak/Dilution/POS/dQC1_ME_MS2_1.mzML:scan:4294967295,1,0.77,1,0,MSV000088860,NoID,temp/queries/2a/2a1e01519801454184ba7918987d3066/2a1e01519801454184ba7918987d3066.mgf,1,238,1046721
5-ASA_cadaverine,mzspec:GNPS:MULTIPLEX-SYNTHESIS-LIBRARY-ALL-PARTITION-6:accession:CCMSLIB00016279138,0.01,mzspec:MSV000088860:raw/Dilution/POS/dQC1_ME_MS2_1.mzML:scan:4294967295,1,0.77,1,0,MSV000088860,NoID,temp/queries/2a/2a1e01519801454184ba7918987d3066/2a1e01519801454184ba7918987d3066.mgf,1,238,1046899
5-ASA_cadaverine,mzspec:GNPS:MULTIPLEX-SYNTHESIS-LIBRARY-ALL-PARTITION-6:accession:CCMSLIB00016279138,0.01,mzspec:MSV000087572:raw/mzML/POS_MSMS_mzML/DOM_Interlab-LC-MS_Lab20_A_Pos_MS2_rep2.mzML:scan:783,1,0.77,1,0,MSV000087572,NoID,temp/queries/2a/2a1e01519801454184ba7918987d3066/2a1e01519801454184ba7918987d3066.mgf,1,238,640619
5-ASA_cadaverine,mzspec:GNPS:MULTIPLEX-SYNTHESIS-LIBRARY-ALL-PARTITION-6:accession:CCMSLIB00016279138,0.01,mzspec:MSV000081116:peak/ISP2/Streptomyces roseosporus NRRL 15998/Strept_roseosporus_Mix1_SampleB3.mzML:scan:1329,1,0.77,2,0,MSV000081116,NoID,temp/queries/2a/2a1e01519801454184ba7918987d3066/2a1e01519801454184ba7918987d3066.mgf,1,238,66089
5-ASA_cadaverine,mzspec:GNPS:MULTIPLEX-SYNTHESIS-LIBRARY-ALL-PARTITION-6:accession:CCMSLIB00016279138,0.01,mzspec:MSV000081116:ccms_peak/ISP2/Streptomyces roseosporus NRRL 15998/Strept_roseosporus_Mix1_SampleB3.mzML:scan:1329,1,0.77,2,0,MSV000081116,NoID,temp/queries/2a/2a1e01519801454184ba7918987d3066/2a1e01519801454184ba7918987d3066.mgf,1,238,66219
5-ASA_cadaverine,mzspec:GNPS:MULTIPLEX-SYNTHESIS-LIBRARY-ALL-PARTITION-6:accession:CCMSLIB00016279138,-0.0,mzspec:MSV000098055:peak/mzML/60480.mzML:scan:456,1,0.76,2,0,MSV000098055,NoID,temp/queries/2a/2a1e01519801454184ba7918987d3066/2a1e01519801454184ba7918987d3066.mgf,1,238,738742
5-ASA_cadaverine,mzspec:GNPS:MULTIPLEX-SYNTHESIS-LIBRARY-ALL-PARTITION-6:accession:CCMSLIB00016279138,-0.0,mzspec:MSV000098055:peak/mzML/45882.mzML:scan:433,1,0.76,2,0,MSV000098055,NoID,temp/queries/2a/2a1e01519801454184ba7918987d3066/2a1e01519801454184ba7918987d3066.mgf,1,238,737995
5-ASA_cadaverine,mzspec:GNPS:MULTIPLEX-SYNTHESIS-LIBRARY-ALL-PARTITION-6:accession:CCMSLIB00016279138,0.01,mzspec:MSV000091663:ccms_peak/GNPS_Bile_acid_modification/Mizrahi_samples/Samples/Chromatography_1/Wolf_1.mzML:scan:648,1,0.76,2,0,MSV000091663,NoID,temp/queries/2a/2a1e01519801454184ba7918987d3066/2a1e01519801454184ba7918987d3066.mgf,1,238,1026402
5-ASA_cadaverine,mzspec:GNPS:MULTIPLEX-SYNTHESIS-LIBRARY-ALL-PARTITION-6:accession:CCMSLIB00016279138,0.02,mzspec:MSV000083664:ccms_peak/mzxml/Buffered/Buffer_Samples/BS101_RB1_01_42379.mzML:scan:77,1,0.76,1,0,MSV000083664,NoID,temp/queries/2a/2a1e01519801454184ba7918987d3066/2a1e01519801454184ba7918987d3066.mgf,1,238,115366
5-ASA_cadaverine,mzspec:GNPS:MULTIPLEX-SYNTHESIS-LIBRARY-ALL-PARTITION-6:accession:CCMSLIB00016279138,0.0,mzspec:MSV000085870:peak/peak/PH697215_pos_IDA.mzXML:scan:8002,1,0.76,1,0,MSV000085870,NoID,temp/queries/2a/2a1e01519801454184ba7918987d3066/2a1e01519801454184ba7918987d3066.mgf,1,238,523510
5-ASA_cadaverine,mzspec:GNPS:MULTIPLEX-SYNTHESIS-LIBRARY-ALL-PARTITION-6:accession:CCMSLIB00016279138,0.0,mzspec:MSV000085870:peak/peak/CS56182_pos_IDA.mzXML:scan:6415,1,0.76,1,0,MSV000085870,NoID,temp/queries/2a/2a1e01519801454184ba7918987d3066/2a1e01519801454184ba7918987d3066.mgf,1,238,523810
5-ASA_cadaverine,mzspec:GNPS:MULTIPLEX-SYNTHESIS-LIBRARY-ALL-PARTITION-6:accession:CCMSLIB00016279138,0.0,mzspec:MTBLS417:FILES/CS56182_pos_IDA.mzXML:scan:6415,1,0.76,1,0,MTBLS417,NoID,temp/queries/2a/2a1e01519801454184ba7918987d3066/2a1e01519801454184ba7918987d3066.mgf,1,238,1495604
5-ASA_cadaverine,mzspec:GNPS:MULTIPLEX-SYNTHESIS-LIBRARY-ALL-PARTITION-6:accession:CCMSLIB00016279138,0.0,mzspec:MTBLS417:FILES/PH697215_pos_IDA.mzXML:scan:8002,1,0.76,1,0,MTBLS417,NoID,temp/queries/2a/2a1e01519801454184ba7918987d3066/2a1e01519801454184ba7918987d3066.mgf,1,238,1495710
5-ASA_cadaverine,mzspec:GNPS:MULTIPLEX-SYNTHESIS-LIBRARY-ALL-PARTITION-6:accession:CCMSLIB00016279138,0.02,mzspec:MSV000092820:raw/083123_Matthaei_Herbarium_lowmz/2019_Matthaei_nBuOH_150-450mz/Foeniculum-vulgare-Flower-nBuOH-2019.mzML:scan:1357,1,0.76,1,0,MSV000092820,NoID,temp/queries/2a/2a1e01519801454184ba7918987d3066/2a1e01519801454184ba7918987d3066.mgf,1,238,180516
5-ASA_cadaverine,mzspec:GNPS:MULTIPLEX-SYNTHESIS-LIBRARY-ALL-PARTITION-6:accession:CCMSLIB00016279138,0.0,mzspec:MSV000088860:raw/Dilution/POS/dQC1_HE_MS2_8.mzML:scan:4294967295,1,0.75,1,0,MSV000088860,NoID,temp/queries/2a/2a1e01519801454184ba7918987d3066/2a1e01519801454184ba7918987d3066.mgf,1,238,1046720
5-ASA_cadaverine,mzspec:GNPS:MULTIPLEX-SYNTHESIS-LIBRARY-ALL-PARTITION-6:accession:CCMSLIB00016279138,0.0,mzspec:MSV000088860:ccms_peak/Dilution/POS/dQC1_HE_MS2_8.mzML:scan:4294967295,1,0.75,1,0,MSV000088860,NoID,temp/queries/2a/2a1e01519801454184ba7918987d3066/2a1e01519801454184ba7918987d3066.mgf,1,238,1046808
5-ASA_cadaverine,mzspec:GNPS:MULTIPLEX-SYNTHESIS-LIBRARY-ALL-PARTITION-6:accession:CCMSLIB00016279138,-0.01,mzspec:MTBLS3963:FILES/DERIVED_FILES/POS/Inc-Lys-3_POS.mzML:scan:4294967295,1,0.75,1,0,MTBLS3963,NoID,temp/queries/2a/2a1e01519801454184ba7918987d3066/2a1e01519801454184ba7918987d3066.mgf,1,238,1493391
5-ASA_cadaverine,mzspec:GNPS:MULTIPLEX-SYNTHESIS-LIBRARY-ALL-PARTITION-6:accession:CCMSLIB00016279138,-0.0,mzspec:MSV000082048:peak/Plate_24/15_67.mzML:scan:1174,1,0.75,1,0,MSV000082048,NoID,temp/queries/2a/2a1e01519801454184ba7918987d3066/2a1e01519801454184ba7918987d3066.mgf,1,238,772082
5-ASA_cadaverine,mzspec:GNPS:MULTIPLEX-SYNTHESIS-LIBRARY-ALL-PARTITION-6:accession:CCMSLIB00016279138,-0.0,mzspec:MSV000082048:ccms_peak/Plate_24/15_67.mzML:scan:1174,1,0.75,1,0,MSV000082048,NoID,temp/queries/2a/2a1e01519801454184ba7918987d3066/2a1e01519801454184ba7918987d3066.mgf,1,238,774012
5-ASA_cadaverine,mzspec:GNPS:MULTIPLEX-SYNTHESIS-LIBRARY-ALL-PARTITION-6:accession:CCMSLIB00016279138,0.01,mzspec:MSV000081344:ccms_peak/mzXML_Files/Plate_1/SEED_C18p_Palmer_1_BB6_01_10575.mzXML:scan:207,1,0.75,2,0,MSV000081344,NoID,temp/queries/2a/2a1e01519801454184ba7918987d3066/2a1e01519801454184ba7918987d3066.mgf,1,238,1026165
5-ASA_cadaverine,mzspec:GNPS:MULTIPLEX-SYNTHESIS-LIBRARY-ALL-PARTITION-6:accession:CCMSLIB00016279138,0.01,mzspec:MSV000084873:ccms_peak/raw/WTA_noFe_pH2_Fe_neutral.mzML:scan:2517,1,0.75,2,0,MSV000084873,NoID,temp/queries/2a/2a1e01519801454184ba7918987d3066/2a1e01519801454184ba7918987d3066.mgf,1,238,355620
5-ASA_cadaverine,mzspec:GNPS:MULTIPLEX-SYNTHESIS-LIBRARY-ALL-PARTITION-6:accession:CCMSLIB00016279138,0.02,mzspec:MSV000091381:ccms_peak/U19_MIND_Y3_Raw/P3_A9_5751672.mzML:scan:803,1,0.75,2,0,MSV000091381,NoID,temp/queries/2a/2a1e01519801454184ba7918987d3066/2a1e01519801454184ba7918987d3066.mgf,1,238,187578
5-ASA_cadaverine,mzspec:GNPS:MULTIPLEX-SYNTHESIS-LIBRARY-ALL-PARTITION-6:accession:CCMSLIB00016279138,0.02,mzspec:MSV000091381:peak/U19_MIND_Y3_mzML/P3_A9_5751672.mzML:scan:803,1,0.75,2,0,MSV000091381,NoID,temp/queries/2a/2a1e01519801454184ba7918987d3066/2a1e01519801454184ba7918987d3066.mgf,1,238,187747
5-ASA_cadaverine,mzspec:GNPS:MULTIPLEX-SYNTHESIS-LIBRARY-ALL-PARTITION-6:accession:CCMSLIB00016279138,0.01,mzspec:MSV000084873:ccms_peak/raw/WTB_noFe_pH2_Fe_neutral.mzML:scan:2509,1,0.74,2,0,MSV000084873,NoID,temp/queries/2a/2a1e01519801454184ba7918987d3066/2a1e01519801454184ba7918987d3066.mgf,1,238,355526
5-ASA_cadaverine,mzspec:GNPS:MULTIPLEX-SYNTHESIS-LIBRARY-ALL-PARTITION-6:accession:CCMSLIB00016279138,0.0,mzspec:MSV000089112:peak/pos_mzxml/pos_male_25_May_5_Acute_infected_P189_G12.mzXML:scan:2110,1,0.74,2,0,MSV000089112,NoID,temp/queries/2a/2a1e01519801454184ba7918987d3066/2a1e01519801454184ba7918987d3066.mgf,1,238,1090015
5-ASA_cadaverine,mzspec:GNPS:MULTIPLEX-SYNTHESIS-LIBRARY-ALL-PARTITION-6:accession:CCMSLIB00016279138,-0.0,mzspec:MSV000089491:ccms_peak/amidation mzXMLs/amidation_C19_2_BD2_01_63114.mzML:scan:670,1,0.74,1,0,MSV000089491,NoID,temp/queries/2a/2a1e01519801454184ba7918987d3066/2a1e01519801454184ba7918987d3066.mgf,1,238,69464
5-ASA_cadaverine,mzspec:GNPS:MULTIPLEX-SYNTHESIS-LIBRARY-ALL-PARTITION-6:accession:CCMSLIB00016279138,-0.02,mzspec:MSV000095331:peak/mzML_3/BHI_T72_drug_mix2_2.mzML:scan:2530,1,0.74,2,0,MSV000095331,NoID,temp/queries/2a/2a1e01519801454184ba7918987d3066/2a1e01519801454184ba7918987d3066.mgf,1,238,615113
5-ASA_cadaverine,mzspec:GNPS:MULTIPLEX-SYNTHESIS-LIBRARY-ALL-PARTITION-6:accession:CCMSLIB00016279138,0.02,mzspec:MSV000094261:peak/THA57_Frac_D_basic_pH.mzML:scan:1736,1,0.74,1,0,MSV000094261,NoID,temp/queries/2a/2a1e01519801454184ba7918987d3066/2a1e01519801454184ba7918987d3066.mgf,1,238,1302864
5-ASA_cadaverine,mzspec:GNPS:MULTIPLEX-SYNTHESIS-LIBRARY-ALL-PARTITION-6:accession:CCMSLIB00016279138,0.0,mzspec:MSV000083760:ccms_peak/data_mzxml_Fp2/samples/18NAVY30_v1_lun_9_BF9_01_39720.mzML:scan:954,1,0.73,1,0,MSV000083760,NoID,temp/queries/2a/2a1e01519801454184ba7918987d3066/2a1e01519801454184ba7918987d3066.mgf,1,238,1330625
5-ASA_cadaverine,mzspec:GNPS:MULTIPLEX-SYNTHESIS-LIBRARY-ALL-PARTITION-6:accession:CCMSLIB00016279138,-0.02,mzspec:MSV000095331:peak/mzML_3/BHI_T72_drug_mix3_3.mzML:scan:2528,1,0.73,1,0,MSV000095331,NoID,temp/queries/2a/2a1e01519801454184ba7918987d3066/2a1e01519801454184ba7918987d3066.mgf,1,238,615321
5-ASA_cadaverine,mzspec:GNPS:MULTIPLEX-SYNTHESIS-LIBRARY-ALL-PARTITION-6:accession:CCMSLIB00016279138,0.0,mzspec:MSV000084900:ccms_peak/Global_Foodomics_composite_data_2020/MSV000083760_ONR_foods/18NAVY30_v1_lun_9_BF9_01_39720.mzML:scan:954,1,0.73,1,0,MSV000084900,NoID,temp/queries/2a/2a1e01519801454184ba7918987d3066/2a1e01519801454184ba7918987d3066.mgf,1,238,420175
5-ASA_cadaverine,mzspec:GNPS:MULTIPLEX-SYNTHESIS-LIBRARY-ALL-PARTITION-6:accession:CCMSLIB00016279138,0.01,mzspec:MSV000093361:peak/3439BuOH.mzML:scan:2925,1,0.73,2,0,MSV000093361,NoID,temp/queries/2a/2a1e01519801454184ba7918987d3066/2a1e01519801454184ba7918987d3066.mgf,1,238,66064
5-ASA_cadaverine,mzspec:GNPS:MULTIPLEX-SYNTHESIS-LIBRARY-ALL-PARTITION-6:accession:CCMSLIB00016279138,0.01,mzspec:MSV000093361:peak/3438BuOH.mzML:scan:2937,1,0.73,2,0,MSV000093361,NoID,temp/queries/2a/2a1e01519801454184ba7918987d3066/2a1e01519801454184ba7918987d3066.mgf,1,238,66075
5-ASA_cadaverine,mzspec:GNPS:MULTIPLEX-SYNTHESIS-LIBRARY-ALL-PARTITION-6:accession:CCMSLIB00016279138,0.01,mzspec:MSV000082630:ccms_peak/raw_files/samples/Subject_10/16NAVY10_8_plasma.mzML:scan:937,1,0.73,2,0,MSV000082630,NoID,temp/queries/2a/2a1e01519801454184ba7918987d3066/2a1e01519801454184ba7918987d3066.mgf,1,238,282639
5-ASA_cadaverine,mzspec:GNPS:MULTIPLEX-SYNTHESIS-LIBRARY-ALL-PARTITION-6:accession:CCMSLIB00016279138,0.02,mzspec:MSV000092820:raw/083123_Matthaei_Herbarium_lowmz/2019_Matthaei_nBuOH_150-450mz/Hemerocallis-Leaf-nBuOH-2019.mzML:scan:1348,1,0.72,1,0,MSV000092820,NoID,temp/queries/2a/2a1e01519801454184ba7918987d3066/2a1e01519801454184ba7918987d3066.mgf,1,238,182749
5-ASA_cadaverine,mzspec:GNPS:MULTIPLEX-SYNTHESIS-LIBRARY-ALL-PARTITION-6:accession:CCMSLIB00016279138,0.02,mzspec:MSV000092820:raw/083123_Matthaei_Herbarium_lowmz/2019_Matthaei_nBuOH_150-450mz/Coccinia-indica-Flower-nBuOH-2019.mzML:scan:1348,1,0.72,1,0,MSV000092820,NoID,temp/queries/2a/2a1e01519801454184ba7918987d3066/2a1e01519801454184ba7918987d3066.mgf,1,238,180463
5-ASA_cadaverine,mzspec:GNPS:MULTIPLEX-SYNTHESIS-LIBRARY-ALL-PARTITION-6:accession:CCMSLIB00016279138,0.0,mzspec:MSV000088436:peak/11112021-peaklist/phrma_urine_M_60.mzXML:scan:2164,1,0.72,2,0,MSV000088436,NoID,temp/queries/2a/2a1e01519801454184ba7918987d3066/2a1e01519801454184ba7918987d3066.mgf,1,238,1016503
5-ASA_cadaverine,mzspec:GNPS:MULTIPLEX-SYNTHESIS-LIBRARY-ALL-PARTITION-6:accession:CCMSLIB00016279138,-0.02,mzspec:MSV000081284:ccms_peak/mzXML/Plate_5/14UC30_BB8_01_12214.mzXML:scan:938,1,0.72,1,0,MSV000081284,NoID,temp/queries/2a/2a1e01519801454184ba7918987d3066/2a1e01519801454184ba7918987d3066.mgf,1,238,1052119
5-ASA_cadaverine,mzspec:GNPS:MULTIPLEX-SYNTHESIS-LIBRARY-ALL-PARTITION-6:accession:CCMSLIB00016279138,0.0,mzspec:MSV000082048:peak/Plate_24/5_67.mzML:scan:1159,1,0.71,1,0,MSV000082048,NoID,temp/queries/2a/2a1e01519801454184ba7918987d3066/2a1e01519801454184ba7918987d3066.mgf,1,238,772086
5-ASA_cadaverine,mzspec:GNPS:MULTIPLEX-SYNTHESIS-LIBRARY-ALL-PARTITION-6:accession:CCMSLIB00016279138,-0.02,mzspec:MTBLS8464:FILES/DERIVED_FILES/pos_20220103__B4_A01_Lat_pra_Ind_3_Root_GB1_1_16382.mzML:scan:3895,1,0.71,1,0,MTBLS8464,NoID,temp/queries/2a/2a1e01519801454184ba7918987d3066/2a1e01519801454184ba7918987d3066.mgf,1,238,1520676
5-ASA_cadaverine,mzspec:GNPS:MULTIPLEX-SYNTHESIS-LIBRARY-ALL-PARTITION-6:accession:CCMSLIB00016279138,0.0,mzspec:MSV000081160:ccms_peak/Aq_pos/Samples/G2_RV2_CV0457.mzML:scan:1584,1,0.71,1,0,MSV000081160,NoID,temp/queries/2a/2a1e01519801454184ba7918987d3066/2a1e01519801454184ba7918987d3066.mgf,1,238,270916
5-ASA_cadaverine,mzspec:GNPS:MULTIPLEX-SYNTHESIS-LIBRARY-ALL-PARTITION-6:accession:CCMSLIB00016279138,0.0,mzspec:MSV000081160:ccms_peak/Aq_pos/Samples/G4_RV1_CV0498.mzML:scan:1447,1,0.71,1,0,MSV000081160,NoID,temp/queries/2a/2a1e01519801454184ba7918987d3066/2a1e01519801454184ba7918987d3066.mgf,1,238,269928
5-ASA_cadaverine,mzspec:GNPS:MULTIPLEX-SYNTHESIS-LIBRARY-ALL-PARTITION-6:accession:CCMSLIB00016279138,0.0,mzspec:MSV000082048:ccms_peak/Plate_24/5_67.mzML:scan:1159,1,0.71,1,0,MSV000082048,NoID,temp/queries/2a/2a1e01519801454184ba7918987d3066/2a1e01519801454184ba7918987d3066.mgf,1,238,773976
5-ASA_cadaverine,mzspec:GNPS:MULTIPLEX-SYNTHESIS-LIBRARY-ALL-PARTITION-6:accession:CCMSLIB00016279138,0.01,mzspec:MSV000083758:ccms_peak/plasma-all/16NAVY04_5_plasma_GE11_01_38905.mzML:scan:786,1,0.71,1,0,MSV000083758,NoID,temp/queries/2a/2a1e01519801454184ba7918987d3066/2a1e01519801454184ba7918987d3066.mgf,1,238,71256
5-ASA_cadaverine,mzspec:GNPS:MULTIPLEX-SYNTHESIS-LIBRARY-ALL-PARTITION-6:accession:CCMSLIB00016279138,0.02,mzspec:MSV000094899:peak/mzML/T8_Metro_noBac_rep3.mzML:scan:238,1,0.71,1,0,MSV000094899,NoID,temp/queries/2a/2a1e01519801454184ba7918987d3066/2a1e01519801454184ba7918987d3066.mgf,1,238,89396
5-ASA_cadaverine,mzspec:GNPS:MULTIPLEX-SYNTHESIS-LIBRARY-ALL-PARTITION-6:accession:CCMSLIB00016279138,0.01,mzspec:MSV000085858:ccms_peak/27_0_M_Control_OBA_C3.mzML:scan:1877,1,0.71,2,0,MSV000085858,NoID,temp/queries/2a/2a1e01519801454184ba7918987d3066/2a1e01519801454184ba7918987d3066.mgf,1,238,1024222
5-ASA_cadaverine,mzspec:GNPS:MULTIPLEX-SYNTHESIS-LIBRARY-ALL-PARTITION-6:accession:CCMSLIB00016279138,0.01,mzspec:MSV000084595:peak/Positive_mzML/Samples/27_0_M_Control_OBA_C3.mzML:scan:1877,1,0.71,2,0,MSV000084595,NoID,temp/queries/2a/2a1e01519801454184ba7918987d3066/2a1e01519801454184ba7918987d3066.mgf,1,238,524479
5-ASA_cadaverine,mzspec:GNPS:MULTIPLEX-SYNTHESIS-LIBRARY-ALL-PARTITION-6:accession:CCMSLIB00016279138,0.01,mzspec:MSV000084595:ccms_peak/Positive_RAW/27_0_M_Control_OBA_C3.mzML:scan:1877,1,0.71,2,0,MSV000084595,NoID,temp/queries/2a/2a1e01519801454184ba7918987d3066/2a1e01519801454184ba7918987d3066.mgf,1,238,524399
5-ASA_cadaverine,mzspec:GNPS:MULTIPLEX-SYNTHESIS-LIBRARY-ALL-PARTITION-6:accession:CCMSLIB00016279138,0.01,mzspec:MSV000087690:ccms_peak/raw/POS_MSMS_raw/DOM_Interlab-LC-MS_Lab20_A_Pos_MS2_rep1.mzML:scan:780,1,0.7,1,0,MSV000087690,NoID,temp/queries/2a/2a1e01519801454184ba7918987d3066/2a1e01519801454184ba7918987d3066.mgf,1,238,257947
5-ASA_cadaverine,mzspec:GNPS:MULTIPLEX-SYNTHESIS-LIBRARY-ALL-PARTITION-6:accession:CCMSLIB00016279138,0.01,mzspec:MSV000087690:peak/mzml/POS_MSMS_mzml/DOM_Interlab-LC-MS_Lab20_A_Pos_MS2_rep1.mzML:scan:780,1,0.7,1,0,MSV000087690,NoID,temp/queries/2a/2a1e01519801454184ba7918987d3066/2a1e01519801454184ba7918987d3066.mgf,1,238,257899
5-ASA_cadaverine,mzspec:GNPS:MULTIPLEX-SYNTHESIS-LIBRARY-ALL-PARTITION-6:accession:CCMSLIB00016279138,0.02,mzspec:MSV000094899:peak/mzML/T8_Sertr_noBac_rep3.mzML:scan:233,1,0.7,1,0,MSV000094899,NoID,temp/queries/2a/2a1e01519801454184ba7918987d3066/2a1e01519801454184ba7918987d3066.mgf,1,238,88710
5-ASA_cadaverine,mzspec:GNPS:MULTIPLEX-SYNTHESIS-LIBRARY-ALL-PARTITION-6:accession:CCMSLIB00016279138,0.01,mzspec:MSV000088823:ccms_peak/pos-Mode_MS2/Lab_20/DOM_Interlab-LC-MS_Lab20_A_Pos_MS2_rep1.mzML:scan:780,1,0.7,1,0,MSV000088823,NoID,temp/queries/2a/2a1e01519801454184ba7918987d3066/2a1e01519801454184ba7918987d3066.mgf,1,238,1100507
5-ASA_cadaverine,mzspec:GNPS:MULTIPLEX-SYNTHESIS-LIBRARY-ALL-PARTITION-6:accession:CCMSLIB00016279138,0.01,mzspec:MSV000088823:updates/2022-02-16_bciap01_2e2457db/peak/Peaks/mzmL/MS2_Pos_mode/DOM_Interlab-LC-MS_Lab20_A_Pos_MS2_rep1.mzML:scan:780,1,0.7,1,0,MSV000088823,NoID,temp/queries/2a/2a1e01519801454184ba7918987d3066/2a1e01519801454184ba7918987d3066.mgf,1,238,1099578
5-ASA_cadaverine,mzspec:GNPS:MULTIPLEX-SYNTHESIS-LIBRARY-ALL-PARTITION-6:accession:CCMSLIB00016279138,0.01,mzspec:MSV000088823:peak/pos-Mode_MS2/Lab_20/DOM_Interlab-LC-MS_Lab20_A_Pos_MS2_rep1.mzML:scan:780,1,0.7,1,0,MSV000088823,NoID,temp/queries/2a/2a1e01519801454184ba7918987d3066/2a1e01519801454184ba7918987d3066.mgf,1,238,1097384
5-ASA_cadaverine,mzspec:GNPS:MULTIPLEX-SYNTHESIS-LIBRARY-ALL-PARTITION-6:accession:CCMSLIB00016279138,0.01,mzspec:MSV000087572:ccms_peak/raw data/POS_MSMS_raw/DOM_Interlab-LC-MS_Lab20_A_Pos_MS2_rep1.mzML:scan:780,1,0.7,1,0,MSV000087572,NoID,temp/queries/2a/2a1e01519801454184ba7918987d3066/2a1e01519801454184ba7918987d3066.mgf,1,238,640651
5-ASA_cadaverine,mzspec:GNPS:MULTIPLEX-SYNTHESIS-LIBRARY-ALL-PARTITION-6:accession:CCMSLIB00016279138,0.0,mzspec:MSV000081160:updates/2017-06-14_lamccall_6787808c/peak/Aq_pos/Samples/G4_RV3_CV0470.mzXML:scan:1556,1,0.7,1,0,MSV000081160,NoID,temp/queries/2a/2a1e01519801454184ba7918987d3066/2a1e01519801454184ba7918987d3066.mgf,1,238,271461
5-ASA_cadaverine,mzspec:GNPS:MULTIPLEX-SYNTHESIS-LIBRARY-ALL-PARTITION-6:accession:CCMSLIB00016279138,0.0,mzspec:MSV000081160:ccms_peak/Aq_pos/Samples/G2_RV3_CV0446.mzML:scan:1582,1,0.7,1,0,MSV000081160,NoID,temp/queries/2a/2a1e01519801454184ba7918987d3066/2a1e01519801454184ba7918987d3066.mgf,1,238,271230
5-ASA_cadaverine,mzspec:GNPS:MULTIPLEX-SYNTHESIS-LIBRARY-ALL-PARTITION-6:accession:CCMSLIB00016279138,0.0,mzspec:MSV000081160:ccms_peak/Aq_pos/Samples/G4_RV1_CV0498.mzML:scan:1563,1,0.7,1,0,MSV000081160,NoID,temp/queries/2a/2a1e01519801454184ba7918987d3066/2a1e01519801454184ba7918987d3066.mgf,1,238,269930
5-ASA_cadaverine,mzspec:GNPS:MULTIPLEX-SYNTHESIS-LIBRARY-ALL-PARTITION-6:accession:CCMSLIB00016279138,-0.0,mzspec:MSV000094528:updates/2024-10-07_corinnabrungs_594d7cf4/peak/mzml_20240502_MSn_positive/20240502_pluskal_enamine_5010_I8_id_MSn_positive.mzML:scan:511,1,0.7,1,0,MSV000094528,NoID,temp/queries/2a/2a1e01519801454184ba7918987d3066/2a1e01519801454184ba7918987d3066.mgf,1,238,118774
