compound_name,lib_usi,Delta Mass,USI,Charge,Cosine,Matching Peaks,Unit Delta Mass,Dataset,Status,Query Filename,Query Scan,Index UnitPM,Index IdxInUnitPM
5-ASA_cinchonine,mzspec:GNPS:MULTIPLEX-SYNTHESIS-LIBRARY-ALL-PARTITION-6:accession:CCMSLIB00016278795,-0.02,mzspec:MSV000079098:ccms_peak/GNPS_Cichewicz_Fungi_Collection/Plate57/CBR_SEA3_57F6_RF6_01_629.mzXML:scan:3499,1,0.88,2,0,MSV000079098,NoID,temp/queries/9e/9edd513bc6b042adae650608f56951c0/9edd513bc6b042adae650608f56951c0.mgf,1,430,2736991
5-ASA_cinchonine,mzspec:GNPS:MULTIPLEX-SYNTHESIS-LIBRARY-ALL-PARTITION-6:accession:CCMSLIB00016278795,-0.0,mzspec:MSV000094528:peak/mzml_20231123_positive/20231123_pluskal_nencka_mce_5001_B5_id_MSn_positive.mzML:scan:201,1,0.79,1,0,MSV000094528,NoID,temp/queries/9e/9edd513bc6b042adae650608f56951c0/9edd513bc6b042adae650608f56951c0.mgf,1,430,356693
5-ASA_cinchonine,mzspec:GNPS:MULTIPLEX-SYNTHESIS-LIBRARY-ALL-PARTITION-6:accession:CCMSLIB00016278795,-0.0,mzspec:MSV000094528:peak/mzml_20231123_positive/20231123_pluskal_nencka_mce_5001_B5_id_MSn_positive.mzML:scan:641,1,0.77,1,0,MSV000094528,NoID,temp/queries/9e/9edd513bc6b042adae650608f56951c0/9edd513bc6b042adae650608f56951c0.mgf,1,430,356696
5-ASA_cinchonine,mzspec:GNPS:MULTIPLEX-SYNTHESIS-LIBRARY-ALL-PARTITION-6:accession:CCMSLIB00016278795,-0.0,mzspec:MSV000094528:peak/mzml_20231123_positive/20231123_pluskal_nencka_mce_5001_B5_id_MSn_positive.mzML:scan:200,1,0.75,1,0,MSV000094528,NoID,temp/queries/9e/9edd513bc6b042adae650608f56951c0/9edd513bc6b042adae650608f56951c0.mgf,1,430,356692
5-ASA_cinchonine,mzspec:GNPS:MULTIPLEX-SYNTHESIS-LIBRARY-ALL-PARTITION-6:accession:CCMSLIB00016278795,-0.0,mzspec:MSV000094528:peak/mzml_20231123_positive/20231123_pluskal_nencka_mce_5001_B5_id_MSn_positive.mzML:scan:640,1,0.71,1,0,MSV000094528,NoID,temp/queries/9e/9edd513bc6b042adae650608f56951c0/9edd513bc6b042adae650608f56951c0.mgf,1,430,356695
