compound_name,lib_usi,desc,timing
5-ASA_dehydroepiandrosterone,mzspec:GNPS:MULTIPLEX-SYNTHESIS-LIBRARY-ALL-PARTITION-6:accession:CCMSLIB00016278835,prep,0.001020669937133789
5-ASA_dehydroepiandrosterone,mzspec:GNPS:MULTIPLEX-SYNTHESIS-LIBRARY-ALL-PARTITION-6:accession:CCMSLIB00016278835,Search,0.7400088310241699
5-ASA_dehydroepiandrosterone,mzspec:GNPS:MULTIPLEX-SYNTHESIS-LIBRARY-ALL-PARTITION-6:accession:CCMSLIB00016278835,Parse Query,9.822845458984375e-05
5-ASA_dehydroepiandrosterone,mzspec:GNPS:MULTIPLEX-SYNTHESIS-LIBRARY-ALL-PARTITION-6:accession:CCMSLIB00016278835,Parse Query 2,0.0015344619750976562
5-ASA_dehydroepiandrosterone,mzspec:GNPS:MULTIPLEX-SYNTHESIS-LIBRARY-ALL-PARTITION-6:accession:CCMSLIB00016278835,Get DB Info,8.940696716308594e-05
5-ASA_dehydroepiandrosterone,mzspec:GNPS:MULTIPLEX-SYNTHESIS-LIBRARY-ALL-PARTITION-6:accession:CCMSLIB00016278835,Demangle,0.005191802978515625
5-ASA_dehydroepiandrosterone,mzspec:GNPS:MULTIPLEX-SYNTHESIS-LIBRARY-ALL-PARTITION-6:accession:CCMSLIB00016278835,Group,0.0051860809326171875
5-ASA_dehydroepiandrosterone,mzspec:GNPS:MULTIPLEX-SYNTHESIS-LIBRARY-ALL-PARTITION-6:accession:CCMSLIB00016278835,Enrich datasets,0.012394428253173828
