compound_name,lib_usi,Delta Mass,USI,Charge,Cosine,Matching Peaks,Unit Delta Mass,Dataset,Status,Query Filename,Query Scan,Index UnitPM,Index IdxInUnitPM
5-ASA_farnesol,mzspec:GNPS:MULTIPLEX-SYNTHESIS-LIBRARY-ALL-PARTITION-6:accession:CCMSLIB00016278814,0.01,mzspec:MSV000083002:ccms_peak/9-26-18/Vicky2-g12-149-A5A.mzML:scan:2582,1,0.74,6,0,MSV000083002,NoID,temp/queries/c1/c124ee2df7904d13a97ae52ff4b09c4d/c124ee2df7904d13a97ae52ff4b09c4d.mgf,1,358,1044719
5-ASA_farnesol,mzspec:GNPS:MULTIPLEX-SYNTHESIS-LIBRARY-ALL-PARTITION-6:accession:CCMSLIB00016278814,0.01,mzspec:MSV000083002:ccms_peak/10-1-18/Vicky1-f4-347-D12B.mzML:scan:2591,1,0.74,5,0,MSV000083002,NoID,temp/queries/c1/c124ee2df7904d13a97ae52ff4b09c4d/c124ee2df7904d13a97ae52ff4b09c4d.mgf,1,358,1044155
5-ASA_farnesol,mzspec:GNPS:MULTIPLEX-SYNTHESIS-LIBRARY-ALL-PARTITION-6:accession:CCMSLIB00016278814,0.01,mzspec:MSV000083002:ccms_peak/10-1-18/Vicky1-e1-263-C2B.mzML:scan:2624,1,0.73,5,0,MSV000083002,NoID,temp/queries/c1/c124ee2df7904d13a97ae52ff4b09c4d/c124ee2df7904d13a97ae52ff4b09c4d.mgf,1,358,1044093
5-ASA_farnesol,mzspec:GNPS:MULTIPLEX-SYNTHESIS-LIBRARY-ALL-PARTITION-6:accession:CCMSLIB00016278814,0.01,mzspec:MSV000083002:ccms_peak/9-26-18/Vicky1-c12-134-D5A.mzML:scan:2643,1,0.71,5,0,MSV000083002,NoID,temp/queries/c1/c124ee2df7904d13a97ae52ff4b09c4d/c124ee2df7904d13a97ae52ff4b09c4d.mgf,1,358,1044267
