compound_name,lib_usi,Delta Mass,USI,Charge,Cosine,Matching Peaks,Unit Delta Mass,Dataset,Status,Query Filename,Query Scan,Index UnitPM,Index IdxInUnitPM
5-ASA_fluorobenzoic-acid,mzspec:GNPS:MULTIPLEX-SYNTHESIS-LIBRARY-ALL-PARTITION-6:accession:CCMSLIB00016279530,0.0,mzspec:MSV000094528:updates/2024-10-07_corinnabrungs_594d7cf4/peak/mzml_20240502_MSn_negative/20240502_pluskal_enamine_5010_I3_id_MSn_negative.mzML:scan:218,1,0.92,1,0,MSV000094528,NoID,temp/queries/85/8567406dc3c64f79bb2bfa7ec923bc72/8567406dc3c64f79bb2bfa7ec923bc72.mgf,1,276,192941
5-ASA_fluorobenzoic-acid,mzspec:GNPS:MULTIPLEX-SYNTHESIS-LIBRARY-ALL-PARTITION-6:accession:CCMSLIB00016279530,0.0,mzspec:MSV000094528:updates/2024-10-07_corinnabrungs_594d7cf4/peak/mzml_20240502_MSn_negative/20240502_pluskal_enamine_5010_I3_id_MSn_negative.mzML:scan:217,1,0.91,1,0,MSV000094528,NoID,temp/queries/85/8567406dc3c64f79bb2bfa7ec923bc72/8567406dc3c64f79bb2bfa7ec923bc72.mgf,1,276,192940
5-ASA_fluorobenzoic-acid,mzspec:GNPS:MULTIPLEX-SYNTHESIS-LIBRARY-ALL-PARTITION-6:accession:CCMSLIB00016279530,0.02,mzspec:MSV000084641:ccms_peak/GAM_Duloxetine.mzML:scan:4294967295,1,0.87,1,0,MSV000084641,NoID,temp/queries/85/8567406dc3c64f79bb2bfa7ec923bc72/8567406dc3c64f79bb2bfa7ec923bc72.mgf,1,276,934209
5-ASA_fluorobenzoic-acid,mzspec:GNPS:MULTIPLEX-SYNTHESIS-LIBRARY-ALL-PARTITION-6:accession:CCMSLIB00016279530,0.02,mzspec:MSV000084641:ccms_peak/GAM_Duloxetine.mzML:scan:4294967295,1,0.86,1,0,MSV000084641,NoID,temp/queries/85/8567406dc3c64f79bb2bfa7ec923bc72/8567406dc3c64f79bb2bfa7ec923bc72.mgf,1,276,934210
5-ASA_fluorobenzoic-acid,mzspec:GNPS:MULTIPLEX-SYNTHESIS-LIBRARY-ALL-PARTITION-6:accession:CCMSLIB00016279530,0.02,mzspec:MSV000084641:ccms_peak/GAM_Duloxetine.mzML:scan:4294967295,1,0.84,1,0,MSV000084641,NoID,temp/queries/85/8567406dc3c64f79bb2bfa7ec923bc72/8567406dc3c64f79bb2bfa7ec923bc72.mgf,1,276,934211
5-ASA_fluorobenzoic-acid,mzspec:GNPS:MULTIPLEX-SYNTHESIS-LIBRARY-ALL-PARTITION-6:accession:CCMSLIB00016279530,-0.0,mzspec:MSV000094528:peak/mzml_20231124_positive/20231124_pluskal_iocb_peptide_Peptide01_B18_id_MSn_positive.mzML:scan:298,1,0.73,2,0,MSV000094528,NoID,temp/queries/85/8567406dc3c64f79bb2bfa7ec923bc72/8567406dc3c64f79bb2bfa7ec923bc72.mgf,1,276,193565
