compound_name,lib_usi,Delta Mass,USI,Charge,Cosine,Matching Peaks,Unit Delta Mass,Dataset,Status,Query Filename,Query Scan,Index UnitPM,Index IdxInUnitPM
5-ASA_glutaric acid,mzspec:GNPS:MULTIPLEX-SYNTHESIS-LIBRARY-ALL-PARTITION-6:accession:CCMSLIB00016277496,-0.02,mzspec:MTBLS1968:FILES/DERIVED_FILES/pos_R74_Ssup_N9_1912_D16_MSMS_RA5_01_15659.mzML:scan:303,1,0.77,2,0,MTBLS1968,NoID,temp/queries/c7/c7f8684db4ff4a08aaf44629d952dcb4/c7f8684db4ff4a08aaf44629d952dcb4.mgf,1,268,2497865
5-ASA_glutaric acid,mzspec:GNPS:MULTIPLEX-SYNTHESIS-LIBRARY-ALL-PARTITION-6:accession:CCMSLIB00016277496,0.02,mzspec:MSV000093247:raw/20170623_KBL_ZHILIC_CC_StExo_FinalRedo/rawdata/20170623_KBL_CC-CC_Strep_Exo_Final_QE139-UV_ZHILIC5um_715824_POS-MSMS_18_SID-5470_D___102030eV___Run377.mzML:scan:3852,1,0.77,2,0,MSV000093247,NoID,temp/queries/c7/c7f8684db4ff4a08aaf44629d952dcb4/c7f8684db4ff4a08aaf44629d952dcb4.mgf,1,268,108535
5-ASA_glutaric acid,mzspec:GNPS:MULTIPLEX-SYNTHESIS-LIBRARY-ALL-PARTITION-6:accession:CCMSLIB00016277496,0.01,mzspec:MSV000095148:peak/mzML/SC_902.mzML:scan:489,1,0.76,3,0,MSV000095148,NoID,temp/queries/c7/c7f8684db4ff4a08aaf44629d952dcb4/c7f8684db4ff4a08aaf44629d952dcb4.mgf,1,268,809189
5-ASA_glutaric acid,mzspec:GNPS:MULTIPLEX-SYNTHESIS-LIBRARY-ALL-PARTITION-6:accession:CCMSLIB00016277496,-0.02,mzspec:MTBLS8464:FILES/DERIVED_FILES/pos_20220103__B2_A01_Pru_vul_Ind_2_Root_BE3_1_16511.mzML:scan:432,1,0.76,2,0,MTBLS8464,NoID,temp/queries/c7/c7f8684db4ff4a08aaf44629d952dcb4/c7f8684db4ff4a08aaf44629d952dcb4.mgf,1,268,2515184
5-ASA_glutaric acid,mzspec:GNPS:MULTIPLEX-SYNTHESIS-LIBRARY-ALL-PARTITION-6:accession:CCMSLIB00016277496,-0.01,mzspec:MSV000092823:raw/ADCe00415.mzML:scan:4294967295,1,0.76,2,0,MSV000092823,NoID,temp/queries/c7/c7f8684db4ff4a08aaf44629d952dcb4/c7f8684db4ff4a08aaf44629d952dcb4.mgf,1,268,39303
5-ASA_glutaric acid,mzspec:GNPS:MULTIPLEX-SYNTHESIS-LIBRARY-ALL-PARTITION-6:accession:CCMSLIB00016277496,0.0,mzspec:MSV000092340:ccms_peak/Vibrio_Pdp11_R1_24s.mzML:scan:135,1,0.76,3,0,MSV000092340,NoID,temp/queries/c7/c7f8684db4ff4a08aaf44629d952dcb4/c7f8684db4ff4a08aaf44629d952dcb4.mgf,1,268,37127
5-ASA_glutaric acid,mzspec:GNPS:MULTIPLEX-SYNTHESIS-LIBRARY-ALL-PARTITION-6:accession:CCMSLIB00016277496,0.0,mzspec:MSV000091452:peak/mzML/1.mzML:scan:126,1,0.75,3,0,MSV000091452,NoID,temp/queries/c7/c7f8684db4ff4a08aaf44629d952dcb4/c7f8684db4ff4a08aaf44629d952dcb4.mgf,1,268,760017
5-ASA_glutaric acid,mzspec:GNPS:MULTIPLEX-SYNTHESIS-LIBRARY-ALL-PARTITION-6:accession:CCMSLIB00016277496,0.01,mzspec:MSV000095148:peak/mzML/SC_729.mzML:scan:553,1,0.75,3,0,MSV000095148,NoID,temp/queries/c7/c7f8684db4ff4a08aaf44629d952dcb4/c7f8684db4ff4a08aaf44629d952dcb4.mgf,1,268,809273
5-ASA_glutaric acid,mzspec:GNPS:MULTIPLEX-SYNTHESIS-LIBRARY-ALL-PARTITION-6:accession:CCMSLIB00016277496,0.0,mzspec:MSV000095311:peak/mzML/T0_Telmi_Bac_rep3.mzML:scan:297,1,0.74,3,0,MSV000095311,NoID,temp/queries/c7/c7f8684db4ff4a08aaf44629d952dcb4/c7f8684db4ff4a08aaf44629d952dcb4.mgf,1,268,1589014
5-ASA_glutaric acid,mzspec:GNPS:MULTIPLEX-SYNTHESIS-LIBRARY-ALL-PARTITION-6:accession:CCMSLIB00016277496,-0.02,mzspec:MSV000095803:peak/mzML/LB3.mzML:scan:516,1,0.74,3,0,MSV000095803,NoID,temp/queries/c7/c7f8684db4ff4a08aaf44629d952dcb4/c7f8684db4ff4a08aaf44629d952dcb4.mgf,1,268,66344
5-ASA_glutaric acid,mzspec:GNPS:MULTIPLEX-SYNTHESIS-LIBRARY-ALL-PARTITION-6:accession:CCMSLIB00016277496,-0.02,mzspec:MSV000093247:raw/20170623_KBL_ZHILIC_CC_StExo_FinalRedo/rawdata/20170623_KBL_CC-CC_Strep_Exo_Final_QE139-UV_ZHILIC5um_715824_POS-MSMS_21_SID-5476_B___102030eV___Run196.mzML:scan:3797,1,0.73,2,0,MSV000093247,NoID,temp/queries/c7/c7f8684db4ff4a08aaf44629d952dcb4/c7f8684db4ff4a08aaf44629d952dcb4.mgf,1,268,106256
5-ASA_glutaric acid,mzspec:GNPS:MULTIPLEX-SYNTHESIS-LIBRARY-ALL-PARTITION-6:accession:CCMSLIB00016277496,0.0,mzspec:MSV000092368:ccms_peak/07052023_13_Gruppe_3_WT_pellet.mzML:scan:833,1,0.73,3,0,MSV000092368,NoID,temp/queries/c7/c7f8684db4ff4a08aaf44629d952dcb4/c7f8684db4ff4a08aaf44629d952dcb4.mgf,1,268,346352
5-ASA_glutaric acid,mzspec:GNPS:MULTIPLEX-SYNTHESIS-LIBRARY-ALL-PARTITION-6:accession:CCMSLIB00016277496,0.0,mzspec:MSV000087074:peak/ACR-12c-B-CC.mzML:scan:5364,1,0.73,2,0,MSV000087074,NoID,temp/queries/c7/c7f8684db4ff4a08aaf44629d952dcb4/c7f8684db4ff4a08aaf44629d952dcb4.mgf,1,268,1475524
5-ASA_glutaric acid,mzspec:GNPS:MULTIPLEX-SYNTHESIS-LIBRARY-ALL-PARTITION-6:accession:CCMSLIB00016277496,0.0,mzspec:MSV000092368:ccms_peak/07052023_10_LuxR_pellet_AT_2.mzML:scan:849,1,0.73,3,0,MSV000092368,NoID,temp/queries/c7/c7f8684db4ff4a08aaf44629d952dcb4/c7f8684db4ff4a08aaf44629d952dcb4.mgf,1,268,346108
5-ASA_glutaric acid,mzspec:GNPS:MULTIPLEX-SYNTHESIS-LIBRARY-ALL-PARTITION-6:accession:CCMSLIB00016277496,0.0,mzspec:MSV000095311:peak/mzML/T8_Medium_noBac_rep1.mzML:scan:296,1,0.73,3,0,MSV000095311,NoID,temp/queries/c7/c7f8684db4ff4a08aaf44629d952dcb4/c7f8684db4ff4a08aaf44629d952dcb4.mgf,1,268,1589744
5-ASA_glutaric acid,mzspec:GNPS:MULTIPLEX-SYNTHESIS-LIBRARY-ALL-PARTITION-6:accession:CCMSLIB00016277496,0.0,mzspec:MSV000087074:peak/ACR-12b-SA3-CC.mzML:scan:5390,1,0.73,2,0,MSV000087074,NoID,temp/queries/c7/c7f8684db4ff4a08aaf44629d952dcb4/c7f8684db4ff4a08aaf44629d952dcb4.mgf,1,268,1476303
5-ASA_glutaric acid,mzspec:GNPS:MULTIPLEX-SYNTHESIS-LIBRARY-ALL-PARTITION-6:accession:CCMSLIB00016277496,0.0,mzspec:MSV000087074:peak/ACR-12c-SA3-CC.mzML:scan:5390,1,0.73,2,0,MSV000087074,NoID,temp/queries/c7/c7f8684db4ff4a08aaf44629d952dcb4/c7f8684db4ff4a08aaf44629d952dcb4.mgf,1,268,1476051
5-ASA_glutaric acid,mzspec:GNPS:MULTIPLEX-SYNTHESIS-LIBRARY-ALL-PARTITION-6:accession:CCMSLIB00016277496,0.0,mzspec:MSV000096584:updates/2025-01-07_JAGONGO_1994_0a435195/peak/mzMLfile/P5_D4_G95771.mzML:scan:1202,1,0.73,6,0,MSV000096584,NoID,temp/queries/c7/c7f8684db4ff4a08aaf44629d952dcb4/c7f8684db4ff4a08aaf44629d952dcb4.mgf,1,268,358917
5-ASA_glutaric acid,mzspec:GNPS:MULTIPLEX-SYNTHESIS-LIBRARY-ALL-PARTITION-6:accession:CCMSLIB00016277496,0.0,mzspec:MSV000087074:peak/ACR-12b-B-CC.mzML:scan:5369,1,0.72,2,0,MSV000087074,NoID,temp/queries/c7/c7f8684db4ff4a08aaf44629d952dcb4/c7f8684db4ff4a08aaf44629d952dcb4.mgf,1,268,1475149
5-ASA_glutaric acid,mzspec:GNPS:MULTIPLEX-SYNTHESIS-LIBRARY-ALL-PARTITION-6:accession:CCMSLIB00016277496,0.0,mzspec:MSV000087074:peak/ACR-12a-B-CC.mzML:scan:5388,1,0.72,2,0,MSV000087074,NoID,temp/queries/c7/c7f8684db4ff4a08aaf44629d952dcb4/c7f8684db4ff4a08aaf44629d952dcb4.mgf,1,268,1473448
5-ASA_glutaric acid,mzspec:GNPS:MULTIPLEX-SYNTHESIS-LIBRARY-ALL-PARTITION-6:accession:CCMSLIB00016277496,0.0,mzspec:MSV000087074:peak/ACR-12a-SA3-CC.mzML:scan:5366,1,0.72,2,0,MSV000087074,NoID,temp/queries/c7/c7f8684db4ff4a08aaf44629d952dcb4/c7f8684db4ff4a08aaf44629d952dcb4.mgf,1,268,1476903
5-ASA_glutaric acid,mzspec:GNPS:MULTIPLEX-SYNTHESIS-LIBRARY-ALL-PARTITION-6:accession:CCMSLIB00016277496,0.0,mzspec:MSV000087074:peak/ACR-4c-B-CC.mzML:scan:5391,1,0.72,2,0,MSV000087074,NoID,temp/queries/c7/c7f8684db4ff4a08aaf44629d952dcb4/c7f8684db4ff4a08aaf44629d952dcb4.mgf,1,268,1474569
5-ASA_glutaric acid,mzspec:GNPS:MULTIPLEX-SYNTHESIS-LIBRARY-ALL-PARTITION-6:accession:CCMSLIB00016277496,0.0,mzspec:MSV000092368:ccms_peak/07052023_10_LuxR_pellet_AT.mzML:scan:838,1,0.72,3,0,MSV000092368,NoID,temp/queries/c7/c7f8684db4ff4a08aaf44629d952dcb4/c7f8684db4ff4a08aaf44629d952dcb4.mgf,1,268,346344
5-ASA_glutaric acid,mzspec:GNPS:MULTIPLEX-SYNTHESIS-LIBRARY-ALL-PARTITION-6:accession:CCMSLIB00016277496,0.0,mzspec:MSV000092368:ccms_peak/07052023_10_LuxR_pellet_AT_2.mzML:scan:808,1,0.72,3,0,MSV000092368,NoID,temp/queries/c7/c7f8684db4ff4a08aaf44629d952dcb4/c7f8684db4ff4a08aaf44629d952dcb4.mgf,1,268,346107
5-ASA_glutaric acid,mzspec:GNPS:MULTIPLEX-SYNTHESIS-LIBRARY-ALL-PARTITION-6:accession:CCMSLIB00016277496,0.0,mzspec:MSV000092368:ccms_peak/07052023_9_WT_pellet_AT_2.mzML:scan:848,1,0.72,3,0,MSV000092368,NoID,temp/queries/c7/c7f8684db4ff4a08aaf44629d952dcb4/c7f8684db4ff4a08aaf44629d952dcb4.mgf,1,268,346442
5-ASA_glutaric acid,mzspec:GNPS:MULTIPLEX-SYNTHESIS-LIBRARY-ALL-PARTITION-6:accession:CCMSLIB00016277496,-0.02,mzspec:MSV000095148:peak/mzML/SC_902.mzML:scan:561,1,0.72,3,0,MSV000095148,NoID,temp/queries/c7/c7f8684db4ff4a08aaf44629d952dcb4/c7f8684db4ff4a08aaf44629d952dcb4.mgf,1,268,809190
5-ASA_glutaric acid,mzspec:GNPS:MULTIPLEX-SYNTHESIS-LIBRARY-ALL-PARTITION-6:accession:CCMSLIB00016277496,0.0,mzspec:MSV000092820:raw/083123_Matthaei_Herbarium_lowmz/2020_Matthaei_EA_150-450mz/Welwitschia-mirabilis-Stem-ethylacetate-2020.mzML:scan:1750,1,0.72,3,0,MSV000092820,NoID,temp/queries/c7/c7f8684db4ff4a08aaf44629d952dcb4/c7f8684db4ff4a08aaf44629d952dcb4.mgf,1,268,291166
5-ASA_glutaric acid,mzspec:GNPS:MULTIPLEX-SYNTHESIS-LIBRARY-ALL-PARTITION-6:accession:CCMSLIB00016277496,0.0,mzspec:MSV000092820:raw/083123_Matthaei_Herbarium_lowmz/2020_Matthaei_EA_150-450mz/Welwitschia-mirabilis-Leaf-ethylacetate-2020.mzML:scan:1733,1,0.72,3,0,MSV000092820,NoID,temp/queries/c7/c7f8684db4ff4a08aaf44629d952dcb4/c7f8684db4ff4a08aaf44629d952dcb4.mgf,1,268,287650
5-ASA_glutaric acid,mzspec:GNPS:MULTIPLEX-SYNTHESIS-LIBRARY-ALL-PARTITION-6:accession:CCMSLIB00016277496,0.0,mzspec:MSV000089813:ccms_peak/PLT3_ISP2_Raw/PLT3_ISP2_B6.mzML:scan:718,1,0.71,2,0,MSV000089813,NoID,temp/queries/c7/c7f8684db4ff4a08aaf44629d952dcb4/c7f8684db4ff4a08aaf44629d952dcb4.mgf,1,268,991341
5-ASA_glutaric acid,mzspec:GNPS:MULTIPLEX-SYNTHESIS-LIBRARY-ALL-PARTITION-6:accession:CCMSLIB00016277496,0.0,mzspec:MSV000094769:peak/peak/MSV000088764_PLT2_E9.mzML:scan:804,1,0.71,2,0,MSV000094769,NoID,temp/queries/c7/c7f8684db4ff4a08aaf44629d952dcb4/c7f8684db4ff4a08aaf44629d952dcb4.mgf,1,268,333138
5-ASA_glutaric acid,mzspec:GNPS:MULTIPLEX-SYNTHESIS-LIBRARY-ALL-PARTITION-6:accession:CCMSLIB00016277496,0.0,mzspec:MSV000093265:peak/NPOmix_MSMS/GCF_003344445.1.mzML.1.mzML:scan:804,1,0.71,2,0,MSV000093265,NoID,temp/queries/c7/c7f8684db4ff4a08aaf44629d952dcb4/c7f8684db4ff4a08aaf44629d952dcb4.mgf,1,268,285638
5-ASA_glutaric acid,mzspec:GNPS:MULTIPLEX-SYNTHESIS-LIBRARY-ALL-PARTITION-6:accession:CCMSLIB00016277496,-0.0,mzspec:MSV000093265:peak/NPOmix_MSMS/GCF_000444875.1.mzML.4.mzML:scan:813,1,0.71,2,0,MSV000093265,NoID,temp/queries/c7/c7f8684db4ff4a08aaf44629d952dcb4/c7f8684db4ff4a08aaf44629d952dcb4.mgf,1,268,283684
5-ASA_glutaric acid,mzspec:GNPS:MULTIPLEX-SYNTHESIS-LIBRARY-ALL-PARTITION-6:accession:CCMSLIB00016277496,0.0,mzspec:MSV000088764:ccms_peak/NRRL_PLT2_NSG_solid_Raw/PLT2_E9.mzML:scan:804,1,0.71,2,0,MSV000088764,NoID,temp/queries/c7/c7f8684db4ff4a08aaf44629d952dcb4/c7f8684db4ff4a08aaf44629d952dcb4.mgf,1,268,149612
5-ASA_glutaric acid,mzspec:GNPS:MULTIPLEX-SYNTHESIS-LIBRARY-ALL-PARTITION-6:accession:CCMSLIB00016277496,0.0,mzspec:MSV000088764:ccms_peak/NRRL_PLT2_NSG_solid_Raw/PLT2_E9.mzML:scan:774,1,0.71,2,0,MSV000088764,NoID,temp/queries/c7/c7f8684db4ff4a08aaf44629d952dcb4/c7f8684db4ff4a08aaf44629d952dcb4.mgf,1,268,149611
5-ASA_glutaric acid,mzspec:GNPS:MULTIPLEX-SYNTHESIS-LIBRARY-ALL-PARTITION-6:accession:CCMSLIB00016277496,-0.0,mzspec:MSV000094769:ccms_peak/peak/MSV000089742_P610362-11S-002.mzML:scan:813,1,0.71,2,0,MSV000094769,NoID,temp/queries/c7/c7f8684db4ff4a08aaf44629d952dcb4/c7f8684db4ff4a08aaf44629d952dcb4.mgf,1,268,329683
5-ASA_glutaric acid,mzspec:GNPS:MULTIPLEX-SYNTHESIS-LIBRARY-ALL-PARTITION-6:accession:CCMSLIB00016277496,0.0,mzspec:MSV000088764:peak/NRRL_PLT2_NSG_solid_mzML/PLT2_E9.mzML:scan:804,1,0.71,2,0,MSV000088764,NoID,temp/queries/c7/c7f8684db4ff4a08aaf44629d952dcb4/c7f8684db4ff4a08aaf44629d952dcb4.mgf,1,268,148530
5-ASA_glutaric acid,mzspec:GNPS:MULTIPLEX-SYNTHESIS-LIBRARY-ALL-PARTITION-6:accession:CCMSLIB00016277496,0.0,mzspec:MSV000088764:peak/NRRL_PLT2_NSG_solid_mzML/PLT2_E9.mzML:scan:774,1,0.71,2,0,MSV000088764,NoID,temp/queries/c7/c7f8684db4ff4a08aaf44629d952dcb4/c7f8684db4ff4a08aaf44629d952dcb4.mgf,1,268,148529
5-ASA_glutaric acid,mzspec:GNPS:MULTIPLEX-SYNTHESIS-LIBRARY-ALL-PARTITION-6:accession:CCMSLIB00016277496,0.0,mzspec:MSV000089813:peak/PLT3_ISP2_mzML/PLT3_ISP2_B6.mzML:scan:749,1,0.71,2,0,MSV000089813,NoID,temp/queries/c7/c7f8684db4ff4a08aaf44629d952dcb4/c7f8684db4ff4a08aaf44629d952dcb4.mgf,1,268,991800
5-ASA_glutaric acid,mzspec:GNPS:MULTIPLEX-SYNTHESIS-LIBRARY-ALL-PARTITION-6:accession:CCMSLIB00016277496,0.0,mzspec:MSV000089813:ccms_peak/PLT3_ISP2_Raw/PLT3_ISP2_B6.mzML:scan:749,1,0.71,2,0,MSV000089813,NoID,temp/queries/c7/c7f8684db4ff4a08aaf44629d952dcb4/c7f8684db4ff4a08aaf44629d952dcb4.mgf,1,268,991342
5-ASA_glutaric acid,mzspec:GNPS:MULTIPLEX-SYNTHESIS-LIBRARY-ALL-PARTITION-6:accession:CCMSLIB00016277496,0.0,mzspec:MSV000091585:peak/Coral Samples/115_WM_S10_C02_PL.mzXML:scan:1688,1,0.71,2,0,MSV000091585,NoID,temp/queries/c7/c7f8684db4ff4a08aaf44629d952dcb4/c7f8684db4ff4a08aaf44629d952dcb4.mgf,1,268,172685
5-ASA_glutaric acid,mzspec:GNPS:MULTIPLEX-SYNTHESIS-LIBRARY-ALL-PARTITION-6:accession:CCMSLIB00016277496,0.0,mzspec:MSV000093265:peak/NPOmix_MSMS/GCF_015710995.1.mzML.2.mzML:scan:825,1,0.71,2,0,MSV000093265,NoID,temp/queries/c7/c7f8684db4ff4a08aaf44629d952dcb4/c7f8684db4ff4a08aaf44629d952dcb4.mgf,1,268,285715
5-ASA_glutaric acid,mzspec:GNPS:MULTIPLEX-SYNTHESIS-LIBRARY-ALL-PARTITION-6:accession:CCMSLIB00016277496,0.0,mzspec:MSV000092820:raw/083123_Matthaei_Herbarium_lowmz/2020_Matthaei_nBuOH_150-450mz/Welwitschia-mirabilis-Leaf-nBuOH-2020.mzML:scan:2071,1,0.71,3,0,MSV000092820,NoID,temp/queries/c7/c7f8684db4ff4a08aaf44629d952dcb4/c7f8684db4ff4a08aaf44629d952dcb4.mgf,1,268,289062
5-ASA_glutaric acid,mzspec:GNPS:MULTIPLEX-SYNTHESIS-LIBRARY-ALL-PARTITION-6:accession:CCMSLIB00016277496,0.0,mzspec:MSV000092820:raw/083123_Matthaei_Herbarium_lowmz/2020_Matthaei_nBuOH_150-450mz/Welwitschia-mirabilis-Leaf-nBuOH-2020.mzML:scan:2063,1,0.71,3,0,MSV000092820,NoID,temp/queries/c7/c7f8684db4ff4a08aaf44629d952dcb4/c7f8684db4ff4a08aaf44629d952dcb4.mgf,1,268,289061
5-ASA_glutaric acid,mzspec:GNPS:MULTIPLEX-SYNTHESIS-LIBRARY-ALL-PARTITION-6:accession:CCMSLIB00016277496,0.0,mzspec:MSV000087074:ccms_peak/ACR-12a-B-CC.mzML:scan:5388,1,0.71,4,0,MSV000087074,NoID,temp/queries/c7/c7f8684db4ff4a08aaf44629d952dcb4/c7f8684db4ff4a08aaf44629d952dcb4.mgf,1,268,1477048
5-ASA_glutaric acid,mzspec:GNPS:MULTIPLEX-SYNTHESIS-LIBRARY-ALL-PARTITION-6:accession:CCMSLIB00016277496,0.0,mzspec:MSV000093265:peak/NPOmix_MSMS/GCF_003344445.1.mzML.1.mzML:scan:774,1,0.71,2,0,MSV000093265,NoID,temp/queries/c7/c7f8684db4ff4a08aaf44629d952dcb4/c7f8684db4ff4a08aaf44629d952dcb4.mgf,1,268,285637
5-ASA_glutaric acid,mzspec:GNPS:MULTIPLEX-SYNTHESIS-LIBRARY-ALL-PARTITION-6:accession:CCMSLIB00016277496,0.0,mzspec:MSV000087074:peak/LOBO-4a-B-CC.mzML:scan:5367,1,0.71,2,0,MSV000087074,NoID,temp/queries/c7/c7f8684db4ff4a08aaf44629d952dcb4/c7f8684db4ff4a08aaf44629d952dcb4.mgf,1,268,1476467
5-ASA_glutaric acid,mzspec:GNPS:MULTIPLEX-SYNTHESIS-LIBRARY-ALL-PARTITION-6:accession:CCMSLIB00016277496,0.0,mzspec:MSV000089742:ccms_peak/PLT2_raw/P610389-11Y-002.mzML:scan:825,1,0.71,2,0,MSV000089742,NoID,temp/queries/c7/c7f8684db4ff4a08aaf44629d952dcb4/c7f8684db4ff4a08aaf44629d952dcb4.mgf,1,268,2009342
5-ASA_glutaric acid,mzspec:GNPS:MULTIPLEX-SYNTHESIS-LIBRARY-ALL-PARTITION-6:accession:CCMSLIB00016277496,0.0,mzspec:MSV000089813:peak/PLT3_ISP2_mzML/PLT3_ISP2_B6.mzML:scan:718,1,0.71,2,0,MSV000089813,NoID,temp/queries/c7/c7f8684db4ff4a08aaf44629d952dcb4/c7f8684db4ff4a08aaf44629d952dcb4.mgf,1,268,991799
5-ASA_glutaric acid,mzspec:GNPS:MULTIPLEX-SYNTHESIS-LIBRARY-ALL-PARTITION-6:accession:CCMSLIB00016277496,0.0,mzspec:MSV000094769:ccms_peak/peak/MSV000089742_P610389-11Y-002.mzML:scan:825,1,0.71,2,0,MSV000094769,NoID,temp/queries/c7/c7f8684db4ff4a08aaf44629d952dcb4/c7f8684db4ff4a08aaf44629d952dcb4.mgf,1,268,329792
5-ASA_glutaric acid,mzspec:GNPS:MULTIPLEX-SYNTHESIS-LIBRARY-ALL-PARTITION-6:accession:CCMSLIB00016277496,0.0,mzspec:MSV000094769:ccms_peak/peak/MSV000088764_PLT2_E9.mzML:scan:774,1,0.71,2,0,MSV000094769,NoID,temp/queries/c7/c7f8684db4ff4a08aaf44629d952dcb4/c7f8684db4ff4a08aaf44629d952dcb4.mgf,1,268,330078
5-ASA_glutaric acid,mzspec:GNPS:MULTIPLEX-SYNTHESIS-LIBRARY-ALL-PARTITION-6:accession:CCMSLIB00016277496,0.0,mzspec:MSV000094769:ccms_peak/peak/MSV000088764_PLT2_E9.mzML:scan:804,1,0.71,2,0,MSV000094769,NoID,temp/queries/c7/c7f8684db4ff4a08aaf44629d952dcb4/c7f8684db4ff4a08aaf44629d952dcb4.mgf,1,268,330079
5-ASA_glutaric acid,mzspec:GNPS:MULTIPLEX-SYNTHESIS-LIBRARY-ALL-PARTITION-6:accession:CCMSLIB00016277496,0.0,mzspec:MSV000094769:peak/peak/MSV000089742_P610389-11Y-002.mzML:scan:825,1,0.71,2,0,MSV000094769,NoID,temp/queries/c7/c7f8684db4ff4a08aaf44629d952dcb4/c7f8684db4ff4a08aaf44629d952dcb4.mgf,1,268,330355
5-ASA_glutaric acid,mzspec:GNPS:MULTIPLEX-SYNTHESIS-LIBRARY-ALL-PARTITION-6:accession:CCMSLIB00016277496,0.0,mzspec:MSV000094769:peak/peak/MSV000088764_PLT2_E9.mzML:scan:774,1,0.71,2,0,MSV000094769,NoID,temp/queries/c7/c7f8684db4ff4a08aaf44629d952dcb4/c7f8684db4ff4a08aaf44629d952dcb4.mgf,1,268,333137
5-ASA_glutaric acid,mzspec:GNPS:MULTIPLEX-SYNTHESIS-LIBRARY-ALL-PARTITION-6:accession:CCMSLIB00016277496,-0.0,mzspec:MSV000089742:peak/PLT2_mzML/P610362-11S-002.mzML:scan:813,1,0.71,2,0,MSV000089742,NoID,temp/queries/c7/c7f8684db4ff4a08aaf44629d952dcb4/c7f8684db4ff4a08aaf44629d952dcb4.mgf,1,268,2009684
5-ASA_glutaric acid,mzspec:GNPS:MULTIPLEX-SYNTHESIS-LIBRARY-ALL-PARTITION-6:accession:CCMSLIB00016277496,-0.0,mzspec:MSV000094769:peak/peak/MSV000089742_P610362-11S-002.mzML:scan:813,1,0.71,2,0,MSV000094769,NoID,temp/queries/c7/c7f8684db4ff4a08aaf44629d952dcb4/c7f8684db4ff4a08aaf44629d952dcb4.mgf,1,268,329743
5-ASA_glutaric acid,mzspec:GNPS:MULTIPLEX-SYNTHESIS-LIBRARY-ALL-PARTITION-6:accession:CCMSLIB00016277496,-0.0,mzspec:MSV000089742:ccms_peak/PLT2_raw/P610362-11S-002.mzML:scan:813,1,0.71,2,0,MSV000089742,NoID,temp/queries/c7/c7f8684db4ff4a08aaf44629d952dcb4/c7f8684db4ff4a08aaf44629d952dcb4.mgf,1,268,2009337
5-ASA_glutaric acid,mzspec:GNPS:MULTIPLEX-SYNTHESIS-LIBRARY-ALL-PARTITION-6:accession:CCMSLIB00016277496,0.0,mzspec:MSV000088763:peak/NRRL_PLT2_ISP2_solid_mzML/PLT2_E9.mzML:scan:768,1,0.71,2,0,MSV000088763,NoID,temp/queries/c7/c7f8684db4ff4a08aaf44629d952dcb4/c7f8684db4ff4a08aaf44629d952dcb4.mgf,1,268,1619784
5-ASA_glutaric acid,mzspec:GNPS:MULTIPLEX-SYNTHESIS-LIBRARY-ALL-PARTITION-6:accession:CCMSLIB00016277496,0.0,mzspec:MSV000088763:peak/NRRL_PLT2_ISP2_solid_mzML/PLT2_E9.mzML:scan:740,1,0.71,2,0,MSV000088763,NoID,temp/queries/c7/c7f8684db4ff4a08aaf44629d952dcb4/c7f8684db4ff4a08aaf44629d952dcb4.mgf,1,268,1619783
5-ASA_glutaric acid,mzspec:GNPS:MULTIPLEX-SYNTHESIS-LIBRARY-ALL-PARTITION-6:accession:CCMSLIB00016277496,0.0,mzspec:MSV000088763:ccms_peak/NRRL_PLT2_ISP2_solid_Raw/PLT2_E9.mzML:scan:768,1,0.71,2,0,MSV000088763,NoID,temp/queries/c7/c7f8684db4ff4a08aaf44629d952dcb4/c7f8684db4ff4a08aaf44629d952dcb4.mgf,1,268,1619362
5-ASA_glutaric acid,mzspec:GNPS:MULTIPLEX-SYNTHESIS-LIBRARY-ALL-PARTITION-6:accession:CCMSLIB00016277496,0.0,mzspec:MSV000088763:ccms_peak/NRRL_PLT2_ISP2_solid_Raw/PLT2_E9.mzML:scan:740,1,0.71,2,0,MSV000088763,NoID,temp/queries/c7/c7f8684db4ff4a08aaf44629d952dcb4/c7f8684db4ff4a08aaf44629d952dcb4.mgf,1,268,1619361
5-ASA_glutaric acid,mzspec:GNPS:MULTIPLEX-SYNTHESIS-LIBRARY-ALL-PARTITION-6:accession:CCMSLIB00016277496,0.0,mzspec:MSV000089742:peak/PLT2_mzML/P610389-11Y-002.mzML:scan:825,1,0.71,2,0,MSV000089742,NoID,temp/queries/c7/c7f8684db4ff4a08aaf44629d952dcb4/c7f8684db4ff4a08aaf44629d952dcb4.mgf,1,268,2009705
5-ASA_glutaric acid,mzspec:GNPS:MULTIPLEX-SYNTHESIS-LIBRARY-ALL-PARTITION-6:accession:CCMSLIB00016277496,0.0,mzspec:MSV000091222:peak/MZml/2_4.mzML:scan:355,1,0.7,3,0,MSV000091222,NoID,temp/queries/c7/c7f8684db4ff4a08aaf44629d952dcb4/c7f8684db4ff4a08aaf44629d952dcb4.mgf,1,268,1639549
5-ASA_glutaric acid,mzspec:GNPS:MULTIPLEX-SYNTHESIS-LIBRARY-ALL-PARTITION-6:accession:CCMSLIB00016277496,0.0,mzspec:MSV000095478:peak/Positive mode mzML/MN95.mzML:scan:1256,1,0.7,4,0,MSV000095478,NoID,temp/queries/c7/c7f8684db4ff4a08aaf44629d952dcb4/c7f8684db4ff4a08aaf44629d952dcb4.mgf,1,268,84656
5-ASA_glutaric acid,mzspec:GNPS:MULTIPLEX-SYNTHESIS-LIBRARY-ALL-PARTITION-6:accession:CCMSLIB00016277496,0.0,mzspec:MSV000093311:raw/36_RP_Axenic_Eintermedia.mzML:scan:5377,1,0.7,2,0,MSV000093311,NoID,temp/queries/c7/c7f8684db4ff4a08aaf44629d952dcb4/c7f8684db4ff4a08aaf44629d952dcb4.mgf,1,268,2127335
