compound_name,lib_usi,desc,timing
5-ASA_heptadecanedioic acid,mzspec:GNPS:MULTIPLEX-SYNTHESIS-LIBRARY-ALL-PARTITION-6:accession:CCMSLIB00016277519,prep,0.0011463165283203125
5-ASA_heptadecanedioic acid,mzspec:GNPS:MULTIPLEX-SYNTHESIS-LIBRARY-ALL-PARTITION-6:accession:CCMSLIB00016277519,Search,0.7297840118408203
5-ASA_heptadecanedioic acid,mzspec:GNPS:MULTIPLEX-SYNTHESIS-LIBRARY-ALL-PARTITION-6:accession:CCMSLIB00016277519,Parse Query,9.441375732421875e-05
5-ASA_heptadecanedioic acid,mzspec:GNPS:MULTIPLEX-SYNTHESIS-LIBRARY-ALL-PARTITION-6:accession:CCMSLIB00016277519,Parse Query 2,0.0016551017761230469
5-ASA_heptadecanedioic acid,mzspec:GNPS:MULTIPLEX-SYNTHESIS-LIBRARY-ALL-PARTITION-6:accession:CCMSLIB00016277519,Get DB Info,9.083747863769531e-05
5-ASA_heptadecanedioic acid,mzspec:GNPS:MULTIPLEX-SYNTHESIS-LIBRARY-ALL-PARTITION-6:accession:CCMSLIB00016277519,Demangle,0.006195068359375
5-ASA_heptadecanedioic acid,mzspec:GNPS:MULTIPLEX-SYNTHESIS-LIBRARY-ALL-PARTITION-6:accession:CCMSLIB00016277519,Group,0.005087852478027344
5-ASA_heptadecanedioic acid,mzspec:GNPS:MULTIPLEX-SYNTHESIS-LIBRARY-ALL-PARTITION-6:accession:CCMSLIB00016277519,Enrich datasets,0.011861085891723633
