compound_name,lib_usi,Delta Mass,USI,Charge,Cosine,Matching Peaks,Unit Delta Mass,Dataset,Status,Query Filename,Query Scan,Index UnitPM,Index IdxInUnitPM
5-ASA_heptylamine,mzspec:GNPS:MULTIPLEX-SYNTHESIS-LIBRARY-ALL-PARTITION-6:accession:CCMSLIB00016278886,-0.0,mzspec:MSV000094605:peak/3_b1t1_wt.mzML:scan:1160,1,0.81,4,0,MSV000094605,NoID,temp/queries/5e/5e1aeade023b47af83b4053c94bfe177/5e1aeade023b47af83b4053c94bfe177.mgf,1,251,1982218
5-ASA_heptylamine,mzspec:GNPS:MULTIPLEX-SYNTHESIS-LIBRARY-ALL-PARTITION-6:accession:CCMSLIB00016278886,-0.0,mzspec:MSV000094605:peak/7_b1t1_Nrp.mzML:scan:1159,1,0.76,4,0,MSV000094605,NoID,temp/queries/5e/5e1aeade023b47af83b4053c94bfe177/5e1aeade023b47af83b4053c94bfe177.mgf,1,251,1982659
5-ASA_heptylamine,mzspec:GNPS:MULTIPLEX-SYNTHESIS-LIBRARY-ALL-PARTITION-6:accession:CCMSLIB00016278886,0.02,mzspec:MSV000088837:peak/20190619 Low 3_BE8_01_30149.d.mzXML:scan:667,1,0.72,2,0,MSV000088837,NoID,temp/queries/5e/5e1aeade023b47af83b4053c94bfe177/5e1aeade023b47af83b4053c94bfe177.mgf,1,251,700929
5-ASA_heptylamine,mzspec:GNPS:MULTIPLEX-SYNTHESIS-LIBRARY-ALL-PARTITION-6:accession:CCMSLIB00016278886,0.02,mzspec:MSV000088967:peak/34_GE2_01_28259.d.mzXML:scan:603,1,0.72,2,0,MSV000088967,NoID,temp/queries/5e/5e1aeade023b47af83b4053c94bfe177/5e1aeade023b47af83b4053c94bfe177.mgf,1,251,1348069
5-ASA_heptylamine,mzspec:GNPS:MULTIPLEX-SYNTHESIS-LIBRARY-ALL-PARTITION-6:accession:CCMSLIB00016278886,0.02,mzspec:MSV000088967:peak/372 O_BD7_01_26469.d.mzXML:scan:700,1,0.72,2,0,MSV000088967,NoID,temp/queries/5e/5e1aeade023b47af83b4053c94bfe177/5e1aeade023b47af83b4053c94bfe177.mgf,1,251,1348127
5-ASA_heptylamine,mzspec:GNPS:MULTIPLEX-SYNTHESIS-LIBRARY-ALL-PARTITION-6:accession:CCMSLIB00016278886,0.02,mzspec:MSV000085360:ccms_peak/PT_FP.1-a_3.mzML:scan:469,1,0.72,2,0,MSV000085360,NoID,temp/queries/5e/5e1aeade023b47af83b4053c94bfe177/5e1aeade023b47af83b4053c94bfe177.mgf,1,251,681487
5-ASA_heptylamine,mzspec:GNPS:MULTIPLEX-SYNTHESIS-LIBRARY-ALL-PARTITION-6:accession:CCMSLIB00016278886,0.02,mzspec:MSV000094528:updates/2024-10-07_corinnabrungs_594d7cf4/peak/mzml_20240502_MSn_positive/20240502_pluskal_enamine_5007_I4_id_MSn_positive.mzML:scan:364,1,0.71,3,0,MSV000094528,NoID,temp/queries/5e/5e1aeade023b47af83b4053c94bfe177/5e1aeade023b47af83b4053c94bfe177.mgf,1,251,290283
5-ASA_heptylamine,mzspec:GNPS:MULTIPLEX-SYNTHESIS-LIBRARY-ALL-PARTITION-6:accession:CCMSLIB00016278886,-0.0,mzspec:MSV000094605:peak/37_b1t3_Nrp.mzML:scan:1166,1,0.71,3,0,MSV000094605,NoID,temp/queries/5e/5e1aeade023b47af83b4053c94bfe177/5e1aeade023b47af83b4053c94bfe177.mgf,1,251,1983322
5-ASA_heptylamine,mzspec:GNPS:MULTIPLEX-SYNTHESIS-LIBRARY-ALL-PARTITION-6:accession:CCMSLIB00016278886,0.02,mzspec:MSV000094528:updates/2024-10-07_corinnabrungs_594d7cf4/peak/mzml_20240502_MSn_positive/20240502_pluskal_enamine_5008_O22_id_MSn_positive.mzML:scan:462,1,0.71,3,0,MSV000094528,NoID,temp/queries/5e/5e1aeade023b47af83b4053c94bfe177/5e1aeade023b47af83b4053c94bfe177.mgf,1,251,292175
5-ASA_heptylamine,mzspec:GNPS:MULTIPLEX-SYNTHESIS-LIBRARY-ALL-PARTITION-6:accession:CCMSLIB00016278886,0.0,mzspec:MSV000090704:ccms_peak/220629_HP08_08_HILIC_pos/220629_HP08_08_HILIC_pos_OMM11-YL32_AAM_S1_W1.mzML:scan:1400,1,0.71,4,0,MSV000090704,NoID,temp/queries/5e/5e1aeade023b47af83b4053c94bfe177/5e1aeade023b47af83b4053c94bfe177.mgf,1,251,633302
5-ASA_heptylamine,mzspec:GNPS:MULTIPLEX-SYNTHESIS-LIBRARY-ALL-PARTITION-6:accession:CCMSLIB00016278886,0.0,mzspec:MSV000090704:ccms_peak/200722_HP08_Batch1_HILIC_pos/200722_HP08_Batch1_HILIC_pos_SM1_KB18.mzML:scan:1384,1,0.71,4,0,MSV000090704,NoID,temp/queries/5e/5e1aeade023b47af83b4053c94bfe177/5e1aeade023b47af83b4053c94bfe177.mgf,1,251,634748
