compound_name,lib_usi,desc,timing
5-ASA_hexadecanedioic acid,mzspec:GNPS:MULTIPLEX-SYNTHESIS-LIBRARY-ALL-PARTITION-6:accession:CCMSLIB00016277523,prep,0.001251220703125
5-ASA_hexadecanedioic acid,mzspec:GNPS:MULTIPLEX-SYNTHESIS-LIBRARY-ALL-PARTITION-6:accession:CCMSLIB00016277523,Search,0.7687861919403076
5-ASA_hexadecanedioic acid,mzspec:GNPS:MULTIPLEX-SYNTHESIS-LIBRARY-ALL-PARTITION-6:accession:CCMSLIB00016277523,Parse Query,0.00012636184692382812
5-ASA_hexadecanedioic acid,mzspec:GNPS:MULTIPLEX-SYNTHESIS-LIBRARY-ALL-PARTITION-6:accession:CCMSLIB00016277523,Parse Query 2,0.003271341323852539
5-ASA_hexadecanedioic acid,mzspec:GNPS:MULTIPLEX-SYNTHESIS-LIBRARY-ALL-PARTITION-6:accession:CCMSLIB00016277523,Get DB Info,0.00010037422180175781
5-ASA_hexadecanedioic acid,mzspec:GNPS:MULTIPLEX-SYNTHESIS-LIBRARY-ALL-PARTITION-6:accession:CCMSLIB00016277523,Demangle,0.007656097412109375
5-ASA_hexadecanedioic acid,mzspec:GNPS:MULTIPLEX-SYNTHESIS-LIBRARY-ALL-PARTITION-6:accession:CCMSLIB00016277523,Group,0.006436586380004883
5-ASA_hexadecanedioic acid,mzspec:GNPS:MULTIPLEX-SYNTHESIS-LIBRARY-ALL-PARTITION-6:accession:CCMSLIB00016277523,Enrich datasets,0.4366641044616699
