compound_name,lib_usi,Delta Mass,USI,Charge,Cosine,Matching Peaks,Unit Delta Mass,Dataset,Status,Query Filename,Query Scan,Index UnitPM,Index IdxInUnitPM
5-ASA_hydroquinone,mzspec:GNPS:MULTIPLEX-SYNTHESIS-LIBRARY-ALL-PARTITION-6:accession:CCMSLIB00016278832,0.02,mzspec:MSV000084734:ccms_peak/files/Plant_simple_subset/files/G73635_1x_RH2_01_20359.mzML:scan:287,1,0.98,3,0,MSV000084734,NoID,temp/queries/c4/c4f34cb8999c441d93aff6e69cc237ee/c4f34cb8999c441d93aff6e69cc237ee.mgf,1,246,1010387
5-ASA_hydroquinone,mzspec:GNPS:MULTIPLEX-SYNTHESIS-LIBRARY-ALL-PARTITION-6:accession:CCMSLIB00016278832,0.02,mzspec:MSV000082074:ccms_peak/Samples/G73635_1x_RH2_01_20359.mzML:scan:287,1,0.98,3,0,MSV000082074,NoID,temp/queries/c4/c4f34cb8999c441d93aff6e69cc237ee/c4f34cb8999c441d93aff6e69cc237ee.mgf,1,246,1509190
5-ASA_hydroquinone,mzspec:GNPS:MULTIPLEX-SYNTHESIS-LIBRARY-ALL-PARTITION-6:accession:CCMSLIB00016278832,0.02,mzspec:MSV000081753:ccms_peak/data_mzxml/Samples/G73635_1x_RH2_01_20359.mzML:scan:287,1,0.98,3,0,MSV000081753,NoID,temp/queries/c4/c4f34cb8999c441d93aff6e69cc237ee/c4f34cb8999c441d93aff6e69cc237ee.mgf,1,246,560637
5-ASA_hydroquinone,mzspec:GNPS:MULTIPLEX-SYNTHESIS-LIBRARY-ALL-PARTITION-6:accession:CCMSLIB00016278832,0.02,mzspec:MSV000085226:ccms_peak/qemistree_midi_data/G73635_1x_RH2_01_20359.mzML:scan:287,1,0.98,3,0,MSV000085226,NoID,temp/queries/c4/c4f34cb8999c441d93aff6e69cc237ee/c4f34cb8999c441d93aff6e69cc237ee.mgf,1,246,1186102
5-ASA_hydroquinone,mzspec:GNPS:MULTIPLEX-SYNTHESIS-LIBRARY-ALL-PARTITION-6:accession:CCMSLIB00016278832,0.02,mzspec:MSV000084900:ccms_peak/Global_Foodomics_composite_data_2020/MSV000083010_core/G73635_1x_RH2_01_20359.mzML:scan:287,1,0.98,3,0,MSV000084900,NoID,temp/queries/c4/c4f34cb8999c441d93aff6e69cc237ee/c4f34cb8999c441d93aff6e69cc237ee.mgf,1,246,714247
5-ASA_hydroquinone,mzspec:GNPS:MULTIPLEX-SYNTHESIS-LIBRARY-ALL-PARTITION-6:accession:CCMSLIB00016278832,0.02,mzspec:MSV000083010:ccms_peak/Samples/G73635_1x_RH2_01_20359.mzML:scan:287,1,0.98,3,0,MSV000083010,NoID,temp/queries/c4/c4f34cb8999c441d93aff6e69cc237ee/c4f34cb8999c441d93aff6e69cc237ee.mgf,1,246,556351
5-ASA_hydroquinone,mzspec:GNPS:MULTIPLEX-SYNTHESIS-LIBRARY-ALL-PARTITION-6:accession:CCMSLIB00016278832,0.02,mzspec:MSV000084101:ccms_peak/Plant_simple_subset/G73635_1x_RH2_01_20359.mzML:scan:287,1,0.98,3,0,MSV000084101,NoID,temp/queries/c4/c4f34cb8999c441d93aff6e69cc237ee/c4f34cb8999c441d93aff6e69cc237ee.mgf,1,246,81168
5-ASA_hydroquinone,mzspec:GNPS:MULTIPLEX-SYNTHESIS-LIBRARY-ALL-PARTITION-6:accession:CCMSLIB00016278832,0.02,mzspec:MSV000084900:ccms_peak/Global_Foodomics_composite_data_2020/MSV000083010_core/G86687_10x_RE4_01_23184.mzML:scan:273,1,0.83,3,0,MSV000084900,NoID,temp/queries/c4/c4f34cb8999c441d93aff6e69cc237ee/c4f34cb8999c441d93aff6e69cc237ee.mgf,1,246,715225
5-ASA_hydroquinone,mzspec:GNPS:MULTIPLEX-SYNTHESIS-LIBRARY-ALL-PARTITION-6:accession:CCMSLIB00016278832,0.02,mzspec:MSV000083010:ccms_peak/Samples/G86687_10x_RE4_01_23184.mzML:scan:273,1,0.83,3,0,MSV000083010,NoID,temp/queries/c4/c4f34cb8999c441d93aff6e69cc237ee/c4f34cb8999c441d93aff6e69cc237ee.mgf,1,246,555886
5-ASA_hydroquinone,mzspec:GNPS:MULTIPLEX-SYNTHESIS-LIBRARY-ALL-PARTITION-6:accession:CCMSLIB00016278832,0.02,mzspec:MSV000082074:ccms_peak/Samples/G86687_10x_RE4_01_23184.mzML:scan:273,1,0.83,3,0,MSV000082074,NoID,temp/queries/c4/c4f34cb8999c441d93aff6e69cc237ee/c4f34cb8999c441d93aff6e69cc237ee.mgf,1,246,1509943
5-ASA_hydroquinone,mzspec:GNPS:MULTIPLEX-SYNTHESIS-LIBRARY-ALL-PARTITION-6:accession:CCMSLIB00016278832,0.02,mzspec:MSV000084900:ccms_peak/Global_Foodomics_composite_data_2020/MSV000083010_core/G86687_10x_RE4_01_23184.mzML:scan:278,1,0.82,4,0,MSV000084900,NoID,temp/queries/c4/c4f34cb8999c441d93aff6e69cc237ee/c4f34cb8999c441d93aff6e69cc237ee.mgf,1,246,715226
5-ASA_hydroquinone,mzspec:GNPS:MULTIPLEX-SYNTHESIS-LIBRARY-ALL-PARTITION-6:accession:CCMSLIB00016278832,0.02,mzspec:MSV000083010:ccms_peak/Samples/G86687_10x_RE4_01_23184.mzML:scan:278,1,0.82,4,0,MSV000083010,NoID,temp/queries/c4/c4f34cb8999c441d93aff6e69cc237ee/c4f34cb8999c441d93aff6e69cc237ee.mgf,1,246,555887
5-ASA_hydroquinone,mzspec:GNPS:MULTIPLEX-SYNTHESIS-LIBRARY-ALL-PARTITION-6:accession:CCMSLIB00016278832,0.02,mzspec:MSV000082074:ccms_peak/Samples/G86687_10x_RE4_01_23184.mzML:scan:278,1,0.82,4,0,MSV000082074,NoID,temp/queries/c4/c4f34cb8999c441d93aff6e69cc237ee/c4f34cb8999c441d93aff6e69cc237ee.mgf,1,246,1509944
5-ASA_hydroquinone,mzspec:GNPS:MULTIPLEX-SYNTHESIS-LIBRARY-ALL-PARTITION-6:accession:CCMSLIB00016278832,-0.02,mzspec:MTBLS417:FILES/PH697026_neg_IDA.mzXML:scan:805,1,0.78,2,0,MTBLS417,NoID,temp/queries/c4/c4f34cb8999c441d93aff6e69cc237ee/c4f34cb8999c441d93aff6e69cc237ee.mgf,1,246,2050750
5-ASA_hydroquinone,mzspec:GNPS:MULTIPLEX-SYNTHESIS-LIBRARY-ALL-PARTITION-6:accession:CCMSLIB00016278832,-0.02,mzspec:MSV000085870:peak/peak/PH697026_neg_IDA.mzXML:scan:805,1,0.78,2,0,MSV000085870,NoID,temp/queries/c4/c4f34cb8999c441d93aff6e69cc237ee/c4f34cb8999c441d93aff6e69cc237ee.mgf,1,246,836124
5-ASA_hydroquinone,mzspec:GNPS:MULTIPLEX-SYNTHESIS-LIBRARY-ALL-PARTITION-6:accession:CCMSLIB00016278832,0.02,mzspec:MSV000083010:ccms_peak/Samples/G86687_10x_RE4_01_23184.mzML:scan:267,1,0.78,2,0,MSV000083010,NoID,temp/queries/c4/c4f34cb8999c441d93aff6e69cc237ee/c4f34cb8999c441d93aff6e69cc237ee.mgf,1,246,555885
5-ASA_hydroquinone,mzspec:GNPS:MULTIPLEX-SYNTHESIS-LIBRARY-ALL-PARTITION-6:accession:CCMSLIB00016278832,0.02,mzspec:MSV000084900:ccms_peak/Global_Foodomics_composite_data_2020/MSV000083010_core/G86687_10x_RE4_01_23184.mzML:scan:267,1,0.78,2,0,MSV000084900,NoID,temp/queries/c4/c4f34cb8999c441d93aff6e69cc237ee/c4f34cb8999c441d93aff6e69cc237ee.mgf,1,246,715224
5-ASA_hydroquinone,mzspec:GNPS:MULTIPLEX-SYNTHESIS-LIBRARY-ALL-PARTITION-6:accession:CCMSLIB00016278832,0.02,mzspec:MSV000082074:ccms_peak/Samples/G73635_1x_RH2_01_20359.mzML:scan:279,1,0.78,3,0,MSV000082074,NoID,temp/queries/c4/c4f34cb8999c441d93aff6e69cc237ee/c4f34cb8999c441d93aff6e69cc237ee.mgf,1,246,1509189
5-ASA_hydroquinone,mzspec:GNPS:MULTIPLEX-SYNTHESIS-LIBRARY-ALL-PARTITION-6:accession:CCMSLIB00016278832,0.02,mzspec:MSV000081753:ccms_peak/data_mzxml/Samples/G73635_1x_RH2_01_20359.mzML:scan:279,1,0.78,3,0,MSV000081753,NoID,temp/queries/c4/c4f34cb8999c441d93aff6e69cc237ee/c4f34cb8999c441d93aff6e69cc237ee.mgf,1,246,560636
5-ASA_hydroquinone,mzspec:GNPS:MULTIPLEX-SYNTHESIS-LIBRARY-ALL-PARTITION-6:accession:CCMSLIB00016278832,0.02,mzspec:MSV000082074:ccms_peak/Samples/G86687_10x_RE4_01_23184.mzML:scan:267,1,0.78,2,0,MSV000082074,NoID,temp/queries/c4/c4f34cb8999c441d93aff6e69cc237ee/c4f34cb8999c441d93aff6e69cc237ee.mgf,1,246,1509942
5-ASA_hydroquinone,mzspec:GNPS:MULTIPLEX-SYNTHESIS-LIBRARY-ALL-PARTITION-6:accession:CCMSLIB00016278832,0.02,mzspec:MSV000084900:ccms_peak/Global_Foodomics_composite_data_2020/MSV000083010_core/G73635_1x_RH2_01_20359.mzML:scan:279,1,0.78,3,0,MSV000084900,NoID,temp/queries/c4/c4f34cb8999c441d93aff6e69cc237ee/c4f34cb8999c441d93aff6e69cc237ee.mgf,1,246,714246
5-ASA_hydroquinone,mzspec:GNPS:MULTIPLEX-SYNTHESIS-LIBRARY-ALL-PARTITION-6:accession:CCMSLIB00016278832,0.02,mzspec:MSV000085226:ccms_peak/qemistree_midi_data/G73635_1x_RH2_01_20359.mzML:scan:279,1,0.78,3,0,MSV000085226,NoID,temp/queries/c4/c4f34cb8999c441d93aff6e69cc237ee/c4f34cb8999c441d93aff6e69cc237ee.mgf,1,246,1186101
5-ASA_hydroquinone,mzspec:GNPS:MULTIPLEX-SYNTHESIS-LIBRARY-ALL-PARTITION-6:accession:CCMSLIB00016278832,0.02,mzspec:MSV000084734:ccms_peak/files/Plant_simple_subset/files/G73635_1x_RH2_01_20359.mzML:scan:279,1,0.78,3,0,MSV000084734,NoID,temp/queries/c4/c4f34cb8999c441d93aff6e69cc237ee/c4f34cb8999c441d93aff6e69cc237ee.mgf,1,246,1010386
5-ASA_hydroquinone,mzspec:GNPS:MULTIPLEX-SYNTHESIS-LIBRARY-ALL-PARTITION-6:accession:CCMSLIB00016278832,0.02,mzspec:MSV000083010:ccms_peak/Samples/G73635_1x_RH2_01_20359.mzML:scan:279,1,0.78,3,0,MSV000083010,NoID,temp/queries/c4/c4f34cb8999c441d93aff6e69cc237ee/c4f34cb8999c441d93aff6e69cc237ee.mgf,1,246,556350
5-ASA_hydroquinone,mzspec:GNPS:MULTIPLEX-SYNTHESIS-LIBRARY-ALL-PARTITION-6:accession:CCMSLIB00016278832,0.02,mzspec:MSV000084101:ccms_peak/Plant_simple_subset/G73635_1x_RH2_01_20359.mzML:scan:279,1,0.78,3,0,MSV000084101,NoID,temp/queries/c4/c4f34cb8999c441d93aff6e69cc237ee/c4f34cb8999c441d93aff6e69cc237ee.mgf,1,246,81167
5-ASA_hydroquinone,mzspec:GNPS:MULTIPLEX-SYNTHESIS-LIBRARY-ALL-PARTITION-6:accession:CCMSLIB00016278832,-0.0,mzspec:MSV000083010:ccms_peak/Samples/G73509_1x_2ul_RC5_01_20709.mzML:scan:235,1,0.76,2,0,MSV000083010,NoID,temp/queries/c4/c4f34cb8999c441d93aff6e69cc237ee/c4f34cb8999c441d93aff6e69cc237ee.mgf,1,246,556800
5-ASA_hydroquinone,mzspec:GNPS:MULTIPLEX-SYNTHESIS-LIBRARY-ALL-PARTITION-6:accession:CCMSLIB00016278832,-0.0,mzspec:MSV000084900:ccms_peak/Global_Foodomics_composite_data_2020/MSV000083010_core/G73509_1x_2ul_RC5_01_20709.mzML:scan:235,1,0.76,2,0,MSV000084900,NoID,temp/queries/c4/c4f34cb8999c441d93aff6e69cc237ee/c4f34cb8999c441d93aff6e69cc237ee.mgf,1,246,713708
5-ASA_hydroquinone,mzspec:GNPS:MULTIPLEX-SYNTHESIS-LIBRARY-ALL-PARTITION-6:accession:CCMSLIB00016278832,-0.0,mzspec:MSV000084734:ccms_peak/files/Beverages_subset/files/G73509_1x_2ul_RC5_01_20709.mzML:scan:235,1,0.76,2,0,MSV000084734,NoID,temp/queries/c4/c4f34cb8999c441d93aff6e69cc237ee/c4f34cb8999c441d93aff6e69cc237ee.mgf,1,246,1011145
5-ASA_hydroquinone,mzspec:GNPS:MULTIPLEX-SYNTHESIS-LIBRARY-ALL-PARTITION-6:accession:CCMSLIB00016278832,-0.0,mzspec:MSV000081676:peak/data_mzxml/Samples/G73509_1x_2ul_RC5_01_20709.mzXML:scan:235,1,0.76,2,0,MSV000081676,NoID,temp/queries/c4/c4f34cb8999c441d93aff6e69cc237ee/c4f34cb8999c441d93aff6e69cc237ee.mgf,1,246,1126722
5-ASA_hydroquinone,mzspec:GNPS:MULTIPLEX-SYNTHESIS-LIBRARY-ALL-PARTITION-6:accession:CCMSLIB00016278832,-0.0,mzspec:MSV000082074:ccms_peak/Samples/G73509_1x_2ul_RC5_01_20709.mzML:scan:235,1,0.76,2,0,MSV000082074,NoID,temp/queries/c4/c4f34cb8999c441d93aff6e69cc237ee/c4f34cb8999c441d93aff6e69cc237ee.mgf,1,246,1506042
5-ASA_hydroquinone,mzspec:GNPS:MULTIPLEX-SYNTHESIS-LIBRARY-ALL-PARTITION-6:accession:CCMSLIB00016278832,-0.0,mzspec:MSV000083040:ccms_peak/beverages/G73509_1x_2ul_RC5_01_20709.mzML:scan:235,1,0.76,2,0,MSV000083040,NoID,temp/queries/c4/c4f34cb8999c441d93aff6e69cc237ee/c4f34cb8999c441d93aff6e69cc237ee.mgf,1,246,1358966
5-ASA_hydroquinone,mzspec:GNPS:MULTIPLEX-SYNTHESIS-LIBRARY-ALL-PARTITION-6:accession:CCMSLIB00016278832,-0.01,mzspec:MSV000086477:ccms_peak/Coffee_pilot_1_POS_mzXML/PLT1_A6_GA6_01_60207.mzML:scan:630,1,0.75,3,0,MSV000086477,NoID,temp/queries/c4/c4f34cb8999c441d93aff6e69cc237ee/c4f34cb8999c441d93aff6e69cc237ee.mgf,1,246,223784
5-ASA_hydroquinone,mzspec:GNPS:MULTIPLEX-SYNTHESIS-LIBRARY-ALL-PARTITION-6:accession:CCMSLIB00016278832,-0.01,mzspec:MSV000086477:ccms_peak/Coffee_pilot_1_POS_mzXML/PLT1_B4_GB4_01_60251.mzML:scan:629,1,0.74,3,0,MSV000086477,NoID,temp/queries/c4/c4f34cb8999c441d93aff6e69cc237ee/c4f34cb8999c441d93aff6e69cc237ee.mgf,1,246,223785
5-ASA_hydroquinone,mzspec:GNPS:MULTIPLEX-SYNTHESIS-LIBRARY-ALL-PARTITION-6:accession:CCMSLIB00016278832,-0.01,mzspec:MSV000086477:ccms_peak/Coffee_pilot_1_POS_mzXML/PLT1_C5_GC5_01_60223.mzML:scan:629,1,0.72,3,0,MSV000086477,NoID,temp/queries/c4/c4f34cb8999c441d93aff6e69cc237ee/c4f34cb8999c441d93aff6e69cc237ee.mgf,1,246,223816
5-ASA_hydroquinone,mzspec:GNPS:MULTIPLEX-SYNTHESIS-LIBRARY-ALL-PARTITION-6:accession:CCMSLIB00016278832,-0.02,mzspec:MSV000086477:ccms_peak/Coffee_pilot_1_POS_mzXML/PLT1_B7_GB7_01_60200.mzML:scan:630,1,0.72,3,0,MSV000086477,NoID,temp/queries/c4/c4f34cb8999c441d93aff6e69cc237ee/c4f34cb8999c441d93aff6e69cc237ee.mgf,1,246,223802
5-ASA_hydroquinone,mzspec:GNPS:MULTIPLEX-SYNTHESIS-LIBRARY-ALL-PARTITION-6:accession:CCMSLIB00016278832,-0.01,mzspec:MSV000086477:ccms_peak/Coffee_pilot_1_POS_mzXML/PLT1_B6_GB6_01_60211.mzML:scan:629,1,0.72,3,0,MSV000086477,NoID,temp/queries/c4/c4f34cb8999c441d93aff6e69cc237ee/c4f34cb8999c441d93aff6e69cc237ee.mgf,1,246,223777
5-ASA_hydroquinone,mzspec:GNPS:MULTIPLEX-SYNTHESIS-LIBRARY-ALL-PARTITION-6:accession:CCMSLIB00016278832,-0.02,mzspec:MSV000085870:peak/peak/PH697122_neg_IDA.mzXML:scan:846,1,0.72,1,0,MSV000085870,NoID,temp/queries/c4/c4f34cb8999c441d93aff6e69cc237ee/c4f34cb8999c441d93aff6e69cc237ee.mgf,1,246,836551
5-ASA_hydroquinone,mzspec:GNPS:MULTIPLEX-SYNTHESIS-LIBRARY-ALL-PARTITION-6:accession:CCMSLIB00016278832,-0.01,mzspec:MSV000086477:ccms_peak/Coffee_pilot_1_POS_mzXML/PLT1_C1_GC1_01_60215.mzML:scan:630,1,0.72,3,0,MSV000086477,NoID,temp/queries/c4/c4f34cb8999c441d93aff6e69cc237ee/c4f34cb8999c441d93aff6e69cc237ee.mgf,1,246,223811
5-ASA_hydroquinone,mzspec:GNPS:MULTIPLEX-SYNTHESIS-LIBRARY-ALL-PARTITION-6:accession:CCMSLIB00016278832,-0.02,mzspec:MTBLS417:FILES/PH697122_neg_IDA.mzXML:scan:846,1,0.72,1,0,MTBLS417,NoID,temp/queries/c4/c4f34cb8999c441d93aff6e69cc237ee/c4f34cb8999c441d93aff6e69cc237ee.mgf,1,246,2050684
5-ASA_hydroquinone,mzspec:GNPS:MULTIPLEX-SYNTHESIS-LIBRARY-ALL-PARTITION-6:accession:CCMSLIB00016278832,-0.02,mzspec:MTBLS417:FILES/PH697289_neg_IDA.mzXML:scan:954,1,0.71,1,0,MTBLS417,NoID,temp/queries/c4/c4f34cb8999c441d93aff6e69cc237ee/c4f34cb8999c441d93aff6e69cc237ee.mgf,1,246,2050253
5-ASA_hydroquinone,mzspec:GNPS:MULTIPLEX-SYNTHESIS-LIBRARY-ALL-PARTITION-6:accession:CCMSLIB00016278832,-0.02,mzspec:MSV000085870:peak/peak/PH697289_neg_IDA.mzXML:scan:954,1,0.71,1,0,MSV000085870,NoID,temp/queries/c4/c4f34cb8999c441d93aff6e69cc237ee/c4f34cb8999c441d93aff6e69cc237ee.mgf,1,246,836612
5-ASA_hydroquinone,mzspec:GNPS:MULTIPLEX-SYNTHESIS-LIBRARY-ALL-PARTITION-6:accession:CCMSLIB00016278832,-0.01,mzspec:MSV000086477:ccms_peak/Coffee_pilot_1_POS_mzXML/PLT1_B1_GB1_01_60240.mzML:scan:628,1,0.7,3,0,MSV000086477,NoID,temp/queries/c4/c4f34cb8999c441d93aff6e69cc237ee/c4f34cb8999c441d93aff6e69cc237ee.mgf,1,246,223748
