compound_name,lib_usi,Delta Mass,USI,Charge,Cosine,Matching Peaks,Unit Delta Mass,Dataset,Status,Query Filename,Query Scan,Index UnitPM,Index IdxInUnitPM
5-ASA_isovaleric-acid,mzspec:GNPS:MULTIPLEX-SYNTHESIS-LIBRARY-ALL-PARTITION-6:accession:CCMSLIB00016278977,-0.0,mzspec:MSV000084556:ccms_peak/Raw_data/FD003_T2.mzML:scan:1283,1,1.0,6,0,MSV000084556,NoID,temp/queries/44/4490b3a0712743469749246edd9ccc9a/4490b3a0712743469749246edd9ccc9a.mgf,1,238,979353
5-ASA_isovaleric-acid,mzspec:GNPS:MULTIPLEX-SYNTHESIS-LIBRARY-ALL-PARTITION-6:accession:CCMSLIB00016278977,-0.0,mzspec:MSV000083825:ccms_peak/Positive/Fecal/Rox_diet_D003d-14.mzML:scan:1334,1,1.0,6,0,MSV000083825,NoID,temp/queries/44/4490b3a0712743469749246edd9ccc9a/4490b3a0712743469749246edd9ccc9a.mgf,1,238,1241193
5-ASA_isovaleric-acid,mzspec:GNPS:MULTIPLEX-SYNTHESIS-LIBRARY-ALL-PARTITION-6:accession:CCMSLIB00016278977,-0.0,mzspec:MSV000084556:ccms_peak/Raw_data/FD003_T1.mzML:scan:1322,1,1.0,6,0,MSV000084556,NoID,temp/queries/44/4490b3a0712743469749246edd9ccc9a/4490b3a0712743469749246edd9ccc9a.mgf,1,238,979403
5-ASA_isovaleric-acid,mzspec:GNPS:MULTIPLEX-SYNTHESIS-LIBRARY-ALL-PARTITION-6:accession:CCMSLIB00016278977,-0.0,mzspec:MSV000087942:ccms_peak/Plate_01_RAW/Tube_057_RERUNS.mzML:scan:1251,1,1.0,6,0,MSV000087942,NoID,temp/queries/44/4490b3a0712743469749246edd9ccc9a/4490b3a0712743469749246edd9ccc9a.mgf,1,238,906643
5-ASA_isovaleric-acid,mzspec:GNPS:MULTIPLEX-SYNTHESIS-LIBRARY-ALL-PARTITION-6:accession:CCMSLIB00016278977,-0.0,mzspec:MSV000083825:ccms_peak/Positive/Fecal/Rox_diet_D003d0.mzML:scan:1291,1,1.0,6,0,MSV000083825,NoID,temp/queries/44/4490b3a0712743469749246edd9ccc9a/4490b3a0712743469749246edd9ccc9a.mgf,1,238,1241164
5-ASA_isovaleric-acid,mzspec:GNPS:MULTIPLEX-SYNTHESIS-LIBRARY-ALL-PARTITION-6:accession:CCMSLIB00016278977,-0.0,mzspec:MSV000081492:ccms_peak/Raw_Files/Samples_Treatment/dhmc_1_10.mzML:scan:1455,1,0.99,6,0,MSV000081492,NoID,temp/queries/44/4490b3a0712743469749246edd9ccc9a/4490b3a0712743469749246edd9ccc9a.mgf,1,238,1115611
5-ASA_isovaleric-acid,mzspec:GNPS:MULTIPLEX-SYNTHESIS-LIBRARY-ALL-PARTITION-6:accession:CCMSLIB00016278977,-0.0,mzspec:MSV000081492:ccms_peak/Raw_Files/Samples_Treatment/dhmc_6_10.mzML:scan:1506,1,0.98,6,0,MSV000081492,NoID,temp/queries/44/4490b3a0712743469749246edd9ccc9a/4490b3a0712743469749246edd9ccc9a.mgf,1,238,1115574
5-ASA_isovaleric-acid,mzspec:GNPS:MULTIPLEX-SYNTHESIS-LIBRARY-ALL-PARTITION-6:accession:CCMSLIB00016278977,-0.0,mzspec:MSV000084556:ccms_peak/Raw_data/FD003_T3.mzML:scan:1397,1,0.98,6,0,MSV000084556,NoID,temp/queries/44/4490b3a0712743469749246edd9ccc9a/4490b3a0712743469749246edd9ccc9a.mgf,1,238,979347
5-ASA_isovaleric-acid,mzspec:GNPS:MULTIPLEX-SYNTHESIS-LIBRARY-ALL-PARTITION-6:accession:CCMSLIB00016278977,-0.0,mzspec:MSV000084556:ccms_peak/Raw_data/FD003_T2.mzML:scan:1388,1,0.97,6,0,MSV000084556,NoID,temp/queries/44/4490b3a0712743469749246edd9ccc9a/4490b3a0712743469749246edd9ccc9a.mgf,1,238,979354
5-ASA_isovaleric-acid,mzspec:GNPS:MULTIPLEX-SYNTHESIS-LIBRARY-ALL-PARTITION-6:accession:CCMSLIB00016278977,-0.0,mzspec:MSV000096359:ccms_peak/RAW/2_3_4/P2_A9_364173012.mzML:scan:1825,1,0.97,6,0,MSV000096359,NoID,temp/queries/44/4490b3a0712743469749246edd9ccc9a/4490b3a0712743469749246edd9ccc9a.mgf,1,238,436327
5-ASA_isovaleric-acid,mzspec:GNPS:MULTIPLEX-SYNTHESIS-LIBRARY-ALL-PARTITION-6:accession:CCMSLIB00016278977,-0.0,mzspec:MSV000096359:peak/Burnett_RisePlus_Allmzml/P2_A9_364173012.mzML:scan:1825,1,0.97,6,0,MSV000096359,NoID,temp/queries/44/4490b3a0712743469749246edd9ccc9a/4490b3a0712743469749246edd9ccc9a.mgf,1,238,437820
5-ASA_isovaleric-acid,mzspec:GNPS:MULTIPLEX-SYNTHESIS-LIBRARY-ALL-PARTITION-6:accession:CCMSLIB00016278977,-0.0,mzspec:MSV000097269:peak/mzML/Pd_5asa_taurine_conjugates_T72_1.mzML:scan:5554,1,0.97,6,0,MSV000097269,NoID,temp/queries/44/4490b3a0712743469749246edd9ccc9a/4490b3a0712743469749246edd9ccc9a.mgf,1,238,91927
5-ASA_isovaleric-acid,mzspec:GNPS:MULTIPLEX-SYNTHESIS-LIBRARY-ALL-PARTITION-6:accession:CCMSLIB00016278977,-0.0,mzspec:MSV000094393:peak/Salicylic_acyl_chlorides_AP_56.mzML:scan:3359,1,0.97,6,0,MSV000094393,NoID,temp/queries/44/4490b3a0712743469749246edd9ccc9a/4490b3a0712743469749246edd9ccc9a.mgf,1,238,354403
5-ASA_isovaleric-acid,mzspec:GNPS:MULTIPLEX-SYNTHESIS-LIBRARY-ALL-PARTITION-6:accession:CCMSLIB00016278977,-0.0,mzspec:MSV000083756:ccms_peak/Fecal-1-7ACN-3H2O_RA9_159.mzML:scan:731,1,0.96,5,0,MSV000083756,NoID,temp/queries/44/4490b3a0712743469749246edd9ccc9a/4490b3a0712743469749246edd9ccc9a.mgf,1,238,507964
5-ASA_isovaleric-acid,mzspec:GNPS:MULTIPLEX-SYNTHESIS-LIBRARY-ALL-PARTITION-6:accession:CCMSLIB00016278977,-0.0,mzspec:MSV000083756:peak/Fecal-1-6MeOH-4H2O_RA5_133.mzML:scan:738,1,0.96,5,0,MSV000083756,NoID,temp/queries/44/4490b3a0712743469749246edd9ccc9a/4490b3a0712743469749246edd9ccc9a.mgf,1,238,507975
5-ASA_isovaleric-acid,mzspec:GNPS:MULTIPLEX-SYNTHESIS-LIBRARY-ALL-PARTITION-6:accession:CCMSLIB00016278977,-0.0,mzspec:MSV000083756:ccms_peak/Fecal-1-3ACN-3IPA-2H2O_RA11_201.mzML:scan:735,1,0.96,5,0,MSV000083756,NoID,temp/queries/44/4490b3a0712743469749246edd9ccc9a/4490b3a0712743469749246edd9ccc9a.mgf,1,238,508010
5-ASA_isovaleric-acid,mzspec:GNPS:MULTIPLEX-SYNTHESIS-LIBRARY-ALL-PARTITION-6:accession:CCMSLIB00016278977,-0.0,mzspec:MSV000083756:peak/Fecal-1-7ACN-3H2O_RA9_159.mzML:scan:731,1,0.96,5,0,MSV000083756,NoID,temp/queries/44/4490b3a0712743469749246edd9ccc9a/4490b3a0712743469749246edd9ccc9a.mgf,1,238,507878
5-ASA_isovaleric-acid,mzspec:GNPS:MULTIPLEX-SYNTHESIS-LIBRARY-ALL-PARTITION-6:accession:CCMSLIB00016278977,-0.0,mzspec:MSV000083756:peak/Fecal-1-9MeOH-1H2O_RA2_66.mzML:scan:739,1,0.96,5,0,MSV000083756,NoID,temp/queries/44/4490b3a0712743469749246edd9ccc9a/4490b3a0712743469749246edd9ccc9a.mgf,1,238,507901
5-ASA_isovaleric-acid,mzspec:GNPS:MULTIPLEX-SYNTHESIS-LIBRARY-ALL-PARTITION-6:accession:CCMSLIB00016278977,-0.0,mzspec:MSV000083756:peak/Fecal-1-MeOH_RA1_34.mzML:scan:745,1,0.96,5,0,MSV000083756,NoID,temp/queries/44/4490b3a0712743469749246edd9ccc9a/4490b3a0712743469749246edd9ccc9a.mgf,1,238,508013
5-ASA_isovaleric-acid,mzspec:GNPS:MULTIPLEX-SYNTHESIS-LIBRARY-ALL-PARTITION-6:accession:CCMSLIB00016278977,-0.0,mzspec:MSV000083756:ccms_peak/Fecal-1-5MeOH-5ACN_RA7_117.mzML:scan:729,1,0.96,5,0,MSV000083756,NoID,temp/queries/44/4490b3a0712743469749246edd9ccc9a/4490b3a0712743469749246edd9ccc9a.mgf,1,238,508024
5-ASA_isovaleric-acid,mzspec:GNPS:MULTIPLEX-SYNTHESIS-LIBRARY-ALL-PARTITION-6:accession:CCMSLIB00016278977,-0.0,mzspec:MSV000083756:ccms_peak/Fecal-1-9MeOH-1H2O_RA2_66.mzML:scan:739,1,0.96,5,0,MSV000083756,NoID,temp/queries/44/4490b3a0712743469749246edd9ccc9a/4490b3a0712743469749246edd9ccc9a.mgf,1,238,508019
5-ASA_isovaleric-acid,mzspec:GNPS:MULTIPLEX-SYNTHESIS-LIBRARY-ALL-PARTITION-6:accession:CCMSLIB00016278977,-0.0,mzspec:MSV000083756:ccms_peak/Fecal-1-9MeOH-1H2O_RA2_65.mzML:scan:747,1,0.96,5,0,MSV000083756,NoID,temp/queries/44/4490b3a0712743469749246edd9ccc9a/4490b3a0712743469749246edd9ccc9a.mgf,1,238,508094
5-ASA_isovaleric-acid,mzspec:GNPS:MULTIPLEX-SYNTHESIS-LIBRARY-ALL-PARTITION-6:accession:CCMSLIB00016278977,-0.0,mzspec:MSV000083756:peak/Fecal-1-8MeOH-2H2O_RA3_81.mzML:scan:746,1,0.96,5,0,MSV000083756,NoID,temp/queries/44/4490b3a0712743469749246edd9ccc9a/4490b3a0712743469749246edd9ccc9a.mgf,1,238,508050
5-ASA_isovaleric-acid,mzspec:GNPS:MULTIPLEX-SYNTHESIS-LIBRARY-ALL-PARTITION-6:accession:CCMSLIB00016278977,-0.0,mzspec:MSV000083756:ccms_peak/QCmix1_RF2_3.mzML:scan:726,1,0.96,5,0,MSV000083756,NoID,temp/queries/44/4490b3a0712743469749246edd9ccc9a/4490b3a0712743469749246edd9ccc9a.mgf,1,238,508028
5-ASA_isovaleric-acid,mzspec:GNPS:MULTIPLEX-SYNTHESIS-LIBRARY-ALL-PARTITION-6:accession:CCMSLIB00016278977,-0.0,mzspec:MSV000083756:peak/QCmix1_RF2_3.mzML:scan:726,1,0.96,5,0,MSV000083756,NoID,temp/queries/44/4490b3a0712743469749246edd9ccc9a/4490b3a0712743469749246edd9ccc9a.mgf,1,238,508026
5-ASA_isovaleric-acid,mzspec:GNPS:MULTIPLEX-SYNTHESIS-LIBRARY-ALL-PARTITION-6:accession:CCMSLIB00016278977,-0.0,mzspec:MSV000083756:peak/Fecal-1-5MeOH-5ACN_RA7_117.mzML:scan:729,1,0.96,5,0,MSV000083756,NoID,temp/queries/44/4490b3a0712743469749246edd9ccc9a/4490b3a0712743469749246edd9ccc9a.mgf,1,238,507994
5-ASA_isovaleric-acid,mzspec:GNPS:MULTIPLEX-SYNTHESIS-LIBRARY-ALL-PARTITION-6:accession:CCMSLIB00016278977,-0.0,mzspec:MSV000083756:ccms_peak/Fecal-1-5EtOH-5H2O_RA10_152.mzML:scan:733,1,0.96,5,0,MSV000083756,NoID,temp/queries/44/4490b3a0712743469749246edd9ccc9a/4490b3a0712743469749246edd9ccc9a.mgf,1,238,508104
5-ASA_isovaleric-acid,mzspec:GNPS:MULTIPLEX-SYNTHESIS-LIBRARY-ALL-PARTITION-6:accession:CCMSLIB00016278977,-0.0,mzspec:MSV000083756:peak/Fecal-1-3ACN-3IPA-2H2O_RA11_201.mzML:scan:735,1,0.96,5,0,MSV000083756,NoID,temp/queries/44/4490b3a0712743469749246edd9ccc9a/4490b3a0712743469749246edd9ccc9a.mgf,1,238,507819
5-ASA_isovaleric-acid,mzspec:GNPS:MULTIPLEX-SYNTHESIS-LIBRARY-ALL-PARTITION-6:accession:CCMSLIB00016278977,-0.0,mzspec:MSV000083756:ccms_peak/Fecal-1-6MeOH-4H2O_RA5_133.mzML:scan:738,1,0.96,5,0,MSV000083756,NoID,temp/queries/44/4490b3a0712743469749246edd9ccc9a/4490b3a0712743469749246edd9ccc9a.mgf,1,238,507861
5-ASA_isovaleric-acid,mzspec:GNPS:MULTIPLEX-SYNTHESIS-LIBRARY-ALL-PARTITION-6:accession:CCMSLIB00016278977,-0.0,mzspec:MSV000083756:peak/Fecal-1-7ACN-3H2O_RA9_160.mzML:scan:730,1,0.96,5,0,MSV000083756,NoID,temp/queries/44/4490b3a0712743469749246edd9ccc9a/4490b3a0712743469749246edd9ccc9a.mgf,1,238,508007
5-ASA_isovaleric-acid,mzspec:GNPS:MULTIPLEX-SYNTHESIS-LIBRARY-ALL-PARTITION-6:accession:CCMSLIB00016278977,-0.0,mzspec:MSV000083756:ccms_peak/Fecal-1-6MeOH-4H2O_RA5_134.mzML:scan:743,1,0.96,5,0,MSV000083756,NoID,temp/queries/44/4490b3a0712743469749246edd9ccc9a/4490b3a0712743469749246edd9ccc9a.mgf,1,238,508036
5-ASA_isovaleric-acid,mzspec:GNPS:MULTIPLEX-SYNTHESIS-LIBRARY-ALL-PARTITION-6:accession:CCMSLIB00016278977,-0.0,mzspec:MSV000084556:ccms_peak/Raw_data/FD003_T3.mzML:scan:1289,1,0.96,5,0,MSV000084556,NoID,temp/queries/44/4490b3a0712743469749246edd9ccc9a/4490b3a0712743469749246edd9ccc9a.mgf,1,238,979346
5-ASA_isovaleric-acid,mzspec:GNPS:MULTIPLEX-SYNTHESIS-LIBRARY-ALL-PARTITION-6:accession:CCMSLIB00016278977,-0.0,mzspec:MSV000083825:ccms_peak/Positive/Fecal/Rox_diet_D003_d+14.mzML:scan:1297,1,0.96,5,0,MSV000083825,NoID,temp/queries/44/4490b3a0712743469749246edd9ccc9a/4490b3a0712743469749246edd9ccc9a.mgf,1,238,1241228
5-ASA_isovaleric-acid,mzspec:GNPS:MULTIPLEX-SYNTHESIS-LIBRARY-ALL-PARTITION-6:accession:CCMSLIB00016278977,-0.0,mzspec:MSV000087942:ccms_peak/Plate_01_RAW/Tube_056.mzML:scan:1237,1,0.96,5,0,MSV000087942,NoID,temp/queries/44/4490b3a0712743469749246edd9ccc9a/4490b3a0712743469749246edd9ccc9a.mgf,1,238,906794
5-ASA_isovaleric-acid,mzspec:GNPS:MULTIPLEX-SYNTHESIS-LIBRARY-ALL-PARTITION-6:accession:CCMSLIB00016278977,-0.0,mzspec:MSV000083756:peak/Fecal-1-MeOH_RA1_35.mzML:scan:749,1,0.96,5,0,MSV000083756,NoID,temp/queries/44/4490b3a0712743469749246edd9ccc9a/4490b3a0712743469749246edd9ccc9a.mgf,1,238,507977
5-ASA_isovaleric-acid,mzspec:GNPS:MULTIPLEX-SYNTHESIS-LIBRARY-ALL-PARTITION-6:accession:CCMSLIB00016278977,-0.0,mzspec:MSV000083756:ccms_peak/Fecal-1-5EtOH-5H2O_RA10_151.mzML:scan:733,1,0.96,5,0,MSV000083756,NoID,temp/queries/44/4490b3a0712743469749246edd9ccc9a/4490b3a0712743469749246edd9ccc9a.mgf,1,238,507851
5-ASA_isovaleric-acid,mzspec:GNPS:MULTIPLEX-SYNTHESIS-LIBRARY-ALL-PARTITION-6:accession:CCMSLIB00016278977,-0.0,mzspec:MSV000083756:ccms_peak/Fecal-1-5MeOH-5ACN_RA7_118.mzML:scan:730,1,0.96,5,0,MSV000083756,NoID,temp/queries/44/4490b3a0712743469749246edd9ccc9a/4490b3a0712743469749246edd9ccc9a.mgf,1,238,507848
5-ASA_isovaleric-acid,mzspec:GNPS:MULTIPLEX-SYNTHESIS-LIBRARY-ALL-PARTITION-6:accession:CCMSLIB00016278977,-0.0,mzspec:MSV000083756:ccms_peak/QCmix2_RF2_98.mzML:scan:737,1,0.96,5,0,MSV000083756,NoID,temp/queries/44/4490b3a0712743469749246edd9ccc9a/4490b3a0712743469749246edd9ccc9a.mgf,1,238,507776
5-ASA_isovaleric-acid,mzspec:GNPS:MULTIPLEX-SYNTHESIS-LIBRARY-ALL-PARTITION-6:accession:CCMSLIB00016278977,-0.0,mzspec:MSV000083756:peak/Fecal-1-5EtOH-5H2O_RA10_151.mzML:scan:733,1,0.96,5,0,MSV000083756,NoID,temp/queries/44/4490b3a0712743469749246edd9ccc9a/4490b3a0712743469749246edd9ccc9a.mgf,1,238,507783
5-ASA_isovaleric-acid,mzspec:GNPS:MULTIPLEX-SYNTHESIS-LIBRARY-ALL-PARTITION-6:accession:CCMSLIB00016278977,-0.0,mzspec:MSV000083756:peak/Fecal-1-7ACN-3H2O_RA9_161.mzML:scan:733,1,0.96,5,0,MSV000083756,NoID,temp/queries/44/4490b3a0712743469749246edd9ccc9a/4490b3a0712743469749246edd9ccc9a.mgf,1,238,507839
5-ASA_isovaleric-acid,mzspec:GNPS:MULTIPLEX-SYNTHESIS-LIBRARY-ALL-PARTITION-6:accession:CCMSLIB00016278977,-0.0,mzspec:MSV000083756:peak/QCmix2_RF2_98.mzML:scan:737,1,0.96,5,0,MSV000083756,NoID,temp/queries/44/4490b3a0712743469749246edd9ccc9a/4490b3a0712743469749246edd9ccc9a.mgf,1,238,507843
5-ASA_isovaleric-acid,mzspec:GNPS:MULTIPLEX-SYNTHESIS-LIBRARY-ALL-PARTITION-6:accession:CCMSLIB00016278977,0.0,mzspec:MSV000096359:peak/Burnett_RisePlus_Allmzml/P9_H5_364302362.mzML:scan:1806,1,0.96,6,0,MSV000096359,NoID,temp/queries/44/4490b3a0712743469749246edd9ccc9a/4490b3a0712743469749246edd9ccc9a.mgf,1,238,437020
5-ASA_isovaleric-acid,mzspec:GNPS:MULTIPLEX-SYNTHESIS-LIBRARY-ALL-PARTITION-6:accession:CCMSLIB00016278977,0.0,mzspec:MSV000096359:ccms_peak/RAW/8_9/P9_H5_364302362.mzML:scan:1806,1,0.96,6,0,MSV000096359,NoID,temp/queries/44/4490b3a0712743469749246edd9ccc9a/4490b3a0712743469749246edd9ccc9a.mgf,1,238,439041
5-ASA_isovaleric-acid,mzspec:GNPS:MULTIPLEX-SYNTHESIS-LIBRARY-ALL-PARTITION-6:accession:CCMSLIB00016278977,-0.0,mzspec:MSV000083756:ccms_peak/Fecal-1-MeOH_RA1_35.mzML:scan:749,1,0.96,5,0,MSV000083756,NoID,temp/queries/44/4490b3a0712743469749246edd9ccc9a/4490b3a0712743469749246edd9ccc9a.mgf,1,238,507752
5-ASA_isovaleric-acid,mzspec:GNPS:MULTIPLEX-SYNTHESIS-LIBRARY-ALL-PARTITION-6:accession:CCMSLIB00016278977,-0.0,mzspec:MSV000083756:ccms_peak/Fecal-1-7ACN-3H2O_RA9_161.mzML:scan:733,1,0.96,5,0,MSV000083756,NoID,temp/queries/44/4490b3a0712743469749246edd9ccc9a/4490b3a0712743469749246edd9ccc9a.mgf,1,238,507762
5-ASA_isovaleric-acid,mzspec:GNPS:MULTIPLEX-SYNTHESIS-LIBRARY-ALL-PARTITION-6:accession:CCMSLIB00016278977,-0.0,mzspec:MSV000083756:ccms_peak/Fecal-1-7MeOH-3H2O_RA4_101.mzML:scan:745,1,0.96,5,0,MSV000083756,NoID,temp/queries/44/4490b3a0712743469749246edd9ccc9a/4490b3a0712743469749246edd9ccc9a.mgf,1,238,507828
5-ASA_isovaleric-acid,mzspec:GNPS:MULTIPLEX-SYNTHESIS-LIBRARY-ALL-PARTITION-6:accession:CCMSLIB00016278977,-0.0,mzspec:MSV000083756:ccms_peak/Fecal-1-MeOH_RA1_34.mzML:scan:745,1,0.96,5,0,MSV000083756,NoID,temp/queries/44/4490b3a0712743469749246edd9ccc9a/4490b3a0712743469749246edd9ccc9a.mgf,1,238,508064
5-ASA_isovaleric-acid,mzspec:GNPS:MULTIPLEX-SYNTHESIS-LIBRARY-ALL-PARTITION-6:accession:CCMSLIB00016278977,-0.0,mzspec:MSV000083756:peak/Fecal-1-5MeOH-5ACN_RA7_118.mzML:scan:730,1,0.96,5,0,MSV000083756,NoID,temp/queries/44/4490b3a0712743469749246edd9ccc9a/4490b3a0712743469749246edd9ccc9a.mgf,1,238,508060
5-ASA_isovaleric-acid,mzspec:GNPS:MULTIPLEX-SYNTHESIS-LIBRARY-ALL-PARTITION-6:accession:CCMSLIB00016278977,-0.0,mzspec:MSV000083756:ccms_peak/Fecal-1-5MeOH-5H2O_RA6_157.mzML:scan:733,1,0.96,5,0,MSV000083756,NoID,temp/queries/44/4490b3a0712743469749246edd9ccc9a/4490b3a0712743469749246edd9ccc9a.mgf,1,238,508005
5-ASA_isovaleric-acid,mzspec:GNPS:MULTIPLEX-SYNTHESIS-LIBRARY-ALL-PARTITION-6:accession:CCMSLIB00016278977,-0.0,mzspec:MSV000083756:peak/Fecal-1-5MeOH-5H2O_RA6_157.mzML:scan:733,1,0.96,5,0,MSV000083756,NoID,temp/queries/44/4490b3a0712743469749246edd9ccc9a/4490b3a0712743469749246edd9ccc9a.mgf,1,238,508085
5-ASA_isovaleric-acid,mzspec:GNPS:MULTIPLEX-SYNTHESIS-LIBRARY-ALL-PARTITION-6:accession:CCMSLIB00016278977,-0.0,mzspec:MSV000083756:peak/Fecal-1-9MeOH-1H2O_RA2_65.mzML:scan:747,1,0.96,5,0,MSV000083756,NoID,temp/queries/44/4490b3a0712743469749246edd9ccc9a/4490b3a0712743469749246edd9ccc9a.mgf,1,238,507830
5-ASA_isovaleric-acid,mzspec:GNPS:MULTIPLEX-SYNTHESIS-LIBRARY-ALL-PARTITION-6:accession:CCMSLIB00016278977,-0.0,mzspec:MSV000083756:ccms_peak/Fecal-1-8MeOH-2H2O_RA3_81.mzML:scan:746,1,0.96,5,0,MSV000083756,NoID,temp/queries/44/4490b3a0712743469749246edd9ccc9a/4490b3a0712743469749246edd9ccc9a.mgf,1,238,507758
5-ASA_isovaleric-acid,mzspec:GNPS:MULTIPLEX-SYNTHESIS-LIBRARY-ALL-PARTITION-6:accession:CCMSLIB00016278977,-0.0,mzspec:MSV000083756:peak/Fecal-1-7MeOH-3H2O_RA4_100.mzML:scan:744,1,0.96,5,0,MSV000083756,NoID,temp/queries/44/4490b3a0712743469749246edd9ccc9a/4490b3a0712743469749246edd9ccc9a.mgf,1,238,507989
5-ASA_isovaleric-acid,mzspec:GNPS:MULTIPLEX-SYNTHESIS-LIBRARY-ALL-PARTITION-6:accession:CCMSLIB00016278977,-0.0,mzspec:MSV000083756:peak/Fecal-1-6MeOH-4H2O_RA5_132.mzML:scan:741,1,0.96,5,0,MSV000083756,NoID,temp/queries/44/4490b3a0712743469749246edd9ccc9a/4490b3a0712743469749246edd9ccc9a.mgf,1,238,507945
5-ASA_isovaleric-acid,mzspec:GNPS:MULTIPLEX-SYNTHESIS-LIBRARY-ALL-PARTITION-6:accession:CCMSLIB00016278977,-0.0,mzspec:MSV000083756:peak/Fecal-1-7MeOH-3H2O_RA4_102.mzML:scan:745,1,0.96,5,0,MSV000083756,NoID,temp/queries/44/4490b3a0712743469749246edd9ccc9a/4490b3a0712743469749246edd9ccc9a.mgf,1,238,507952
5-ASA_isovaleric-acid,mzspec:GNPS:MULTIPLEX-SYNTHESIS-LIBRARY-ALL-PARTITION-6:accession:CCMSLIB00016278977,-0.0,mzspec:MSV000083756:ccms_peak/Fecal-1-7MeOH-3H2O_RA4_102.mzML:scan:745,1,0.96,5,0,MSV000083756,NoID,temp/queries/44/4490b3a0712743469749246edd9ccc9a/4490b3a0712743469749246edd9ccc9a.mgf,1,238,507973
5-ASA_isovaleric-acid,mzspec:GNPS:MULTIPLEX-SYNTHESIS-LIBRARY-ALL-PARTITION-6:accession:CCMSLIB00016278977,-0.0,mzspec:MSV000083756:ccms_peak/Fecal-1-7MeOH-3H2O_RA4_100.mzML:scan:744,1,0.96,5,0,MSV000083756,NoID,temp/queries/44/4490b3a0712743469749246edd9ccc9a/4490b3a0712743469749246edd9ccc9a.mgf,1,238,507957
5-ASA_isovaleric-acid,mzspec:GNPS:MULTIPLEX-SYNTHESIS-LIBRARY-ALL-PARTITION-6:accession:CCMSLIB00016278977,-0.0,mzspec:MSV000083756:peak/Fecal-1-6MeOH-4H2O_RA5_134.mzML:scan:743,1,0.96,5,0,MSV000083756,NoID,temp/queries/44/4490b3a0712743469749246edd9ccc9a/4490b3a0712743469749246edd9ccc9a.mgf,1,238,507882
5-ASA_isovaleric-acid,mzspec:GNPS:MULTIPLEX-SYNTHESIS-LIBRARY-ALL-PARTITION-6:accession:CCMSLIB00016278977,-0.0,mzspec:MSV000083756:ccms_peak/Fecal-1-7ACN-3H2O_RA9_160.mzML:scan:730,1,0.96,5,0,MSV000083756,NoID,temp/queries/44/4490b3a0712743469749246edd9ccc9a/4490b3a0712743469749246edd9ccc9a.mgf,1,238,507885
5-ASA_isovaleric-acid,mzspec:GNPS:MULTIPLEX-SYNTHESIS-LIBRARY-ALL-PARTITION-6:accession:CCMSLIB00016278977,-0.0,mzspec:MSV000083756:peak/Fecal-1-5EtOH-5H2O_RA10_152.mzML:scan:733,1,0.96,5,0,MSV000083756,NoID,temp/queries/44/4490b3a0712743469749246edd9ccc9a/4490b3a0712743469749246edd9ccc9a.mgf,1,238,507935
5-ASA_isovaleric-acid,mzspec:GNPS:MULTIPLEX-SYNTHESIS-LIBRARY-ALL-PARTITION-6:accession:CCMSLIB00016278977,-0.0,mzspec:MSV000083756:peak/Fecal-1-3ACN-3IPA-2H2O_RA11_199.mzML:scan:733,1,0.96,5,0,MSV000083756,NoID,temp/queries/44/4490b3a0712743469749246edd9ccc9a/4490b3a0712743469749246edd9ccc9a.mgf,1,238,507876
5-ASA_isovaleric-acid,mzspec:GNPS:MULTIPLEX-SYNTHESIS-LIBRARY-ALL-PARTITION-6:accession:CCMSLIB00016278977,-0.0,mzspec:MSV000083756:peak/Fecal-1-7MeOH-3H2O_RA4_101.mzML:scan:745,1,0.96,5,0,MSV000083756,NoID,temp/queries/44/4490b3a0712743469749246edd9ccc9a/4490b3a0712743469749246edd9ccc9a.mgf,1,238,508081
5-ASA_isovaleric-acid,mzspec:GNPS:MULTIPLEX-SYNTHESIS-LIBRARY-ALL-PARTITION-6:accession:CCMSLIB00016278977,-0.0,mzspec:MSV000083756:ccms_peak/Fecal-1-3ACN-3IPA-2H2O_RA11_199.mzML:scan:733,1,0.96,5,0,MSV000083756,NoID,temp/queries/44/4490b3a0712743469749246edd9ccc9a/4490b3a0712743469749246edd9ccc9a.mgf,1,238,508040
5-ASA_isovaleric-acid,mzspec:GNPS:MULTIPLEX-SYNTHESIS-LIBRARY-ALL-PARTITION-6:accession:CCMSLIB00016278977,-0.0,mzspec:MSV000083756:ccms_peak/Fecal-1-6MeOH-4H2O_RA5_132.mzML:scan:741,1,0.96,5,0,MSV000083756,NoID,temp/queries/44/4490b3a0712743469749246edd9ccc9a/4490b3a0712743469749246edd9ccc9a.mgf,1,238,508056
5-ASA_isovaleric-acid,mzspec:GNPS:MULTIPLEX-SYNTHESIS-LIBRARY-ALL-PARTITION-6:accession:CCMSLIB00016278977,-0.0,mzspec:MSV000083756:peak/QCmix3_RF2_149.mzML:scan:744,1,0.95,5,0,MSV000083756,NoID,temp/queries/44/4490b3a0712743469749246edd9ccc9a/4490b3a0712743469749246edd9ccc9a.mgf,1,238,507802
5-ASA_isovaleric-acid,mzspec:GNPS:MULTIPLEX-SYNTHESIS-LIBRARY-ALL-PARTITION-6:accession:CCMSLIB00016278977,-0.0,mzspec:MSV000083756:peak/Fecal-1-5MeOH-5ACN_RA7_116.mzML:scan:730,1,0.95,5,0,MSV000083756,NoID,temp/queries/44/4490b3a0712743469749246edd9ccc9a/4490b3a0712743469749246edd9ccc9a.mgf,1,238,507764
5-ASA_isovaleric-acid,mzspec:GNPS:MULTIPLEX-SYNTHESIS-LIBRARY-ALL-PARTITION-6:accession:CCMSLIB00016278977,-0.0,mzspec:MSV000083756:ccms_peak/Fecal-1-3ACN-3IPA-2H2O_RA11_200.mzML:scan:732,1,0.95,5,0,MSV000083756,NoID,temp/queries/44/4490b3a0712743469749246edd9ccc9a/4490b3a0712743469749246edd9ccc9a.mgf,1,238,507806
5-ASA_isovaleric-acid,mzspec:GNPS:MULTIPLEX-SYNTHESIS-LIBRARY-ALL-PARTITION-6:accession:CCMSLIB00016278977,-0.0,mzspec:MSV000083756:peak/Fecal-1-8MeOH-2H2O_RA3_82.mzML:scan:746,1,0.95,5,0,MSV000083756,NoID,temp/queries/44/4490b3a0712743469749246edd9ccc9a/4490b3a0712743469749246edd9ccc9a.mgf,1,238,507906
5-ASA_isovaleric-acid,mzspec:GNPS:MULTIPLEX-SYNTHESIS-LIBRARY-ALL-PARTITION-6:accession:CCMSLIB00016278977,-0.0,mzspec:MSV000083756:peak/Fecal-1-9MeOH-1H2O_RA2_67.mzML:scan:745,1,0.95,5,0,MSV000083756,NoID,temp/queries/44/4490b3a0712743469749246edd9ccc9a/4490b3a0712743469749246edd9ccc9a.mgf,1,238,507968
5-ASA_isovaleric-acid,mzspec:GNPS:MULTIPLEX-SYNTHESIS-LIBRARY-ALL-PARTITION-6:accession:CCMSLIB00016278977,-0.0,mzspec:MSV000083756:peak/Fecal-1-5EtOH-5H2O_RA10_153.mzML:scan:731,1,0.95,5,0,MSV000083756,NoID,temp/queries/44/4490b3a0712743469749246edd9ccc9a/4490b3a0712743469749246edd9ccc9a.mgf,1,238,507960
5-ASA_isovaleric-acid,mzspec:GNPS:MULTIPLEX-SYNTHESIS-LIBRARY-ALL-PARTITION-6:accession:CCMSLIB00016278977,-0.0,mzspec:MSV000083756:peak/Fecal-1-MeOH_RA1_33.mzML:scan:749,1,0.95,5,0,MSV000083756,NoID,temp/queries/44/4490b3a0712743469749246edd9ccc9a/4490b3a0712743469749246edd9ccc9a.mgf,1,238,507841
5-ASA_isovaleric-acid,mzspec:GNPS:MULTIPLEX-SYNTHESIS-LIBRARY-ALL-PARTITION-6:accession:CCMSLIB00016278977,-0.0,mzspec:MSV000083756:peak/Fecal-1-5MeOH-5H2O_RA6_155.mzML:scan:739,1,0.95,5,0,MSV000083756,NoID,temp/queries/44/4490b3a0712743469749246edd9ccc9a/4490b3a0712743469749246edd9ccc9a.mgf,1,238,507792
5-ASA_isovaleric-acid,mzspec:GNPS:MULTIPLEX-SYNTHESIS-LIBRARY-ALL-PARTITION-6:accession:CCMSLIB00016278977,-0.0,mzspec:MSV000083756:ccms_peak/Fecal-1-MeOH_RA1_33.mzML:scan:749,1,0.95,5,0,MSV000083756,NoID,temp/queries/44/4490b3a0712743469749246edd9ccc9a/4490b3a0712743469749246edd9ccc9a.mgf,1,238,508087
5-ASA_isovaleric-acid,mzspec:GNPS:MULTIPLEX-SYNTHESIS-LIBRARY-ALL-PARTITION-6:accession:CCMSLIB00016278977,-0.0,mzspec:MSV000083756:ccms_peak/QCmix4_RF2_216.mzML:scan:742,1,0.95,5,0,MSV000083756,NoID,temp/queries/44/4490b3a0712743469749246edd9ccc9a/4490b3a0712743469749246edd9ccc9a.mgf,1,238,508037
5-ASA_isovaleric-acid,mzspec:GNPS:MULTIPLEX-SYNTHESIS-LIBRARY-ALL-PARTITION-6:accession:CCMSLIB00016278977,-0.0,mzspec:MSV000083756:ccms_peak/Fecal-1-5MeOH-5ACN_RA7_116.mzML:scan:730,1,0.95,5,0,MSV000083756,NoID,temp/queries/44/4490b3a0712743469749246edd9ccc9a/4490b3a0712743469749246edd9ccc9a.mgf,1,238,507991
5-ASA_isovaleric-acid,mzspec:GNPS:MULTIPLEX-SYNTHESIS-LIBRARY-ALL-PARTITION-6:accession:CCMSLIB00016278977,-0.0,mzspec:MSV000083756:peak/Fecal-1-8MeOH-2H2O_RA3_83.mzML:scan:745,1,0.95,5,0,MSV000083756,NoID,temp/queries/44/4490b3a0712743469749246edd9ccc9a/4490b3a0712743469749246edd9ccc9a.mgf,1,238,507949
5-ASA_isovaleric-acid,mzspec:GNPS:MULTIPLEX-SYNTHESIS-LIBRARY-ALL-PARTITION-6:accession:CCMSLIB00016278977,-0.0,mzspec:MSV000083756:ccms_peak/Fecal-1-8MeOH-2H2O_RA3_83.mzML:scan:745,1,0.95,5,0,MSV000083756,NoID,temp/queries/44/4490b3a0712743469749246edd9ccc9a/4490b3a0712743469749246edd9ccc9a.mgf,1,238,507938
5-ASA_isovaleric-acid,mzspec:GNPS:MULTIPLEX-SYNTHESIS-LIBRARY-ALL-PARTITION-6:accession:CCMSLIB00016278977,-0.0,mzspec:MSV000083756:peak/Fecal-1-3ACN-3IPA-2H2O_RA11_200.mzML:scan:732,1,0.95,5,0,MSV000083756,NoID,temp/queries/44/4490b3a0712743469749246edd9ccc9a/4490b3a0712743469749246edd9ccc9a.mgf,1,238,507930
5-ASA_isovaleric-acid,mzspec:GNPS:MULTIPLEX-SYNTHESIS-LIBRARY-ALL-PARTITION-6:accession:CCMSLIB00016278977,-0.0,mzspec:MSV000095726:peak/UMB_220_Duke_MZML/P2_E2_UMB44543.mzML:scan:1774,1,0.95,6,0,MSV000095726,NoID,temp/queries/44/4490b3a0712743469749246edd9ccc9a/4490b3a0712743469749246edd9ccc9a.mgf,1,238,976928
5-ASA_isovaleric-acid,mzspec:GNPS:MULTIPLEX-SYNTHESIS-LIBRARY-ALL-PARTITION-6:accession:CCMSLIB00016278977,-0.0,mzspec:MSV000083756:peak/Fecal-1-5MeOH-5H2O_RA6_156.mzML:scan:725,1,0.95,5,0,MSV000083756,NoID,temp/queries/44/4490b3a0712743469749246edd9ccc9a/4490b3a0712743469749246edd9ccc9a.mgf,1,238,507761
5-ASA_isovaleric-acid,mzspec:GNPS:MULTIPLEX-SYNTHESIS-LIBRARY-ALL-PARTITION-6:accession:CCMSLIB00016278977,-0.0,mzspec:MSV000083756:ccms_peak/Fecal-1-9MeOH-1H2O_RA2_67.mzML:scan:745,1,0.95,5,0,MSV000083756,NoID,temp/queries/44/4490b3a0712743469749246edd9ccc9a/4490b3a0712743469749246edd9ccc9a.mgf,1,238,507789
5-ASA_isovaleric-acid,mzspec:GNPS:MULTIPLEX-SYNTHESIS-LIBRARY-ALL-PARTITION-6:accession:CCMSLIB00016278977,-0.0,mzspec:MSV000096359:peak/Burnett_RisePlus_Allmzml/P5_C7_364173103.mzML:scan:1856,1,0.95,6,0,MSV000096359,NoID,temp/queries/44/4490b3a0712743469749246edd9ccc9a/4490b3a0712743469749246edd9ccc9a.mgf,1,238,440782
5-ASA_isovaleric-acid,mzspec:GNPS:MULTIPLEX-SYNTHESIS-LIBRARY-ALL-PARTITION-6:accession:CCMSLIB00016278977,-0.0,mzspec:MSV000096359:ccms_peak/RAW/5_6_7/P5_C7_364173103.mzML:scan:1856,1,0.95,6,0,MSV000096359,NoID,temp/queries/44/4490b3a0712743469749246edd9ccc9a/4490b3a0712743469749246edd9ccc9a.mgf,1,238,436150
5-ASA_isovaleric-acid,mzspec:GNPS:MULTIPLEX-SYNTHESIS-LIBRARY-ALL-PARTITION-6:accession:CCMSLIB00016278977,-0.0,mzspec:MSV000083756:ccms_peak/QCmix3_RF2_149.mzML:scan:744,1,0.95,5,0,MSV000083756,NoID,temp/queries/44/4490b3a0712743469749246edd9ccc9a/4490b3a0712743469749246edd9ccc9a.mgf,1,238,507909
5-ASA_isovaleric-acid,mzspec:GNPS:MULTIPLEX-SYNTHESIS-LIBRARY-ALL-PARTITION-6:accession:CCMSLIB00016278977,-0.0,mzspec:MSV000083756:ccms_peak/Fecal-1-8MeOH-2H2O_RA3_82.mzML:scan:746,1,0.95,5,0,MSV000083756,NoID,temp/queries/44/4490b3a0712743469749246edd9ccc9a/4490b3a0712743469749246edd9ccc9a.mgf,1,238,507817
5-ASA_isovaleric-acid,mzspec:GNPS:MULTIPLEX-SYNTHESIS-LIBRARY-ALL-PARTITION-6:accession:CCMSLIB00016278977,-0.0,mzspec:MSV000083756:ccms_peak/Fecal-1-5MeOH-5H2O_RA6_155.mzML:scan:739,1,0.95,5,0,MSV000083756,NoID,temp/queries/44/4490b3a0712743469749246edd9ccc9a/4490b3a0712743469749246edd9ccc9a.mgf,1,238,508067
5-ASA_isovaleric-acid,mzspec:GNPS:MULTIPLEX-SYNTHESIS-LIBRARY-ALL-PARTITION-6:accession:CCMSLIB00016278977,-0.0,mzspec:MSV000083756:ccms_peak/Fecal-1-5EtOH-5H2O_RA10_153.mzML:scan:731,1,0.95,5,0,MSV000083756,NoID,temp/queries/44/4490b3a0712743469749246edd9ccc9a/4490b3a0712743469749246edd9ccc9a.mgf,1,238,507941
5-ASA_isovaleric-acid,mzspec:GNPS:MULTIPLEX-SYNTHESIS-LIBRARY-ALL-PARTITION-6:accession:CCMSLIB00016278977,-0.0,mzspec:MSV000083756:peak/QCmix4_RF2_216.mzML:scan:742,1,0.95,5,0,MSV000083756,NoID,temp/queries/44/4490b3a0712743469749246edd9ccc9a/4490b3a0712743469749246edd9ccc9a.mgf,1,238,507863
5-ASA_isovaleric-acid,mzspec:GNPS:MULTIPLEX-SYNTHESIS-LIBRARY-ALL-PARTITION-6:accession:CCMSLIB00016278977,-0.0,mzspec:MSV000083756:ccms_peak/Fecal-1-5MeOH-5H2O_RA6_156.mzML:scan:725,1,0.95,5,0,MSV000083756,NoID,temp/queries/44/4490b3a0712743469749246edd9ccc9a/4490b3a0712743469749246edd9ccc9a.mgf,1,238,507869
5-ASA_isovaleric-acid,mzspec:GNPS:MULTIPLEX-SYNTHESIS-LIBRARY-ALL-PARTITION-6:accession:CCMSLIB00016278977,-0.0,mzspec:MSV000087942:ccms_peak/Plate_02_RAW/Tube_007.mzML:scan:1229,1,0.94,5,0,MSV000087942,NoID,temp/queries/44/4490b3a0712743469749246edd9ccc9a/4490b3a0712743469749246edd9ccc9a.mgf,1,238,906589
5-ASA_isovaleric-acid,mzspec:GNPS:MULTIPLEX-SYNTHESIS-LIBRARY-ALL-PARTITION-6:accession:CCMSLIB00016278977,-0.0,mzspec:MSV000088646:ccms_peak/Plate_05_RAW/261852_Y1.mzML:scan:1243,1,0.94,5,0,MSV000088646,NoID,temp/queries/44/4490b3a0712743469749246edd9ccc9a/4490b3a0712743469749246edd9ccc9a.mgf,1,238,415781
5-ASA_isovaleric-acid,mzspec:GNPS:MULTIPLEX-SYNTHESIS-LIBRARY-ALL-PARTITION-6:accession:CCMSLIB00016278977,-0.0,mzspec:MSV000087942:ccms_peak/Plate_01_RAW/Tube_114.mzML:scan:1213,1,0.94,5,0,MSV000087942,NoID,temp/queries/44/4490b3a0712743469749246edd9ccc9a/4490b3a0712743469749246edd9ccc9a.mgf,1,238,906661
5-ASA_isovaleric-acid,mzspec:GNPS:MULTIPLEX-SYNTHESIS-LIBRARY-ALL-PARTITION-6:accession:CCMSLIB00016278977,-0.0,mzspec:MSV000083756:ccms_peak/Fecal-1-ACN_RA8_49.mzML:scan:799,1,0.93,5,0,MSV000083756,NoID,temp/queries/44/4490b3a0712743469749246edd9ccc9a/4490b3a0712743469749246edd9ccc9a.mgf,1,238,507897
5-ASA_isovaleric-acid,mzspec:GNPS:MULTIPLEX-SYNTHESIS-LIBRARY-ALL-PARTITION-6:accession:CCMSLIB00016278977,-0.0,mzspec:MSV000083756:ccms_peak/Fecal-1-ACN_RA8_50.mzML:scan:787,1,0.93,5,0,MSV000083756,NoID,temp/queries/44/4490b3a0712743469749246edd9ccc9a/4490b3a0712743469749246edd9ccc9a.mgf,1,238,507769
5-ASA_isovaleric-acid,mzspec:GNPS:MULTIPLEX-SYNTHESIS-LIBRARY-ALL-PARTITION-6:accession:CCMSLIB00016278977,-0.0,mzspec:ST002320:HaffnerEtAl_2022_MS_Data/HCO01.mzXML:scan:1968,1,0.93,5,0,ST002320,NoID,temp/queries/44/4490b3a0712743469749246edd9ccc9a/4490b3a0712743469749246edd9ccc9a.mgf,1,238,1345312
5-ASA_isovaleric-acid,mzspec:GNPS:MULTIPLEX-SYNTHESIS-LIBRARY-ALL-PARTITION-6:accession:CCMSLIB00016278977,-0.0,mzspec:MSV000084794:ccms_peak/Raw_data/pos/HCO01.mzML:scan:1968,1,0.93,5,0,MSV000084794,NoID,temp/queries/44/4490b3a0712743469749246edd9ccc9a/4490b3a0712743469749246edd9ccc9a.mgf,1,238,1333121
5-ASA_isovaleric-acid,mzspec:GNPS:MULTIPLEX-SYNTHESIS-LIBRARY-ALL-PARTITION-6:accession:CCMSLIB00016278977,-0.0,mzspec:MSV000083756:peak/Fecal-1-ACN_RA8_50.mzML:scan:787,1,0.93,5,0,MSV000083756,NoID,temp/queries/44/4490b3a0712743469749246edd9ccc9a/4490b3a0712743469749246edd9ccc9a.mgf,1,238,508058
5-ASA_isovaleric-acid,mzspec:GNPS:MULTIPLEX-SYNTHESIS-LIBRARY-ALL-PARTITION-6:accession:CCMSLIB00016278977,-0.0,mzspec:MSV000083756:peak/Fecal-1-ACN_RA8_49.mzML:scan:799,1,0.93,5,0,MSV000083756,NoID,temp/queries/44/4490b3a0712743469749246edd9ccc9a/4490b3a0712743469749246edd9ccc9a.mgf,1,238,507993
5-ASA_isovaleric-acid,mzspec:GNPS:MULTIPLEX-SYNTHESIS-LIBRARY-ALL-PARTITION-6:accession:CCMSLIB00016278977,-0.0,mzspec:MSV000097269:peak/mzML/Pd_5asa_taurine_conjugates_T72_2.mzML:scan:5556,1,0.92,5,0,MSV000097269,NoID,temp/queries/44/4490b3a0712743469749246edd9ccc9a/4490b3a0712743469749246edd9ccc9a.mgf,1,238,91670
5-ASA_isovaleric-acid,mzspec:GNPS:MULTIPLEX-SYNTHESIS-LIBRARY-ALL-PARTITION-6:accession:CCMSLIB00016278977,-0.0,mzspec:MSV000083756:ccms_peak/Fecal-1-ACN_RA8_51.mzML:scan:780,1,0.92,5,0,MSV000083756,NoID,temp/queries/44/4490b3a0712743469749246edd9ccc9a/4490b3a0712743469749246edd9ccc9a.mgf,1,238,508099
5-ASA_isovaleric-acid,mzspec:GNPS:MULTIPLEX-SYNTHESIS-LIBRARY-ALL-PARTITION-6:accession:CCMSLIB00016278977,-0.0,mzspec:MSV000096359:ccms_peak/RAW/5_6_7/P6_B2_364302441.mzML:scan:1798,1,0.92,6,0,MSV000096359,NoID,temp/queries/44/4490b3a0712743469749246edd9ccc9a/4490b3a0712743469749246edd9ccc9a.mgf,1,238,440987
5-ASA_isovaleric-acid,mzspec:GNPS:MULTIPLEX-SYNTHESIS-LIBRARY-ALL-PARTITION-6:accession:CCMSLIB00016278977,-0.0,mzspec:MSV000096359:peak/Burnett_RisePlus_Allmzml/P6_B2_364302441.mzML:scan:1798,1,0.92,6,0,MSV000096359,NoID,temp/queries/44/4490b3a0712743469749246edd9ccc9a/4490b3a0712743469749246edd9ccc9a.mgf,1,238,436034
5-ASA_isovaleric-acid,mzspec:GNPS:MULTIPLEX-SYNTHESIS-LIBRARY-ALL-PARTITION-6:accession:CCMSLIB00016278977,-0.0,mzspec:MSV000083756:peak/Fecal-1-ACN_RA8_51.mzML:scan:780,1,0.92,5,0,MSV000083756,NoID,temp/queries/44/4490b3a0712743469749246edd9ccc9a/4490b3a0712743469749246edd9ccc9a.mgf,1,238,507824
5-ASA_isovaleric-acid,mzspec:GNPS:MULTIPLEX-SYNTHESIS-LIBRARY-ALL-PARTITION-6:accession:CCMSLIB00016278977,-0.0,mzspec:MSV000097269:peak/mzML/Pd_5asa_taurine_conjugates_T72_1.mzML:scan:5562,1,0.91,5,0,MSV000097269,NoID,temp/queries/44/4490b3a0712743469749246edd9ccc9a/4490b3a0712743469749246edd9ccc9a.mgf,1,238,91928
5-ASA_isovaleric-acid,mzspec:GNPS:MULTIPLEX-SYNTHESIS-LIBRARY-ALL-PARTITION-6:accession:CCMSLIB00016278977,-0.0,mzspec:MSV000087942:ccms_peak/Plate_01_RAW/Tube_015_RERUNS.mzML:scan:1260,1,0.9,4,0,MSV000087942,NoID,temp/queries/44/4490b3a0712743469749246edd9ccc9a/4490b3a0712743469749246edd9ccc9a.mgf,1,238,906491
5-ASA_isovaleric-acid,mzspec:GNPS:MULTIPLEX-SYNTHESIS-LIBRARY-ALL-PARTITION-6:accession:CCMSLIB00016278977,-0.0,mzspec:MSV000090360:peak/220915_T1000_Fecal/150299.mzXML:scan:1188,1,0.89,5,0,MSV000090360,NoID,temp/queries/44/4490b3a0712743469749246edd9ccc9a/4490b3a0712743469749246edd9ccc9a.mgf,1,238,310003
5-ASA_isovaleric-acid,mzspec:GNPS:MULTIPLEX-SYNTHESIS-LIBRARY-ALL-PARTITION-6:accession:CCMSLIB00016278977,0.0,mzspec:MSV000094515:peak/mzML/42835284.mzML:scan:1367,1,0.88,4,0,MSV000094515,NoID,temp/queries/44/4490b3a0712743469749246edd9ccc9a/4490b3a0712743469749246edd9ccc9a.mgf,1,238,313412
5-ASA_isovaleric-acid,mzspec:GNPS:MULTIPLEX-SYNTHESIS-LIBRARY-ALL-PARTITION-6:accession:CCMSLIB00016278977,-0.0,mzspec:MSV000097269:peak/mzML/Pd_5asa_taurine_conjugates_T72_2.mzML:scan:5567,1,0.87,4,0,MSV000097269,NoID,temp/queries/44/4490b3a0712743469749246edd9ccc9a/4490b3a0712743469749246edd9ccc9a.mgf,1,238,91671
5-ASA_isovaleric-acid,mzspec:GNPS:MULTIPLEX-SYNTHESIS-LIBRARY-ALL-PARTITION-6:accession:CCMSLIB00016278977,-0.0,mzspec:MSV000082221:ccms_peak/mzxml_files/samples/PLCL25735.1_BA7_01_28334.mzML:scan:861,1,0.86,3,0,MSV000082221,NoID,temp/queries/44/4490b3a0712743469749246edd9ccc9a/4490b3a0712743469749246edd9ccc9a.mgf,1,238,88490
5-ASA_isovaleric-acid,mzspec:GNPS:MULTIPLEX-SYNTHESIS-LIBRARY-ALL-PARTITION-6:accession:CCMSLIB00016278977,0.0,mzspec:MSV000082221:ccms_peak/mzxml_files/samples/PLCL18269_RE11_01_28067.mzML:scan:862,1,0.85,3,0,MSV000082221,NoID,temp/queries/44/4490b3a0712743469749246edd9ccc9a/4490b3a0712743469749246edd9ccc9a.mgf,1,238,88472
5-ASA_isovaleric-acid,mzspec:GNPS:MULTIPLEX-SYNTHESIS-LIBRARY-ALL-PARTITION-6:accession:CCMSLIB00016278977,-0.0,mzspec:MSV000088646:ccms_peak/Plate_07_RAW/281867_Y2.mzML:scan:1248,1,0.85,4,0,MSV000088646,NoID,temp/queries/44/4490b3a0712743469749246edd9ccc9a/4490b3a0712743469749246edd9ccc9a.mgf,1,238,414307
5-ASA_isovaleric-acid,mzspec:GNPS:MULTIPLEX-SYNTHESIS-LIBRARY-ALL-PARTITION-6:accession:CCMSLIB00016278977,-0.0,mzspec:MSV000082221:ccms_peak/mzxml_files/samples/PLCL20124_RD12_01_28265.mzML:scan:867,1,0.82,2,0,MSV000082221,NoID,temp/queries/44/4490b3a0712743469749246edd9ccc9a/4490b3a0712743469749246edd9ccc9a.mgf,1,238,88463
5-ASA_isovaleric-acid,mzspec:GNPS:MULTIPLEX-SYNTHESIS-LIBRARY-ALL-PARTITION-6:accession:CCMSLIB00016278977,-0.0,mzspec:MSV000087942:ccms_peak/Plate_02_RAW/Tube_099.mzML:scan:1231,1,0.81,4,0,MSV000087942,NoID,temp/queries/44/4490b3a0712743469749246edd9ccc9a/4490b3a0712743469749246edd9ccc9a.mgf,1,238,906738
5-ASA_isovaleric-acid,mzspec:GNPS:MULTIPLEX-SYNTHESIS-LIBRARY-ALL-PARTITION-6:accession:CCMSLIB00016278977,-0.02,mzspec:MSV000095567:peak/BPSP_Plasma_MZML/P6_A1_X2108687.mzML:scan:147,1,0.81,3,0,MSV000095567,NoID,temp/queries/44/4490b3a0712743469749246edd9ccc9a/4490b3a0712743469749246edd9ccc9a.mgf,1,238,183265
5-ASA_isovaleric-acid,mzspec:GNPS:MULTIPLEX-SYNTHESIS-LIBRARY-ALL-PARTITION-6:accession:CCMSLIB00016278977,-0.02,mzspec:MSV000093469:peak/20230816_ReFrame_drug_lib_pos/reframe_drugs_pos_P3_C7_id.mzML:scan:197,1,0.81,3,0,MSV000093469,NoID,temp/queries/44/4490b3a0712743469749246edd9ccc9a/4490b3a0712743469749246edd9ccc9a.mgf,1,238,1134410
5-ASA_isovaleric-acid,mzspec:GNPS:MULTIPLEX-SYNTHESIS-LIBRARY-ALL-PARTITION-6:accession:CCMSLIB00016278977,0.01,mzspec:ST002482:mzml endos/E-144.mzML:scan:491,1,0.81,3,0,ST002482,NoID,temp/queries/44/4490b3a0712743469749246edd9ccc9a/4490b3a0712743469749246edd9ccc9a.mgf,1,238,1421181
5-ASA_isovaleric-acid,mzspec:GNPS:MULTIPLEX-SYNTHESIS-LIBRARY-ALL-PARTITION-6:accession:CCMSLIB00016278977,-0.02,mzspec:MSV000096476:peak/peak/BPSP_Plasma_MZML/P6_A1_X2108687.mzML:scan:147,1,0.81,3,0,MSV000096476,NoID,temp/queries/44/4490b3a0712743469749246edd9ccc9a/4490b3a0712743469749246edd9ccc9a.mgf,1,238,94200
5-ASA_isovaleric-acid,mzspec:GNPS:MULTIPLEX-SYNTHESIS-LIBRARY-ALL-PARTITION-6:accession:CCMSLIB00016278977,0.02,mzspec:MTBLS3963:FILES/DERIVED_FILES/POS/Dec-Ile-4_POS.mzML:scan:4294967295,1,0.81,2,0,MTBLS3963,NoID,temp/queries/44/4490b3a0712743469749246edd9ccc9a/4490b3a0712743469749246edd9ccc9a.mgf,1,238,1493310
5-ASA_isovaleric-acid,mzspec:GNPS:MULTIPLEX-SYNTHESIS-LIBRARY-ALL-PARTITION-6:accession:CCMSLIB00016278977,-0.0,mzspec:MSV000097269:peak/mzML/Pd_5asa_taurine_conjugates_T72_3.mzML:scan:5567,1,0.81,4,0,MSV000097269,NoID,temp/queries/44/4490b3a0712743469749246edd9ccc9a/4490b3a0712743469749246edd9ccc9a.mgf,1,238,91896
5-ASA_isovaleric-acid,mzspec:GNPS:MULTIPLEX-SYNTHESIS-LIBRARY-ALL-PARTITION-6:accession:CCMSLIB00016278977,-0.0,mzspec:MSV000082221:ccms_peak/mzxml_files/samples/PLCL22998_RD6_01_28259.mzML:scan:858,1,0.81,2,0,MSV000082221,NoID,temp/queries/44/4490b3a0712743469749246edd9ccc9a/4490b3a0712743469749246edd9ccc9a.mgf,1,238,88445
5-ASA_isovaleric-acid,mzspec:GNPS:MULTIPLEX-SYNTHESIS-LIBRARY-ALL-PARTITION-6:accession:CCMSLIB00016278977,-0.0,mzspec:MSV000082221:ccms_peak/mzxml_files/samples/PLCL20124_RD12_01_28265.mzML:scan:861,1,0.81,2,0,MSV000082221,NoID,temp/queries/44/4490b3a0712743469749246edd9ccc9a/4490b3a0712743469749246edd9ccc9a.mgf,1,238,88462
5-ASA_isovaleric-acid,mzspec:GNPS:MULTIPLEX-SYNTHESIS-LIBRARY-ALL-PARTITION-6:accession:CCMSLIB00016278977,-0.0,mzspec:MSV000082221:ccms_peak/mzxml_files/samples/PLCL19600_BD10_01_28370.mzML:scan:857,1,0.81,2,0,MSV000082221,NoID,temp/queries/44/4490b3a0712743469749246edd9ccc9a/4490b3a0712743469749246edd9ccc9a.mgf,1,238,88501
5-ASA_isovaleric-acid,mzspec:GNPS:MULTIPLEX-SYNTHESIS-LIBRARY-ALL-PARTITION-6:accession:CCMSLIB00016278977,-0.02,mzspec:MSV000092833:peak/HNRC_mzml/P3_A12_Sample_X3148348.mzML:scan:368,1,0.8,3,0,MSV000092833,NoID,temp/queries/44/4490b3a0712743469749246edd9ccc9a/4490b3a0712743469749246edd9ccc9a.mgf,1,238,107936
5-ASA_isovaleric-acid,mzspec:GNPS:MULTIPLEX-SYNTHESIS-LIBRARY-ALL-PARTITION-6:accession:CCMSLIB00016278977,0.01,mzspec:ST002051:Tz_Bz_Comp/0424_PP_Tachy_Tubes_T1_3.mzML:scan:4594,1,0.8,2,0,ST002051,NoID,temp/queries/44/4490b3a0712743469749246edd9ccc9a/4490b3a0712743469749246edd9ccc9a.mgf,1,238,1406619
5-ASA_isovaleric-acid,mzspec:GNPS:MULTIPLEX-SYNTHESIS-LIBRARY-ALL-PARTITION-6:accession:CCMSLIB00016278977,-0.0,mzspec:MSV000087942:ccms_peak/Plate_02_RAW/Tube_101.mzML:scan:1221,1,0.8,4,0,MSV000087942,NoID,temp/queries/44/4490b3a0712743469749246edd9ccc9a/4490b3a0712743469749246edd9ccc9a.mgf,1,238,906815
5-ASA_isovaleric-acid,mzspec:GNPS:MULTIPLEX-SYNTHESIS-LIBRARY-ALL-PARTITION-6:accession:CCMSLIB00016278977,0.01,mzspec:ST002051:Tz_Bz_Comp/0424_PP_Tachy_Tubes_T1_3.mzML:scan:2865,1,0.8,2,0,ST002051,NoID,temp/queries/44/4490b3a0712743469749246edd9ccc9a/4490b3a0712743469749246edd9ccc9a.mgf,1,238,1406617
5-ASA_isovaleric-acid,mzspec:GNPS:MULTIPLEX-SYNTHESIS-LIBRARY-ALL-PARTITION-6:accession:CCMSLIB00016278977,-0.0,mzspec:MSV000082221:ccms_peak/mzxml_files/samples/PLCL22998_RD6_01_28259.mzML:scan:853,1,0.8,2,0,MSV000082221,NoID,temp/queries/44/4490b3a0712743469749246edd9ccc9a/4490b3a0712743469749246edd9ccc9a.mgf,1,238,88444
5-ASA_isovaleric-acid,mzspec:GNPS:MULTIPLEX-SYNTHESIS-LIBRARY-ALL-PARTITION-6:accession:CCMSLIB00016278977,0.01,mzspec:MSV000095296:ccms_peak/positive_T0d/D168A.mzML:scan:4294967295,1,0.79,3,0,MSV000095296,NoID,temp/queries/44/4490b3a0712743469749246edd9ccc9a/4490b3a0712743469749246edd9ccc9a.mgf,1,238,484321
5-ASA_isovaleric-acid,mzspec:GNPS:MULTIPLEX-SYNTHESIS-LIBRARY-ALL-PARTITION-6:accession:CCMSLIB00016278977,-0.02,mzspec:MSV000093469:peak/20230816_ReFrame_drug_lib_pos/reframe_drugs_pos_P3_C7_id.mzML:scan:247,1,0.79,3,0,MSV000093469,NoID,temp/queries/44/4490b3a0712743469749246edd9ccc9a/4490b3a0712743469749246edd9ccc9a.mgf,1,238,1134411
5-ASA_isovaleric-acid,mzspec:GNPS:MULTIPLEX-SYNTHESIS-LIBRARY-ALL-PARTITION-6:accession:CCMSLIB00016278977,-0.02,mzspec:MSV000092820:raw/083123_Matthaei_Herbarium_lowmz/2019_Matthaei_EA_150-450mz/Ricinus-communis-Flower-ethylacetate-2019.mzML:scan:1339,1,0.79,2,0,MSV000092820,NoID,temp/queries/44/4490b3a0712743469749246edd9ccc9a/4490b3a0712743469749246edd9ccc9a.mgf,1,238,181099
5-ASA_isovaleric-acid,mzspec:GNPS:MULTIPLEX-SYNTHESIS-LIBRARY-ALL-PARTITION-6:accession:CCMSLIB00016278977,-0.02,mzspec:MSV000081981:ccms_peak/2017.AmericanGutPhase1.Samples.mzXMLfiles/Samples/000026615_RG2_01_4389.mzML:scan:92,1,0.79,3,0,MSV000081981,NoID,temp/queries/44/4490b3a0712743469749246edd9ccc9a/4490b3a0712743469749246edd9ccc9a.mgf,1,238,1048616
5-ASA_isovaleric-acid,mzspec:GNPS:MULTIPLEX-SYNTHESIS-LIBRARY-ALL-PARTITION-6:accession:CCMSLIB00016278977,-0.02,mzspec:MTBLS12283:FILES/DERIVED_FILES/RQ00613-RumenDigesta-mzML/230322-LC1-PAN-1-007-QC-POS-MSMS1.mzML:scan:2770,1,0.79,3,0,MTBLS12283,NoID,temp/queries/44/4490b3a0712743469749246edd9ccc9a/4490b3a0712743469749246edd9ccc9a.mgf,1,238,1497205
5-ASA_isovaleric-acid,mzspec:GNPS:MULTIPLEX-SYNTHESIS-LIBRARY-ALL-PARTITION-6:accession:CCMSLIB00016278977,0.0,mzspec:MSV000082221:ccms_peak/mzxml_files/samples/PLCL23046_RB2_01_28229.mzML:scan:853,1,0.79,2,0,MSV000082221,NoID,temp/queries/44/4490b3a0712743469749246edd9ccc9a/4490b3a0712743469749246edd9ccc9a.mgf,1,238,88456
5-ASA_isovaleric-acid,mzspec:GNPS:MULTIPLEX-SYNTHESIS-LIBRARY-ALL-PARTITION-6:accession:CCMSLIB00016278977,-0.0,mzspec:MSV000082221:ccms_peak/mzxml_files/samples/PLCL19730_BD2_01_28362.mzML:scan:858,1,0.79,2,0,MSV000082221,NoID,temp/queries/44/4490b3a0712743469749246edd9ccc9a/4490b3a0712743469749246edd9ccc9a.mgf,1,238,88500
5-ASA_isovaleric-acid,mzspec:GNPS:MULTIPLEX-SYNTHESIS-LIBRARY-ALL-PARTITION-6:accession:CCMSLIB00016278977,-0.02,mzspec:MSV000080673:ccms_peak/2017.AmericanGut3K.mzXMLfiles/Samples/000026615_RG2_01_4389.mzML:scan:92,1,0.79,3,0,MSV000080673,NoID,temp/queries/44/4490b3a0712743469749246edd9ccc9a/4490b3a0712743469749246edd9ccc9a.mgf,1,238,1317172
5-ASA_isovaleric-acid,mzspec:GNPS:MULTIPLEX-SYNTHESIS-LIBRARY-ALL-PARTITION-6:accession:CCMSLIB00016278977,0.01,mzspec:ST002051:Tz_Bz_Comp/0424_PP_Tachy_Tubes_4.mzML:scan:2809,1,0.78,2,0,ST002051,NoID,temp/queries/44/4490b3a0712743469749246edd9ccc9a/4490b3a0712743469749246edd9ccc9a.mgf,1,238,1406895
5-ASA_isovaleric-acid,mzspec:GNPS:MULTIPLEX-SYNTHESIS-LIBRARY-ALL-PARTITION-6:accession:CCMSLIB00016278977,0.01,mzspec:ST002051:Tz_Bz_Comp/0427_PP_Tachy_HFF_T1_3.mzML:scan:2581,1,0.78,2,0,ST002051,NoID,temp/queries/44/4490b3a0712743469749246edd9ccc9a/4490b3a0712743469749246edd9ccc9a.mgf,1,238,1406743
5-ASA_isovaleric-acid,mzspec:GNPS:MULTIPLEX-SYNTHESIS-LIBRARY-ALL-PARTITION-6:accession:CCMSLIB00016278977,0.01,mzspec:ST002051:Tz_Bz_Comp/0427_PP_Tachy_HFF_1.mzML:scan:2565,1,0.78,2,0,ST002051,NoID,temp/queries/44/4490b3a0712743469749246edd9ccc9a/4490b3a0712743469749246edd9ccc9a.mgf,1,238,1406960
5-ASA_isovaleric-acid,mzspec:GNPS:MULTIPLEX-SYNTHESIS-LIBRARY-ALL-PARTITION-6:accession:CCMSLIB00016278977,0.01,mzspec:ST002051:Tz_Bz_Comp/0427_PP_Tachy_HFF_T1_1.mzML:scan:2338,1,0.78,2,0,ST002051,NoID,temp/queries/44/4490b3a0712743469749246edd9ccc9a/4490b3a0712743469749246edd9ccc9a.mgf,1,238,1406468
5-ASA_isovaleric-acid,mzspec:GNPS:MULTIPLEX-SYNTHESIS-LIBRARY-ALL-PARTITION-6:accession:CCMSLIB00016278977,-0.0,mzspec:MSV000094885:peak/PFP_peak_1.mzML:scan:1267,1,0.78,2,0,MSV000094885,NoID,temp/queries/44/4490b3a0712743469749246edd9ccc9a/4490b3a0712743469749246edd9ccc9a.mgf,1,238,252725
5-ASA_isovaleric-acid,mzspec:GNPS:MULTIPLEX-SYNTHESIS-LIBRARY-ALL-PARTITION-6:accession:CCMSLIB00016278977,0.01,mzspec:ST002051:Tz_Bz_Comp/0427_PP_Tachy_HFF_T1_1.mzML:scan:2549,1,0.78,2,0,ST002051,NoID,temp/queries/44/4490b3a0712743469749246edd9ccc9a/4490b3a0712743469749246edd9ccc9a.mgf,1,238,1406470
5-ASA_isovaleric-acid,mzspec:GNPS:MULTIPLEX-SYNTHESIS-LIBRARY-ALL-PARTITION-6:accession:CCMSLIB00016278977,0.01,mzspec:ST002051:Tz_Bz_Comp/0427_PP_Tachy_HFF_T1_3.mzML:scan:2362,1,0.78,2,0,ST002051,NoID,temp/queries/44/4490b3a0712743469749246edd9ccc9a/4490b3a0712743469749246edd9ccc9a.mgf,1,238,1406741
5-ASA_isovaleric-acid,mzspec:GNPS:MULTIPLEX-SYNTHESIS-LIBRARY-ALL-PARTITION-6:accession:CCMSLIB00016278977,-0.02,mzspec:MSV000092820:raw/083123_Matthaei_Herbarium_lowmz/2019_Matthaei_EA_150-450mz/Ricinus-communis-Flower-ethylacetate-2019.mzML:scan:1330,1,0.78,2,0,MSV000092820,NoID,temp/queries/44/4490b3a0712743469749246edd9ccc9a/4490b3a0712743469749246edd9ccc9a.mgf,1,238,181098
5-ASA_isovaleric-acid,mzspec:GNPS:MULTIPLEX-SYNTHESIS-LIBRARY-ALL-PARTITION-6:accession:CCMSLIB00016278977,-0.02,mzspec:MSV000092820:raw/083123_Matthaei_Herbarium_lowmz/2020_Matthaei_EA_150-450mz/Prunus-africanum-Leaf-ethylacetate-2020.mzML:scan:1362,1,0.78,2,0,MSV000092820,NoID,temp/queries/44/4490b3a0712743469749246edd9ccc9a/4490b3a0712743469749246edd9ccc9a.mgf,1,238,182122
5-ASA_isovaleric-acid,mzspec:GNPS:MULTIPLEX-SYNTHESIS-LIBRARY-ALL-PARTITION-6:accession:CCMSLIB00016278977,-0.02,mzspec:MSV000083475:ccms_peak/RAW/PLATE3and4/4D4_1_24_thomas-18-s033-a03.mzML:scan:161,1,0.78,2,0,MSV000083475,NoID,temp/queries/44/4490b3a0712743469749246edd9ccc9a/4490b3a0712743469749246edd9ccc9a.mgf,1,238,1255354
5-ASA_isovaleric-acid,mzspec:GNPS:MULTIPLEX-SYNTHESIS-LIBRARY-ALL-PARTITION-6:accession:CCMSLIB00016278977,-0.02,mzspec:MSV000095784:peak/mzML/AMO23LVR6.mzML:scan:281,1,0.78,2,0,MSV000095784,NoID,temp/queries/44/4490b3a0712743469749246edd9ccc9a/4490b3a0712743469749246edd9ccc9a.mgf,1,238,1868
5-ASA_isovaleric-acid,mzspec:GNPS:MULTIPLEX-SYNTHESIS-LIBRARY-ALL-PARTITION-6:accession:CCMSLIB00016278977,-0.02,mzspec:MSV000092820:raw/083123_Matthaei_Herbarium_lowmz/2020_Matthaei_nBuOH_150-450mz/Prunus-africanum-Leaf-nBuOH-2020.mzML:scan:1373,1,0.78,2,0,MSV000092820,NoID,temp/queries/44/4490b3a0712743469749246edd9ccc9a/4490b3a0712743469749246edd9ccc9a.mgf,1,238,180652
5-ASA_isovaleric-acid,mzspec:GNPS:MULTIPLEX-SYNTHESIS-LIBRARY-ALL-PARTITION-6:accession:CCMSLIB00016278977,-0.02,mzspec:MSV000083475:peak/mzML/Water_Plant_PLATE3and4_mzML/Plate4_Samples/4D4_1_24_thomas-18-s033-a03.mzML:scan:161,1,0.78,2,0,MSV000083475,NoID,temp/queries/44/4490b3a0712743469749246edd9ccc9a/4490b3a0712743469749246edd9ccc9a.mgf,1,238,1255042
5-ASA_isovaleric-acid,mzspec:GNPS:MULTIPLEX-SYNTHESIS-LIBRARY-ALL-PARTITION-6:accession:CCMSLIB00016278977,0.01,mzspec:ST002051:Tz_Bz_Comp/0427_PP_Tachy_HFF_T1_2.mzML:scan:2353,1,0.78,2,0,ST002051,NoID,temp/queries/44/4490b3a0712743469749246edd9ccc9a/4490b3a0712743469749246edd9ccc9a.mgf,1,238,1407445
5-ASA_isovaleric-acid,mzspec:GNPS:MULTIPLEX-SYNTHESIS-LIBRARY-ALL-PARTITION-6:accession:CCMSLIB00016278977,0.01,mzspec:ST002051:Tz_Bz_Comp/0427_PP_Tachy_HFF_3.mzML:scan:2413,1,0.78,2,0,ST002051,NoID,temp/queries/44/4490b3a0712743469749246edd9ccc9a/4490b3a0712743469749246edd9ccc9a.mgf,1,238,1406968
5-ASA_isovaleric-acid,mzspec:GNPS:MULTIPLEX-SYNTHESIS-LIBRARY-ALL-PARTITION-6:accession:CCMSLIB00016278977,0.01,mzspec:ST002051:Tz_Bz_Comp/0424_PP_Tachy_HFF_T1_2.mzML:scan:2514,1,0.78,2,0,ST002051,NoID,temp/queries/44/4490b3a0712743469749246edd9ccc9a/4490b3a0712743469749246edd9ccc9a.mgf,1,238,1406853
5-ASA_isovaleric-acid,mzspec:GNPS:MULTIPLEX-SYNTHESIS-LIBRARY-ALL-PARTITION-6:accession:CCMSLIB00016278977,0.0,mzspec:MSV000094393:peak/Salicylic_acyl_chlorides_AP_56.mzML:scan:3513,1,0.78,4,0,MSV000094393,NoID,temp/queries/44/4490b3a0712743469749246edd9ccc9a/4490b3a0712743469749246edd9ccc9a.mgf,1,238,354405
5-ASA_isovaleric-acid,mzspec:GNPS:MULTIPLEX-SYNTHESIS-LIBRARY-ALL-PARTITION-6:accession:CCMSLIB00016278977,-0.02,mzspec:MSV000092820:raw/083123_Matthaei_Herbarium_lowmz/2019_Matthaei_nBuOH_150-450mz/Eryngium-yuccifolium-Leaf-nBuOH-2019.mzML:scan:1356,1,0.78,2,0,MSV000092820,NoID,temp/queries/44/4490b3a0712743469749246edd9ccc9a/4490b3a0712743469749246edd9ccc9a.mgf,1,238,182946
5-ASA_isovaleric-acid,mzspec:GNPS:MULTIPLEX-SYNTHESIS-LIBRARY-ALL-PARTITION-6:accession:CCMSLIB00016278977,-0.0,mzspec:MSV000088646:ccms_peak/Plate_07_RAW/239584_Y2.mzML:scan:1258,1,0.78,4,0,MSV000088646,NoID,temp/queries/44/4490b3a0712743469749246edd9ccc9a/4490b3a0712743469749246edd9ccc9a.mgf,1,238,414544
5-ASA_isovaleric-acid,mzspec:GNPS:MULTIPLEX-SYNTHESIS-LIBRARY-ALL-PARTITION-6:accession:CCMSLIB00016278977,-0.0,mzspec:MSV000088646:ccms_peak/Plate_02_RAW/261852_BL.mzML:scan:1243,1,0.78,4,0,MSV000088646,NoID,temp/queries/44/4490b3a0712743469749246edd9ccc9a/4490b3a0712743469749246edd9ccc9a.mgf,1,238,414887
5-ASA_isovaleric-acid,mzspec:GNPS:MULTIPLEX-SYNTHESIS-LIBRARY-ALL-PARTITION-6:accession:CCMSLIB00016278977,-0.02,mzspec:MSV000095540:peak/mzML/FG24L009.mzML:scan:202,1,0.78,2,0,MSV000095540,NoID,temp/queries/44/4490b3a0712743469749246edd9ccc9a/4490b3a0712743469749246edd9ccc9a.mgf,1,238,902896
5-ASA_isovaleric-acid,mzspec:GNPS:MULTIPLEX-SYNTHESIS-LIBRARY-ALL-PARTITION-6:accession:CCMSLIB00016278977,-0.02,mzspec:MSV000094515:peak/mzML/42514054.mzML:scan:112,1,0.78,3,0,MSV000094515,NoID,temp/queries/44/4490b3a0712743469749246edd9ccc9a/4490b3a0712743469749246edd9ccc9a.mgf,1,238,312153
5-ASA_isovaleric-acid,mzspec:GNPS:MULTIPLEX-SYNTHESIS-LIBRARY-ALL-PARTITION-6:accession:CCMSLIB00016278977,-0.0,mzspec:MSV000082221:ccms_peak/mzxml_files/samples/PLCL18295_BE7_01_28167.mzML:scan:867,1,0.78,2,0,MSV000082221,NoID,temp/queries/44/4490b3a0712743469749246edd9ccc9a/4490b3a0712743469749246edd9ccc9a.mgf,1,238,88498
5-ASA_isovaleric-acid,mzspec:GNPS:MULTIPLEX-SYNTHESIS-LIBRARY-ALL-PARTITION-6:accession:CCMSLIB00016278977,-0.0,mzspec:MSV000082221:ccms_peak/mzxml_files/samples/PLCL22328.1_BB7_01_28345.mzML:scan:863,1,0.78,2,0,MSV000082221,NoID,temp/queries/44/4490b3a0712743469749246edd9ccc9a/4490b3a0712743469749246edd9ccc9a.mgf,1,238,88529
5-ASA_isovaleric-acid,mzspec:GNPS:MULTIPLEX-SYNTHESIS-LIBRARY-ALL-PARTITION-6:accession:CCMSLIB00016278977,-0.0,mzspec:MSV000082221:ccms_peak/mzxml_files/samples/PLCL19999_RH9_01_28103.mzML:scan:860,1,0.78,2,0,MSV000082221,NoID,temp/queries/44/4490b3a0712743469749246edd9ccc9a/4490b3a0712743469749246edd9ccc9a.mgf,1,238,88533
5-ASA_isovaleric-acid,mzspec:GNPS:MULTIPLEX-SYNTHESIS-LIBRARY-ALL-PARTITION-6:accession:CCMSLIB00016278977,0.0,mzspec:MSV000082221:ccms_peak/mzxml_files/samples/PLCL20980_BH10_01_28206.mzML:scan:857,1,0.78,2,0,MSV000082221,NoID,temp/queries/44/4490b3a0712743469749246edd9ccc9a/4490b3a0712743469749246edd9ccc9a.mgf,1,238,88448
5-ASA_isovaleric-acid,mzspec:GNPS:MULTIPLEX-SYNTHESIS-LIBRARY-ALL-PARTITION-6:accession:CCMSLIB00016278977,-0.02,mzspec:MSV000095423:peak/all_files_mzML/LC2_1to100/HNRC_P3_A12_Sample_X3148348_LC2.mzML:scan:991,1,0.77,2,0,MSV000095423,NoID,temp/queries/44/4490b3a0712743469749246edd9ccc9a/4490b3a0712743469749246edd9ccc9a.mgf,1,238,426301
5-ASA_isovaleric-acid,mzspec:GNPS:MULTIPLEX-SYNTHESIS-LIBRARY-ALL-PARTITION-6:accession:CCMSLIB00016278977,-0.02,mzspec:MSV000092820:raw/083123_Matthaei_Herbarium_lowmz/2020_Matthaei_nBuOH_150-450mz/Prunus-africanum-Leaf-nBuOH-2020.mzML:scan:1363,1,0.77,2,0,MSV000092820,NoID,temp/queries/44/4490b3a0712743469749246edd9ccc9a/4490b3a0712743469749246edd9ccc9a.mgf,1,238,180651
5-ASA_isovaleric-acid,mzspec:GNPS:MULTIPLEX-SYNTHESIS-LIBRARY-ALL-PARTITION-6:accession:CCMSLIB00016278977,-0.0,mzspec:MSV000082221:ccms_peak/mzxml_files/samples/PLCL19999_RH9_01_28103.mzML:scan:865,1,0.77,2,0,MSV000082221,NoID,temp/queries/44/4490b3a0712743469749246edd9ccc9a/4490b3a0712743469749246edd9ccc9a.mgf,1,238,88534
5-ASA_isovaleric-acid,mzspec:GNPS:MULTIPLEX-SYNTHESIS-LIBRARY-ALL-PARTITION-6:accession:CCMSLIB00016278977,-0.0,mzspec:MSV000082221:ccms_peak/mzxml_files/samples/PLCL22654_RD8_01_28261.mzML:scan:860,1,0.77,2,0,MSV000082221,NoID,temp/queries/44/4490b3a0712743469749246edd9ccc9a/4490b3a0712743469749246edd9ccc9a.mgf,1,238,88535
5-ASA_isovaleric-acid,mzspec:GNPS:MULTIPLEX-SYNTHESIS-LIBRARY-ALL-PARTITION-6:accession:CCMSLIB00016278977,-0.0,mzspec:MSV000084794:ccms_peak/Raw_data/pos/HCO01.mzML:scan:1909,1,0.77,4,0,MSV000084794,NoID,temp/queries/44/4490b3a0712743469749246edd9ccc9a/4490b3a0712743469749246edd9ccc9a.mgf,1,238,1333120
5-ASA_isovaleric-acid,mzspec:GNPS:MULTIPLEX-SYNTHESIS-LIBRARY-ALL-PARTITION-6:accession:CCMSLIB00016278977,-0.0,mzspec:ST002320:HaffnerEtAl_2022_MS_Data/HCO01.mzXML:scan:1909,1,0.77,4,0,ST002320,NoID,temp/queries/44/4490b3a0712743469749246edd9ccc9a/4490b3a0712743469749246edd9ccc9a.mgf,1,238,1345311
5-ASA_isovaleric-acid,mzspec:GNPS:MULTIPLEX-SYNTHESIS-LIBRARY-ALL-PARTITION-6:accession:CCMSLIB00016278977,-0.02,mzspec:MSV000095540:peak/mzML/FG24L030.mzML:scan:222,1,0.77,2,0,MSV000095540,NoID,temp/queries/44/4490b3a0712743469749246edd9ccc9a/4490b3a0712743469749246edd9ccc9a.mgf,1,238,902885
5-ASA_isovaleric-acid,mzspec:GNPS:MULTIPLEX-SYNTHESIS-LIBRARY-ALL-PARTITION-6:accession:CCMSLIB00016278977,-0.02,mzspec:MSV000092820:raw/083123_Matthaei_Herbarium_lowmz/2020_Matthaei_EA_150-450mz/Prunus-africanum-Leaf-ethylacetate-2020.mzML:scan:1353,1,0.77,2,0,MSV000092820,NoID,temp/queries/44/4490b3a0712743469749246edd9ccc9a/4490b3a0712743469749246edd9ccc9a.mgf,1,238,182121
5-ASA_isovaleric-acid,mzspec:GNPS:MULTIPLEX-SYNTHESIS-LIBRARY-ALL-PARTITION-6:accession:CCMSLIB00016278977,-0.02,mzspec:MSV000092820:raw/083123_Matthaei_Herbarium_lowmz/2019_Matthaei_nBuOH_150-450mz/Foeniculum-vulgare-Stem-nBuOH-2019.mzML:scan:1336,1,0.77,2,0,MSV000092820,NoID,temp/queries/44/4490b3a0712743469749246edd9ccc9a/4490b3a0712743469749246edd9ccc9a.mgf,1,238,182289
5-ASA_isovaleric-acid,mzspec:GNPS:MULTIPLEX-SYNTHESIS-LIBRARY-ALL-PARTITION-6:accession:CCMSLIB00016278977,-0.02,mzspec:MSV000095540:peak/mzML/FG24L021.mzML:scan:310,1,0.77,2,0,MSV000095540,NoID,temp/queries/44/4490b3a0712743469749246edd9ccc9a/4490b3a0712743469749246edd9ccc9a.mgf,1,238,902751
5-ASA_isovaleric-acid,mzspec:GNPS:MULTIPLEX-SYNTHESIS-LIBRARY-ALL-PARTITION-6:accession:CCMSLIB00016278977,-0.02,mzspec:MSV000095784:peak/mzML/AMO23LVR6.mzML:scan:292,1,0.77,2,0,MSV000095784,NoID,temp/queries/44/4490b3a0712743469749246edd9ccc9a/4490b3a0712743469749246edd9ccc9a.mgf,1,238,1869
5-ASA_isovaleric-acid,mzspec:GNPS:MULTIPLEX-SYNTHESIS-LIBRARY-ALL-PARTITION-6:accession:CCMSLIB00016278977,-0.02,mzspec:MSV000095784:peak/mzML/MUC23LVR1.mzML:scan:208,1,0.77,2,0,MSV000095784,NoID,temp/queries/44/4490b3a0712743469749246edd9ccc9a/4490b3a0712743469749246edd9ccc9a.mgf,1,238,2202
5-ASA_isovaleric-acid,mzspec:GNPS:MULTIPLEX-SYNTHESIS-LIBRARY-ALL-PARTITION-6:accession:CCMSLIB00016278977,-0.02,mzspec:MSV000092820:raw/083123_Matthaei_Herbarium_lowmz/2019_Matthaei_nBuOH_150-450mz/Eryngium-yuccifolium-Leaf-nBuOH-2019.mzML:scan:1346,1,0.77,2,0,MSV000092820,NoID,temp/queries/44/4490b3a0712743469749246edd9ccc9a/4490b3a0712743469749246edd9ccc9a.mgf,1,238,182945
5-ASA_isovaleric-acid,mzspec:GNPS:MULTIPLEX-SYNTHESIS-LIBRARY-ALL-PARTITION-6:accession:CCMSLIB00016278977,0.02,mzspec:MTBLS3963:FILES/DERIVED_FILES/POS/Dec-Thr-4_POS.mzML:scan:4294967295,1,0.77,2,0,MTBLS3963,NoID,temp/queries/44/4490b3a0712743469749246edd9ccc9a/4490b3a0712743469749246edd9ccc9a.mgf,1,238,1492933
5-ASA_isovaleric-acid,mzspec:GNPS:MULTIPLEX-SYNTHESIS-LIBRARY-ALL-PARTITION-6:accession:CCMSLIB00016278977,-0.02,mzspec:MSV000095540:peak/mzML/FG24L009.mzML:scan:214,1,0.77,2,0,MSV000095540,NoID,temp/queries/44/4490b3a0712743469749246edd9ccc9a/4490b3a0712743469749246edd9ccc9a.mgf,1,238,902897
5-ASA_isovaleric-acid,mzspec:GNPS:MULTIPLEX-SYNTHESIS-LIBRARY-ALL-PARTITION-6:accession:CCMSLIB00016278977,-0.02,mzspec:MSV000095784:peak/mzML/MUC23LVR1.mzML:scan:217,1,0.77,2,0,MSV000095784,NoID,temp/queries/44/4490b3a0712743469749246edd9ccc9a/4490b3a0712743469749246edd9ccc9a.mgf,1,238,2203
5-ASA_isovaleric-acid,mzspec:GNPS:MULTIPLEX-SYNTHESIS-LIBRARY-ALL-PARTITION-6:accession:CCMSLIB00016278977,-0.02,mzspec:MSV000083475:peak/mzML/Water_Plant_PLATE3and4_mzML/Plate4_Samples/4D1_1_16_thomas-18-s031-a04.mzML:scan:148,1,0.77,2,0,MSV000083475,NoID,temp/queries/44/4490b3a0712743469749246edd9ccc9a/4490b3a0712743469749246edd9ccc9a.mgf,1,238,1255900
5-ASA_isovaleric-acid,mzspec:GNPS:MULTIPLEX-SYNTHESIS-LIBRARY-ALL-PARTITION-6:accession:CCMSLIB00016278977,-0.02,mzspec:MSV000083475:ccms_peak/RAW/PLATE3and4/4D1_1_16_thomas-18-s031-a04.mzML:scan:148,1,0.77,2,0,MSV000083475,NoID,temp/queries/44/4490b3a0712743469749246edd9ccc9a/4490b3a0712743469749246edd9ccc9a.mgf,1,238,1254429
5-ASA_isovaleric-acid,mzspec:GNPS:MULTIPLEX-SYNTHESIS-LIBRARY-ALL-PARTITION-6:accession:CCMSLIB00016278977,-0.0,mzspec:MSV000082221:ccms_peak/mzxml_files/samples/PLCL18295_BE7_01_28167.mzML:scan:862,1,0.76,2,0,MSV000082221,NoID,temp/queries/44/4490b3a0712743469749246edd9ccc9a/4490b3a0712743469749246edd9ccc9a.mgf,1,238,88497
5-ASA_isovaleric-acid,mzspec:GNPS:MULTIPLEX-SYNTHESIS-LIBRARY-ALL-PARTITION-6:accession:CCMSLIB00016278977,-0.02,mzspec:MSV000080179:ccms_peak/mzXMLs/5954_P1_RC11_01_74.mzXML:scan:98,1,0.76,2,0,MSV000080179,NoID,temp/queries/44/4490b3a0712743469749246edd9ccc9a/4490b3a0712743469749246edd9ccc9a.mgf,1,238,287551
5-ASA_isovaleric-acid,mzspec:GNPS:MULTIPLEX-SYNTHESIS-LIBRARY-ALL-PARTITION-6:accession:CCMSLIB00016278977,-0.02,mzspec:MSV000092820:raw/083123_Matthaei_Herbarium_lowmz/2019_Matthaei_EA_150-450mz/Ricinus-communis-Flower-ethylacetate-2019.mzML:scan:1115,1,0.76,2,0,MSV000092820,NoID,temp/queries/44/4490b3a0712743469749246edd9ccc9a/4490b3a0712743469749246edd9ccc9a.mgf,1,238,181097
5-ASA_isovaleric-acid,mzspec:GNPS:MULTIPLEX-SYNTHESIS-LIBRARY-ALL-PARTITION-6:accession:CCMSLIB00016278977,-0.02,mzspec:MSV000080187:ccms_peak/AMG_antibiotic_study/5954_P1_RC11_01_74.mzXML:scan:98,1,0.76,2,0,MSV000080187,NoID,temp/queries/44/4490b3a0712743469749246edd9ccc9a/4490b3a0712743469749246edd9ccc9a.mgf,1,238,1249186
5-ASA_isovaleric-acid,mzspec:GNPS:MULTIPLEX-SYNTHESIS-LIBRARY-ALL-PARTITION-6:accession:CCMSLIB00016278977,-0.0,mzspec:MSV000088646:ccms_peak/Plate_07_RAW/263162_Y2.mzML:scan:1255,1,0.76,3,0,MSV000088646,NoID,temp/queries/44/4490b3a0712743469749246edd9ccc9a/4490b3a0712743469749246edd9ccc9a.mgf,1,238,414415
5-ASA_isovaleric-acid,mzspec:GNPS:MULTIPLEX-SYNTHESIS-LIBRARY-ALL-PARTITION-6:accession:CCMSLIB00016278977,-0.0,mzspec:MSV000097269:peak/mzML/Pd_5asa_taurine_conjugates_T72_3.mzML:scan:5576,1,0.76,3,0,MSV000097269,NoID,temp/queries/44/4490b3a0712743469749246edd9ccc9a/4490b3a0712743469749246edd9ccc9a.mgf,1,238,91897
5-ASA_isovaleric-acid,mzspec:GNPS:MULTIPLEX-SYNTHESIS-LIBRARY-ALL-PARTITION-6:accession:CCMSLIB00016278977,-0.0,mzspec:MSV000080673:ccms_peak/2017.AmericanGut3K.mzXMLfiles/Samples/000020573_RD1_01_5477.mzML:scan:1302,1,0.76,4,0,MSV000080673,NoID,temp/queries/44/4490b3a0712743469749246edd9ccc9a/4490b3a0712743469749246edd9ccc9a.mgf,1,238,1314831
5-ASA_isovaleric-acid,mzspec:GNPS:MULTIPLEX-SYNTHESIS-LIBRARY-ALL-PARTITION-6:accession:CCMSLIB00016278977,-0.0,mzspec:MSV000081981:ccms_peak/2017.AmericanGutPhase1.Samples.mzXMLfiles/Samples/000020573_RD1_01_5477.mzML:scan:1302,1,0.76,4,0,MSV000081981,NoID,temp/queries/44/4490b3a0712743469749246edd9ccc9a/4490b3a0712743469749246edd9ccc9a.mgf,1,238,1048128
5-ASA_isovaleric-acid,mzspec:GNPS:MULTIPLEX-SYNTHESIS-LIBRARY-ALL-PARTITION-6:accession:CCMSLIB00016278977,-0.02,mzspec:MSV000092820:raw/083123_Matthaei_Herbarium_lowmz/2019_Matthaei_nBuOH_150-450mz/Foeniculum-vulgare-Flower-nBuOH-2019.mzML:scan:1346,1,0.76,2,0,MSV000092820,NoID,temp/queries/44/4490b3a0712743469749246edd9ccc9a/4490b3a0712743469749246edd9ccc9a.mgf,1,238,180515
5-ASA_isovaleric-acid,mzspec:GNPS:MULTIPLEX-SYNTHESIS-LIBRARY-ALL-PARTITION-6:accession:CCMSLIB00016278977,-0.02,mzspec:MSV000095708:peak/mzML/FG23L026.mzML:scan:204,1,0.76,2,0,MSV000095708,NoID,temp/queries/44/4490b3a0712743469749246edd9ccc9a/4490b3a0712743469749246edd9ccc9a.mgf,1,238,1183192
5-ASA_isovaleric-acid,mzspec:GNPS:MULTIPLEX-SYNTHESIS-LIBRARY-ALL-PARTITION-6:accession:CCMSLIB00016278977,-0.02,mzspec:MSV000092833:peak/HNRC_mzml/P3_A12_Sample_X3148348.mzML:scan:299,1,0.76,2,0,MSV000092833,NoID,temp/queries/44/4490b3a0712743469749246edd9ccc9a/4490b3a0712743469749246edd9ccc9a.mgf,1,238,107935
5-ASA_isovaleric-acid,mzspec:GNPS:MULTIPLEX-SYNTHESIS-LIBRARY-ALL-PARTITION-6:accession:CCMSLIB00016278977,-0.02,mzspec:MSV000092820:raw/083123_Matthaei_Herbarium_lowmz/2019_Matthaei_nBuOH_150-450mz/Cirsium-pitcheri-Leaf-nBuOH-2019.mzML:scan:1337,1,0.76,2,0,MSV000092820,NoID,temp/queries/44/4490b3a0712743469749246edd9ccc9a/4490b3a0712743469749246edd9ccc9a.mgf,1,238,182717
5-ASA_isovaleric-acid,mzspec:GNPS:MULTIPLEX-SYNTHESIS-LIBRARY-ALL-PARTITION-6:accession:CCMSLIB00016278977,-0.02,mzspec:MSV000095784:peak/mzML/LST23LVR2.mzML:scan:211,1,0.76,2,0,MSV000095784,NoID,temp/queries/44/4490b3a0712743469749246edd9ccc9a/4490b3a0712743469749246edd9ccc9a.mgf,1,238,3787
5-ASA_isovaleric-acid,mzspec:GNPS:MULTIPLEX-SYNTHESIS-LIBRARY-ALL-PARTITION-6:accession:CCMSLIB00016278977,-0.02,mzspec:MSV000095540:peak/mzML/WB24L024.mzML:scan:207,1,0.76,2,0,MSV000095540,NoID,temp/queries/44/4490b3a0712743469749246edd9ccc9a/4490b3a0712743469749246edd9ccc9a.mgf,1,238,903219
5-ASA_isovaleric-acid,mzspec:GNPS:MULTIPLEX-SYNTHESIS-LIBRARY-ALL-PARTITION-6:accession:CCMSLIB00016278977,-0.02,mzspec:MSV000095540:peak/mzML/FG24L005.mzML:scan:238,1,0.76,2,0,MSV000095540,NoID,temp/queries/44/4490b3a0712743469749246edd9ccc9a/4490b3a0712743469749246edd9ccc9a.mgf,1,238,902787
5-ASA_isovaleric-acid,mzspec:GNPS:MULTIPLEX-SYNTHESIS-LIBRARY-ALL-PARTITION-6:accession:CCMSLIB00016278977,0.01,mzspec:ST002051:Tz_Bz_Comp/0424_PP_Tachy_HFF_T1_4.mzML:scan:2820,1,0.75,1,0,ST002051,NoID,temp/queries/44/4490b3a0712743469749246edd9ccc9a/4490b3a0712743469749246edd9ccc9a.mgf,1,238,1406507
5-ASA_isovaleric-acid,mzspec:GNPS:MULTIPLEX-SYNTHESIS-LIBRARY-ALL-PARTITION-6:accession:CCMSLIB00016278977,0.01,mzspec:ST002051:Tz_Bz_Comp/0424_PP_Tachy_HFF_T1_4.mzML:scan:2712,1,0.75,1,0,ST002051,NoID,temp/queries/44/4490b3a0712743469749246edd9ccc9a/4490b3a0712743469749246edd9ccc9a.mgf,1,238,1406506
5-ASA_isovaleric-acid,mzspec:GNPS:MULTIPLEX-SYNTHESIS-LIBRARY-ALL-PARTITION-6:accession:CCMSLIB00016278977,0.01,mzspec:ST002051:Tz_Bz_Comp/0424_PP_Tachy_Tubes_T1_4.mzML:scan:2697,1,0.75,1,0,ST002051,NoID,temp/queries/44/4490b3a0712743469749246edd9ccc9a/4490b3a0712743469749246edd9ccc9a.mgf,1,238,1407271
5-ASA_isovaleric-acid,mzspec:GNPS:MULTIPLEX-SYNTHESIS-LIBRARY-ALL-PARTITION-6:accession:CCMSLIB00016278977,0.01,mzspec:ST002051:Tz_Bz_Comp/0424_PP_Cysten_T1_4.mzML:scan:2790,1,0.75,1,0,ST002051,NoID,temp/queries/44/4490b3a0712743469749246edd9ccc9a/4490b3a0712743469749246edd9ccc9a.mgf,1,238,1407022
5-ASA_isovaleric-acid,mzspec:GNPS:MULTIPLEX-SYNTHESIS-LIBRARY-ALL-PARTITION-6:accession:CCMSLIB00016278977,0.01,mzspec:ST002051:Tz_Bz_Comp/0424_PP_Tachy_HFF_4.mzML:scan:2949,1,0.75,1,0,ST002051,NoID,temp/queries/44/4490b3a0712743469749246edd9ccc9a/4490b3a0712743469749246edd9ccc9a.mgf,1,238,1406949
5-ASA_isovaleric-acid,mzspec:GNPS:MULTIPLEX-SYNTHESIS-LIBRARY-ALL-PARTITION-6:accession:CCMSLIB00016278977,0.01,mzspec:ST002051:Tz_Bz_Comp/0427_PP_Tachy_HFF_T1_3.mzML:scan:2698,1,0.75,1,0,ST002051,NoID,temp/queries/44/4490b3a0712743469749246edd9ccc9a/4490b3a0712743469749246edd9ccc9a.mgf,1,238,1406744
5-ASA_isovaleric-acid,mzspec:GNPS:MULTIPLEX-SYNTHESIS-LIBRARY-ALL-PARTITION-6:accession:CCMSLIB00016278977,0.01,mzspec:ST002051:Tz_Bz_Comp/0427_PP_Tachy_HFF_4.mzML:scan:2686,1,0.75,1,0,ST002051,NoID,temp/queries/44/4490b3a0712743469749246edd9ccc9a/4490b3a0712743469749246edd9ccc9a.mgf,1,238,1406605
5-ASA_isovaleric-acid,mzspec:GNPS:MULTIPLEX-SYNTHESIS-LIBRARY-ALL-PARTITION-6:accession:CCMSLIB00016278977,0.01,mzspec:ST002051:Tz_Bz_Comp/0424_PP_Tachy_Tubes_T1_1.mzML:scan:2614,1,0.75,1,0,ST002051,NoID,temp/queries/44/4490b3a0712743469749246edd9ccc9a/4490b3a0712743469749246edd9ccc9a.mgf,1,238,1407258
5-ASA_isovaleric-acid,mzspec:GNPS:MULTIPLEX-SYNTHESIS-LIBRARY-ALL-PARTITION-6:accession:CCMSLIB00016278977,0.01,mzspec:ST002051:Tz_Bz_Comp/0424_PP_Tachy_HFF_T1_2.mzML:scan:2624,1,0.75,1,0,ST002051,NoID,temp/queries/44/4490b3a0712743469749246edd9ccc9a/4490b3a0712743469749246edd9ccc9a.mgf,1,238,1406854
5-ASA_isovaleric-acid,mzspec:GNPS:MULTIPLEX-SYNTHESIS-LIBRARY-ALL-PARTITION-6:accession:CCMSLIB00016278977,0.01,mzspec:ST002051:Tz_Bz_Comp/0427_PP_Tachy_HFF_T1_4.mzML:scan:2666,1,0.75,1,0,ST002051,NoID,temp/queries/44/4490b3a0712743469749246edd9ccc9a/4490b3a0712743469749246edd9ccc9a.mgf,1,238,1406629
5-ASA_isovaleric-acid,mzspec:GNPS:MULTIPLEX-SYNTHESIS-LIBRARY-ALL-PARTITION-6:accession:CCMSLIB00016278977,0.01,mzspec:ST002051:Tz_Bz_Comp/0424_PP_Tachy_Tubes_T1_3.mzML:scan:2745,1,0.75,1,0,ST002051,NoID,temp/queries/44/4490b3a0712743469749246edd9ccc9a/4490b3a0712743469749246edd9ccc9a.mgf,1,238,1406616
5-ASA_isovaleric-acid,mzspec:GNPS:MULTIPLEX-SYNTHESIS-LIBRARY-ALL-PARTITION-6:accession:CCMSLIB00016278977,0.01,mzspec:ST002051:Tz_Bz_Comp/0424_PP_Tachy_Tubes_1.mzML:scan:2745,1,0.75,1,0,ST002051,NoID,temp/queries/44/4490b3a0712743469749246edd9ccc9a/4490b3a0712743469749246edd9ccc9a.mgf,1,238,1406558
5-ASA_isovaleric-acid,mzspec:GNPS:MULTIPLEX-SYNTHESIS-LIBRARY-ALL-PARTITION-6:accession:CCMSLIB00016278977,0.01,mzspec:ST002051:Tz_Bz_Comp/0424_PP_Tachy_Tubes_3.mzML:scan:2713,1,0.75,1,0,ST002051,NoID,temp/queries/44/4490b3a0712743469749246edd9ccc9a/4490b3a0712743469749246edd9ccc9a.mgf,1,238,1407367
5-ASA_isovaleric-acid,mzspec:GNPS:MULTIPLEX-SYNTHESIS-LIBRARY-ALL-PARTITION-6:accession:CCMSLIB00016278977,0.01,mzspec:ST002051:Tz_Bz_Comp/0424_PP_Tachy_HFF_T1_1.mzML:scan:2793,1,0.75,1,0,ST002051,NoID,temp/queries/44/4490b3a0712743469749246edd9ccc9a/4490b3a0712743469749246edd9ccc9a.mgf,1,238,1407323
5-ASA_isovaleric-acid,mzspec:GNPS:MULTIPLEX-SYNTHESIS-LIBRARY-ALL-PARTITION-6:accession:CCMSLIB00016278977,0.01,mzspec:ST002051:Tz_Bz_Comp/0424_PP_Tachy_Tubes_T1_4.mzML:scan:2590,1,0.75,1,0,ST002051,NoID,temp/queries/44/4490b3a0712743469749246edd9ccc9a/4490b3a0712743469749246edd9ccc9a.mgf,1,238,1407270
5-ASA_isovaleric-acid,mzspec:GNPS:MULTIPLEX-SYNTHESIS-LIBRARY-ALL-PARTITION-6:accession:CCMSLIB00016278977,0.01,mzspec:ST002051:Tz_Bz_Comp/0427_PP_Tachy_HFF_T1_2.mzML:scan:2460,1,0.75,1,0,ST002051,NoID,temp/queries/44/4490b3a0712743469749246edd9ccc9a/4490b3a0712743469749246edd9ccc9a.mgf,1,238,1407446
5-ASA_isovaleric-acid,mzspec:GNPS:MULTIPLEX-SYNTHESIS-LIBRARY-ALL-PARTITION-6:accession:CCMSLIB00016278977,-0.02,mzspec:MSV000088516:peak/200527_LP_A5W_b_pos.mzXML:scan:270,1,0.75,2,0,MSV000088516,NoID,temp/queries/44/4490b3a0712743469749246edd9ccc9a/4490b3a0712743469749246edd9ccc9a.mgf,1,238,1331059
5-ASA_isovaleric-acid,mzspec:GNPS:MULTIPLEX-SYNTHESIS-LIBRARY-ALL-PARTITION-6:accession:CCMSLIB00016278977,-0.02,mzspec:MSV000083475:peak/mzML/Water_Plant_PLATE3and4_mzML/Plate4_Samples/4D10_1_47_thomas-18-s034-a03.mzML:scan:157,1,0.75,2,0,MSV000083475,NoID,temp/queries/44/4490b3a0712743469749246edd9ccc9a/4490b3a0712743469749246edd9ccc9a.mgf,1,238,1255851
5-ASA_isovaleric-acid,mzspec:GNPS:MULTIPLEX-SYNTHESIS-LIBRARY-ALL-PARTITION-6:accession:CCMSLIB00016278977,-0.02,mzspec:MSV000083475:ccms_peak/RAW/PLATE3and4/4D10_1_47_thomas-18-s034-a03.mzML:scan:157,1,0.75,2,0,MSV000083475,NoID,temp/queries/44/4490b3a0712743469749246edd9ccc9a/4490b3a0712743469749246edd9ccc9a.mgf,1,238,1254405
5-ASA_isovaleric-acid,mzspec:GNPS:MULTIPLEX-SYNTHESIS-LIBRARY-ALL-PARTITION-6:accession:CCMSLIB00016278977,-0.02,mzspec:MSV000080187:ccms_peak/AMG_antibiotic_study/5954_P1_RC11_01_74.mzXML:scan:104,1,0.75,2,0,MSV000080187,NoID,temp/queries/44/4490b3a0712743469749246edd9ccc9a/4490b3a0712743469749246edd9ccc9a.mgf,1,238,1249187
5-ASA_isovaleric-acid,mzspec:GNPS:MULTIPLEX-SYNTHESIS-LIBRARY-ALL-PARTITION-6:accession:CCMSLIB00016278977,0.01,mzspec:ST002051:Tz_Bz_Comp/0424_PP_Tachy_HFF_3.mzML:scan:2889,1,0.75,1,0,ST002051,NoID,temp/queries/44/4490b3a0712743469749246edd9ccc9a/4490b3a0712743469749246edd9ccc9a.mgf,1,238,1406929
5-ASA_isovaleric-acid,mzspec:GNPS:MULTIPLEX-SYNTHESIS-LIBRARY-ALL-PARTITION-6:accession:CCMSLIB00016278977,0.01,mzspec:ST002051:Tz_Bz_Comp/0424_PP_Tachy_HFF_3.mzML:scan:2669,1,0.75,1,0,ST002051,NoID,temp/queries/44/4490b3a0712743469749246edd9ccc9a/4490b3a0712743469749246edd9ccc9a.mgf,1,238,1406927
5-ASA_isovaleric-acid,mzspec:GNPS:MULTIPLEX-SYNTHESIS-LIBRARY-ALL-PARTITION-6:accession:CCMSLIB00016278977,0.01,mzspec:ST002051:Tz_Bz_Comp/0424_PP_Tachy_Tubes_2.mzML:scan:2614,1,0.75,1,0,ST002051,NoID,temp/queries/44/4490b3a0712743469749246edd9ccc9a/4490b3a0712743469749246edd9ccc9a.mgf,1,238,1406917
5-ASA_isovaleric-acid,mzspec:GNPS:MULTIPLEX-SYNTHESIS-LIBRARY-ALL-PARTITION-6:accession:CCMSLIB00016278977,0.01,mzspec:ST002051:Tz_Bz_Comp/0424_PP_Tachy_HFF_T1_2.mzML:scan:2969,1,0.75,1,0,ST002051,NoID,temp/queries/44/4490b3a0712743469749246edd9ccc9a/4490b3a0712743469749246edd9ccc9a.mgf,1,238,1406857
5-ASA_isovaleric-acid,mzspec:GNPS:MULTIPLEX-SYNTHESIS-LIBRARY-ALL-PARTITION-6:accession:CCMSLIB00016278977,-0.02,mzspec:MSV000080179:ccms_peak/mzXMLs/5954_P1_RC11_01_74.mzXML:scan:104,1,0.75,2,0,MSV000080179,NoID,temp/queries/44/4490b3a0712743469749246edd9ccc9a/4490b3a0712743469749246edd9ccc9a.mgf,1,238,287552
5-ASA_isovaleric-acid,mzspec:GNPS:MULTIPLEX-SYNTHESIS-LIBRARY-ALL-PARTITION-6:accession:CCMSLIB00016278977,-0.02,mzspec:MSV000095784:peak/mzML/PCH23LVR11.mzML:scan:235,1,0.75,2,0,MSV000095784,NoID,temp/queries/44/4490b3a0712743469749246edd9ccc9a/4490b3a0712743469749246edd9ccc9a.mgf,1,238,1244
5-ASA_isovaleric-acid,mzspec:GNPS:MULTIPLEX-SYNTHESIS-LIBRARY-ALL-PARTITION-6:accession:CCMSLIB00016278977,0.02,mzspec:MTBLS3963:FILES/DERIVED_FILES/POS/Dec-Trp-5_POS.mzML:scan:4294967295,1,0.75,2,0,MTBLS3963,NoID,temp/queries/44/4490b3a0712743469749246edd9ccc9a/4490b3a0712743469749246edd9ccc9a.mgf,1,238,1493277
5-ASA_isovaleric-acid,mzspec:GNPS:MULTIPLEX-SYNTHESIS-LIBRARY-ALL-PARTITION-6:accession:CCMSLIB00016278977,0.01,mzspec:ST002051:Tz_Bz_Comp/0427_PP_Tachy_HFF_2.mzML:scan:2630,1,0.75,1,0,ST002051,NoID,temp/queries/44/4490b3a0712743469749246edd9ccc9a/4490b3a0712743469749246edd9ccc9a.mgf,1,238,1407204
5-ASA_isovaleric-acid,mzspec:GNPS:MULTIPLEX-SYNTHESIS-LIBRARY-ALL-PARTITION-6:accession:CCMSLIB00016278977,0.01,mzspec:ST002051:Tz_Bz_Comp/0424_PP_Tachy_HFF_T1_3.mzML:scan:2913,1,0.75,1,0,ST002051,NoID,temp/queries/44/4490b3a0712743469749246edd9ccc9a/4490b3a0712743469749246edd9ccc9a.mgf,1,238,1407038
5-ASA_isovaleric-acid,mzspec:GNPS:MULTIPLEX-SYNTHESIS-LIBRARY-ALL-PARTITION-6:accession:CCMSLIB00016278977,0.01,mzspec:ST002051:Tz_Bz_Comp/0424_PP_Tachy_HFF_T1_3.mzML:scan:2797,1,0.75,1,0,ST002051,NoID,temp/queries/44/4490b3a0712743469749246edd9ccc9a/4490b3a0712743469749246edd9ccc9a.mgf,1,238,1407037
5-ASA_isovaleric-acid,mzspec:GNPS:MULTIPLEX-SYNTHESIS-LIBRARY-ALL-PARTITION-6:accession:CCMSLIB00016278977,0.01,mzspec:ST002051:Tz_Bz_Comp/0424_PP_Cysten_T1_4.mzML:scan:2660,1,0.75,1,0,ST002051,NoID,temp/queries/44/4490b3a0712743469749246edd9ccc9a/4490b3a0712743469749246edd9ccc9a.mgf,1,238,1407021
5-ASA_isovaleric-acid,mzspec:GNPS:MULTIPLEX-SYNTHESIS-LIBRARY-ALL-PARTITION-6:accession:CCMSLIB00016278977,0.01,mzspec:ST002051:Tz_Bz_Comp/0427_PP_Tachy_HFF_3.mzML:scan:2520,1,0.75,1,0,ST002051,NoID,temp/queries/44/4490b3a0712743469749246edd9ccc9a/4490b3a0712743469749246edd9ccc9a.mgf,1,238,1406969
5-ASA_isovaleric-acid,mzspec:GNPS:MULTIPLEX-SYNTHESIS-LIBRARY-ALL-PARTITION-6:accession:CCMSLIB00016278977,0.01,mzspec:ST002051:Tz_Bz_Comp/0427_PP_Tachy_HFF_1.mzML:scan:2673,1,0.75,1,0,ST002051,NoID,temp/queries/44/4490b3a0712743469749246edd9ccc9a/4490b3a0712743469749246edd9ccc9a.mgf,1,238,1406961
5-ASA_isovaleric-acid,mzspec:GNPS:MULTIPLEX-SYNTHESIS-LIBRARY-ALL-PARTITION-6:accession:CCMSLIB00016278977,-0.02,mzspec:MSV000095540:peak/mzML/FG24L021.mzML:scan:318,1,0.75,2,0,MSV000095540,NoID,temp/queries/44/4490b3a0712743469749246edd9ccc9a/4490b3a0712743469749246edd9ccc9a.mgf,1,238,902752
5-ASA_isovaleric-acid,mzspec:GNPS:MULTIPLEX-SYNTHESIS-LIBRARY-ALL-PARTITION-6:accession:CCMSLIB00016278977,-0.02,mzspec:MSV000095784:peak/mzML/L2B23LVR8.mzML:scan:249,1,0.75,2,0,MSV000095784,NoID,temp/queries/44/4490b3a0712743469749246edd9ccc9a/4490b3a0712743469749246edd9ccc9a.mgf,1,238,1255
5-ASA_isovaleric-acid,mzspec:GNPS:MULTIPLEX-SYNTHESIS-LIBRARY-ALL-PARTITION-6:accession:CCMSLIB00016278977,-0.02,mzspec:MSV000095784:peak/mzML/LST23LVR2.mzML:scan:224,1,0.75,2,0,MSV000095784,NoID,temp/queries/44/4490b3a0712743469749246edd9ccc9a/4490b3a0712743469749246edd9ccc9a.mgf,1,238,3788
5-ASA_isovaleric-acid,mzspec:GNPS:MULTIPLEX-SYNTHESIS-LIBRARY-ALL-PARTITION-6:accession:CCMSLIB00016278977,-0.02,mzspec:MSV000095784:peak/mzML/STE23LVR2.mzML:scan:325,1,0.75,2,0,MSV000095784,NoID,temp/queries/44/4490b3a0712743469749246edd9ccc9a/4490b3a0712743469749246edd9ccc9a.mgf,1,238,2581
5-ASA_isovaleric-acid,mzspec:GNPS:MULTIPLEX-SYNTHESIS-LIBRARY-ALL-PARTITION-6:accession:CCMSLIB00016278977,-0.02,mzspec:MSV000095784:peak/mzML/L2B23LVR8.mzML:scan:262,1,0.75,2,0,MSV000095784,NoID,temp/queries/44/4490b3a0712743469749246edd9ccc9a/4490b3a0712743469749246edd9ccc9a.mgf,1,238,1256
5-ASA_isovaleric-acid,mzspec:GNPS:MULTIPLEX-SYNTHESIS-LIBRARY-ALL-PARTITION-6:accession:CCMSLIB00016278977,0.01,mzspec:MTBLS3963:FILES/DERIVED_FILES/POS/Dec-Phe-5_POS.mzML:scan:4294967295,1,0.75,2,0,MTBLS3963,NoID,temp/queries/44/4490b3a0712743469749246edd9ccc9a/4490b3a0712743469749246edd9ccc9a.mgf,1,238,1494351
5-ASA_isovaleric-acid,mzspec:GNPS:MULTIPLEX-SYNTHESIS-LIBRARY-ALL-PARTITION-6:accession:CCMSLIB00016278977,0.01,mzspec:ST002051:Tz_Bz_Comp/0424_PP_Tachy_HFF_4.mzML:scan:2832,1,0.75,1,0,ST002051,NoID,temp/queries/44/4490b3a0712743469749246edd9ccc9a/4490b3a0712743469749246edd9ccc9a.mgf,1,238,1406948
5-ASA_isovaleric-acid,mzspec:GNPS:MULTIPLEX-SYNTHESIS-LIBRARY-ALL-PARTITION-6:accession:CCMSLIB00016278977,0.01,mzspec:ST002051:Tz_Bz_Comp/0424_PP_Tachy_HFF_4.mzML:scan:2508,1,0.75,1,0,ST002051,NoID,temp/queries/44/4490b3a0712743469749246edd9ccc9a/4490b3a0712743469749246edd9ccc9a.mgf,1,238,1406945
5-ASA_isovaleric-acid,mzspec:GNPS:MULTIPLEX-SYNTHESIS-LIBRARY-ALL-PARTITION-6:accession:CCMSLIB00016278977,0.01,mzspec:ST002051:Tz_Bz_Comp/0424_PP_Tachy_Tubes_1.mzML:scan:2637,1,0.74,1,0,ST002051,NoID,temp/queries/44/4490b3a0712743469749246edd9ccc9a/4490b3a0712743469749246edd9ccc9a.mgf,1,238,1406557
5-ASA_isovaleric-acid,mzspec:GNPS:MULTIPLEX-SYNTHESIS-LIBRARY-ALL-PARTITION-6:accession:CCMSLIB00016278977,0.01,mzspec:ST002051:Tz_Bz_Comp/0427_PP_Tachy_HFF_3.mzML:scan:2624,1,0.74,1,0,ST002051,NoID,temp/queries/44/4490b3a0712743469749246edd9ccc9a/4490b3a0712743469749246edd9ccc9a.mgf,1,238,1406970
5-ASA_isovaleric-acid,mzspec:GNPS:MULTIPLEX-SYNTHESIS-LIBRARY-ALL-PARTITION-6:accession:CCMSLIB00016278977,-0.02,mzspec:MSV000094515:peak/mzML/42696183.mzML:scan:105,1,0.74,2,0,MSV000094515,NoID,temp/queries/44/4490b3a0712743469749246edd9ccc9a/4490b3a0712743469749246edd9ccc9a.mgf,1,238,313883
5-ASA_isovaleric-acid,mzspec:GNPS:MULTIPLEX-SYNTHESIS-LIBRARY-ALL-PARTITION-6:accession:CCMSLIB00016278977,-0.02,mzspec:MSV000095784:peak/mzML/PCH23LVR11.mzML:scan:246,1,0.74,2,0,MSV000095784,NoID,temp/queries/44/4490b3a0712743469749246edd9ccc9a/4490b3a0712743469749246edd9ccc9a.mgf,1,238,1245
5-ASA_isovaleric-acid,mzspec:GNPS:MULTIPLEX-SYNTHESIS-LIBRARY-ALL-PARTITION-6:accession:CCMSLIB00016278977,-0.02,mzspec:MSV000095540:peak/mzML/FG24L030.mzML:scan:234,1,0.74,2,0,MSV000095540,NoID,temp/queries/44/4490b3a0712743469749246edd9ccc9a/4490b3a0712743469749246edd9ccc9a.mgf,1,238,902886
5-ASA_isovaleric-acid,mzspec:GNPS:MULTIPLEX-SYNTHESIS-LIBRARY-ALL-PARTITION-6:accession:CCMSLIB00016278977,-0.02,mzspec:MSV000083462:ccms_peak/Stool_verified/mzXML_data_16/Samples/11712.SUBJECT37.STOOL.1232.mzML:scan:422,1,0.74,2,0,MSV000083462,NoID,temp/queries/44/4490b3a0712743469749246edd9ccc9a/4490b3a0712743469749246edd9ccc9a.mgf,1,238,265990
5-ASA_isovaleric-acid,mzspec:GNPS:MULTIPLEX-SYNTHESIS-LIBRARY-ALL-PARTITION-6:accession:CCMSLIB00016278977,-0.02,mzspec:ST002420:G8_2.mzML:scan:9220,1,0.74,1,0,ST002420,NoID,temp/queries/44/4490b3a0712743469749246edd9ccc9a/4490b3a0712743469749246edd9ccc9a.mgf,1,238,1386967
5-ASA_isovaleric-acid,mzspec:GNPS:MULTIPLEX-SYNTHESIS-LIBRARY-ALL-PARTITION-6:accession:CCMSLIB00016278977,-0.02,mzspec:MSV000095784:peak/mzML/ECH23LVR1.mzML:scan:343,1,0.74,2,0,MSV000095784,NoID,temp/queries/44/4490b3a0712743469749246edd9ccc9a/4490b3a0712743469749246edd9ccc9a.mgf,1,238,779
5-ASA_isovaleric-acid,mzspec:GNPS:MULTIPLEX-SYNTHESIS-LIBRARY-ALL-PARTITION-6:accession:CCMSLIB00016278977,-0.02,mzspec:MSV000095540:peak/mzML/WB24L024.mzML:scan:217,1,0.74,2,0,MSV000095540,NoID,temp/queries/44/4490b3a0712743469749246edd9ccc9a/4490b3a0712743469749246edd9ccc9a.mgf,1,238,903220
5-ASA_isovaleric-acid,mzspec:GNPS:MULTIPLEX-SYNTHESIS-LIBRARY-ALL-PARTITION-6:accession:CCMSLIB00016278977,-0.02,mzspec:MSV000092820:raw/083123_Matthaei_Herbarium_lowmz/2019_Matthaei_nBuOH_150-450mz/Eryngium-yuccifolium-Leaf-nBuOH-2019.mzML:scan:1131,1,0.74,2,0,MSV000092820,NoID,temp/queries/44/4490b3a0712743469749246edd9ccc9a/4490b3a0712743469749246edd9ccc9a.mgf,1,238,182944
5-ASA_isovaleric-acid,mzspec:GNPS:MULTIPLEX-SYNTHESIS-LIBRARY-ALL-PARTITION-6:accession:CCMSLIB00016278977,-0.02,mzspec:MSV000092820:raw/083123_Matthaei_Herbarium_lowmz/2019_Matthaei_nBuOH_150-450mz/Cymbopogon-citratus-Flower-nBuOH-2019.mzML:scan:1344,1,0.74,2,0,MSV000092820,NoID,temp/queries/44/4490b3a0712743469749246edd9ccc9a/4490b3a0712743469749246edd9ccc9a.mgf,1,238,180543
5-ASA_isovaleric-acid,mzspec:GNPS:MULTIPLEX-SYNTHESIS-LIBRARY-ALL-PARTITION-6:accession:CCMSLIB00016278977,-0.02,mzspec:MSV000083462:ccms_peak/Stool_verified/mzXML_data_16/Samples/11712.SUBJECT37.STOOL.1232.mzML:scan:431,1,0.74,2,0,MSV000083462,NoID,temp/queries/44/4490b3a0712743469749246edd9ccc9a/4490b3a0712743469749246edd9ccc9a.mgf,1,238,265991
5-ASA_isovaleric-acid,mzspec:GNPS:MULTIPLEX-SYNTHESIS-LIBRARY-ALL-PARTITION-6:accession:CCMSLIB00016278977,-0.0,mzspec:MSV000082221:ccms_peak/mzxml_files/samples/PLCL22328.1_BB7_01_28345.mzML:scan:857,1,0.74,2,0,MSV000082221,NoID,temp/queries/44/4490b3a0712743469749246edd9ccc9a/4490b3a0712743469749246edd9ccc9a.mgf,1,238,88528
5-ASA_isovaleric-acid,mzspec:GNPS:MULTIPLEX-SYNTHESIS-LIBRARY-ALL-PARTITION-6:accession:CCMSLIB00016278977,-0.02,mzspec:MSV000095704:peak/mzML/BP_006_F.mzML:scan:187,1,0.74,2,0,MSV000095704,NoID,temp/queries/44/4490b3a0712743469749246edd9ccc9a/4490b3a0712743469749246edd9ccc9a.mgf,1,238,1301385
5-ASA_isovaleric-acid,mzspec:GNPS:MULTIPLEX-SYNTHESIS-LIBRARY-ALL-PARTITION-6:accession:CCMSLIB00016278977,-0.02,mzspec:MSV000095784:peak/mzML/SUG23LVR14.mzML:scan:318,1,0.74,2,0,MSV000095784,NoID,temp/queries/44/4490b3a0712743469749246edd9ccc9a/4490b3a0712743469749246edd9ccc9a.mgf,1,238,3003
5-ASA_isovaleric-acid,mzspec:GNPS:MULTIPLEX-SYNTHESIS-LIBRARY-ALL-PARTITION-6:accession:CCMSLIB00016278977,-0.02,mzspec:MSV000088516:peak/200527_LP_A5W_c_pos.mzXML:scan:273,1,0.74,2,0,MSV000088516,NoID,temp/queries/44/4490b3a0712743469749246edd9ccc9a/4490b3a0712743469749246edd9ccc9a.mgf,1,238,1330953
5-ASA_isovaleric-acid,mzspec:GNPS:MULTIPLEX-SYNTHESIS-LIBRARY-ALL-PARTITION-6:accession:CCMSLIB00016278977,-0.02,mzspec:MSV000095540:peak/mzML/FG24L024.mzML:scan:199,1,0.74,2,0,MSV000095540,NoID,temp/queries/44/4490b3a0712743469749246edd9ccc9a/4490b3a0712743469749246edd9ccc9a.mgf,1,238,903062
5-ASA_isovaleric-acid,mzspec:GNPS:MULTIPLEX-SYNTHESIS-LIBRARY-ALL-PARTITION-6:accession:CCMSLIB00016278977,-0.02,mzspec:MSV000095702:peak/mzML/BP_006_F.mzML:scan:187,1,0.74,2,0,MSV000095702,NoID,temp/queries/44/4490b3a0712743469749246edd9ccc9a/4490b3a0712743469749246edd9ccc9a.mgf,1,238,992463
5-ASA_isovaleric-acid,mzspec:GNPS:MULTIPLEX-SYNTHESIS-LIBRARY-ALL-PARTITION-6:accession:CCMSLIB00016278977,0.0,mzspec:MSV000082221:ccms_peak/mzxml_files/samples/PLCL18883_BH9_01_28205.mzML:scan:847,1,0.74,2,0,MSV000082221,NoID,temp/queries/44/4490b3a0712743469749246edd9ccc9a/4490b3a0712743469749246edd9ccc9a.mgf,1,238,88457
5-ASA_isovaleric-acid,mzspec:GNPS:MULTIPLEX-SYNTHESIS-LIBRARY-ALL-PARTITION-6:accession:CCMSLIB00016278977,0.01,mzspec:ST002051:Tz_Bz_Comp/0427_PP_Tachy_HFF_T1_2.mzML:scan:2677,1,0.74,1,0,ST002051,NoID,temp/queries/44/4490b3a0712743469749246edd9ccc9a/4490b3a0712743469749246edd9ccc9a.mgf,1,238,1407448
5-ASA_isovaleric-acid,mzspec:GNPS:MULTIPLEX-SYNTHESIS-LIBRARY-ALL-PARTITION-6:accession:CCMSLIB00016278977,-0.02,mzspec:MSV000088516:peak/200527_LP_A5W_a_pos.mzXML:scan:254,1,0.73,2,0,MSV000088516,NoID,temp/queries/44/4490b3a0712743469749246edd9ccc9a/4490b3a0712743469749246edd9ccc9a.mgf,1,238,1331132
5-ASA_isovaleric-acid,mzspec:GNPS:MULTIPLEX-SYNTHESIS-LIBRARY-ALL-PARTITION-6:accession:CCMSLIB00016278977,-0.02,mzspec:MSV000095540:peak/mzML/FG24L005.mzML:scan:251,1,0.73,2,0,MSV000095540,NoID,temp/queries/44/4490b3a0712743469749246edd9ccc9a/4490b3a0712743469749246edd9ccc9a.mgf,1,238,902788
5-ASA_isovaleric-acid,mzspec:GNPS:MULTIPLEX-SYNTHESIS-LIBRARY-ALL-PARTITION-6:accession:CCMSLIB00016278977,-0.02,mzspec:MSV000096049:peak/HNRC_samples_mzML/HNRC_100H2O_P3_A12.mzML:scan:524,1,0.73,1,0,MSV000096049,NoID,temp/queries/44/4490b3a0712743469749246edd9ccc9a/4490b3a0712743469749246edd9ccc9a.mgf,1,238,264175
5-ASA_isovaleric-acid,mzspec:GNPS:MULTIPLEX-SYNTHESIS-LIBRARY-ALL-PARTITION-6:accession:CCMSLIB00016278977,-0.02,mzspec:MSV000096359:ccms_peak/RAW/8_9/P9_F3_364302347.mzML:scan:363,1,0.73,2,0,MSV000096359,NoID,temp/queries/44/4490b3a0712743469749246edd9ccc9a/4490b3a0712743469749246edd9ccc9a.mgf,1,238,434543
5-ASA_isovaleric-acid,mzspec:GNPS:MULTIPLEX-SYNTHESIS-LIBRARY-ALL-PARTITION-6:accession:CCMSLIB00016278977,-0.02,mzspec:MSV000096359:peak/Burnett_RisePlus_Allmzml/P9_F3_364302347.mzML:scan:363,1,0.73,2,0,MSV000096359,NoID,temp/queries/44/4490b3a0712743469749246edd9ccc9a/4490b3a0712743469749246edd9ccc9a.mgf,1,238,440548
5-ASA_isovaleric-acid,mzspec:GNPS:MULTIPLEX-SYNTHESIS-LIBRARY-ALL-PARTITION-6:accession:CCMSLIB00016278977,-0.02,mzspec:MSV000095540:peak/mzML/WB24L010.mzML:scan:255,1,0.73,2,0,MSV000095540,NoID,temp/queries/44/4490b3a0712743469749246edd9ccc9a/4490b3a0712743469749246edd9ccc9a.mgf,1,238,902666
5-ASA_isovaleric-acid,mzspec:GNPS:MULTIPLEX-SYNTHESIS-LIBRARY-ALL-PARTITION-6:accession:CCMSLIB00016278977,-0.02,mzspec:MSV000095540:peak/mzML/FG24L011.mzML:scan:212,1,0.73,2,0,MSV000095540,NoID,temp/queries/44/4490b3a0712743469749246edd9ccc9a/4490b3a0712743469749246edd9ccc9a.mgf,1,238,902983
5-ASA_isovaleric-acid,mzspec:GNPS:MULTIPLEX-SYNTHESIS-LIBRARY-ALL-PARTITION-6:accession:CCMSLIB00016278977,-0.02,mzspec:MSV000095784:peak/mzML/AMO23LVR13.mzML:scan:306,1,0.73,2,0,MSV000095784,NoID,temp/queries/44/4490b3a0712743469749246edd9ccc9a/4490b3a0712743469749246edd9ccc9a.mgf,1,238,2369
5-ASA_isovaleric-acid,mzspec:GNPS:MULTIPLEX-SYNTHESIS-LIBRARY-ALL-PARTITION-6:accession:CCMSLIB00016278977,0.01,mzspec:MSV000095296:ccms_peak/positive_T28d/D159B.mzML:scan:4294967295,1,0.73,2,0,MSV000095296,NoID,temp/queries/44/4490b3a0712743469749246edd9ccc9a/4490b3a0712743469749246edd9ccc9a.mgf,1,238,491355
5-ASA_isovaleric-acid,mzspec:GNPS:MULTIPLEX-SYNTHESIS-LIBRARY-ALL-PARTITION-6:accession:CCMSLIB00016278977,0.01,mzspec:MSV000092820:raw/083123_Matthaei_Herbarium_lowmz/2019_Matthaei_EA_150-450mz/Valeriana-officinalis-Leaf-ethylacetate-2019.mzML:scan:1087,1,0.73,1,0,MSV000092820,NoID,temp/queries/44/4490b3a0712743469749246edd9ccc9a/4490b3a0712743469749246edd9ccc9a.mgf,1,238,181669
5-ASA_isovaleric-acid,mzspec:GNPS:MULTIPLEX-SYNTHESIS-LIBRARY-ALL-PARTITION-6:accession:CCMSLIB00016278977,0.01,mzspec:MSV000088661:ccms_peak/LibraryRawData/HILIC/ESIPOS/P3E_POS.mzML:scan:553,1,0.73,1,0,MSV000088661,NoID,temp/queries/44/4490b3a0712743469749246edd9ccc9a/4490b3a0712743469749246edd9ccc9a.mgf,1,238,110001
5-ASA_isovaleric-acid,mzspec:GNPS:MULTIPLEX-SYNTHESIS-LIBRARY-ALL-PARTITION-6:accession:CCMSLIB00016278977,-0.0,mzspec:MSV000084908:ccms_peak/Fecal_mzXML/Plate_03/FIT310E3CAL_BF7_01_52169.mzML:scan:2045,1,0.72,2,0,MSV000084908,NoID,temp/queries/44/4490b3a0712743469749246edd9ccc9a/4490b3a0712743469749246edd9ccc9a.mgf,1,238,725102
5-ASA_isovaleric-acid,mzspec:GNPS:MULTIPLEX-SYNTHESIS-LIBRARY-ALL-PARTITION-6:accession:CCMSLIB00016278977,-0.0,mzspec:MSV000082221:ccms_peak/mzxml_files/samples/PLCL21559_BF10_01_28182.mzML:scan:865,1,0.72,2,0,MSV000082221,NoID,temp/queries/44/4490b3a0712743469749246edd9ccc9a/4490b3a0712743469749246edd9ccc9a.mgf,1,238,88536
5-ASA_isovaleric-acid,mzspec:GNPS:MULTIPLEX-SYNTHESIS-LIBRARY-ALL-PARTITION-6:accession:CCMSLIB00016278977,-0.02,mzspec:MSV000095784:peak/mzML/AMO23LVR6.mzML:scan:364,1,0.72,2,0,MSV000095784,NoID,temp/queries/44/4490b3a0712743469749246edd9ccc9a/4490b3a0712743469749246edd9ccc9a.mgf,1,238,1870
5-ASA_isovaleric-acid,mzspec:GNPS:MULTIPLEX-SYNTHESIS-LIBRARY-ALL-PARTITION-6:accession:CCMSLIB00016278977,-0.02,mzspec:MSV000092820:raw/083123_Matthaei_Herbarium_lowmz/2020_Matthaei_EA_150-450mz/Aptenia-cordifolia-Leaf-ethylacetate-2020.mzML:scan:1363,1,0.72,2,0,MSV000092820,NoID,temp/queries/44/4490b3a0712743469749246edd9ccc9a/4490b3a0712743469749246edd9ccc9a.mgf,1,238,182812
5-ASA_isovaleric-acid,mzspec:GNPS:MULTIPLEX-SYNTHESIS-LIBRARY-ALL-PARTITION-6:accession:CCMSLIB00016278977,-0.02,mzspec:MSV000095540:peak/mzML/FG24L023.mzML:scan:205,1,0.72,2,0,MSV000095540,NoID,temp/queries/44/4490b3a0712743469749246edd9ccc9a/4490b3a0712743469749246edd9ccc9a.mgf,1,238,902715
5-ASA_isovaleric-acid,mzspec:GNPS:MULTIPLEX-SYNTHESIS-LIBRARY-ALL-PARTITION-6:accession:CCMSLIB00016278977,-0.02,mzspec:MSV000095784:peak/mzML/STE23LVR2.mzML:scan:337,1,0.72,2,0,MSV000095784,NoID,temp/queries/44/4490b3a0712743469749246edd9ccc9a/4490b3a0712743469749246edd9ccc9a.mgf,1,238,2582
5-ASA_isovaleric-acid,mzspec:GNPS:MULTIPLEX-SYNTHESIS-LIBRARY-ALL-PARTITION-6:accession:CCMSLIB00016278977,-0.02,mzspec:MSV000095708:peak/mzML/FG23L025.mzML:scan:209,1,0.72,2,0,MSV000095708,NoID,temp/queries/44/4490b3a0712743469749246edd9ccc9a/4490b3a0712743469749246edd9ccc9a.mgf,1,238,1181833
5-ASA_isovaleric-acid,mzspec:GNPS:MULTIPLEX-SYNTHESIS-LIBRARY-ALL-PARTITION-6:accession:CCMSLIB00016278977,-0.02,mzspec:MSV000095540:peak/mzML/FG24L024.mzML:scan:211,1,0.72,2,0,MSV000095540,NoID,temp/queries/44/4490b3a0712743469749246edd9ccc9a/4490b3a0712743469749246edd9ccc9a.mgf,1,238,903063
5-ASA_isovaleric-acid,mzspec:GNPS:MULTIPLEX-SYNTHESIS-LIBRARY-ALL-PARTITION-6:accession:CCMSLIB00016278977,-0.02,mzspec:MSV000095418:peak/20240502_U19_ADRC_Main_SetOne_mzML/U19_ADRC_Main_mzML/P4_A2_5835132.mzML:scan:202,1,0.72,2,0,MSV000095418,NoID,temp/queries/44/4490b3a0712743469749246edd9ccc9a/4490b3a0712743469749246edd9ccc9a.mgf,1,238,1091823
5-ASA_isovaleric-acid,mzspec:GNPS:MULTIPLEX-SYNTHESIS-LIBRARY-ALL-PARTITION-6:accession:CCMSLIB00016278977,-0.02,mzspec:MSV000095540:peak/mzML/FG24L011.mzML:scan:219,1,0.72,2,0,MSV000095540,NoID,temp/queries/44/4490b3a0712743469749246edd9ccc9a/4490b3a0712743469749246edd9ccc9a.mgf,1,238,902984
5-ASA_isovaleric-acid,mzspec:GNPS:MULTIPLEX-SYNTHESIS-LIBRARY-ALL-PARTITION-6:accession:CCMSLIB00016278977,-0.02,mzspec:MSV000092820:raw/083123_Matthaei_Herbarium_lowmz/2020_Matthaei_EA_150-450mz/Aptenia-cordifolia-Leaf-ethylacetate-2020.mzML:scan:1373,1,0.72,2,0,MSV000092820,NoID,temp/queries/44/4490b3a0712743469749246edd9ccc9a/4490b3a0712743469749246edd9ccc9a.mgf,1,238,182813
5-ASA_isovaleric-acid,mzspec:GNPS:MULTIPLEX-SYNTHESIS-LIBRARY-ALL-PARTITION-6:accession:CCMSLIB00016278977,-0.02,mzspec:MSV000095708:peak/mzML/FG23L026.mzML:scan:219,1,0.72,2,0,MSV000095708,NoID,temp/queries/44/4490b3a0712743469749246edd9ccc9a/4490b3a0712743469749246edd9ccc9a.mgf,1,238,1183193
5-ASA_isovaleric-acid,mzspec:GNPS:MULTIPLEX-SYNTHESIS-LIBRARY-ALL-PARTITION-6:accession:CCMSLIB00016278977,-0.02,mzspec:MSV000092820:raw/083123_Matthaei_Herbarium_lowmz/2019_Matthaei_nBuOH_150-450mz/Chrysanthemum-Stem-nBuOH-2019.mzML:scan:1341,1,0.72,2,0,MSV000092820,NoID,temp/queries/44/4490b3a0712743469749246edd9ccc9a/4490b3a0712743469749246edd9ccc9a.mgf,1,238,180926
5-ASA_isovaleric-acid,mzspec:GNPS:MULTIPLEX-SYNTHESIS-LIBRARY-ALL-PARTITION-6:accession:CCMSLIB00016278977,-0.02,mzspec:MSV000095423:updates/2024-07-24_helenamrusso_d8d86449/peak/LC1_5to100/HNRC_P3_A12_Sample_X3148348.mzML:scan:292,1,0.72,1,0,MSV000095423,NoID,temp/queries/44/4490b3a0712743469749246edd9ccc9a/4490b3a0712743469749246edd9ccc9a.mgf,1,238,426548
5-ASA_isovaleric-acid,mzspec:GNPS:MULTIPLEX-SYNTHESIS-LIBRARY-ALL-PARTITION-6:accession:CCMSLIB00016278977,-0.02,mzspec:MSV000095423:peak/all_files_mzML/LC2_1to100/HNRC_P3_A12_Sample_X3148348_LC2.mzML:scan:1086,1,0.72,1,0,MSV000095423,NoID,temp/queries/44/4490b3a0712743469749246edd9ccc9a/4490b3a0712743469749246edd9ccc9a.mgf,1,238,426302
5-ASA_isovaleric-acid,mzspec:GNPS:MULTIPLEX-SYNTHESIS-LIBRARY-ALL-PARTITION-6:accession:CCMSLIB00016278977,-0.02,mzspec:MSV000095423:peak/all_files_mzML/LC2_1to100/HNRC_P3_A12_Sample_X3148348_LC2.mzML:scan:895,1,0.72,1,0,MSV000095423,NoID,temp/queries/44/4490b3a0712743469749246edd9ccc9a/4490b3a0712743469749246edd9ccc9a.mgf,1,238,426300
5-ASA_isovaleric-acid,mzspec:GNPS:MULTIPLEX-SYNTHESIS-LIBRARY-ALL-PARTITION-6:accession:CCMSLIB00016278977,-0.02,mzspec:MSV000096884:ccms_peak/20240323_ADRC_serum_mzML_NA_rm/7513675837.mzML:scan:107,1,0.72,1,0,MSV000096884,NoID,temp/queries/44/4490b3a0712743469749246edd9ccc9a/4490b3a0712743469749246edd9ccc9a.mgf,1,238,1250056
5-ASA_isovaleric-acid,mzspec:GNPS:MULTIPLEX-SYNTHESIS-LIBRARY-ALL-PARTITION-6:accession:CCMSLIB00016278977,-0.02,mzspec:MSV000094395:peak/20240323_ADRC_serum_mzML/7513675837.mzML:scan:107,1,0.72,1,0,MSV000094395,NoID,temp/queries/44/4490b3a0712743469749246edd9ccc9a/4490b3a0712743469749246edd9ccc9a.mgf,1,238,11689
5-ASA_isovaleric-acid,mzspec:GNPS:MULTIPLEX-SYNTHESIS-LIBRARY-ALL-PARTITION-6:accession:CCMSLIB00016278977,-0.02,mzspec:MSV000083664:ccms_peak/mzxml/Buffered/Buffer_Samples/BS06_BA7_01_42260.mzML:scan:70,1,0.72,1,0,MSV000083664,NoID,temp/queries/44/4490b3a0712743469749246edd9ccc9a/4490b3a0712743469749246edd9ccc9a.mgf,1,238,115328
5-ASA_isovaleric-acid,mzspec:GNPS:MULTIPLEX-SYNTHESIS-LIBRARY-ALL-PARTITION-6:accession:CCMSLIB00016278977,0.01,mzspec:MTBLS12424:FILES/DERIVED_FILES/pos/Control2_POS.mzXML:scan:630,1,0.71,1,0,MTBLS12424,NoID,temp/queries/44/4490b3a0712743469749246edd9ccc9a/4490b3a0712743469749246edd9ccc9a.mgf,1,238,1496659
5-ASA_isovaleric-acid,mzspec:GNPS:MULTIPLEX-SYNTHESIS-LIBRARY-ALL-PARTITION-6:accession:CCMSLIB00016278977,0.01,mzspec:MTBLS492:FILES/150930_HILIC_TS_pos_10E_18h.mzML:scan:1409,1,0.71,1,0,MTBLS492,NoID,temp/queries/44/4490b3a0712743469749246edd9ccc9a/4490b3a0712743469749246edd9ccc9a.mgf,1,238,1526982
5-ASA_isovaleric-acid,mzspec:GNPS:MULTIPLEX-SYNTHESIS-LIBRARY-ALL-PARTITION-6:accession:CCMSLIB00016278977,0.01,mzspec:MSV000088661:ccms_peak/LibraryRawData/HILIC/ESIPOS/P2H_POS.mzML:scan:992,1,0.71,1,0,MSV000088661,NoID,temp/queries/44/4490b3a0712743469749246edd9ccc9a/4490b3a0712743469749246edd9ccc9a.mgf,1,238,110228
5-ASA_isovaleric-acid,mzspec:GNPS:MULTIPLEX-SYNTHESIS-LIBRARY-ALL-PARTITION-6:accession:CCMSLIB00016278977,0.01,mzspec:MSV000085480:ccms_peak/190627_Irina_OMZ_Margot/10min method/Station_M_5.mzML:scan:427,1,0.71,1,0,MSV000085480,NoID,temp/queries/44/4490b3a0712743469749246edd9ccc9a/4490b3a0712743469749246edd9ccc9a.mgf,1,238,635610
5-ASA_isovaleric-acid,mzspec:GNPS:MULTIPLEX-SYNTHESIS-LIBRARY-ALL-PARTITION-6:accession:CCMSLIB00016278977,0.01,mzspec:MSV000088661:ccms_peak/LibraryRawData/HILIC/ESIPOS/P3E_POS.mzML:scan:896,1,0.71,2,0,MSV000088661,NoID,temp/queries/44/4490b3a0712743469749246edd9ccc9a/4490b3a0712743469749246edd9ccc9a.mgf,1,238,110003
5-ASA_isovaleric-acid,mzspec:GNPS:MULTIPLEX-SYNTHESIS-LIBRARY-ALL-PARTITION-6:accession:CCMSLIB00016278977,0.01,mzspec:MSV000088661:ccms_peak/LibraryRawData/HILIC/ESIPOS/P2H_POS.mzML:scan:940,1,0.71,1,0,MSV000088661,NoID,temp/queries/44/4490b3a0712743469749246edd9ccc9a/4490b3a0712743469749246edd9ccc9a.mgf,1,238,110227
5-ASA_isovaleric-acid,mzspec:GNPS:MULTIPLEX-SYNTHESIS-LIBRARY-ALL-PARTITION-6:accession:CCMSLIB00016278977,0.01,mzspec:MSV000088661:ccms_peak/LibraryRawData/HILIC/ESIPOS/P2H_POS.mzML:scan:892,1,0.71,1,0,MSV000088661,NoID,temp/queries/44/4490b3a0712743469749246edd9ccc9a/4490b3a0712743469749246edd9ccc9a.mgf,1,238,110226
5-ASA_isovaleric-acid,mzspec:GNPS:MULTIPLEX-SYNTHESIS-LIBRARY-ALL-PARTITION-6:accession:CCMSLIB00016278977,-0.02,mzspec:MSV000092820:raw/083123_Matthaei_Herbarium_lowmz/2019_Matthaei_nBuOH_150-450mz/Foeniculum-vulgare-Stem-nBuOH-2019.mzML:scan:1346,1,0.71,2,0,MSV000092820,NoID,temp/queries/44/4490b3a0712743469749246edd9ccc9a/4490b3a0712743469749246edd9ccc9a.mgf,1,238,182290
5-ASA_isovaleric-acid,mzspec:GNPS:MULTIPLEX-SYNTHESIS-LIBRARY-ALL-PARTITION-6:accession:CCMSLIB00016278977,-0.02,mzspec:MSV000095784:peak/mzML/JOE23LVR6.mzML:scan:412,1,0.71,2,0,MSV000095784,NoID,temp/queries/44/4490b3a0712743469749246edd9ccc9a/4490b3a0712743469749246edd9ccc9a.mgf,1,238,3453
5-ASA_isovaleric-acid,mzspec:GNPS:MULTIPLEX-SYNTHESIS-LIBRARY-ALL-PARTITION-6:accession:CCMSLIB00016278977,-0.02,mzspec:MSV000081804:ccms_peak/20151016_pHILIC___POS_MSMS_KZ_RootExu_6wk_1_of_4_MeOHExt__Run13.mzML:scan:834,1,0.71,2,0,MSV000081804,NoID,temp/queries/44/4490b3a0712743469749246edd9ccc9a/4490b3a0712743469749246edd9ccc9a.mgf,1,238,765522
5-ASA_isovaleric-acid,mzspec:GNPS:MULTIPLEX-SYNTHESIS-LIBRARY-ALL-PARTITION-6:accession:CCMSLIB00016278977,-0.02,mzspec:MSV000081804:peak/20151016_pHILIC___POS_MSMS_KZ_RootExu_6wk_1_of_4_MeOHExt__Run13.mzML:scan:834,1,0.71,2,0,MSV000081804,NoID,temp/queries/44/4490b3a0712743469749246edd9ccc9a/4490b3a0712743469749246edd9ccc9a.mgf,1,238,765649
5-ASA_isovaleric-acid,mzspec:GNPS:MULTIPLEX-SYNTHESIS-LIBRARY-ALL-PARTITION-6:accession:CCMSLIB00016278977,-0.02,mzspec:MSV000083002:ccms_peak/9-26-18/Vicky3-c10-PenicilliumB9A.mzML:scan:182,1,0.71,2,0,MSV000083002,NoID,temp/queries/44/4490b3a0712743469749246edd9ccc9a/4490b3a0712743469749246edd9ccc9a.mgf,1,238,725924
5-ASA_isovaleric-acid,mzspec:GNPS:MULTIPLEX-SYNTHESIS-LIBRARY-ALL-PARTITION-6:accession:CCMSLIB00016278977,0.0,mzspec:MSV000082094:updates/2019-01-10_rhmills_712042dc/raw/FIT020E3CAL_GC10_01_12078.mzXML:scan:1973,1,0.71,3,0,MSV000082094,NoID,temp/queries/44/4490b3a0712743469749246edd9ccc9a/4490b3a0712743469749246edd9ccc9a.mgf,1,238,1084998
5-ASA_isovaleric-acid,mzspec:GNPS:MULTIPLEX-SYNTHESIS-LIBRARY-ALL-PARTITION-6:accession:CCMSLIB00016278977,-0.0,mzspec:MSV000084775:ccms_peak/mzXML/Samples/FIT131E3CAL_GD3_01_50225.mzML:scan:1873,1,0.71,2,0,MSV000084775,NoID,temp/queries/44/4490b3a0712743469749246edd9ccc9a/4490b3a0712743469749246edd9ccc9a.mgf,1,238,614633
5-ASA_isovaleric-acid,mzspec:GNPS:MULTIPLEX-SYNTHESIS-LIBRARY-ALL-PARTITION-6:accession:CCMSLIB00016278977,-0.02,mzspec:MSV000080187:ccms_peak/AMG_antibiotic_study/5954_P1_RC11_01_74.mzXML:scan:110,1,0.71,1,0,MSV000080187,NoID,temp/queries/44/4490b3a0712743469749246edd9ccc9a/4490b3a0712743469749246edd9ccc9a.mgf,1,238,1249188
5-ASA_isovaleric-acid,mzspec:GNPS:MULTIPLEX-SYNTHESIS-LIBRARY-ALL-PARTITION-6:accession:CCMSLIB00016278977,-0.02,mzspec:MSV000096049:peak/HNRC_samples_mzML/HNRC_100H2O_P3_A12.mzML:scan:612,1,0.71,1,0,MSV000096049,NoID,temp/queries/44/4490b3a0712743469749246edd9ccc9a/4490b3a0712743469749246edd9ccc9a.mgf,1,238,264176
5-ASA_isovaleric-acid,mzspec:GNPS:MULTIPLEX-SYNTHESIS-LIBRARY-ALL-PARTITION-6:accession:CCMSLIB00016278977,-0.02,mzspec:MSV000080179:ccms_peak/mzXMLs/5954_P1_RC11_01_74.mzXML:scan:110,1,0.71,1,0,MSV000080179,NoID,temp/queries/44/4490b3a0712743469749246edd9ccc9a/4490b3a0712743469749246edd9ccc9a.mgf,1,238,287553
5-ASA_isovaleric-acid,mzspec:GNPS:MULTIPLEX-SYNTHESIS-LIBRARY-ALL-PARTITION-6:accession:CCMSLIB00016278977,0.0,mzspec:MSV000080050:ccms_peak/mzXML/Sample/Smarr_DF10_BA12_01_20103.mzXML:scan:1121,1,0.71,4,0,MSV000080050,NoID,temp/queries/44/4490b3a0712743469749246edd9ccc9a/4490b3a0712743469749246edd9ccc9a.mgf,1,238,249179
5-ASA_isovaleric-acid,mzspec:GNPS:MULTIPLEX-SYNTHESIS-LIBRARY-ALL-PARTITION-6:accession:CCMSLIB00016278977,-0.02,mzspec:MSV000092820:raw/083123_Matthaei_Herbarium_lowmz/2019_Matthaei_EA_150-450mz/Ptelea-trifoliata-Leaf-ethylacetate-2019.mzML:scan:1344,1,0.71,1,0,MSV000092820,NoID,temp/queries/44/4490b3a0712743469749246edd9ccc9a/4490b3a0712743469749246edd9ccc9a.mgf,1,238,182433
5-ASA_isovaleric-acid,mzspec:GNPS:MULTIPLEX-SYNTHESIS-LIBRARY-ALL-PARTITION-6:accession:CCMSLIB00016278977,-0.0,mzspec:MSV000087942:ccms_peak/Plate_02_RAW/Tube_141.mzML:scan:1224,1,0.71,4,0,MSV000087942,NoID,temp/queries/44/4490b3a0712743469749246edd9ccc9a/4490b3a0712743469749246edd9ccc9a.mgf,1,238,906717
5-ASA_isovaleric-acid,mzspec:GNPS:MULTIPLEX-SYNTHESIS-LIBRARY-ALL-PARTITION-6:accession:CCMSLIB00016278977,-0.0,mzspec:MSV000087942:ccms_peak/Plate_02_RAW/Tube_103.mzML:scan:1231,1,0.71,4,0,MSV000087942,NoID,temp/queries/44/4490b3a0712743469749246edd9ccc9a/4490b3a0712743469749246edd9ccc9a.mgf,1,238,906822
5-ASA_isovaleric-acid,mzspec:GNPS:MULTIPLEX-SYNTHESIS-LIBRARY-ALL-PARTITION-6:accession:CCMSLIB00016278977,-0.02,mzspec:MSV000083664:ccms_peak/mzxml/Buffered/Buffer_Samples/BS24_BC3_01_42285.mzML:scan:75,1,0.7,1,0,MSV000083664,NoID,temp/queries/44/4490b3a0712743469749246edd9ccc9a/4490b3a0712743469749246edd9ccc9a.mgf,1,238,115416
5-ASA_isovaleric-acid,mzspec:GNPS:MULTIPLEX-SYNTHESIS-LIBRARY-ALL-PARTITION-6:accession:CCMSLIB00016278977,-0.02,mzspec:MSV000083664:ccms_peak/mzxml/Non_Buffered/Non_Buffer_Samples/S169_RH4_01_42241.mzML:scan:68,1,0.7,1,0,MSV000083664,NoID,temp/queries/44/4490b3a0712743469749246edd9ccc9a/4490b3a0712743469749246edd9ccc9a.mgf,1,238,115401
5-ASA_isovaleric-acid,mzspec:GNPS:MULTIPLEX-SYNTHESIS-LIBRARY-ALL-PARTITION-6:accession:CCMSLIB00016278977,0.01,mzspec:MTBLS492:FILES/150930_HILIC_TS_pos_10E_18h.mzML:scan:1469,1,0.7,1,0,MTBLS492,NoID,temp/queries/44/4490b3a0712743469749246edd9ccc9a/4490b3a0712743469749246edd9ccc9a.mgf,1,238,1526983
5-ASA_isovaleric-acid,mzspec:GNPS:MULTIPLEX-SYNTHESIS-LIBRARY-ALL-PARTITION-6:accession:CCMSLIB00016278977,0.01,mzspec:MTBLS492:FILES/150930_HILIC_TS_pos_9B_18h.mzML:scan:1389,1,0.7,1,0,MTBLS492,NoID,temp/queries/44/4490b3a0712743469749246edd9ccc9a/4490b3a0712743469749246edd9ccc9a.mgf,1,238,1527039
5-ASA_isovaleric-acid,mzspec:GNPS:MULTIPLEX-SYNTHESIS-LIBRARY-ALL-PARTITION-6:accession:CCMSLIB00016278977,-0.02,mzspec:MSV000095423:updates/2024-07-24_helenamrusso_d8d86449/peak/LC1_5to100/HNRC_P3_A12_Sample_X3148348.mzML:scan:396,1,0.7,1,0,MSV000095423,NoID,temp/queries/44/4490b3a0712743469749246edd9ccc9a/4490b3a0712743469749246edd9ccc9a.mgf,1,238,426549
5-ASA_isovaleric-acid,mzspec:GNPS:MULTIPLEX-SYNTHESIS-LIBRARY-ALL-PARTITION-6:accession:CCMSLIB00016278977,0.01,mzspec:MSV000095296:ccms_peak/positive_T0d/D199A.mzML:scan:4294967295,1,0.7,3,0,MSV000095296,NoID,temp/queries/44/4490b3a0712743469749246edd9ccc9a/4490b3a0712743469749246edd9ccc9a.mgf,1,238,484122
