compound_name,lib_usi,Delta Mass,USI,Charge,Cosine,Matching Peaks,Unit Delta Mass,Dataset,Status,Query Filename,Query Scan,Index UnitPM,Index IdxInUnitPM
5-ASA_l-tyrosine,mzspec:GNPS:MULTIPLEX-SYNTHESIS-LIBRARY-ALL-PARTITION-6:accession:CCMSLIB00016279163,0.0,mzspec:MSV000082094:updates/2019-01-10_rhmills_712042dc/raw/Extract_blank_GA1_01_12086.mzXML:scan:1444,1,0.78,5,0,MSV000082094,NoID,temp/queries/30/30a198feb8a44d249d2278ddda7a0af7/30a198feb8a44d249d2278ddda7a0af7.mgf,1,317,1926813
5-ASA_l-tyrosine,mzspec:GNPS:MULTIPLEX-SYNTHESIS-LIBRARY-ALL-PARTITION-6:accession:CCMSLIB00016279163,0.0,mzspec:MSV000082431:ccms_peak/blanks/Extract_blank_GA1_01_12086.mzML:scan:1444,1,0.78,5,0,MSV000082431,NoID,temp/queries/30/30a198feb8a44d249d2278ddda7a0af7/30a198feb8a44d249d2278ddda7a0af7.mgf,1,317,1246688
5-ASA_l-tyrosine,mzspec:GNPS:MULTIPLEX-SYNTHESIS-LIBRARY-ALL-PARTITION-6:accession:CCMSLIB00016279163,-0.0,mzspec:MSV000093167:ccms_peak/Raw Files/9.mzML:scan:1310,1,0.77,5,0,MSV000093167,NoID,temp/queries/30/30a198feb8a44d249d2278ddda7a0af7/30a198feb8a44d249d2278ddda7a0af7.mgf,1,317,301917
5-ASA_l-tyrosine,mzspec:GNPS:MULTIPLEX-SYNTHESIS-LIBRARY-ALL-PARTITION-6:accession:CCMSLIB00016279163,-0.0,mzspec:MSV000093167:peak/Samples/9.mzXML:scan:1310,1,0.77,5,0,MSV000093167,NoID,temp/queries/30/30a198feb8a44d249d2278ddda7a0af7/30a198feb8a44d249d2278ddda7a0af7.mgf,1,317,302347
5-ASA_l-tyrosine,mzspec:GNPS:MULTIPLEX-SYNTHESIS-LIBRARY-ALL-PARTITION-6:accession:CCMSLIB00016279163,0.02,mzspec:MSV000081022:ccms_peak/peaks/Urine_87_Top10_POS.mzXML:scan:3439,1,0.74,2,0,MSV000081022,NoID,temp/queries/30/30a198feb8a44d249d2278ddda7a0af7/30a198feb8a44d249d2278ddda7a0af7.mgf,1,317,184829
5-ASA_l-tyrosine,mzspec:GNPS:MULTIPLEX-SYNTHESIS-LIBRARY-ALL-PARTITION-6:accession:CCMSLIB00016279163,0.02,mzspec:MTBLS307:FILES/Urine_87_Top10_POS.mzXML:scan:3439,1,0.74,2,0,MTBLS307,NoID,temp/queries/30/30a198feb8a44d249d2278ddda7a0af7/30a198feb8a44d249d2278ddda7a0af7.mgf,1,317,2653594
5-ASA_l-tyrosine,mzspec:GNPS:MULTIPLEX-SYNTHESIS-LIBRARY-ALL-PARTITION-6:accession:CCMSLIB00016279163,0.02,mzspec:MSV000082971:ccms_peak/Urine90_Top10_POS.mzML:scan:3389,1,0.73,2,0,MSV000082971,NoID,temp/queries/30/30a198feb8a44d249d2278ddda7a0af7/30a198feb8a44d249d2278ddda7a0af7.mgf,1,317,12336
5-ASA_l-tyrosine,mzspec:GNPS:MULTIPLEX-SYNTHESIS-LIBRARY-ALL-PARTITION-6:accession:CCMSLIB00016279163,0.02,mzspec:MTBLS307:FILES/Urine_20_Top10_POS.mzXML:scan:3370,1,0.73,2,0,MTBLS307,NoID,temp/queries/30/30a198feb8a44d249d2278ddda7a0af7/30a198feb8a44d249d2278ddda7a0af7.mgf,1,317,2653646
5-ASA_l-tyrosine,mzspec:GNPS:MULTIPLEX-SYNTHESIS-LIBRARY-ALL-PARTITION-6:accession:CCMSLIB00016279163,0.02,mzspec:MSV000081022:ccms_peak/peaks/Urine_19_Top10_POS.mzXML:scan:3341,1,0.73,2,0,MSV000081022,NoID,temp/queries/30/30a198feb8a44d249d2278ddda7a0af7/30a198feb8a44d249d2278ddda7a0af7.mgf,1,317,184925
5-ASA_l-tyrosine,mzspec:GNPS:MULTIPLEX-SYNTHESIS-LIBRARY-ALL-PARTITION-6:accession:CCMSLIB00016279163,0.02,mzspec:MSV000082971:ccms_peak/Urine19_Top10_POS.mzML:scan:3341,1,0.73,2,0,MSV000082971,NoID,temp/queries/30/30a198feb8a44d249d2278ddda7a0af7/30a198feb8a44d249d2278ddda7a0af7.mgf,1,317,12348
5-ASA_l-tyrosine,mzspec:GNPS:MULTIPLEX-SYNTHESIS-LIBRARY-ALL-PARTITION-6:accession:CCMSLIB00016279163,0.02,mzspec:MTBLS307:FILES/Urine_19_Top10_POS.mzXML:scan:3341,1,0.73,2,0,MTBLS307,NoID,temp/queries/30/30a198feb8a44d249d2278ddda7a0af7/30a198feb8a44d249d2278ddda7a0af7.mgf,1,317,2653644
5-ASA_l-tyrosine,mzspec:GNPS:MULTIPLEX-SYNTHESIS-LIBRARY-ALL-PARTITION-6:accession:CCMSLIB00016279163,0.02,mzspec:MSV000081022:ccms_peak/peaks/Urine_90_Top10_POS.mzXML:scan:3389,1,0.73,2,0,MSV000081022,NoID,temp/queries/30/30a198feb8a44d249d2278ddda7a0af7/30a198feb8a44d249d2278ddda7a0af7.mgf,1,317,184887
5-ASA_l-tyrosine,mzspec:GNPS:MULTIPLEX-SYNTHESIS-LIBRARY-ALL-PARTITION-6:accession:CCMSLIB00016279163,0.02,mzspec:MTBLS307:FILES/Urine_90_Top10_POS.mzXML:scan:3389,1,0.73,2,0,MTBLS307,NoID,temp/queries/30/30a198feb8a44d249d2278ddda7a0af7/30a198feb8a44d249d2278ddda7a0af7.mgf,1,317,2653660
5-ASA_l-tyrosine,mzspec:GNPS:MULTIPLEX-SYNTHESIS-LIBRARY-ALL-PARTITION-6:accession:CCMSLIB00016279163,0.02,mzspec:MSV000081022:ccms_peak/peaks/Urine_20_Top10_POS.mzXML:scan:3370,1,0.73,2,0,MSV000081022,NoID,temp/queries/30/30a198feb8a44d249d2278ddda7a0af7/30a198feb8a44d249d2278ddda7a0af7.mgf,1,317,184948
5-ASA_l-tyrosine,mzspec:GNPS:MULTIPLEX-SYNTHESIS-LIBRARY-ALL-PARTITION-6:accession:CCMSLIB00016279163,0.02,mzspec:MSV000082971:ccms_peak/Urine20_Top10_POS.mzML:scan:3370,1,0.73,2,0,MSV000082971,NoID,temp/queries/30/30a198feb8a44d249d2278ddda7a0af7/30a198feb8a44d249d2278ddda7a0af7.mgf,1,317,12383
5-ASA_l-tyrosine,mzspec:GNPS:MULTIPLEX-SYNTHESIS-LIBRARY-ALL-PARTITION-6:accession:CCMSLIB00016279163,0.0,mzspec:MSV000082431:ccms_peak/blanks/Extract_blank_GA1_01_12087.mzML:scan:1468,1,0.72,5,0,MSV000082431,NoID,temp/queries/30/30a198feb8a44d249d2278ddda7a0af7/30a198feb8a44d249d2278ddda7a0af7.mgf,1,317,1246678
5-ASA_l-tyrosine,mzspec:GNPS:MULTIPLEX-SYNTHESIS-LIBRARY-ALL-PARTITION-6:accession:CCMSLIB00016279163,0.0,mzspec:MSV000082094:updates/2019-01-10_rhmills_712042dc/raw/Extract_blank_GA1_01_12087.mzXML:scan:1468,1,0.72,5,0,MSV000082094,NoID,temp/queries/30/30a198feb8a44d249d2278ddda7a0af7/30a198feb8a44d249d2278ddda7a0af7.mgf,1,317,1926679
5-ASA_l-tyrosine,mzspec:GNPS:MULTIPLEX-SYNTHESIS-LIBRARY-ALL-PARTITION-6:accession:CCMSLIB00016279163,0.0,mzspec:MSV000082094:updates/2019-01-10_rhmills_712042dc/raw/FIT200E3CAL_GC1_01_12069.mzXML:scan:1454,1,0.71,5,0,MSV000082094,NoID,temp/queries/30/30a198feb8a44d249d2278ddda7a0af7/30a198feb8a44d249d2278ddda7a0af7.mgf,1,317,1926706
