compound_name,lib_usi,Delta Mass,USI,Charge,Cosine,Matching Peaks,Unit Delta Mass,Dataset,Status,Query Filename,Query Scan,Index UnitPM,Index IdxInUnitPM
5-ASA_levulinic-acid,mzspec:GNPS:MULTIPLEX-SYNTHESIS-LIBRARY-ALL-PARTITION-6:accession:CCMSLIB00016279024,-0.0,mzspec:MSV000094528:peak/mzml_20231123_positive/20231123_pluskal_nencka_mce_5001_K19_id_MSn_positive.mzML:scan:360,1,0.85,1,0,MSV000094528,NoID,temp/queries/bd/bda749ee40844b459bd577485908e58b/bda749ee40844b459bd577485908e58b.mgf,1,252,150005
5-ASA_levulinic-acid,mzspec:GNPS:MULTIPLEX-SYNTHESIS-LIBRARY-ALL-PARTITION-6:accession:CCMSLIB00016279024,-0.0,mzspec:MSV000094528:peak/mzml_20231123_positive/20231123_pluskal_nencka_mce_5001_K19_id_MSn_positive.mzML:scan:361,1,0.84,1,0,MSV000094528,NoID,temp/queries/bd/bda749ee40844b459bd577485908e58b/bda749ee40844b459bd577485908e58b.mgf,1,252,150006
5-ASA_levulinic-acid,mzspec:GNPS:MULTIPLEX-SYNTHESIS-LIBRARY-ALL-PARTITION-6:accession:CCMSLIB00016279024,-0.0,mzspec:MSV000092032:ccms_peak/raw/BAXplate6_H9.mzML:scan:388,1,0.8,2,0,MSV000092032,NoID,temp/queries/bd/bda749ee40844b459bd577485908e58b/bda749ee40844b459bd577485908e58b.mgf,1,252,1228453
5-ASA_levulinic-acid,mzspec:GNPS:MULTIPLEX-SYNTHESIS-LIBRARY-ALL-PARTITION-6:accession:CCMSLIB00016279024,-0.0,mzspec:MSV000092032:peak/mzML/BAXplate6_H9.mzML:scan:374,1,0.79,2,0,MSV000092032,NoID,temp/queries/bd/bda749ee40844b459bd577485908e58b/bda749ee40844b459bd577485908e58b.mgf,1,252,1228705
5-ASA_levulinic-acid,mzspec:GNPS:MULTIPLEX-SYNTHESIS-LIBRARY-ALL-PARTITION-6:accession:CCMSLIB00016279024,-0.0,mzspec:MSV000092032:peak/mzML/BAXplate6_H9.mzML:scan:380,1,0.79,2,0,MSV000092032,NoID,temp/queries/bd/bda749ee40844b459bd577485908e58b/bda749ee40844b459bd577485908e58b.mgf,1,252,1228706
5-ASA_levulinic-acid,mzspec:GNPS:MULTIPLEX-SYNTHESIS-LIBRARY-ALL-PARTITION-6:accession:CCMSLIB00016279024,-0.0,mzspec:MSV000092032:peak/mzML/BAXplate6_H9.mzML:scan:388,1,0.79,2,0,MSV000092032,NoID,temp/queries/bd/bda749ee40844b459bd577485908e58b/bda749ee40844b459bd577485908e58b.mgf,1,252,1228707
5-ASA_levulinic-acid,mzspec:GNPS:MULTIPLEX-SYNTHESIS-LIBRARY-ALL-PARTITION-6:accession:CCMSLIB00016279024,-0.0,mzspec:MSV000092032:peak/mzML/BAXplate6_H9.mzML:scan:394,1,0.79,2,0,MSV000092032,NoID,temp/queries/bd/bda749ee40844b459bd577485908e58b/bda749ee40844b459bd577485908e58b.mgf,1,252,1228708
5-ASA_levulinic-acid,mzspec:GNPS:MULTIPLEX-SYNTHESIS-LIBRARY-ALL-PARTITION-6:accession:CCMSLIB00016279024,-0.0,mzspec:MSV000092032:peak/mzML/BAXplate6_H9.mzML:scan:400,1,0.79,2,0,MSV000092032,NoID,temp/queries/bd/bda749ee40844b459bd577485908e58b/bda749ee40844b459bd577485908e58b.mgf,1,252,1228709
5-ASA_levulinic-acid,mzspec:GNPS:MULTIPLEX-SYNTHESIS-LIBRARY-ALL-PARTITION-6:accession:CCMSLIB00016279024,-0.0,mzspec:MSV000092032:ccms_peak/raw/BAXplate6_H9.mzML:scan:380,1,0.79,2,0,MSV000092032,NoID,temp/queries/bd/bda749ee40844b459bd577485908e58b/bda749ee40844b459bd577485908e58b.mgf,1,252,1228452
5-ASA_levulinic-acid,mzspec:GNPS:MULTIPLEX-SYNTHESIS-LIBRARY-ALL-PARTITION-6:accession:CCMSLIB00016279024,-0.0,mzspec:MSV000092032:ccms_peak/raw/BAXplate6_H9.mzML:scan:394,1,0.79,2,0,MSV000092032,NoID,temp/queries/bd/bda749ee40844b459bd577485908e58b/bda749ee40844b459bd577485908e58b.mgf,1,252,1228454
5-ASA_levulinic-acid,mzspec:GNPS:MULTIPLEX-SYNTHESIS-LIBRARY-ALL-PARTITION-6:accession:CCMSLIB00016279024,-0.0,mzspec:MSV000092032:ccms_peak/raw/BAXplate6_H9.mzML:scan:400,1,0.79,2,0,MSV000092032,NoID,temp/queries/bd/bda749ee40844b459bd577485908e58b/bda749ee40844b459bd577485908e58b.mgf,1,252,1228455
5-ASA_levulinic-acid,mzspec:GNPS:MULTIPLEX-SYNTHESIS-LIBRARY-ALL-PARTITION-6:accession:CCMSLIB00016279024,-0.0,mzspec:MSV000092032:ccms_peak/raw/BAXplate6_H9.mzML:scan:374,1,0.79,2,0,MSV000092032,NoID,temp/queries/bd/bda749ee40844b459bd577485908e58b/bda749ee40844b459bd577485908e58b.mgf,1,252,1228451
5-ASA_levulinic-acid,mzspec:GNPS:MULTIPLEX-SYNTHESIS-LIBRARY-ALL-PARTITION-6:accession:CCMSLIB00016279024,0.01,mzspec:MSV000095478:updates/2024-11-05_bbrandao_e874c07d/peak/neg_mzML/CF242_NEG.mzML:scan:2215,1,0.78,1,0,MSV000095478,NoID,temp/queries/bd/bda749ee40844b459bd577485908e58b/bda749ee40844b459bd577485908e58b.mgf,1,252,56717
5-ASA_levulinic-acid,mzspec:GNPS:MULTIPLEX-SYNTHESIS-LIBRARY-ALL-PARTITION-6:accession:CCMSLIB00016279024,0.01,mzspec:MSV000095296:ccms_peak/positive_T0d/D205A.mzML:scan:4294967295,1,0.77,1,0,MSV000095296,NoID,temp/queries/bd/bda749ee40844b459bd577485908e58b/bda749ee40844b459bd577485908e58b.mgf,1,252,569146
5-ASA_levulinic-acid,mzspec:GNPS:MULTIPLEX-SYNTHESIS-LIBRARY-ALL-PARTITION-6:accession:CCMSLIB00016279024,-0.01,mzspec:MTBLS3963:FILES/DERIVED_FILES/POS/QC-7_POS.mzML:scan:4294967295,1,0.77,1,0,MTBLS3963,NoID,temp/queries/bd/bda749ee40844b459bd577485908e58b/bda749ee40844b459bd577485908e58b.mgf,1,252,1828963
5-ASA_levulinic-acid,mzspec:GNPS:MULTIPLEX-SYNTHESIS-LIBRARY-ALL-PARTITION-6:accession:CCMSLIB00016279024,0.0,mzspec:MSV000095296:ccms_peak/positive_T28d/D048B.mzML:scan:4294967295,1,0.77,1,0,MSV000095296,NoID,temp/queries/bd/bda749ee40844b459bd577485908e58b/bda749ee40844b459bd577485908e58b.mgf,1,252,567240
5-ASA_levulinic-acid,mzspec:GNPS:MULTIPLEX-SYNTHESIS-LIBRARY-ALL-PARTITION-6:accession:CCMSLIB00016279024,-0.0,mzspec:MSV000094559:updates/2025-03-18_apatan_fc71856c/raw/03152025_jhonsnow/mzML/Hu_1222.mzML:scan:326,1,0.77,3,0,MSV000094559,NoID,temp/queries/bd/bda749ee40844b459bd577485908e58b/bda749ee40844b459bd577485908e58b.mgf,1,252,591731
5-ASA_levulinic-acid,mzspec:GNPS:MULTIPLEX-SYNTHESIS-LIBRARY-ALL-PARTITION-6:accession:CCMSLIB00016279024,0.01,mzspec:MSV000095478:updates/2024-11-05_bbrandao_e874c07d/peak/neg_mzML/CF235_NEG.mzML:scan:2181,1,0.76,1,0,MSV000095478,NoID,temp/queries/bd/bda749ee40844b459bd577485908e58b/bda749ee40844b459bd577485908e58b.mgf,1,252,56197
5-ASA_levulinic-acid,mzspec:GNPS:MULTIPLEX-SYNTHESIS-LIBRARY-ALL-PARTITION-6:accession:CCMSLIB00016279024,-0.0,mzspec:MSV000088673:ccms_peak/Cyrtopodium glutiniferum/20170809_1CG1_b.mzML:scan:8100,1,0.76,1,0,MSV000088673,NoID,temp/queries/bd/bda749ee40844b459bd577485908e58b/bda749ee40844b459bd577485908e58b.mgf,1,252,980162
5-ASA_levulinic-acid,mzspec:GNPS:MULTIPLEX-SYNTHESIS-LIBRARY-ALL-PARTITION-6:accession:CCMSLIB00016279024,-0.01,mzspec:MSV000083759:ccms_peak/Stool-all/16NAVY08_V2_20160314_rerun_RB1_01_39491.mzML:scan:873,1,0.75,1,0,MSV000083759,NoID,temp/queries/bd/bda749ee40844b459bd577485908e58b/bda749ee40844b459bd577485908e58b.mgf,1,252,807387
5-ASA_levulinic-acid,mzspec:GNPS:MULTIPLEX-SYNTHESIS-LIBRARY-ALL-PARTITION-6:accession:CCMSLIB00016279024,0.01,mzspec:MSV000095478:updates/2024-11-05_bbrandao_e874c07d/peak/neg_mzML/CF241_NEG.mzML:scan:2216,1,0.74,1,0,MSV000095478,NoID,temp/queries/bd/bda749ee40844b459bd577485908e58b/bda749ee40844b459bd577485908e58b.mgf,1,252,56517
5-ASA_levulinic-acid,mzspec:GNPS:MULTIPLEX-SYNTHESIS-LIBRARY-ALL-PARTITION-6:accession:CCMSLIB00016279024,-0.0,mzspec:MSV000088673:ccms_peak/Cyrtopodium glutiniferum/20170809_1CG2_a.mzML:scan:7902,1,0.74,1,0,MSV000088673,NoID,temp/queries/bd/bda749ee40844b459bd577485908e58b/bda749ee40844b459bd577485908e58b.mgf,1,252,980237
5-ASA_levulinic-acid,mzspec:GNPS:MULTIPLEX-SYNTHESIS-LIBRARY-ALL-PARTITION-6:accession:CCMSLIB00016279024,-0.0,mzspec:MSV000088673:ccms_peak/Cyrtopodium glutiniferum/20170809_1CG2_c.mzML:scan:8125,1,0.74,1,0,MSV000088673,NoID,temp/queries/bd/bda749ee40844b459bd577485908e58b/bda749ee40844b459bd577485908e58b.mgf,1,252,980449
5-ASA_levulinic-acid,mzspec:GNPS:MULTIPLEX-SYNTHESIS-LIBRARY-ALL-PARTITION-6:accession:CCMSLIB00016279024,0.01,mzspec:MSV000090886:ccms_peak/rawdata/20220119_JGI_MD_507130_BioS_final1_QE-139_HILICZ_USHXG01825_NEG_MSMS_46RZM_BESC-388-Corv-RZM_1_Rg70to1050-CE102040-rhizo-S1_Run424.mzML:scan:1116,1,0.74,1,0,MSV000090886,NoID,temp/queries/bd/bda749ee40844b459bd577485908e58b/bda749ee40844b459bd577485908e58b.mgf,1,252,1261543
5-ASA_levulinic-acid,mzspec:GNPS:MULTIPLEX-SYNTHESIS-LIBRARY-ALL-PARTITION-6:accession:CCMSLIB00016279024,0.01,mzspec:MSV000090886:raw/rawdata/20220119_JGI_MD_507130_BioS_final1_QE-139_HILICZ_USHXG01825_NEG_MSMS_46RZM_BESC-388-Corv-RZM_1_Rg70to1050-CE102040-rhizo-S1_Run424.mzML:scan:1116,1,0.74,1,0,MSV000090886,NoID,temp/queries/bd/bda749ee40844b459bd577485908e58b/bda749ee40844b459bd577485908e58b.mgf,1,252,1261861
5-ASA_levulinic-acid,mzspec:GNPS:MULTIPLEX-SYNTHESIS-LIBRARY-ALL-PARTITION-6:accession:CCMSLIB00016279024,-0.0,mzspec:MSV000088673:ccms_peak/Cyrtopodium glutiniferum/20170809_1CG3_c.mzML:scan:8079,1,0.73,1,0,MSV000088673,NoID,temp/queries/bd/bda749ee40844b459bd577485908e58b/bda749ee40844b459bd577485908e58b.mgf,1,252,980430
5-ASA_levulinic-acid,mzspec:GNPS:MULTIPLEX-SYNTHESIS-LIBRARY-ALL-PARTITION-6:accession:CCMSLIB00016279024,-0.0,mzspec:MSV000088673:ccms_peak/Cyrtopodium glutiniferum/20170809_1CG3_a.mzML:scan:7851,1,0.73,1,0,MSV000088673,NoID,temp/queries/bd/bda749ee40844b459bd577485908e58b/bda749ee40844b459bd577485908e58b.mgf,1,252,980143
5-ASA_levulinic-acid,mzspec:GNPS:MULTIPLEX-SYNTHESIS-LIBRARY-ALL-PARTITION-6:accession:CCMSLIB00016279024,-0.0,mzspec:MSV000088673:ccms_peak/Cyrtopodium glutiniferum/20170809_1CG3_b.mzML:scan:8097,1,0.73,1,0,MSV000088673,NoID,temp/queries/bd/bda749ee40844b459bd577485908e58b/bda749ee40844b459bd577485908e58b.mgf,1,252,980331
5-ASA_levulinic-acid,mzspec:GNPS:MULTIPLEX-SYNTHESIS-LIBRARY-ALL-PARTITION-6:accession:CCMSLIB00016279024,0.02,mzspec:MSV000085713:peak/Peak_List_Files/Fracking_Fluid_MetFish/carbonyl_1018_col2_02232016.mzML:scan:10519,1,0.72,1,0,MSV000085713,NoID,temp/queries/bd/bda749ee40844b459bd577485908e58b/bda749ee40844b459bd577485908e58b.mgf,1,252,1394270
5-ASA_levulinic-acid,mzspec:GNPS:MULTIPLEX-SYNTHESIS-LIBRARY-ALL-PARTITION-6:accession:CCMSLIB00016279024,0.02,mzspec:MSV000085713:ccms_peak/Raw_Spectrum_Files/Fracking_Fluid_MetFish/carbonyl_1018_col2_02232016.mzML:scan:10519,1,0.72,1,0,MSV000085713,NoID,temp/queries/bd/bda749ee40844b459bd577485908e58b/bda749ee40844b459bd577485908e58b.mgf,1,252,1412594
5-ASA_levulinic-acid,mzspec:GNPS:MULTIPLEX-SYNTHESIS-LIBRARY-ALL-PARTITION-6:accession:CCMSLIB00016279024,0.02,mzspec:MTBLS12326:FILES/DERIVED_FILES/HFX8_1807137_CP_blank.mzML:scan:3719,1,0.72,1,0,MTBLS12326,NoID,temp/queries/bd/bda749ee40844b459bd577485908e58b/bda749ee40844b459bd577485908e58b.mgf,1,252,1876367
5-ASA_levulinic-acid,mzspec:GNPS:MULTIPLEX-SYNTHESIS-LIBRARY-ALL-PARTITION-6:accession:CCMSLIB00016279024,0.01,mzspec:MSV000090886:raw/rawdata/20220119_JGI_MD_507130_BioS_final1_QE-139_HILICZ_USHXG01825_NEG_MSMS_4RM_BESC-13-Corv-RM_1_Rg70to1050-CE102040-root-S1_Run707.mzML:scan:1056,1,0.72,1,0,MSV000090886,NoID,temp/queries/bd/bda749ee40844b459bd577485908e58b/bda749ee40844b459bd577485908e58b.mgf,1,252,1261421
5-ASA_levulinic-acid,mzspec:GNPS:MULTIPLEX-SYNTHESIS-LIBRARY-ALL-PARTITION-6:accession:CCMSLIB00016279024,0.01,mzspec:MSV000090886:ccms_peak/rawdata/20220119_JGI_MD_507130_BioS_final1_QE-139_HILICZ_USHXG01825_NEG_MSMS_4RM_BESC-13-Corv-RM_1_Rg70to1050-CE102040-root-S1_Run707.mzML:scan:1056,1,0.72,1,0,MSV000090886,NoID,temp/queries/bd/bda749ee40844b459bd577485908e58b/bda749ee40844b459bd577485908e58b.mgf,1,252,1261721
5-ASA_levulinic-acid,mzspec:GNPS:MULTIPLEX-SYNTHESIS-LIBRARY-ALL-PARTITION-6:accession:CCMSLIB00016279024,0.02,mzspec:MSV000085713:ccms_peak/Raw_Spectrum_Files/Fracking_Fluid_MetFish/carbonyl_1018_col2_02232016.mzML:scan:10562,1,0.71,1,0,MSV000085713,NoID,temp/queries/bd/bda749ee40844b459bd577485908e58b/bda749ee40844b459bd577485908e58b.mgf,1,252,1412599
5-ASA_levulinic-acid,mzspec:GNPS:MULTIPLEX-SYNTHESIS-LIBRARY-ALL-PARTITION-6:accession:CCMSLIB00016279024,0.02,mzspec:MSV000085713:peak/Peak_List_Files/Fracking_Fluid_MetFish/carbonyl_1018_col2_02232016.mzML:scan:10562,1,0.71,1,0,MSV000085713,NoID,temp/queries/bd/bda749ee40844b459bd577485908e58b/bda749ee40844b459bd577485908e58b.mgf,1,252,1394275
5-ASA_levulinic-acid,mzspec:GNPS:MULTIPLEX-SYNTHESIS-LIBRARY-ALL-PARTITION-6:accession:CCMSLIB00016279024,-0.0,mzspec:MSV000093200:peak/mzML/139617.mzML:scan:1637,1,0.71,1,0,MSV000093200,NoID,temp/queries/bd/bda749ee40844b459bd577485908e58b/bda749ee40844b459bd577485908e58b.mgf,1,252,1177364
5-ASA_levulinic-acid,mzspec:GNPS:MULTIPLEX-SYNTHESIS-LIBRARY-ALL-PARTITION-6:accession:CCMSLIB00016279024,0.02,mzspec:MTBLS12326:FILES/DERIVED_FILES/HFX8_1807137_CP_blank.mzML:scan:674,1,0.71,2,0,MTBLS12326,NoID,temp/queries/bd/bda749ee40844b459bd577485908e58b/bda749ee40844b459bd577485908e58b.mgf,1,252,1876350
5-ASA_levulinic-acid,mzspec:GNPS:MULTIPLEX-SYNTHESIS-LIBRARY-ALL-PARTITION-6:accession:CCMSLIB00016279024,-0.0,mzspec:MSV000095003:peak/20240610_PCP_pos/P3_D11_563.mzML:scan:431,1,0.71,3,0,MSV000095003,NoID,temp/queries/bd/bda749ee40844b459bd577485908e58b/bda749ee40844b459bd577485908e58b.mgf,1,252,878124
5-ASA_levulinic-acid,mzspec:GNPS:MULTIPLEX-SYNTHESIS-LIBRARY-ALL-PARTITION-6:accession:CCMSLIB00016279024,-0.0,mzspec:MSV000095003:peak/20240610_PCP_pos/P7_A4_433.mzML:scan:510,1,0.7,3,0,MSV000095003,NoID,temp/queries/bd/bda749ee40844b459bd577485908e58b/bda749ee40844b459bd577485908e58b.mgf,1,252,877465
5-ASA_levulinic-acid,mzspec:GNPS:MULTIPLEX-SYNTHESIS-LIBRARY-ALL-PARTITION-6:accession:CCMSLIB00016279024,-0.0,mzspec:MSV000095296:ccms_peak/positive_T42d/D153C.mzML:scan:4294967295,1,0.7,2,0,MSV000095296,NoID,temp/queries/bd/bda749ee40844b459bd577485908e58b/bda749ee40844b459bd577485908e58b.mgf,1,252,563534
5-ASA_levulinic-acid,mzspec:GNPS:MULTIPLEX-SYNTHESIS-LIBRARY-ALL-PARTITION-6:accession:CCMSLIB00016279024,-0.0,mzspec:MSV000088673:ccms_peak/Cyrtopodium glutiniferum/20170809_1CG1_a.mzML:scan:7069,1,0.7,1,0,MSV000088673,NoID,temp/queries/bd/bda749ee40844b459bd577485908e58b/bda749ee40844b459bd577485908e58b.mgf,1,252,980216
5-ASA_levulinic-acid,mzspec:GNPS:MULTIPLEX-SYNTHESIS-LIBRARY-ALL-PARTITION-6:accession:CCMSLIB00016279024,0.01,mzspec:MSV000095296:ccms_peak/positive_T0d/D206A.mzML:scan:4294967295,1,0.7,1,0,MSV000095296,NoID,temp/queries/bd/bda749ee40844b459bd577485908e58b/bda749ee40844b459bd577485908e58b.mgf,1,252,567490
5-ASA_levulinic-acid,mzspec:GNPS:MULTIPLEX-SYNTHESIS-LIBRARY-ALL-PARTITION-6:accession:CCMSLIB00016279024,-0.02,mzspec:ST002532:rawdata/pos/T-A9.mzML:scan:2536,1,0.7,2,0,ST002532,NoID,temp/queries/bd/bda749ee40844b459bd577485908e58b/bda749ee40844b459bd577485908e58b.mgf,1,252,1595637
