compound_name,lib_usi,Delta Mass,USI,Charge,Cosine,Matching Peaks,Unit Delta Mass,Dataset,Status,Query Filename,Query Scan,Index UnitPM,Index IdxInUnitPM
5-ASA_linolenic-acid,mzspec:GNPS:MULTIPLEX-SYNTHESIS-LIBRARY-ALL-PARTITION-6:accession:CCMSLIB00016278648,-0.0,mzspec:MSV000081492:ccms_peak/Raw_Files/Samples_Sham/72844.mzML:scan:2597,1,0.95,11,0,MSV000081492,NoID,temp/queries/ad/ad0def0a6fd0496f8210c0e7ace57842/ad0def0a6fd0496f8210c0e7ace57842.mgf,1,414,989281
5-ASA_linolenic-acid,mzspec:GNPS:MULTIPLEX-SYNTHESIS-LIBRARY-ALL-PARTITION-6:accession:CCMSLIB00016278648,-0.0,mzspec:MSV000081492:ccms_peak/Raw_Files/Samples_Treatment/dhmc_6_10.mzML:scan:2951,1,0.95,10,0,MSV000081492,NoID,temp/queries/ad/ad0def0a6fd0496f8210c0e7ace57842/ad0def0a6fd0496f8210c0e7ace57842.mgf,1,414,989275
5-ASA_linolenic-acid,mzspec:GNPS:MULTIPLEX-SYNTHESIS-LIBRARY-ALL-PARTITION-6:accession:CCMSLIB00016278648,-0.0,mzspec:MSV000094393:peak/Salicylic_Fatty_acids_AP_55.mzML:scan:3541,1,0.94,11,0,MSV000094393,NoID,temp/queries/ad/ad0def0a6fd0496f8210c0e7ace57842/ad0def0a6fd0496f8210c0e7ace57842.mgf,1,414,394698
5-ASA_linolenic-acid,mzspec:GNPS:MULTIPLEX-SYNTHESIS-LIBRARY-ALL-PARTITION-6:accession:CCMSLIB00016278648,-0.0,mzspec:MSV000083306:peak/QE_C18RT_mzML/QEC18RT_F1-1_To-1.mzML:scan:2770,1,0.94,11,0,MSV000083306,NoID,temp/queries/ad/ad0def0a6fd0496f8210c0e7ace57842/ad0def0a6fd0496f8210c0e7ace57842.mgf,1,414,924652
5-ASA_linolenic-acid,mzspec:GNPS:MULTIPLEX-SYNTHESIS-LIBRARY-ALL-PARTITION-6:accession:CCMSLIB00016278648,-0.0,mzspec:MSV000083306:peak/QE_C18RT_mzML/QEC18RT_F1-3_To-1.mzML:scan:2803,1,0.93,11,0,MSV000083306,NoID,temp/queries/ad/ad0def0a6fd0496f8210c0e7ace57842/ad0def0a6fd0496f8210c0e7ace57842.mgf,1,414,925229
5-ASA_linolenic-acid,mzspec:GNPS:MULTIPLEX-SYNTHESIS-LIBRARY-ALL-PARTITION-6:accession:CCMSLIB00016278648,-0.0,mzspec:MSV000083306:peak/QE_C18RT_mzML/QEC18RT_F1-3_To-1_20181229085617.mzML:scan:2886,1,0.91,10,0,MSV000083306,NoID,temp/queries/ad/ad0def0a6fd0496f8210c0e7ace57842/ad0def0a6fd0496f8210c0e7ace57842.mgf,1,414,925817
5-ASA_linolenic-acid,mzspec:GNPS:MULTIPLEX-SYNTHESIS-LIBRARY-ALL-PARTITION-6:accession:CCMSLIB00016278648,-0.0,mzspec:MSV000083756:ccms_peak/Fecal-1-MeOH_RA1_35.mzML:scan:3168,1,0.91,10,0,MSV000083756,NoID,temp/queries/ad/ad0def0a6fd0496f8210c0e7ace57842/ad0def0a6fd0496f8210c0e7ace57842.mgf,1,414,506079
5-ASA_linolenic-acid,mzspec:GNPS:MULTIPLEX-SYNTHESIS-LIBRARY-ALL-PARTITION-6:accession:CCMSLIB00016278648,-0.0,mzspec:MSV000083756:peak/Fecal-1-MeOH_RA1_35.mzML:scan:3168,1,0.91,10,0,MSV000083756,NoID,temp/queries/ad/ad0def0a6fd0496f8210c0e7ace57842/ad0def0a6fd0496f8210c0e7ace57842.mgf,1,414,507081
5-ASA_linolenic-acid,mzspec:GNPS:MULTIPLEX-SYNTHESIS-LIBRARY-ALL-PARTITION-6:accession:CCMSLIB00016278648,-0.0,mzspec:MSV000083756:ccms_peak/Fecal-1-7MeOH-3H2O_RA4_100.mzML:scan:3129,1,0.91,10,0,MSV000083756,NoID,temp/queries/ad/ad0def0a6fd0496f8210c0e7ace57842/ad0def0a6fd0496f8210c0e7ace57842.mgf,1,414,506984
5-ASA_linolenic-acid,mzspec:GNPS:MULTIPLEX-SYNTHESIS-LIBRARY-ALL-PARTITION-6:accession:CCMSLIB00016278648,-0.0,mzspec:MSV000083306:peak/QE_C18_mzML/QEC18_F1_20181228032223.mzML:scan:3492,1,0.91,10,0,MSV000083306,NoID,temp/queries/ad/ad0def0a6fd0496f8210c0e7ace57842/ad0def0a6fd0496f8210c0e7ace57842.mgf,1,414,925289
5-ASA_linolenic-acid,mzspec:GNPS:MULTIPLEX-SYNTHESIS-LIBRARY-ALL-PARTITION-6:accession:CCMSLIB00016278648,-0.0,mzspec:MSV000083756:peak/Fecal-1-5EtOH-5H2O_RA10_153.mzML:scan:3089,1,0.91,10,0,MSV000083756,NoID,temp/queries/ad/ad0def0a6fd0496f8210c0e7ace57842/ad0def0a6fd0496f8210c0e7ace57842.mgf,1,414,507020
5-ASA_linolenic-acid,mzspec:GNPS:MULTIPLEX-SYNTHESIS-LIBRARY-ALL-PARTITION-6:accession:CCMSLIB00016278648,-0.0,mzspec:MSV000083756:ccms_peak/Fecal-1-5EtOH-5H2O_RA10_153.mzML:scan:3089,1,0.91,10,0,MSV000083756,NoID,temp/queries/ad/ad0def0a6fd0496f8210c0e7ace57842/ad0def0a6fd0496f8210c0e7ace57842.mgf,1,414,506913
5-ASA_linolenic-acid,mzspec:GNPS:MULTIPLEX-SYNTHESIS-LIBRARY-ALL-PARTITION-6:accession:CCMSLIB00016278648,-0.0,mzspec:MSV000083756:peak/Fecal-1-7MeOH-3H2O_RA4_100.mzML:scan:3129,1,0.91,10,0,MSV000083756,NoID,temp/queries/ad/ad0def0a6fd0496f8210c0e7ace57842/ad0def0a6fd0496f8210c0e7ace57842.mgf,1,414,507131
5-ASA_linolenic-acid,mzspec:GNPS:MULTIPLEX-SYNTHESIS-LIBRARY-ALL-PARTITION-6:accession:CCMSLIB00016278648,-0.0,mzspec:MSV000083306:ccms_peak/QE_C18_RAW/QEC18_F1_20181228032223.mzML:scan:3492,1,0.91,10,0,MSV000083306,NoID,temp/queries/ad/ad0def0a6fd0496f8210c0e7ace57842/ad0def0a6fd0496f8210c0e7ace57842.mgf,1,414,926502
5-ASA_linolenic-acid,mzspec:GNPS:MULTIPLEX-SYNTHESIS-LIBRARY-ALL-PARTITION-6:accession:CCMSLIB00016278648,-0.0,mzspec:MSV000083756:peak/Fecal-1-9MeOH-1H2O_RA2_65.mzML:scan:3149,1,0.91,10,0,MSV000083756,NoID,temp/queries/ad/ad0def0a6fd0496f8210c0e7ace57842/ad0def0a6fd0496f8210c0e7ace57842.mgf,1,414,506444
5-ASA_linolenic-acid,mzspec:GNPS:MULTIPLEX-SYNTHESIS-LIBRARY-ALL-PARTITION-6:accession:CCMSLIB00016278648,-0.0,mzspec:MSV000083756:ccms_peak/Fecal-1-9MeOH-1H2O_RA2_65.mzML:scan:3149,1,0.91,10,0,MSV000083756,NoID,temp/queries/ad/ad0def0a6fd0496f8210c0e7ace57842/ad0def0a6fd0496f8210c0e7ace57842.mgf,1,414,507579
5-ASA_linolenic-acid,mzspec:GNPS:MULTIPLEX-SYNTHESIS-LIBRARY-ALL-PARTITION-6:accession:CCMSLIB00016278648,-0.0,mzspec:MSV000083306:peak/QE_C18RT_mzML/QEC18RT_F1-2_F2-1_NIST-1_To-1.mzML:scan:2851,1,0.9,10,0,MSV000083306,NoID,temp/queries/ad/ad0def0a6fd0496f8210c0e7ace57842/ad0def0a6fd0496f8210c0e7ace57842.mgf,1,414,924520
5-ASA_linolenic-acid,mzspec:GNPS:MULTIPLEX-SYNTHESIS-LIBRARY-ALL-PARTITION-6:accession:CCMSLIB00016278648,-0.0,mzspec:MSV000083756:ccms_peak/Fecal-1-3ACN-3IPA-2H2O_RA11_201.mzML:scan:3139,1,0.9,10,0,MSV000083756,NoID,temp/queries/ad/ad0def0a6fd0496f8210c0e7ace57842/ad0def0a6fd0496f8210c0e7ace57842.mgf,1,414,507224
5-ASA_linolenic-acid,mzspec:GNPS:MULTIPLEX-SYNTHESIS-LIBRARY-ALL-PARTITION-6:accession:CCMSLIB00016278648,-0.0,mzspec:MSV000083756:ccms_peak/Fecal-1-5MeOH-5ACN_RA7_116.mzML:scan:3188,1,0.9,10,0,MSV000083756,NoID,temp/queries/ad/ad0def0a6fd0496f8210c0e7ace57842/ad0def0a6fd0496f8210c0e7ace57842.mgf,1,414,507138
5-ASA_linolenic-acid,mzspec:GNPS:MULTIPLEX-SYNTHESIS-LIBRARY-ALL-PARTITION-6:accession:CCMSLIB00016278648,-0.0,mzspec:MSV000083306:peak/QE_C18_mzML/QEC18_F1.mzML:scan:3499,1,0.9,10,0,MSV000083306,NoID,temp/queries/ad/ad0def0a6fd0496f8210c0e7ace57842/ad0def0a6fd0496f8210c0e7ace57842.mgf,1,414,926834
5-ASA_linolenic-acid,mzspec:GNPS:MULTIPLEX-SYNTHESIS-LIBRARY-ALL-PARTITION-6:accession:CCMSLIB00016278648,-0.0,mzspec:MSV000083756:ccms_peak/Fecal-1-8MeOH-2H2O_RA3_82.mzML:scan:3162,1,0.9,10,0,MSV000083756,NoID,temp/queries/ad/ad0def0a6fd0496f8210c0e7ace57842/ad0def0a6fd0496f8210c0e7ace57842.mgf,1,414,506388
5-ASA_linolenic-acid,mzspec:GNPS:MULTIPLEX-SYNTHESIS-LIBRARY-ALL-PARTITION-6:accession:CCMSLIB00016278648,-0.0,mzspec:MSV000083756:peak/Fecal-1-8MeOH-2H2O_RA3_82.mzML:scan:3162,1,0.9,10,0,MSV000083756,NoID,temp/queries/ad/ad0def0a6fd0496f8210c0e7ace57842/ad0def0a6fd0496f8210c0e7ace57842.mgf,1,414,506763
5-ASA_linolenic-acid,mzspec:GNPS:MULTIPLEX-SYNTHESIS-LIBRARY-ALL-PARTITION-6:accession:CCMSLIB00016278648,-0.0,mzspec:MSV000083756:peak/Fecal-1-9MeOH-1H2O_RA2_67.mzML:scan:3152,1,0.9,10,0,MSV000083756,NoID,temp/queries/ad/ad0def0a6fd0496f8210c0e7ace57842/ad0def0a6fd0496f8210c0e7ace57842.mgf,1,414,507044
5-ASA_linolenic-acid,mzspec:GNPS:MULTIPLEX-SYNTHESIS-LIBRARY-ALL-PARTITION-6:accession:CCMSLIB00016278648,-0.0,mzspec:MSV000083756:peak/Fecal-1-3ACN-3IPA-2H2O_RA11_201.mzML:scan:3139,1,0.9,10,0,MSV000083756,NoID,temp/queries/ad/ad0def0a6fd0496f8210c0e7ace57842/ad0def0a6fd0496f8210c0e7ace57842.mgf,1,414,506402
5-ASA_linolenic-acid,mzspec:GNPS:MULTIPLEX-SYNTHESIS-LIBRARY-ALL-PARTITION-6:accession:CCMSLIB00016278648,-0.0,mzspec:MSV000083756:ccms_peak/Fecal-1-8MeOH-2H2O_RA3_81.mzML:scan:3158,1,0.9,10,0,MSV000083756,NoID,temp/queries/ad/ad0def0a6fd0496f8210c0e7ace57842/ad0def0a6fd0496f8210c0e7ace57842.mgf,1,414,506118
5-ASA_linolenic-acid,mzspec:GNPS:MULTIPLEX-SYNTHESIS-LIBRARY-ALL-PARTITION-6:accession:CCMSLIB00016278648,-0.0,mzspec:MSV000083756:peak/Fecal-1-5MeOH-5ACN_RA7_116.mzML:scan:3188,1,0.9,10,0,MSV000083756,NoID,temp/queries/ad/ad0def0a6fd0496f8210c0e7ace57842/ad0def0a6fd0496f8210c0e7ace57842.mgf,1,414,506154
5-ASA_linolenic-acid,mzspec:GNPS:MULTIPLEX-SYNTHESIS-LIBRARY-ALL-PARTITION-6:accession:CCMSLIB00016278648,-0.0,mzspec:MSV000083306:ccms_peak/QE_C18RT_RAW/QEC18RT_F1-3_NIST-1_20181229015759.mzML:scan:2902,1,0.9,10,0,MSV000083306,NoID,temp/queries/ad/ad0def0a6fd0496f8210c0e7ace57842/ad0def0a6fd0496f8210c0e7ace57842.mgf,1,414,927287
5-ASA_linolenic-acid,mzspec:GNPS:MULTIPLEX-SYNTHESIS-LIBRARY-ALL-PARTITION-6:accession:CCMSLIB00016278648,-0.0,mzspec:MSV000083306:peak/QE_C18RT_mzML/QEC18RT_F1-1_NIST-3_20181228222847.mzML:scan:2797,1,0.9,10,0,MSV000083306,NoID,temp/queries/ad/ad0def0a6fd0496f8210c0e7ace57842/ad0def0a6fd0496f8210c0e7ace57842.mgf,1,414,924298
5-ASA_linolenic-acid,mzspec:GNPS:MULTIPLEX-SYNTHESIS-LIBRARY-ALL-PARTITION-6:accession:CCMSLIB00016278648,-0.0,mzspec:MSV000083756:ccms_peak/Fecal-1-5EtOH-5H2O_RA10_152.mzML:scan:3097,1,0.9,9,0,MSV000083756,NoID,temp/queries/ad/ad0def0a6fd0496f8210c0e7ace57842/ad0def0a6fd0496f8210c0e7ace57842.mgf,1,414,507626
5-ASA_linolenic-acid,mzspec:GNPS:MULTIPLEX-SYNTHESIS-LIBRARY-ALL-PARTITION-6:accession:CCMSLIB00016278648,-0.0,mzspec:MSV000083306:ccms_peak/QE_C18RT_RAW/QEC18RT_F1-2_F2-1_NIST-1_To-1.mzML:scan:2851,1,0.9,10,0,MSV000083306,NoID,temp/queries/ad/ad0def0a6fd0496f8210c0e7ace57842/ad0def0a6fd0496f8210c0e7ace57842.mgf,1,414,924234
5-ASA_linolenic-acid,mzspec:GNPS:MULTIPLEX-SYNTHESIS-LIBRARY-ALL-PARTITION-6:accession:CCMSLIB00016278648,-0.0,mzspec:MSV000083756:ccms_peak/Fecal-1-9MeOH-1H2O_RA2_67.mzML:scan:3152,1,0.9,10,0,MSV000083756,NoID,temp/queries/ad/ad0def0a6fd0496f8210c0e7ace57842/ad0def0a6fd0496f8210c0e7ace57842.mgf,1,414,506301
5-ASA_linolenic-acid,mzspec:GNPS:MULTIPLEX-SYNTHESIS-LIBRARY-ALL-PARTITION-6:accession:CCMSLIB00016278648,-0.0,mzspec:MSV000083756:peak/QCmix2_RF2_98.mzML:scan:3081,1,0.9,10,0,MSV000083756,NoID,temp/queries/ad/ad0def0a6fd0496f8210c0e7ace57842/ad0def0a6fd0496f8210c0e7ace57842.mgf,1,414,506524
5-ASA_linolenic-acid,mzspec:GNPS:MULTIPLEX-SYNTHESIS-LIBRARY-ALL-PARTITION-6:accession:CCMSLIB00016278648,-0.0,mzspec:MSV000083756:ccms_peak/QCmix2_RF2_98.mzML:scan:3081,1,0.9,10,0,MSV000083756,NoID,temp/queries/ad/ad0def0a6fd0496f8210c0e7ace57842/ad0def0a6fd0496f8210c0e7ace57842.mgf,1,414,506246
5-ASA_linolenic-acid,mzspec:GNPS:MULTIPLEX-SYNTHESIS-LIBRARY-ALL-PARTITION-6:accession:CCMSLIB00016278648,-0.0,mzspec:MSV000083306:peak/QE_C18_mzML/QEC18_F1-3_NIST-1.mzML:scan:3454,1,0.9,11,0,MSV000083306,NoID,temp/queries/ad/ad0def0a6fd0496f8210c0e7ace57842/ad0def0a6fd0496f8210c0e7ace57842.mgf,1,414,925532
5-ASA_linolenic-acid,mzspec:GNPS:MULTIPLEX-SYNTHESIS-LIBRARY-ALL-PARTITION-6:accession:CCMSLIB00016278648,-0.0,mzspec:MSV000083756:peak/Fecal-1-5EtOH-5H2O_RA10_152.mzML:scan:3097,1,0.9,9,0,MSV000083756,NoID,temp/queries/ad/ad0def0a6fd0496f8210c0e7ace57842/ad0def0a6fd0496f8210c0e7ace57842.mgf,1,414,506890
5-ASA_linolenic-acid,mzspec:GNPS:MULTIPLEX-SYNTHESIS-LIBRARY-ALL-PARTITION-6:accession:CCMSLIB00016278648,-0.0,mzspec:MSV000093167:peak/Samples/9.mzXML:scan:3519,1,0.9,9,0,MSV000093167,NoID,temp/queries/ad/ad0def0a6fd0496f8210c0e7ace57842/ad0def0a6fd0496f8210c0e7ace57842.mgf,1,414,158030
5-ASA_linolenic-acid,mzspec:GNPS:MULTIPLEX-SYNTHESIS-LIBRARY-ALL-PARTITION-6:accession:CCMSLIB00016278648,-0.0,mzspec:MSV000093167:ccms_peak/Raw Files/9.mzML:scan:3519,1,0.9,9,0,MSV000093167,NoID,temp/queries/ad/ad0def0a6fd0496f8210c0e7ace57842/ad0def0a6fd0496f8210c0e7ace57842.mgf,1,414,157768
5-ASA_linolenic-acid,mzspec:GNPS:MULTIPLEX-SYNTHESIS-LIBRARY-ALL-PARTITION-6:accession:CCMSLIB00016278648,-0.0,mzspec:MSV000083756:peak/Fecal-1-8MeOH-2H2O_RA3_81.mzML:scan:3158,1,0.9,10,0,MSV000083756,NoID,temp/queries/ad/ad0def0a6fd0496f8210c0e7ace57842/ad0def0a6fd0496f8210c0e7ace57842.mgf,1,414,507405
5-ASA_linolenic-acid,mzspec:GNPS:MULTIPLEX-SYNTHESIS-LIBRARY-ALL-PARTITION-6:accession:CCMSLIB00016278648,-0.0,mzspec:MSV000083306:peak/QE_C18RT_mzML/QEC18RT_F1-3_NIST-1_20181228133015.mzML:scan:2876,1,0.9,10,0,MSV000083306,NoID,temp/queries/ad/ad0def0a6fd0496f8210c0e7ace57842/ad0def0a6fd0496f8210c0e7ace57842.mgf,1,414,924385
5-ASA_linolenic-acid,mzspec:GNPS:MULTIPLEX-SYNTHESIS-LIBRARY-ALL-PARTITION-6:accession:CCMSLIB00016278648,-0.0,mzspec:MSV000083306:peak/QE_C18RT_mzML/QEC18RT_F1-3_NIST-1_20181229015759.mzML:scan:2902,1,0.9,10,0,MSV000083306,NoID,temp/queries/ad/ad0def0a6fd0496f8210c0e7ace57842/ad0def0a6fd0496f8210c0e7ace57842.mgf,1,414,925103
5-ASA_linolenic-acid,mzspec:GNPS:MULTIPLEX-SYNTHESIS-LIBRARY-ALL-PARTITION-6:accession:CCMSLIB00016278648,-0.0,mzspec:MSV000083306:peak/QE_C18_mzML/QEC18_F1-1_NIST-1_20181227215913.mzML:scan:3436,1,0.9,10,0,MSV000083306,NoID,temp/queries/ad/ad0def0a6fd0496f8210c0e7ace57842/ad0def0a6fd0496f8210c0e7ace57842.mgf,1,414,925708
5-ASA_linolenic-acid,mzspec:GNPS:MULTIPLEX-SYNTHESIS-LIBRARY-ALL-PARTITION-6:accession:CCMSLIB00016278648,-0.0,mzspec:MSV000083306:peak/QE_C18RT_mzML/QEC18RT_F1-3_To-1_20181229110929.mzML:scan:2866,1,0.89,10,0,MSV000083306,NoID,temp/queries/ad/ad0def0a6fd0496f8210c0e7ace57842/ad0def0a6fd0496f8210c0e7ace57842.mgf,1,414,924610
5-ASA_linolenic-acid,mzspec:GNPS:MULTIPLEX-SYNTHESIS-LIBRARY-ALL-PARTITION-6:accession:CCMSLIB00016278648,-0.0,mzspec:MSV000083756:peak/Fecal-1-6MeOH-4H2O_RA5_134.mzML:scan:3109,1,0.89,9,0,MSV000083756,NoID,temp/queries/ad/ad0def0a6fd0496f8210c0e7ace57842/ad0def0a6fd0496f8210c0e7ace57842.mgf,1,414,506665
5-ASA_linolenic-acid,mzspec:GNPS:MULTIPLEX-SYNTHESIS-LIBRARY-ALL-PARTITION-6:accession:CCMSLIB00016278648,-0.0,mzspec:MSV000083306:ccms_peak/QE_C18RT_RAW/QEC18RT_F1-3_NIST-1_20181228133015.mzML:scan:2876,1,0.89,10,0,MSV000083306,NoID,temp/queries/ad/ad0def0a6fd0496f8210c0e7ace57842/ad0def0a6fd0496f8210c0e7ace57842.mgf,1,414,925372
5-ASA_linolenic-acid,mzspec:GNPS:MULTIPLEX-SYNTHESIS-LIBRARY-ALL-PARTITION-6:accession:CCMSLIB00016278648,-0.0,mzspec:MSV000083306:peak/QE_C18RT_mzML/QEC18RT_F1-3_NIST-1.mzML:scan:2898,1,0.89,9,0,MSV000083306,NoID,temp/queries/ad/ad0def0a6fd0496f8210c0e7ace57842/ad0def0a6fd0496f8210c0e7ace57842.mgf,1,414,925614
5-ASA_linolenic-acid,mzspec:GNPS:MULTIPLEX-SYNTHESIS-LIBRARY-ALL-PARTITION-6:accession:CCMSLIB00016278648,-0.0,mzspec:MSV000083306:peak/QE_C18_mzML/QEC18_F1-1_To-3_20181227223713.mzML:scan:3389,1,0.89,9,0,MSV000083306,NoID,temp/queries/ad/ad0def0a6fd0496f8210c0e7ace57842/ad0def0a6fd0496f8210c0e7ace57842.mgf,1,414,925354
5-ASA_linolenic-acid,mzspec:GNPS:MULTIPLEX-SYNTHESIS-LIBRARY-ALL-PARTITION-6:accession:CCMSLIB00016278648,-0.0,mzspec:MSV000083756:ccms_peak/Fecal-1-3ACN-3IPA-2H2O_RA11_200.mzML:scan:3141,1,0.89,10,0,MSV000083756,NoID,temp/queries/ad/ad0def0a6fd0496f8210c0e7ace57842/ad0def0a6fd0496f8210c0e7ace57842.mgf,1,414,506369
5-ASA_linolenic-acid,mzspec:GNPS:MULTIPLEX-SYNTHESIS-LIBRARY-ALL-PARTITION-6:accession:CCMSLIB00016278648,-0.0,mzspec:MSV000083756:peak/Fecal-1-3ACN-3IPA-2H2O_RA11_200.mzML:scan:3141,1,0.89,10,0,MSV000083756,NoID,temp/queries/ad/ad0def0a6fd0496f8210c0e7ace57842/ad0def0a6fd0496f8210c0e7ace57842.mgf,1,414,506875
5-ASA_linolenic-acid,mzspec:GNPS:MULTIPLEX-SYNTHESIS-LIBRARY-ALL-PARTITION-6:accession:CCMSLIB00016278648,-0.0,mzspec:MSV000083306:peak/QE_C18_mzML/QEC18_F1-3_To-1.mzML:scan:3462,1,0.89,10,0,MSV000083306,NoID,temp/queries/ad/ad0def0a6fd0496f8210c0e7ace57842/ad0def0a6fd0496f8210c0e7ace57842.mgf,1,414,925904
5-ASA_linolenic-acid,mzspec:GNPS:MULTIPLEX-SYNTHESIS-LIBRARY-ALL-PARTITION-6:accession:CCMSLIB00016278648,-0.0,mzspec:MSV000083306:peak/QE_C18RT_mzML/QEC18RT_F1-3_F2-1_20181228220945.mzML:scan:2804,1,0.89,10,0,MSV000083306,NoID,temp/queries/ad/ad0def0a6fd0496f8210c0e7ace57842/ad0def0a6fd0496f8210c0e7ace57842.mgf,1,414,925952
5-ASA_linolenic-acid,mzspec:GNPS:MULTIPLEX-SYNTHESIS-LIBRARY-ALL-PARTITION-6:accession:CCMSLIB00016278648,-0.0,mzspec:MSV000083306:peak/QE_C18RT_mzML/QEC18RT_F1-1_NIST-1_20181229062407.mzML:scan:2842,1,0.89,10,0,MSV000083306,NoID,temp/queries/ad/ad0def0a6fd0496f8210c0e7ace57842/ad0def0a6fd0496f8210c0e7ace57842.mgf,1,414,925078
5-ASA_linolenic-acid,mzspec:GNPS:MULTIPLEX-SYNTHESIS-LIBRARY-ALL-PARTITION-6:accession:CCMSLIB00016278648,-0.0,mzspec:MSV000083306:peak/QE_C18RT_mzML/QEC18RT_F1-1_F2-1_20181228171821.mzML:scan:2779,1,0.89,9,0,MSV000083306,NoID,temp/queries/ad/ad0def0a6fd0496f8210c0e7ace57842/ad0def0a6fd0496f8210c0e7ace57842.mgf,1,414,926431
5-ASA_linolenic-acid,mzspec:GNPS:MULTIPLEX-SYNTHESIS-LIBRARY-ALL-PARTITION-6:accession:CCMSLIB00016278648,-0.0,mzspec:MSV000083306:peak/QE_C18RT_mzML/QEC18RT_F1-1_F2-1_NIST-2_To-1_20181229002251.mzML:scan:2816,1,0.89,9,0,MSV000083306,NoID,temp/queries/ad/ad0def0a6fd0496f8210c0e7ace57842/ad0def0a6fd0496f8210c0e7ace57842.mgf,1,414,924047
5-ASA_linolenic-acid,mzspec:GNPS:MULTIPLEX-SYNTHESIS-LIBRARY-ALL-PARTITION-6:accession:CCMSLIB00016278648,-0.0,mzspec:MSV000083306:peak/QE_C18_mzML/QEC18_F1_20181227030329.mzML:scan:3495,1,0.89,10,0,MSV000083306,NoID,temp/queries/ad/ad0def0a6fd0496f8210c0e7ace57842/ad0def0a6fd0496f8210c0e7ace57842.mgf,1,414,924111
5-ASA_linolenic-acid,mzspec:GNPS:MULTIPLEX-SYNTHESIS-LIBRARY-ALL-PARTITION-6:accession:CCMSLIB00016278648,-0.0,mzspec:MSV000083756:peak/Fecal-1-MeOH_RA1_34.mzML:scan:3175,1,0.89,10,0,MSV000083756,NoID,temp/queries/ad/ad0def0a6fd0496f8210c0e7ace57842/ad0def0a6fd0496f8210c0e7ace57842.mgf,1,414,507235
5-ASA_linolenic-acid,mzspec:GNPS:MULTIPLEX-SYNTHESIS-LIBRARY-ALL-PARTITION-6:accession:CCMSLIB00016278648,-0.0,mzspec:MSV000083756:ccms_peak/Fecal-1-9MeOH-1H2O_RA2_66.mzML:scan:3155,1,0.89,10,0,MSV000083756,NoID,temp/queries/ad/ad0def0a6fd0496f8210c0e7ace57842/ad0def0a6fd0496f8210c0e7ace57842.mgf,1,414,507270
5-ASA_linolenic-acid,mzspec:GNPS:MULTIPLEX-SYNTHESIS-LIBRARY-ALL-PARTITION-6:accession:CCMSLIB00016278648,-0.0,mzspec:MSV000083756:ccms_peak/Fecal-1-MeOH_RA1_34.mzML:scan:3175,1,0.89,10,0,MSV000083756,NoID,temp/queries/ad/ad0def0a6fd0496f8210c0e7ace57842/ad0def0a6fd0496f8210c0e7ace57842.mgf,1,414,507453
5-ASA_linolenic-acid,mzspec:GNPS:MULTIPLEX-SYNTHESIS-LIBRARY-ALL-PARTITION-6:accession:CCMSLIB00016278648,-0.0,mzspec:MSV000083756:peak/Fecal-1-5MeOH-5ACN_RA7_118.mzML:scan:3177,1,0.89,10,0,MSV000083756,NoID,temp/queries/ad/ad0def0a6fd0496f8210c0e7ace57842/ad0def0a6fd0496f8210c0e7ace57842.mgf,1,414,507440
5-ASA_linolenic-acid,mzspec:GNPS:MULTIPLEX-SYNTHESIS-LIBRARY-ALL-PARTITION-6:accession:CCMSLIB00016278648,-0.0,mzspec:MSV000083756:peak/Fecal-1-9MeOH-1H2O_RA2_66.mzML:scan:3155,1,0.89,10,0,MSV000083756,NoID,temp/queries/ad/ad0def0a6fd0496f8210c0e7ace57842/ad0def0a6fd0496f8210c0e7ace57842.mgf,1,414,506744
5-ASA_linolenic-acid,mzspec:GNPS:MULTIPLEX-SYNTHESIS-LIBRARY-ALL-PARTITION-6:accession:CCMSLIB00016278648,-0.0,mzspec:MSV000083756:ccms_peak/Fecal-1-5MeOH-5ACN_RA7_118.mzML:scan:3177,1,0.89,10,0,MSV000083756,NoID,temp/queries/ad/ad0def0a6fd0496f8210c0e7ace57842/ad0def0a6fd0496f8210c0e7ace57842.mgf,1,414,506531
5-ASA_linolenic-acid,mzspec:GNPS:MULTIPLEX-SYNTHESIS-LIBRARY-ALL-PARTITION-6:accession:CCMSLIB00016278648,-0.0,mzspec:MSV000083306:peak/QE_C18_mzML/QEC18_F1-3_F2-1.mzML:scan:3443,1,0.89,10,0,MSV000083306,NoID,temp/queries/ad/ad0def0a6fd0496f8210c0e7ace57842/ad0def0a6fd0496f8210c0e7ace57842.mgf,1,414,927400
5-ASA_linolenic-acid,mzspec:GNPS:MULTIPLEX-SYNTHESIS-LIBRARY-ALL-PARTITION-6:accession:CCMSLIB00016278648,-0.0,mzspec:MSV000083306:ccms_peak/QE_C18RT_RAW/QEC18RT_F1-1_F2-1_NIST-2_To-1_20181229002251.mzML:scan:2816,1,0.89,9,0,MSV000083306,NoID,temp/queries/ad/ad0def0a6fd0496f8210c0e7ace57842/ad0def0a6fd0496f8210c0e7ace57842.mgf,1,414,923987
5-ASA_linolenic-acid,mzspec:GNPS:MULTIPLEX-SYNTHESIS-LIBRARY-ALL-PARTITION-6:accession:CCMSLIB00016278648,-0.0,mzspec:MSV000083306:peak/QE_C18_mzML/QEC18_F1-1_NIST-1_20181227210213.mzML:scan:3430,1,0.89,10,0,MSV000083306,NoID,temp/queries/ad/ad0def0a6fd0496f8210c0e7ace57842/ad0def0a6fd0496f8210c0e7ace57842.mgf,1,414,926084
5-ASA_linolenic-acid,mzspec:GNPS:MULTIPLEX-SYNTHESIS-LIBRARY-ALL-PARTITION-6:accession:CCMSLIB00016278648,-0.0,mzspec:MSV000083756:ccms_peak/Fecal-1-6MeOH-4H2O_RA5_134.mzML:scan:3109,1,0.89,9,0,MSV000083756,NoID,temp/queries/ad/ad0def0a6fd0496f8210c0e7ace57842/ad0def0a6fd0496f8210c0e7ace57842.mgf,1,414,507345
5-ASA_linolenic-acid,mzspec:GNPS:MULTIPLEX-SYNTHESIS-LIBRARY-ALL-PARTITION-6:accession:CCMSLIB00016278648,-0.0,mzspec:MSV000083306:peak/QE_C18RT_mzML/QEC18RT_F1-1_F2-1_NIST-1_To-1_20181228224749.mzML:scan:2821,1,0.88,9,0,MSV000083306,NoID,temp/queries/ad/ad0def0a6fd0496f8210c0e7ace57842/ad0def0a6fd0496f8210c0e7ace57842.mgf,1,414,924891
5-ASA_linolenic-acid,mzspec:GNPS:MULTIPLEX-SYNTHESIS-LIBRARY-ALL-PARTITION-6:accession:CCMSLIB00016278648,-0.0,mzspec:MSV000083756:peak/Fecal-1-7ACN-3H2O_RA9_160.mzML:scan:3158,1,0.88,9,0,MSV000083756,NoID,temp/queries/ad/ad0def0a6fd0496f8210c0e7ace57842/ad0def0a6fd0496f8210c0e7ace57842.mgf,1,414,507198
5-ASA_linolenic-acid,mzspec:GNPS:MULTIPLEX-SYNTHESIS-LIBRARY-ALL-PARTITION-6:accession:CCMSLIB00016278648,-0.0,mzspec:MSV000083756:peak/Fecal-1-3ACN-3IPA-2H2O_RA11_199.mzML:scan:3134,1,0.88,9,0,MSV000083756,NoID,temp/queries/ad/ad0def0a6fd0496f8210c0e7ace57842/ad0def0a6fd0496f8210c0e7ace57842.mgf,1,414,506637
5-ASA_linolenic-acid,mzspec:GNPS:MULTIPLEX-SYNTHESIS-LIBRARY-ALL-PARTITION-6:accession:CCMSLIB00016278648,-0.0,mzspec:MSV000083756:ccms_peak/Fecal-1-3ACN-3IPA-2H2O_RA11_199.mzML:scan:3134,1,0.88,9,0,MSV000083756,NoID,temp/queries/ad/ad0def0a6fd0496f8210c0e7ace57842/ad0def0a6fd0496f8210c0e7ace57842.mgf,1,414,507359
5-ASA_linolenic-acid,mzspec:GNPS:MULTIPLEX-SYNTHESIS-LIBRARY-ALL-PARTITION-6:accession:CCMSLIB00016278648,-0.0,mzspec:MSV000083756:ccms_peak/Fecal-1-7MeOH-3H2O_RA4_102.mzML:scan:3121,1,0.88,9,0,MSV000083756,NoID,temp/queries/ad/ad0def0a6fd0496f8210c0e7ace57842/ad0def0a6fd0496f8210c0e7ace57842.mgf,1,414,507060
5-ASA_linolenic-acid,mzspec:GNPS:MULTIPLEX-SYNTHESIS-LIBRARY-ALL-PARTITION-6:accession:CCMSLIB00016278648,-0.0,mzspec:MSV000084556:ccms_peak/Raw_data/FD028_T3.mzML:scan:2422,1,0.88,10,0,MSV000084556,NoID,temp/queries/ad/ad0def0a6fd0496f8210c0e7ace57842/ad0def0a6fd0496f8210c0e7ace57842.mgf,1,414,847708
5-ASA_linolenic-acid,mzspec:GNPS:MULTIPLEX-SYNTHESIS-LIBRARY-ALL-PARTITION-6:accession:CCMSLIB00016278648,-0.0,mzspec:MSV000083306:peak/QE_C18_mzML/QEC18_QCmix_no_exclusion.mzML:scan:3410,1,0.88,10,0,MSV000083306,NoID,temp/queries/ad/ad0def0a6fd0496f8210c0e7ace57842/ad0def0a6fd0496f8210c0e7ace57842.mgf,1,414,927363
5-ASA_linolenic-acid,mzspec:GNPS:MULTIPLEX-SYNTHESIS-LIBRARY-ALL-PARTITION-6:accession:CCMSLIB00016278648,-0.0,mzspec:MSV000083306:peak/QE_C18_mzML/QEC18_F1-1_To-3_20181227174446.mzML:scan:3369,1,0.88,10,0,MSV000083306,NoID,temp/queries/ad/ad0def0a6fd0496f8210c0e7ace57842/ad0def0a6fd0496f8210c0e7ace57842.mgf,1,414,925680
5-ASA_linolenic-acid,mzspec:GNPS:MULTIPLEX-SYNTHESIS-LIBRARY-ALL-PARTITION-6:accession:CCMSLIB00016278648,-0.0,mzspec:MSV000084556:ccms_peak/Raw_data/FD028_T3.mzML:scan:2123,1,0.88,10,0,MSV000084556,NoID,temp/queries/ad/ad0def0a6fd0496f8210c0e7ace57842/ad0def0a6fd0496f8210c0e7ace57842.mgf,1,414,847706
5-ASA_linolenic-acid,mzspec:GNPS:MULTIPLEX-SYNTHESIS-LIBRARY-ALL-PARTITION-6:accession:CCMSLIB00016278648,-0.0,mzspec:MSV000083306:peak/QE_C18RT_mzML/QEC18RT_F1-3_F2-1_20181229035205.mzML:scan:2903,1,0.88,9,0,MSV000083306,NoID,temp/queries/ad/ad0def0a6fd0496f8210c0e7ace57842/ad0def0a6fd0496f8210c0e7ace57842.mgf,1,414,927317
5-ASA_linolenic-acid,mzspec:GNPS:MULTIPLEX-SYNTHESIS-LIBRARY-ALL-PARTITION-6:accession:CCMSLIB00016278648,-0.0,mzspec:MSV000083306:peak/QE_C18RT_mzML/QEC18RT_F1-1_NIST-1.mzML:scan:2848,1,0.88,9,0,MSV000083306,NoID,temp/queries/ad/ad0def0a6fd0496f8210c0e7ace57842/ad0def0a6fd0496f8210c0e7ace57842.mgf,1,414,927180
5-ASA_linolenic-acid,mzspec:GNPS:MULTIPLEX-SYNTHESIS-LIBRARY-ALL-PARTITION-6:accession:CCMSLIB00016278648,-0.0,mzspec:MSV000083306:peak/QE_C18_mzML/QEC18_F1-3_NIST-1_20181227170603.mzML:scan:3455,1,0.88,9,0,MSV000083306,NoID,temp/queries/ad/ad0def0a6fd0496f8210c0e7ace57842/ad0def0a6fd0496f8210c0e7ace57842.mgf,1,414,927024
5-ASA_linolenic-acid,mzspec:GNPS:MULTIPLEX-SYNTHESIS-LIBRARY-ALL-PARTITION-6:accession:CCMSLIB00016278648,-0.0,mzspec:MSV000083306:peak/QE_C18RT_mzML/QEC18RT_QCmix_no_exclusion.mzML:scan:2816,1,0.88,9,0,MSV000083306,NoID,temp/queries/ad/ad0def0a6fd0496f8210c0e7ace57842/ad0def0a6fd0496f8210c0e7ace57842.mgf,1,414,926863
5-ASA_linolenic-acid,mzspec:GNPS:MULTIPLEX-SYNTHESIS-LIBRARY-ALL-PARTITION-6:accession:CCMSLIB00016278648,-0.0,mzspec:MSV000083756:peak/Fecal-1-7MeOH-3H2O_RA4_101.mzML:scan:3125,1,0.88,9,0,MSV000083756,NoID,temp/queries/ad/ad0def0a6fd0496f8210c0e7ace57842/ad0def0a6fd0496f8210c0e7ace57842.mgf,1,414,507540
5-ASA_linolenic-acid,mzspec:GNPS:MULTIPLEX-SYNTHESIS-LIBRARY-ALL-PARTITION-6:accession:CCMSLIB00016278648,-0.0,mzspec:MSV000083756:ccms_peak/Fecal-1-7ACN-3H2O_RA9_161.mzML:scan:3153,1,0.88,9,0,MSV000083756,NoID,temp/queries/ad/ad0def0a6fd0496f8210c0e7ace57842/ad0def0a6fd0496f8210c0e7ace57842.mgf,1,414,506142
5-ASA_linolenic-acid,mzspec:GNPS:MULTIPLEX-SYNTHESIS-LIBRARY-ALL-PARTITION-6:accession:CCMSLIB00016278648,-0.0,mzspec:MSV000083756:peak/Fecal-1-7ACN-3H2O_RA9_161.mzML:scan:3153,1,0.88,9,0,MSV000083756,NoID,temp/queries/ad/ad0def0a6fd0496f8210c0e7ace57842/ad0def0a6fd0496f8210c0e7ace57842.mgf,1,414,506497
5-ASA_linolenic-acid,mzspec:GNPS:MULTIPLEX-SYNTHESIS-LIBRARY-ALL-PARTITION-6:accession:CCMSLIB00016278648,-0.0,mzspec:MSV000083306:peak/QE_C18_mzML/QEC18_F1-3_To-1_20181228003115.mzML:scan:3475,1,0.88,9,0,MSV000083306,NoID,temp/queries/ad/ad0def0a6fd0496f8210c0e7ace57842/ad0def0a6fd0496f8210c0e7ace57842.mgf,1,414,925631
5-ASA_linolenic-acid,mzspec:GNPS:MULTIPLEX-SYNTHESIS-LIBRARY-ALL-PARTITION-6:accession:CCMSLIB00016278648,-0.0,mzspec:MSV000083756:ccms_peak/Fecal-1-7ACN-3H2O_RA9_160.mzML:scan:3158,1,0.88,9,0,MSV000083756,NoID,temp/queries/ad/ad0def0a6fd0496f8210c0e7ace57842/ad0def0a6fd0496f8210c0e7ace57842.mgf,1,414,506673
5-ASA_linolenic-acid,mzspec:GNPS:MULTIPLEX-SYNTHESIS-LIBRARY-ALL-PARTITION-6:accession:CCMSLIB00016278648,-0.0,mzspec:MSV000083756:ccms_peak/Fecal-1-7MeOH-3H2O_RA4_101.mzML:scan:3125,1,0.88,9,0,MSV000083756,NoID,temp/queries/ad/ad0def0a6fd0496f8210c0e7ace57842/ad0def0a6fd0496f8210c0e7ace57842.mgf,1,414,506436
5-ASA_linolenic-acid,mzspec:GNPS:MULTIPLEX-SYNTHESIS-LIBRARY-ALL-PARTITION-6:accession:CCMSLIB00016278648,-0.0,mzspec:MSV000083306:peak/QE_C18RT_mzML/QEC18RT_F1_20181228113615.mzML:scan:2908,1,0.88,9,0,MSV000083306,NoID,temp/queries/ad/ad0def0a6fd0496f8210c0e7ace57842/ad0def0a6fd0496f8210c0e7ace57842.mgf,1,414,923909
5-ASA_linolenic-acid,mzspec:GNPS:MULTIPLEX-SYNTHESIS-LIBRARY-ALL-PARTITION-6:accession:CCMSLIB00016278648,-0.0,mzspec:MSV000083306:peak/QE_C18_mzML/QEC18_Qcmix_end.mzML:scan:3398,1,0.88,9,0,MSV000083306,NoID,temp/queries/ad/ad0def0a6fd0496f8210c0e7ace57842/ad0def0a6fd0496f8210c0e7ace57842.mgf,1,414,926215
5-ASA_linolenic-acid,mzspec:GNPS:MULTIPLEX-SYNTHESIS-LIBRARY-ALL-PARTITION-6:accession:CCMSLIB00016278648,-0.0,mzspec:MSV000083306:peak/QE_C18RT_mzML/QEC18RT_F1-1_NIST-1_20181229052705.mzML:scan:2837,1,0.88,9,0,MSV000083306,NoID,temp/queries/ad/ad0def0a6fd0496f8210c0e7ace57842/ad0def0a6fd0496f8210c0e7ace57842.mgf,1,414,926440
5-ASA_linolenic-acid,mzspec:GNPS:MULTIPLEX-SYNTHESIS-LIBRARY-ALL-PARTITION-6:accession:CCMSLIB00016278648,-0.0,mzspec:MSV000083756:peak/Fecal-1-7MeOH-3H2O_RA4_102.mzML:scan:3121,1,0.88,9,0,MSV000083756,NoID,temp/queries/ad/ad0def0a6fd0496f8210c0e7ace57842/ad0def0a6fd0496f8210c0e7ace57842.mgf,1,414,506965
5-ASA_linolenic-acid,mzspec:GNPS:MULTIPLEX-SYNTHESIS-LIBRARY-ALL-PARTITION-6:accession:CCMSLIB00016278648,-0.0,mzspec:MSV000083306:ccms_peak/QE_C18RT_RAW/QEC18RT_F1-2_F2-1_NIST-1_To-1_20181229103125.mzML:scan:2852,1,0.87,10,0,MSV000083306,NoID,temp/queries/ad/ad0def0a6fd0496f8210c0e7ace57842/ad0def0a6fd0496f8210c0e7ace57842.mgf,1,414,927070
5-ASA_linolenic-acid,mzspec:GNPS:MULTIPLEX-SYNTHESIS-LIBRARY-ALL-PARTITION-6:accession:CCMSLIB00016278648,-0.0,mzspec:MSV000083756:peak/Fecal-1-6MeOH-4H2O_RA5_133.mzML:scan:3106,1,0.87,10,0,MSV000083756,NoID,temp/queries/ad/ad0def0a6fd0496f8210c0e7ace57842/ad0def0a6fd0496f8210c0e7ace57842.mgf,1,414,507065
5-ASA_linolenic-acid,mzspec:GNPS:MULTIPLEX-SYNTHESIS-LIBRARY-ALL-PARTITION-6:accession:CCMSLIB00016278648,-0.0,mzspec:MSV000083756:ccms_peak/Fecal-1-6MeOH-4H2O_RA5_133.mzML:scan:3106,1,0.87,10,0,MSV000083756,NoID,temp/queries/ad/ad0def0a6fd0496f8210c0e7ace57842/ad0def0a6fd0496f8210c0e7ace57842.mgf,1,414,506576
5-ASA_linolenic-acid,mzspec:GNPS:MULTIPLEX-SYNTHESIS-LIBRARY-ALL-PARTITION-6:accession:CCMSLIB00016278648,-0.0,mzspec:MSV000083306:peak/QE_C18RT_mzML/QEC18RT_F1-1_To-3_20181229023601.mzML:scan:2810,1,0.87,9,0,MSV000083306,NoID,temp/queries/ad/ad0def0a6fd0496f8210c0e7ace57842/ad0def0a6fd0496f8210c0e7ace57842.mgf,1,414,926451
5-ASA_linolenic-acid,mzspec:GNPS:MULTIPLEX-SYNTHESIS-LIBRARY-ALL-PARTITION-6:accession:CCMSLIB00016278648,-0.0,mzspec:MSV000083306:peak/QE_C18_mzML/QEC18_F1-1_To-1_20181227043825.mzML:scan:3384,1,0.87,9,0,MSV000083306,NoID,temp/queries/ad/ad0def0a6fd0496f8210c0e7ace57842/ad0def0a6fd0496f8210c0e7ace57842.mgf,1,414,926288
5-ASA_linolenic-acid,mzspec:GNPS:MULTIPLEX-SYNTHESIS-LIBRARY-ALL-PARTITION-6:accession:CCMSLIB00016278648,-0.0,mzspec:MSV000083306:peak/QE_C18_mzML/QEC18_F1-2_F2-1_NIST-1_To-1.mzML:scan:3398,1,0.87,9,0,MSV000083306,NoID,temp/queries/ad/ad0def0a6fd0496f8210c0e7ace57842/ad0def0a6fd0496f8210c0e7ace57842.mgf,1,414,926349
5-ASA_linolenic-acid,mzspec:GNPS:MULTIPLEX-SYNTHESIS-LIBRARY-ALL-PARTITION-6:accession:CCMSLIB00016278648,-0.0,mzspec:MSV000083306:peak/QE_C18RT_mzML/QEC18RT_F1-2_F2-1_NIST-1_To-1_20181229103125.mzML:scan:2852,1,0.87,10,0,MSV000083306,NoID,temp/queries/ad/ad0def0a6fd0496f8210c0e7ace57842/ad0def0a6fd0496f8210c0e7ace57842.mgf,1,414,924753
5-ASA_linolenic-acid,mzspec:GNPS:MULTIPLEX-SYNTHESIS-LIBRARY-ALL-PARTITION-6:accession:CCMSLIB00016278648,-0.0,mzspec:MSV000083306:peak/QE_C18_mzML/QEC18_F1-2_F2-1_NIST-1_To-1_20181228022521.mzML:scan:3432,1,0.87,9,0,MSV000083306,NoID,temp/queries/ad/ad0def0a6fd0496f8210c0e7ace57842/ad0def0a6fd0496f8210c0e7ace57842.mgf,1,414,926963
5-ASA_linolenic-acid,mzspec:GNPS:MULTIPLEX-SYNTHESIS-LIBRARY-ALL-PARTITION-6:accession:CCMSLIB00016278648,-0.0,mzspec:MSV000083306:peak/QE_C18RT_mzML/QEC18RT_F1_20181229114729.mzML:scan:2896,1,0.87,10,0,MSV000083306,NoID,temp/queries/ad/ad0def0a6fd0496f8210c0e7ace57842/ad0def0a6fd0496f8210c0e7ace57842.mgf,1,414,924354
5-ASA_linolenic-acid,mzspec:GNPS:MULTIPLEX-SYNTHESIS-LIBRARY-ALL-PARTITION-6:accession:CCMSLIB00016278648,-0.0,mzspec:MSV000083756:ccms_peak/Fecal-1-8MeOH-2H2O_RA3_83.mzML:scan:3160,1,0.87,9,0,MSV000083756,NoID,temp/queries/ad/ad0def0a6fd0496f8210c0e7ace57842/ad0def0a6fd0496f8210c0e7ace57842.mgf,1,414,506895
5-ASA_linolenic-acid,mzspec:GNPS:MULTIPLEX-SYNTHESIS-LIBRARY-ALL-PARTITION-6:accession:CCMSLIB00016278648,-0.0,mzspec:MSV000083756:peak/Fecal-1-8MeOH-2H2O_RA3_83.mzML:scan:3160,1,0.87,9,0,MSV000083756,NoID,temp/queries/ad/ad0def0a6fd0496f8210c0e7ace57842/ad0def0a6fd0496f8210c0e7ace57842.mgf,1,414,506951
5-ASA_linolenic-acid,mzspec:GNPS:MULTIPLEX-SYNTHESIS-LIBRARY-ALL-PARTITION-6:accession:CCMSLIB00016278648,-0.0,mzspec:MSV000083306:peak/QE_C18_mzML/QEC18_F1-3_F2-1_20181227131356.mzML:scan:3437,1,0.87,10,0,MSV000083306,NoID,temp/queries/ad/ad0def0a6fd0496f8210c0e7ace57842/ad0def0a6fd0496f8210c0e7ace57842.mgf,1,414,923734
5-ASA_linolenic-acid,mzspec:GNPS:MULTIPLEX-SYNTHESIS-LIBRARY-ALL-PARTITION-6:accession:CCMSLIB00016278648,-0.0,mzspec:MSV000083306:peak/QE_C18RT_mzML/QEC18RT_F1.mzML:scan:2912,1,0.87,9,0,MSV000083306,NoID,temp/queries/ad/ad0def0a6fd0496f8210c0e7ace57842/ad0def0a6fd0496f8210c0e7ace57842.mgf,1,414,927167
5-ASA_linolenic-acid,mzspec:GNPS:MULTIPLEX-SYNTHESIS-LIBRARY-ALL-PARTITION-6:accession:CCMSLIB00016278648,-0.0,mzspec:MSV000083756:peak/Fecal-1-7ACN-3H2O_RA9_159.mzML:scan:3153,1,0.87,9,0,MSV000083756,NoID,temp/queries/ad/ad0def0a6fd0496f8210c0e7ace57842/ad0def0a6fd0496f8210c0e7ace57842.mgf,1,414,506647
5-ASA_linolenic-acid,mzspec:GNPS:MULTIPLEX-SYNTHESIS-LIBRARY-ALL-PARTITION-6:accession:CCMSLIB00016278648,-0.0,mzspec:MSV000083756:ccms_peak/Fecal-1-7ACN-3H2O_RA9_159.mzML:scan:3153,1,0.87,9,0,MSV000083756,NoID,temp/queries/ad/ad0def0a6fd0496f8210c0e7ace57842/ad0def0a6fd0496f8210c0e7ace57842.mgf,1,414,507028
5-ASA_linolenic-acid,mzspec:GNPS:MULTIPLEX-SYNTHESIS-LIBRARY-ALL-PARTITION-6:accession:CCMSLIB00016278648,-0.0,mzspec:MSV000083306:peak/QE_C18_mzML/QEC18_F1-1_NIST-1.mzML:scan:3432,1,0.87,9,0,MSV000083306,NoID,temp/queries/ad/ad0def0a6fd0496f8210c0e7ace57842/ad0def0a6fd0496f8210c0e7ace57842.mgf,1,414,923828
5-ASA_linolenic-acid,mzspec:GNPS:MULTIPLEX-SYNTHESIS-LIBRARY-ALL-PARTITION-6:accession:CCMSLIB00016278648,-0.0,mzspec:MSV000083306:peak/QE_C18_mzML/QEC18_F1-3_NIST-1_20181227045725.mzML:scan:3477,1,0.87,9,0,MSV000083306,NoID,temp/queries/ad/ad0def0a6fd0496f8210c0e7ace57842/ad0def0a6fd0496f8210c0e7ace57842.mgf,1,414,927137
5-ASA_linolenic-acid,mzspec:GNPS:MULTIPLEX-SYNTHESIS-LIBRARY-ALL-PARTITION-6:accession:CCMSLIB00016278648,-0.0,mzspec:MSV000083306:peak/QE_C18_mzML/QEC18_Qcmix_middle.mzML:scan:3397,1,0.86,9,0,MSV000083306,NoID,temp/queries/ad/ad0def0a6fd0496f8210c0e7ace57842/ad0def0a6fd0496f8210c0e7ace57842.mgf,1,414,925999
5-ASA_linolenic-acid,mzspec:GNPS:MULTIPLEX-SYNTHESIS-LIBRARY-ALL-PARTITION-6:accession:CCMSLIB00016278648,-0.0,mzspec:MSV000083306:peak/QE_C18_mzML/QEC18_F1-1_F2-1_20181227143118.mzML:scan:3397,1,0.86,9,0,MSV000083306,NoID,temp/queries/ad/ad0def0a6fd0496f8210c0e7ace57842/ad0def0a6fd0496f8210c0e7ace57842.mgf,1,414,925252
5-ASA_linolenic-acid,mzspec:GNPS:MULTIPLEX-SYNTHESIS-LIBRARY-ALL-PARTITION-6:accession:CCMSLIB00016278648,-0.0,mzspec:MSV000083756:ccms_peak/Fecal-1-5EtOH-5H2O_RA10_151.mzML:scan:3095,1,0.86,9,0,MSV000083756,NoID,temp/queries/ad/ad0def0a6fd0496f8210c0e7ace57842/ad0def0a6fd0496f8210c0e7ace57842.mgf,1,414,506541
5-ASA_linolenic-acid,mzspec:GNPS:MULTIPLEX-SYNTHESIS-LIBRARY-ALL-PARTITION-6:accession:CCMSLIB00016278648,-0.0,mzspec:MSV000083306:peak/QE_C18RT_mzML/QEC18RT_F1-1_F2-1.mzML:scan:2793,1,0.86,9,0,MSV000083306,NoID,temp/queries/ad/ad0def0a6fd0496f8210c0e7ace57842/ad0def0a6fd0496f8210c0e7ace57842.mgf,1,414,925444
5-ASA_linolenic-acid,mzspec:GNPS:MULTIPLEX-SYNTHESIS-LIBRARY-ALL-PARTITION-6:accession:CCMSLIB00016278648,-0.0,mzspec:MSV000083756:peak/Fecal-1-5EtOH-5H2O_RA10_151.mzML:scan:3095,1,0.86,9,0,MSV000083756,NoID,temp/queries/ad/ad0def0a6fd0496f8210c0e7ace57842/ad0def0a6fd0496f8210c0e7ace57842.mgf,1,414,506264
5-ASA_linolenic-acid,mzspec:GNPS:MULTIPLEX-SYNTHESIS-LIBRARY-ALL-PARTITION-6:accession:CCMSLIB00016278648,-0.0,mzspec:MSV000083306:peak/QE_C18_mzML/QEC18_F1-1_To-1.mzML:scan:3399,1,0.86,9,0,MSV000083306,NoID,temp/queries/ad/ad0def0a6fd0496f8210c0e7ace57842/ad0def0a6fd0496f8210c0e7ace57842.mgf,1,414,924825
5-ASA_linolenic-acid,mzspec:GNPS:MULTIPLEX-SYNTHESIS-LIBRARY-ALL-PARTITION-6:accession:CCMSLIB00016278648,-0.0,mzspec:MSV000083756:peak/Fecal-1-5MeOH-5ACN_RA7_117.mzML:scan:3196,1,0.86,9,0,MSV000083756,NoID,temp/queries/ad/ad0def0a6fd0496f8210c0e7ace57842/ad0def0a6fd0496f8210c0e7ace57842.mgf,1,414,507158
5-ASA_linolenic-acid,mzspec:GNPS:MULTIPLEX-SYNTHESIS-LIBRARY-ALL-PARTITION-6:accession:CCMSLIB00016278648,-0.0,mzspec:MSV000083306:ccms_peak/QE_C18RT_RAW/QEC18RT_F1-1_To-1_20181228131115.mzML:scan:2791,1,0.86,8,0,MSV000083306,NoID,temp/queries/ad/ad0def0a6fd0496f8210c0e7ace57842/ad0def0a6fd0496f8210c0e7ace57842.mgf,1,414,927162
5-ASA_linolenic-acid,mzspec:GNPS:MULTIPLEX-SYNTHESIS-LIBRARY-ALL-PARTITION-6:accession:CCMSLIB00016278648,-0.0,mzspec:MSV000083306:peak/QE_C18RT_mzML/QEC18RT_F1-1_To-1_20181228131115.mzML:scan:2791,1,0.86,8,0,MSV000083306,NoID,temp/queries/ad/ad0def0a6fd0496f8210c0e7ace57842/ad0def0a6fd0496f8210c0e7ace57842.mgf,1,414,923858
5-ASA_linolenic-acid,mzspec:GNPS:MULTIPLEX-SYNTHESIS-LIBRARY-ALL-PARTITION-6:accession:CCMSLIB00016278648,-0.0,mzspec:MSV000083756:ccms_peak/Fecal-1-5MeOH-5ACN_RA7_117.mzML:scan:3196,1,0.86,9,0,MSV000083756,NoID,temp/queries/ad/ad0def0a6fd0496f8210c0e7ace57842/ad0def0a6fd0496f8210c0e7ace57842.mgf,1,414,507291
5-ASA_linolenic-acid,mzspec:GNPS:MULTIPLEX-SYNTHESIS-LIBRARY-ALL-PARTITION-6:accession:CCMSLIB00016278648,-0.0,mzspec:MSV000083306:peak/QE_C18_mzML/QEC18_F1-3_To-1_20181228024423.mzML:scan:3415,1,0.86,9,0,MSV000083306,NoID,temp/queries/ad/ad0def0a6fd0496f8210c0e7ace57842/ad0def0a6fd0496f8210c0e7ace57842.mgf,1,414,927082
5-ASA_linolenic-acid,mzspec:GNPS:MULTIPLEX-SYNTHESIS-LIBRARY-ALL-PARTITION-6:accession:CCMSLIB00016278648,-0.0,mzspec:MSV000083306:peak/QE_C18RT_mzML/QEC18RT_Qcmix_end.mzML:scan:2815,1,0.85,9,0,MSV000083306,NoID,temp/queries/ad/ad0def0a6fd0496f8210c0e7ace57842/ad0def0a6fd0496f8210c0e7ace57842.mgf,1,414,926323
5-ASA_linolenic-acid,mzspec:GNPS:MULTIPLEX-SYNTHESIS-LIBRARY-ALL-PARTITION-6:accession:CCMSLIB00016278648,-0.0,mzspec:MSV000083306:peak/QE_C18RT_mzML/QEC18RT_F1-1_To-1_20181228213143.mzML:scan:2777,1,0.85,8,0,MSV000083306,NoID,temp/queries/ad/ad0def0a6fd0496f8210c0e7ace57842/ad0def0a6fd0496f8210c0e7ace57842.mgf,1,414,927004
5-ASA_linolenic-acid,mzspec:GNPS:MULTIPLEX-SYNTHESIS-LIBRARY-ALL-PARTITION-6:accession:CCMSLIB00016278648,-0.0,mzspec:MSV000083306:peak/QE_C18RT_mzML/QEC18RT_F1-1_F2-1_NIST-1_To-2_20181228203439.mzML:scan:2808,1,0.85,9,0,MSV000083306,NoID,temp/queries/ad/ad0def0a6fd0496f8210c0e7ace57842/ad0def0a6fd0496f8210c0e7ace57842.mgf,1,414,926518
5-ASA_linolenic-acid,mzspec:GNPS:MULTIPLEX-SYNTHESIS-LIBRARY-ALL-PARTITION-6:accession:CCMSLIB00016278648,-0.0,mzspec:MSV000083306:peak/QE_C18_mzML/QEC18_F1-1_F2-1_20181227084526.mzML:scan:3381,1,0.85,9,0,MSV000083306,NoID,temp/queries/ad/ad0def0a6fd0496f8210c0e7ace57842/ad0def0a6fd0496f8210c0e7ace57842.mgf,1,414,926562
5-ASA_linolenic-acid,mzspec:GNPS:MULTIPLEX-SYNTHESIS-LIBRARY-ALL-PARTITION-6:accession:CCMSLIB00016278648,-0.0,mzspec:MSV000081492:ccms_peak/Raw_Files/Samples_Treatment/dhmc_6_1.mzML:scan:2572,1,0.85,8,0,MSV000081492,NoID,temp/queries/ad/ad0def0a6fd0496f8210c0e7ace57842/ad0def0a6fd0496f8210c0e7ace57842.mgf,1,414,989304
5-ASA_linolenic-acid,mzspec:GNPS:MULTIPLEX-SYNTHESIS-LIBRARY-ALL-PARTITION-6:accession:CCMSLIB00016278648,-0.0,mzspec:MSV000083306:peak/QE_C18_mzML/QEC18_F1-1_NIST-3_20181227133316.mzML:scan:3380,1,0.85,9,0,MSV000083306,NoID,temp/queries/ad/ad0def0a6fd0496f8210c0e7ace57842/ad0def0a6fd0496f8210c0e7ace57842.mgf,1,414,927014
5-ASA_linolenic-acid,mzspec:GNPS:MULTIPLEX-SYNTHESIS-LIBRARY-ALL-PARTITION-6:accession:CCMSLIB00016278648,-0.0,mzspec:MSV000083306:peak/QE_C18RT_mzML/QEC18RT_Qcmix_middle.mzML:scan:2822,1,0.85,9,0,MSV000083306,NoID,temp/queries/ad/ad0def0a6fd0496f8210c0e7ace57842/ad0def0a6fd0496f8210c0e7ace57842.mgf,1,414,926336
5-ASA_linolenic-acid,mzspec:GNPS:MULTIPLEX-SYNTHESIS-LIBRARY-ALL-PARTITION-6:accession:CCMSLIB00016278648,-0.0,mzspec:MSV000083306:peak/QE_C18RT_mzML/QEC18RT_F1-1_To-3_20181229070211.mzML:scan:2798,1,0.84,8,0,MSV000083306,NoID,temp/queries/ad/ad0def0a6fd0496f8210c0e7ace57842/ad0def0a6fd0496f8210c0e7ace57842.mgf,1,414,924367
5-ASA_linolenic-acid,mzspec:GNPS:MULTIPLEX-SYNTHESIS-LIBRARY-ALL-PARTITION-6:accession:CCMSLIB00016278648,-0.0,mzspec:MSV000083306:peak/QE_C18RT_mzML/QEC18RT_F1-1_F2-1_NIST-2_To-1_20181229072113.mzML:scan:2811,1,0.84,8,0,MSV000083306,NoID,temp/queries/ad/ad0def0a6fd0496f8210c0e7ace57842/ad0def0a6fd0496f8210c0e7ace57842.mgf,1,414,924947
5-ASA_linolenic-acid,mzspec:GNPS:MULTIPLEX-SYNTHESIS-LIBRARY-ALL-PARTITION-6:accession:CCMSLIB00016278648,-0.0,mzspec:MSV000083756:ccms_peak/Fecal-1-MeOH_RA1_33.mzML:scan:3183,1,0.84,8,0,MSV000083756,NoID,temp/queries/ad/ad0def0a6fd0496f8210c0e7ace57842/ad0def0a6fd0496f8210c0e7ace57842.mgf,1,414,507554
5-ASA_linolenic-acid,mzspec:GNPS:MULTIPLEX-SYNTHESIS-LIBRARY-ALL-PARTITION-6:accession:CCMSLIB00016278648,-0.0,mzspec:MSV000083756:peak/Fecal-1-MeOH_RA1_33.mzML:scan:3183,1,0.84,8,0,MSV000083756,NoID,temp/queries/ad/ad0def0a6fd0496f8210c0e7ace57842/ad0def0a6fd0496f8210c0e7ace57842.mgf,1,414,506511
5-ASA_linolenic-acid,mzspec:GNPS:MULTIPLEX-SYNTHESIS-LIBRARY-ALL-PARTITION-6:accession:CCMSLIB00016278648,-0.0,mzspec:MSV000083306:peak/QE_C18RT_mzML/QEC18RT_F1-1_To-3.mzML:scan:2809,1,0.84,9,0,MSV000083306,NoID,temp/queries/ad/ad0def0a6fd0496f8210c0e7ace57842/ad0def0a6fd0496f8210c0e7ace57842.mgf,1,414,925096
5-ASA_linolenic-acid,mzspec:GNPS:MULTIPLEX-SYNTHESIS-LIBRARY-ALL-PARTITION-6:accession:CCMSLIB00016278648,-0.0,mzspec:MSV000083306:peak/QE_C18_mzML/QEC18_F1-1_F2-1_NIST-2_To-1_20181227225613.mzML:scan:3403,1,0.84,9,0,MSV000083306,NoID,temp/queries/ad/ad0def0a6fd0496f8210c0e7ace57842/ad0def0a6fd0496f8210c0e7ace57842.mgf,1,414,927485
5-ASA_linolenic-acid,mzspec:GNPS:MULTIPLEX-SYNTHESIS-LIBRARY-ALL-PARTITION-6:accession:CCMSLIB00016278648,-0.0,mzspec:MSV000083306:ccms_peak/QE_C18RT_RAW/QEC18RT_F1-1_To-3.mzML:scan:2809,1,0.84,9,0,MSV000083306,NoID,temp/queries/ad/ad0def0a6fd0496f8210c0e7ace57842/ad0def0a6fd0496f8210c0e7ace57842.mgf,1,414,924915
5-ASA_linolenic-acid,mzspec:GNPS:MULTIPLEX-SYNTHESIS-LIBRARY-ALL-PARTITION-6:accession:CCMSLIB00016278648,-0.0,mzspec:MSV000083306:peak/QE_C18_mzML/QEC18_Qcmix_end_20181228041923.mzML:scan:3406,1,0.83,8,0,MSV000083306,NoID,temp/queries/ad/ad0def0a6fd0496f8210c0e7ace57842/ad0def0a6fd0496f8210c0e7ace57842.mgf,1,414,925605
5-ASA_linolenic-acid,mzspec:GNPS:MULTIPLEX-SYNTHESIS-LIBRARY-ALL-PARTITION-6:accession:CCMSLIB00016278648,-0.0,mzspec:MSV000083306:peak/QE_C18RT_mzML/QEC18RT_F1-1_F2-1_NIST-1_To-2_20181229033303.mzML:scan:2823,1,0.83,8,0,MSV000083306,NoID,temp/queries/ad/ad0def0a6fd0496f8210c0e7ace57842/ad0def0a6fd0496f8210c0e7ace57842.mgf,1,414,927347
5-ASA_linolenic-acid,mzspec:GNPS:MULTIPLEX-SYNTHESIS-LIBRARY-ALL-PARTITION-6:accession:CCMSLIB00016278648,-0.0,mzspec:MSV000084556:ccms_peak/Raw_data/FD028_T1.mzML:scan:2124,1,0.83,7,0,MSV000084556,NoID,temp/queries/ad/ad0def0a6fd0496f8210c0e7ace57842/ad0def0a6fd0496f8210c0e7ace57842.mgf,1,414,847830
5-ASA_linolenic-acid,mzspec:GNPS:MULTIPLEX-SYNTHESIS-LIBRARY-ALL-PARTITION-6:accession:CCMSLIB00016278648,-0.0,mzspec:MSV000083306:peak/QE_C18_mzML/QEC18_F1-1_F2-1_NIST-1_To-1.mzML:scan:3409,1,0.83,8,0,MSV000083306,NoID,temp/queries/ad/ad0def0a6fd0496f8210c0e7ace57842/ad0def0a6fd0496f8210c0e7ace57842.mgf,1,414,927519
5-ASA_linolenic-acid,mzspec:GNPS:MULTIPLEX-SYNTHESIS-LIBRARY-ALL-PARTITION-6:accession:CCMSLIB00016278648,-0.0,mzspec:MSV000083306:peak/QE_C18_mzML/QEC18_F1-1_NIST-3_20181228012817.mzML:scan:3407,1,0.83,8,0,MSV000083306,NoID,temp/queries/ad/ad0def0a6fd0496f8210c0e7ace57842/ad0def0a6fd0496f8210c0e7ace57842.mgf,1,414,927151
5-ASA_linolenic-acid,mzspec:GNPS:MULTIPLEX-SYNTHESIS-LIBRARY-ALL-PARTITION-6:accession:CCMSLIB00016278648,-0.0,mzspec:MSV000083306:peak/QE_C18RT_mzML/QEC18RT_F1-1_F2-1_20181228232549.mzML:scan:2795,1,0.83,9,0,MSV000083306,NoID,temp/queries/ad/ad0def0a6fd0496f8210c0e7ace57842/ad0def0a6fd0496f8210c0e7ace57842.mgf,1,414,925304
5-ASA_linolenic-acid,mzspec:GNPS:MULTIPLEX-SYNTHESIS-LIBRARY-ALL-PARTITION-6:accession:CCMSLIB00016278648,-0.0,mzspec:MSV000083306:peak/QE_C18RT_mzML/QEC18RT_F1-1_NIST-3_20181229095321.mzML:scan:2789,1,0.83,8,0,MSV000083306,NoID,temp/queries/ad/ad0def0a6fd0496f8210c0e7ace57842/ad0def0a6fd0496f8210c0e7ace57842.mgf,1,414,923701
5-ASA_linolenic-acid,mzspec:GNPS:MULTIPLEX-SYNTHESIS-LIBRARY-ALL-PARTITION-6:accession:CCMSLIB00016278648,-0.0,mzspec:MSV000083306:ccms_peak/QE_C18_RAW/QEC18_Qcmix_end_20181228041923.mzML:scan:3406,1,0.83,8,0,MSV000083306,NoID,temp/queries/ad/ad0def0a6fd0496f8210c0e7ace57842/ad0def0a6fd0496f8210c0e7ace57842.mgf,1,414,927197
5-ASA_linolenic-acid,mzspec:GNPS:MULTIPLEX-SYNTHESIS-LIBRARY-ALL-PARTITION-6:accession:CCMSLIB00016278648,-0.0,mzspec:MSV000083306:peak/QE_C18_mzML/QEC18_F1-1_F2-1_NIST-2_To-1_20181227152919.mzML:scan:3388,1,0.83,9,0,MSV000083306,NoID,temp/queries/ad/ad0def0a6fd0496f8210c0e7ace57842/ad0def0a6fd0496f8210c0e7ace57842.mgf,1,414,925269
5-ASA_linolenic-acid,mzspec:GNPS:MULTIPLEX-SYNTHESIS-LIBRARY-ALL-PARTITION-6:accession:CCMSLIB00016278648,-0.0,mzspec:MSV000084556:ccms_peak/Raw_data/FD028_T1.mzML:scan:2441,1,0.82,8,0,MSV000084556,NoID,temp/queries/ad/ad0def0a6fd0496f8210c0e7ace57842/ad0def0a6fd0496f8210c0e7ace57842.mgf,1,414,847831
5-ASA_linolenic-acid,mzspec:GNPS:MULTIPLEX-SYNTHESIS-LIBRARY-ALL-PARTITION-6:accession:CCMSLIB00016278648,-0.0,mzspec:MSV000083756:peak/Fecal-1-5MeOH-5H2O_RA6_155.mzML:scan:3127,1,0.82,8,0,MSV000083756,NoID,temp/queries/ad/ad0def0a6fd0496f8210c0e7ace57842/ad0def0a6fd0496f8210c0e7ace57842.mgf,1,414,506311
5-ASA_linolenic-acid,mzspec:GNPS:MULTIPLEX-SYNTHESIS-LIBRARY-ALL-PARTITION-6:accession:CCMSLIB00016278648,-0.0,mzspec:MSV000083756:ccms_peak/Fecal-1-5MeOH-5H2O_RA6_155.mzML:scan:3127,1,0.82,8,0,MSV000083756,NoID,temp/queries/ad/ad0def0a6fd0496f8210c0e7ace57842/ad0def0a6fd0496f8210c0e7ace57842.mgf,1,414,507462
5-ASA_linolenic-acid,mzspec:GNPS:MULTIPLEX-SYNTHESIS-LIBRARY-ALL-PARTITION-6:accession:CCMSLIB00016278648,-0.0,mzspec:MSV000083306:peak/QE_C18_mzML/QEC18_F1-1_F2-3_20181227071023.mzML:scan:3429,1,0.82,8,0,MSV000083306,NoID,temp/queries/ad/ad0def0a6fd0496f8210c0e7ace57842/ad0def0a6fd0496f8210c0e7ace57842.mgf,1,414,926653
5-ASA_linolenic-acid,mzspec:GNPS:MULTIPLEX-SYNTHESIS-LIBRARY-ALL-PARTITION-6:accession:CCMSLIB00016278648,-0.0,mzspec:MSV000087942:ccms_peak/Plate_02_RAW/Tube_160.mzML:scan:1893,1,0.82,8,0,MSV000087942,NoID,temp/queries/ad/ad0def0a6fd0496f8210c0e7ace57842/ad0def0a6fd0496f8210c0e7ace57842.mgf,1,414,806944
5-ASA_linolenic-acid,mzspec:GNPS:MULTIPLEX-SYNTHESIS-LIBRARY-ALL-PARTITION-6:accession:CCMSLIB00016278648,-0.0,mzspec:MSV000083756:ccms_peak/Fecal-1-5MeOH-5H2O_RA6_156.mzML:scan:3114,1,0.82,8,0,MSV000083756,NoID,temp/queries/ad/ad0def0a6fd0496f8210c0e7ace57842/ad0def0a6fd0496f8210c0e7ace57842.mgf,1,414,506596
5-ASA_linolenic-acid,mzspec:GNPS:MULTIPLEX-SYNTHESIS-LIBRARY-ALL-PARTITION-6:accession:CCMSLIB00016278648,-0.0,mzspec:MSV000083756:peak/Fecal-1-6MeOH-4H2O_RA5_132.mzML:scan:3101,1,0.82,8,0,MSV000083756,NoID,temp/queries/ad/ad0def0a6fd0496f8210c0e7ace57842/ad0def0a6fd0496f8210c0e7ace57842.mgf,1,414,506931
5-ASA_linolenic-acid,mzspec:GNPS:MULTIPLEX-SYNTHESIS-LIBRARY-ALL-PARTITION-6:accession:CCMSLIB00016278648,-0.0,mzspec:MSV000083756:peak/Fecal-1-5MeOH-5H2O_RA6_156.mzML:scan:3114,1,0.82,8,0,MSV000083756,NoID,temp/queries/ad/ad0def0a6fd0496f8210c0e7ace57842/ad0def0a6fd0496f8210c0e7ace57842.mgf,1,414,506139
5-ASA_linolenic-acid,mzspec:GNPS:MULTIPLEX-SYNTHESIS-LIBRARY-ALL-PARTITION-6:accession:CCMSLIB00016278648,-0.0,mzspec:MSV000083756:ccms_peak/Fecal-1-6MeOH-4H2O_RA5_132.mzML:scan:3101,1,0.82,8,0,MSV000083756,NoID,temp/queries/ad/ad0def0a6fd0496f8210c0e7ace57842/ad0def0a6fd0496f8210c0e7ace57842.mgf,1,414,507427
5-ASA_linolenic-acid,mzspec:GNPS:MULTIPLEX-SYNTHESIS-LIBRARY-ALL-PARTITION-6:accession:CCMSLIB00016278648,-0.0,mzspec:MSV000083306:peak/QE_C18_mzML/QEC18_F1-2_F2-1_NIST-1_To-1_20181228020619.mzML:scan:3415,1,0.82,9,0,MSV000083306,NoID,temp/queries/ad/ad0def0a6fd0496f8210c0e7ace57842/ad0def0a6fd0496f8210c0e7ace57842.mgf,1,414,925394
5-ASA_linolenic-acid,mzspec:GNPS:MULTIPLEX-SYNTHESIS-LIBRARY-ALL-PARTITION-6:accession:CCMSLIB00016278648,-0.0,mzspec:MSV000083306:peak/QE_C18_mzML/QEC18_F1-3_F2-1_20181227190209.mzML:scan:3403,1,0.82,9,0,MSV000083306,NoID,temp/queries/ad/ad0def0a6fd0496f8210c0e7ace57842/ad0def0a6fd0496f8210c0e7ace57842.mgf,1,414,925559
5-ASA_linolenic-acid,mzspec:GNPS:MULTIPLEX-SYNTHESIS-LIBRARY-ALL-PARTITION-6:accession:CCMSLIB00016278648,-0.0,mzspec:MSV000083306:peak/QE_C18polar_mzML/QEC18polar_F1-3_NIST-1_20181230160325.mzML:scan:3595,1,0.81,9,0,MSV000083306,NoID,temp/queries/ad/ad0def0a6fd0496f8210c0e7ace57842/ad0def0a6fd0496f8210c0e7ace57842.mgf,1,414,924143
5-ASA_linolenic-acid,mzspec:GNPS:MULTIPLEX-SYNTHESIS-LIBRARY-ALL-PARTITION-6:accession:CCMSLIB00016278648,-0.0,mzspec:MSV000083306:peak/QE_C18RT_mzML/QEC18RT_F1-1_F2-1_NIST-1_To-2.mzML:scan:2813,1,0.81,8,0,MSV000083306,NoID,temp/queries/ad/ad0def0a6fd0496f8210c0e7ace57842/ad0def0a6fd0496f8210c0e7ace57842.mgf,1,414,923803
5-ASA_linolenic-acid,mzspec:GNPS:MULTIPLEX-SYNTHESIS-LIBRARY-ALL-PARTITION-6:accession:CCMSLIB00016278648,-0.0,mzspec:MSV000083306:peak/QE_C18RT_mzML/QEC18RT_F1-1_F2-1_NIST-1_To-1_20181228215043.mzML:scan:2823,1,0.81,8,0,MSV000083306,NoID,temp/queries/ad/ad0def0a6fd0496f8210c0e7ace57842/ad0def0a6fd0496f8210c0e7ace57842.mgf,1,414,926495
5-ASA_linolenic-acid,mzspec:GNPS:MULTIPLEX-SYNTHESIS-LIBRARY-ALL-PARTITION-6:accession:CCMSLIB00016278648,-0.0,mzspec:MSV000083306:peak/QE_C18polar_mzML/QEC18polar_F1.mzML:scan:3668,1,0.81,9,0,MSV000083306,NoID,temp/queries/ad/ad0def0a6fd0496f8210c0e7ace57842/ad0def0a6fd0496f8210c0e7ace57842.mgf,1,414,926938
5-ASA_linolenic-acid,mzspec:GNPS:MULTIPLEX-SYNTHESIS-LIBRARY-ALL-PARTITION-6:accession:CCMSLIB00016278648,-0.0,mzspec:MSV000083306:ccms_peak/QE_C18_RAW/QEC18_F1-1_F2-2_NIST-1_To-1_20181227065123.mzML:scan:3386,1,0.81,8,0,MSV000083306,NoID,temp/queries/ad/ad0def0a6fd0496f8210c0e7ace57842/ad0def0a6fd0496f8210c0e7ace57842.mgf,1,414,925067
5-ASA_linolenic-acid,mzspec:GNPS:MULTIPLEX-SYNTHESIS-LIBRARY-ALL-PARTITION-6:accession:CCMSLIB00016278648,-0.0,mzspec:MSV000083306:peak/QE_C18_mzML/QEC18_F1-1_To-1_20181227123513.mzML:scan:3413,1,0.81,8,0,MSV000083306,NoID,temp/queries/ad/ad0def0a6fd0496f8210c0e7ace57842/ad0def0a6fd0496f8210c0e7ace57842.mgf,1,414,925751
5-ASA_linolenic-acid,mzspec:GNPS:MULTIPLEX-SYNTHESIS-LIBRARY-ALL-PARTITION-6:accession:CCMSLIB00016278648,-0.0,mzspec:MSV000083306:peak/QE_C18RT_mzML/QEC18RT_F1-1_F2-3_20181228100117.mzML:scan:2873,1,0.8,8,0,MSV000083306,NoID,temp/queries/ad/ad0def0a6fd0496f8210c0e7ace57842/ad0def0a6fd0496f8210c0e7ace57842.mgf,1,414,925428
5-ASA_linolenic-acid,mzspec:GNPS:MULTIPLEX-SYNTHESIS-LIBRARY-ALL-PARTITION-6:accession:CCMSLIB00016278648,-0.0,mzspec:MSV000083306:peak/QE_C18_mzML/QEC18_F1-1_F2-2_NIST-1_To-1_20181227065123.mzML:scan:3386,1,0.8,8,0,MSV000083306,NoID,temp/queries/ad/ad0def0a6fd0496f8210c0e7ace57842/ad0def0a6fd0496f8210c0e7ace57842.mgf,1,414,924220
5-ASA_linolenic-acid,mzspec:GNPS:MULTIPLEX-SYNTHESIS-LIBRARY-ALL-PARTITION-6:accession:CCMSLIB00016278648,-0.0,mzspec:MSV000083306:peak/QE_C18polar_mzML/QEC18polar_F1_20181231050346.mzML:scan:3650,1,0.8,9,0,MSV000083306,NoID,temp/queries/ad/ad0def0a6fd0496f8210c0e7ace57842/ad0def0a6fd0496f8210c0e7ace57842.mgf,1,414,924027
5-ASA_linolenic-acid,mzspec:GNPS:MULTIPLEX-SYNTHESIS-LIBRARY-ALL-PARTITION-6:accession:CCMSLIB00016278648,-0.0,mzspec:MSV000083306:ccms_peak/QE_C18RT_RAW/QEC18RT_F1-1_F2-1_NIST-1_To-2_20181229033303.mzML:scan:2823,1,0.8,8,0,MSV000083306,NoID,temp/queries/ad/ad0def0a6fd0496f8210c0e7ace57842/ad0def0a6fd0496f8210c0e7ace57842.mgf,1,414,924861
5-ASA_linolenic-acid,mzspec:GNPS:MULTIPLEX-SYNTHESIS-LIBRARY-ALL-PARTITION-6:accession:CCMSLIB00016278648,-0.0,mzspec:MSV000083306:peak/QE_C18RT_mzML/QEC18RT_F1-1_NIST-3.mzML:scan:2807,1,0.8,8,0,MSV000083306,NoID,temp/queries/ad/ad0def0a6fd0496f8210c0e7ace57842/ad0def0a6fd0496f8210c0e7ace57842.mgf,1,414,923812
5-ASA_linolenic-acid,mzspec:GNPS:MULTIPLEX-SYNTHESIS-LIBRARY-ALL-PARTITION-6:accession:CCMSLIB00016278648,-0.0,mzspec:MSV000083306:peak/QE_C18_mzML/QEC18_F1-1_F2-1_NIST-1_To-1_20181227125436.mzML:scan:3395,1,0.8,8,0,MSV000083306,NoID,temp/queries/ad/ad0def0a6fd0496f8210c0e7ace57842/ad0def0a6fd0496f8210c0e7ace57842.mgf,1,414,927421
5-ASA_linolenic-acid,mzspec:GNPS:MULTIPLEX-SYNTHESIS-LIBRARY-ALL-PARTITION-6:accession:CCMSLIB00016278648,-0.0,mzspec:MSV000083756:peak/QCmix4_RF2_216.mzML:scan:3104,1,0.79,8,0,MSV000083756,NoID,temp/queries/ad/ad0def0a6fd0496f8210c0e7ace57842/ad0def0a6fd0496f8210c0e7ace57842.mgf,1,414,506582
5-ASA_linolenic-acid,mzspec:GNPS:MULTIPLEX-SYNTHESIS-LIBRARY-ALL-PARTITION-6:accession:CCMSLIB00016278648,-0.0,mzspec:MSV000083756:ccms_peak/Fecal-1-5MeOH-5H2O_RA6_157.mzML:scan:3111,1,0.79,7,0,MSV000083756,NoID,temp/queries/ad/ad0def0a6fd0496f8210c0e7ace57842/ad0def0a6fd0496f8210c0e7ace57842.mgf,1,414,507193
5-ASA_linolenic-acid,mzspec:GNPS:MULTIPLEX-SYNTHESIS-LIBRARY-ALL-PARTITION-6:accession:CCMSLIB00016278648,-0.0,mzspec:MSV000083306:peak/QE_C18_mzML/QEC18_F1-1_F2-1_NIST-1_To-2.mzML:scan:3388,1,0.79,8,0,MSV000083306,NoID,temp/queries/ad/ad0def0a6fd0496f8210c0e7ace57842/ad0def0a6fd0496f8210c0e7ace57842.mgf,1,414,926879
5-ASA_linolenic-acid,mzspec:GNPS:MULTIPLEX-SYNTHESIS-LIBRARY-ALL-PARTITION-6:accession:CCMSLIB00016278648,-0.0,mzspec:MSV000083756:ccms_peak/QCmix4_RF2_216.mzML:scan:3104,1,0.79,8,0,MSV000083756,NoID,temp/queries/ad/ad0def0a6fd0496f8210c0e7ace57842/ad0def0a6fd0496f8210c0e7ace57842.mgf,1,414,507351
5-ASA_linolenic-acid,mzspec:GNPS:MULTIPLEX-SYNTHESIS-LIBRARY-ALL-PARTITION-6:accession:CCMSLIB00016278648,-0.0,mzspec:MSV000083756:peak/Fecal-1-5MeOH-5H2O_RA6_157.mzML:scan:3111,1,0.79,7,0,MSV000083756,NoID,temp/queries/ad/ad0def0a6fd0496f8210c0e7ace57842/ad0def0a6fd0496f8210c0e7ace57842.mgf,1,414,507548
5-ASA_linolenic-acid,mzspec:GNPS:MULTIPLEX-SYNTHESIS-LIBRARY-ALL-PARTITION-6:accession:CCMSLIB00016278648,-0.0,mzspec:MSV000083306:ccms_peak/QE_C18polar_RAW/QEC18polar_F1-1_To-1.mzML:scan:3614,1,0.77,8,0,MSV000083306,NoID,temp/queries/ad/ad0def0a6fd0496f8210c0e7ace57842/ad0def0a6fd0496f8210c0e7ace57842.mgf,1,414,924904
5-ASA_linolenic-acid,mzspec:GNPS:MULTIPLEX-SYNTHESIS-LIBRARY-ALL-PARTITION-6:accession:CCMSLIB00016278648,-0.0,mzspec:MSV000083756:peak/QCmix3_RF2_149.mzML:scan:3100,1,0.77,8,0,MSV000083756,NoID,temp/queries/ad/ad0def0a6fd0496f8210c0e7ace57842/ad0def0a6fd0496f8210c0e7ace57842.mgf,1,414,506357
5-ASA_linolenic-acid,mzspec:GNPS:MULTIPLEX-SYNTHESIS-LIBRARY-ALL-PARTITION-6:accession:CCMSLIB00016278648,-0.0,mzspec:MSV000083306:peak/QE_C18RT_mzML/QEC18RT_F1-1_F2-3_20181228154315.mzML:scan:2827,1,0.77,8,0,MSV000083306,NoID,temp/queries/ad/ad0def0a6fd0496f8210c0e7ace57842/ad0def0a6fd0496f8210c0e7ace57842.mgf,1,414,925501
5-ASA_linolenic-acid,mzspec:GNPS:MULTIPLEX-SYNTHESIS-LIBRARY-ALL-PARTITION-6:accession:CCMSLIB00016278648,-0.0,mzspec:MSV000083756:ccms_peak/QCmix3_RF2_149.mzML:scan:3100,1,0.77,8,0,MSV000083756,NoID,temp/queries/ad/ad0def0a6fd0496f8210c0e7ace57842/ad0def0a6fd0496f8210c0e7ace57842.mgf,1,414,506795
5-ASA_linolenic-acid,mzspec:GNPS:MULTIPLEX-SYNTHESIS-LIBRARY-ALL-PARTITION-6:accession:CCMSLIB00016278648,-0.0,mzspec:MSV000083306:peak/QE_C18polar_mzML/QEC18polar_F1-1_NIST-1_20181230230225.mzML:scan:3597,1,0.77,9,0,MSV000083306,NoID,temp/queries/ad/ad0def0a6fd0496f8210c0e7ace57842/ad0def0a6fd0496f8210c0e7ace57842.mgf,1,414,924555
5-ASA_linolenic-acid,mzspec:GNPS:MULTIPLEX-SYNTHESIS-LIBRARY-ALL-PARTITION-6:accession:CCMSLIB00016278648,-0.0,mzspec:MSV000083306:peak/QE_C18polar_mzML/QEC18polar_F1-3_F2-1.mzML:scan:3610,1,0.77,9,0,MSV000083306,NoID,temp/queries/ad/ad0def0a6fd0496f8210c0e7ace57842/ad0def0a6fd0496f8210c0e7ace57842.mgf,1,414,926638
5-ASA_linolenic-acid,mzspec:GNPS:MULTIPLEX-SYNTHESIS-LIBRARY-ALL-PARTITION-6:accession:CCMSLIB00016278648,-0.0,mzspec:MSV000083306:peak/QE_C18polar_mzML/QEC18polar_F1-1_To-1.mzML:scan:3614,1,0.77,8,0,MSV000083306,NoID,temp/queries/ad/ad0def0a6fd0496f8210c0e7ace57842/ad0def0a6fd0496f8210c0e7ace57842.mgf,1,414,925761
5-ASA_linolenic-acid,mzspec:GNPS:MULTIPLEX-SYNTHESIS-LIBRARY-ALL-PARTITION-6:accession:CCMSLIB00016278648,-0.0,mzspec:MSV000083306:peak/QE_C18polar_mzML/QEC18polar_F1-3_NIST-1_20181230012800.mzML:scan:3588,1,0.77,8,0,MSV000083306,NoID,temp/queries/ad/ad0def0a6fd0496f8210c0e7ace57842/ad0def0a6fd0496f8210c0e7ace57842.mgf,1,414,926627
5-ASA_linolenic-acid,mzspec:GNPS:MULTIPLEX-SYNTHESIS-LIBRARY-ALL-PARTITION-6:accession:CCMSLIB00016278648,-0.0,mzspec:MSV000084556:ccms_peak/Raw_data/FD028_T2.mzML:scan:2395,1,0.76,7,0,MSV000084556,NoID,temp/queries/ad/ad0def0a6fd0496f8210c0e7ace57842/ad0def0a6fd0496f8210c0e7ace57842.mgf,1,414,847799
5-ASA_linolenic-acid,mzspec:GNPS:MULTIPLEX-SYNTHESIS-LIBRARY-ALL-PARTITION-6:accession:CCMSLIB00016278648,-0.0,mzspec:MSV000083306:peak/QE_C18RT_mzML/QEC18RT_F1-1_F2-1_NIST-2_To-1.mzML:scan:2775,1,0.76,7,0,MSV000083306,NoID,temp/queries/ad/ad0def0a6fd0496f8210c0e7ace57842/ad0def0a6fd0496f8210c0e7ace57842.mgf,1,414,925936
5-ASA_linolenic-acid,mzspec:GNPS:MULTIPLEX-SYNTHESIS-LIBRARY-ALL-PARTITION-6:accession:CCMSLIB00016278648,-0.0,mzspec:MSV000083306:peak/QE_C18_mzML/QEC18_F1-1_F2-1_NIST-1_To-2_20181227184249.mzML:scan:3387,1,0.76,8,0,MSV000083306,NoID,temp/queries/ad/ad0def0a6fd0496f8210c0e7ace57842/ad0def0a6fd0496f8210c0e7ace57842.mgf,1,414,926706
5-ASA_linolenic-acid,mzspec:GNPS:MULTIPLEX-SYNTHESIS-LIBRARY-ALL-PARTITION-6:accession:CCMSLIB00016278648,-0.0,mzspec:MSV000083306:peak/QE_C18polar_mzML/QEC18polar_F1-3_F2-1_20181230094200.mzML:scan:3672,1,0.76,9,0,MSV000083306,NoID,temp/queries/ad/ad0def0a6fd0496f8210c0e7ace57842/ad0def0a6fd0496f8210c0e7ace57842.mgf,1,414,925589
5-ASA_linolenic-acid,mzspec:GNPS:MULTIPLEX-SYNTHESIS-LIBRARY-ALL-PARTITION-6:accession:CCMSLIB00016278648,-0.0,mzspec:MSV000083306:peak/QE_C18_mzML/QEC18_F1-1_F2-2_NIST-1_To-1.mzML:scan:3422,1,0.75,8,0,MSV000083306,NoID,temp/queries/ad/ad0def0a6fd0496f8210c0e7ace57842/ad0def0a6fd0496f8210c0e7ace57842.mgf,1,414,925340
5-ASA_linolenic-acid,mzspec:GNPS:MULTIPLEX-SYNTHESIS-LIBRARY-ALL-PARTITION-6:accession:CCMSLIB00016278648,-0.0,mzspec:MSV000083306:peak/QE_C18polar_mzML/QEC18polar_F1-1_NIST-3_20181231032837.mzML:scan:3579,1,0.75,8,0,MSV000083306,NoID,temp/queries/ad/ad0def0a6fd0496f8210c0e7ace57842/ad0def0a6fd0496f8210c0e7ace57842.mgf,1,414,927279
5-ASA_linolenic-acid,mzspec:GNPS:MULTIPLEX-SYNTHESIS-LIBRARY-ALL-PARTITION-6:accession:CCMSLIB00016278648,-0.0,mzspec:MSV000087942:ccms_peak/Plate_01_RAW/Tube_028.mzML:scan:1937,1,0.75,7,0,MSV000087942,NoID,temp/queries/ad/ad0def0a6fd0496f8210c0e7ace57842/ad0def0a6fd0496f8210c0e7ace57842.mgf,1,414,806815
5-ASA_linolenic-acid,mzspec:GNPS:MULTIPLEX-SYNTHESIS-LIBRARY-ALL-PARTITION-6:accession:CCMSLIB00016278648,-0.0,mzspec:MSV000083306:peak/QE_C18RT_mzML/QEC18RT_F1-1_F2-2_NIST-1_To-1.mzML:scan:2843,1,0.75,7,0,MSV000083306,NoID,temp/queries/ad/ad0def0a6fd0496f8210c0e7ace57842/ad0def0a6fd0496f8210c0e7ace57842.mgf,1,414,926233
5-ASA_linolenic-acid,mzspec:GNPS:MULTIPLEX-SYNTHESIS-LIBRARY-ALL-PARTITION-6:accession:CCMSLIB00016278648,-0.0,mzspec:MSV000083306:peak/QE_C18polar_mzML/QEC18polar_F1-3_To-1.mzML:scan:3615,1,0.74,8,0,MSV000083306,NoID,temp/queries/ad/ad0def0a6fd0496f8210c0e7ace57842/ad0def0a6fd0496f8210c0e7ace57842.mgf,1,414,924738
5-ASA_linolenic-acid,mzspec:GNPS:MULTIPLEX-SYNTHESIS-LIBRARY-ALL-PARTITION-6:accession:CCMSLIB00016278648,-0.0,mzspec:MSV000083306:peak/QE_C18RT_mzML/QEC18RT_F1-1_F2-2_NIST-1_To-1_20181228152413.mzML:scan:2820,1,0.74,8,0,MSV000083306,NoID,temp/queries/ad/ad0def0a6fd0496f8210c0e7ace57842/ad0def0a6fd0496f8210c0e7ace57842.mgf,1,414,923654
5-ASA_linolenic-acid,mzspec:GNPS:MULTIPLEX-SYNTHESIS-LIBRARY-ALL-PARTITION-6:accession:CCMSLIB00016278648,-0.0,mzspec:MSV000097110:peak/NESDA_mzml_all/P11_H4_364162481.mzML:scan:2648,1,0.74,8,0,MSV000097110,NoID,temp/queries/ad/ad0def0a6fd0496f8210c0e7ace57842/ad0def0a6fd0496f8210c0e7ace57842.mgf,1,414,390909
5-ASA_linolenic-acid,mzspec:GNPS:MULTIPLEX-SYNTHESIS-LIBRARY-ALL-PARTITION-6:accession:CCMSLIB00016278648,-0.0,mzspec:MSV000083306:peak/QE_C18polar_mzML/QEC18polar_F1-1_NIST-3.mzML:scan:3581,1,0.74,8,0,MSV000083306,NoID,temp/queries/ad/ad0def0a6fd0496f8210c0e7ace57842/ad0def0a6fd0496f8210c0e7ace57842.mgf,1,414,926173
5-ASA_linolenic-acid,mzspec:GNPS:MULTIPLEX-SYNTHESIS-LIBRARY-ALL-PARTITION-6:accession:CCMSLIB00016278648,-0.0,mzspec:MSV000083306:peak/QE_C18polar_mzML/QEC18polar_F1_20181229233403.mzML:scan:3671,1,0.74,8,0,MSV000083306,NoID,temp/queries/ad/ad0def0a6fd0496f8210c0e7ace57842/ad0def0a6fd0496f8210c0e7ace57842.mgf,1,414,926786
5-ASA_linolenic-acid,mzspec:GNPS:MULTIPLEX-SYNTHESIS-LIBRARY-ALL-PARTITION-6:accession:CCMSLIB00016278648,-0.0,mzspec:MSV000083306:peak/QE_C18polar_mzML/QEC18polar_F1-2_F2-1_NIST-1_To-1.mzML:scan:3605,1,0.74,8,0,MSV000083306,NoID,temp/queries/ad/ad0def0a6fd0496f8210c0e7ace57842/ad0def0a6fd0496f8210c0e7ace57842.mgf,1,414,924105
5-ASA_linolenic-acid,mzspec:GNPS:MULTIPLEX-SYNTHESIS-LIBRARY-ALL-PARTITION-6:accession:CCMSLIB00016278648,-0.0,mzspec:MSV000083306:peak/QE_C18_mzML/QEC18_F1-1_F2-3.mzML:scan:3401,1,0.74,8,0,MSV000083306,NoID,temp/queries/ad/ad0def0a6fd0496f8210c0e7ace57842/ad0def0a6fd0496f8210c0e7ace57842.mgf,1,414,924988
5-ASA_linolenic-acid,mzspec:GNPS:MULTIPLEX-SYNTHESIS-LIBRARY-ALL-PARTITION-6:accession:CCMSLIB00016278648,-0.0,mzspec:MSV000083306:peak/QE_C18polar_mzML/QEC18polar_F1-3_NIST-1.mzML:scan:3603,1,0.74,8,0,MSV000083306,NoID,temp/queries/ad/ad0def0a6fd0496f8210c0e7ace57842/ad0def0a6fd0496f8210c0e7ace57842.mgf,1,414,925720
5-ASA_linolenic-acid,mzspec:GNPS:MULTIPLEX-SYNTHESIS-LIBRARY-ALL-PARTITION-6:accession:CCMSLIB00016278648,-0.0,mzspec:MSV000087942:ccms_peak/Plate_02_RAW/Tube_141.mzML:scan:2249,1,0.73,7,0,MSV000087942,NoID,temp/queries/ad/ad0def0a6fd0496f8210c0e7ace57842/ad0def0a6fd0496f8210c0e7ace57842.mgf,1,414,807000
5-ASA_linolenic-acid,mzspec:GNPS:MULTIPLEX-SYNTHESIS-LIBRARY-ALL-PARTITION-6:accession:CCMSLIB00016278648,-0.0,mzspec:MSV000083306:peak/QE_C18polar_mzML/QEC18polar_F1-1_To-1_20181230090358.mzML:scan:3596,1,0.73,8,0,MSV000083306,NoID,temp/queries/ad/ad0def0a6fd0496f8210c0e7ace57842/ad0def0a6fd0496f8210c0e7ace57842.mgf,1,414,926402
5-ASA_linolenic-acid,mzspec:GNPS:MULTIPLEX-SYNTHESIS-LIBRARY-ALL-PARTITION-6:accession:CCMSLIB00016278648,-0.0,mzspec:MSV000083306:peak/QE_C18polar_mzML/QEC18polar_F1-3_To-1_20181231023133.mzML:scan:3592,1,0.73,8,0,MSV000083306,NoID,temp/queries/ad/ad0def0a6fd0496f8210c0e7ace57842/ad0def0a6fd0496f8210c0e7ace57842.mgf,1,414,927310
5-ASA_linolenic-acid,mzspec:GNPS:MULTIPLEX-SYNTHESIS-LIBRARY-ALL-PARTITION-6:accession:CCMSLIB00016278648,-0.0,mzspec:MSV000083306:peak/QE_C18_mzML/QEC18_F1-1_F2-1_NIST-2_To-1.mzML:scan:3398,1,0.72,8,0,MSV000083306,NoID,temp/queries/ad/ad0def0a6fd0496f8210c0e7ace57842/ad0def0a6fd0496f8210c0e7ace57842.mgf,1,414,925778
5-ASA_linolenic-acid,mzspec:GNPS:MULTIPLEX-SYNTHESIS-LIBRARY-ALL-PARTITION-6:accession:CCMSLIB00016278648,-0.0,mzspec:MSV000083306:peak/QE_C18RT_mzML/QEC18RT_F1-1_F2-2_NIST-1_To-1_20181229120629.mzML:scan:2834,1,0.72,7,0,MSV000083306,NoID,temp/queries/ad/ad0def0a6fd0496f8210c0e7ace57842/ad0def0a6fd0496f8210c0e7ace57842.mgf,1,414,925846
5-ASA_linolenic-acid,mzspec:GNPS:MULTIPLEX-SYNTHESIS-LIBRARY-ALL-PARTITION-6:accession:CCMSLIB00016278648,-0.0,mzspec:MSV000083306:ccms_peak/QE_C18RT_RAW/QEC18RT_F1-1_F2-2_NIST-1_To-1_20181229120629.mzML:scan:2834,1,0.72,7,0,MSV000083306,NoID,temp/queries/ad/ad0def0a6fd0496f8210c0e7ace57842/ad0def0a6fd0496f8210c0e7ace57842.mgf,1,414,924507
5-ASA_linolenic-acid,mzspec:GNPS:MULTIPLEX-SYNTHESIS-LIBRARY-ALL-PARTITION-6:accession:CCMSLIB00016278648,-0.0,mzspec:MSV000083306:peak/QE_C18polar_mzML/QEC18polar_F1-1_NIST-1_20181230235926.mzML:scan:3600,1,0.72,7,0,MSV000083306,NoID,temp/queries/ad/ad0def0a6fd0496f8210c0e7ace57842/ad0def0a6fd0496f8210c0e7ace57842.mgf,1,414,925574
5-ASA_linolenic-acid,mzspec:GNPS:MULTIPLEX-SYNTHESIS-LIBRARY-ALL-PARTITION-6:accession:CCMSLIB00016278648,-0.0,mzspec:MSV000083306:peak/QE_C18polar_mzML/QEC18polar_F1-2_F2-1_NIST-1_To-1_20181231040642.mzML:scan:3608,1,0.71,8,0,MSV000083306,NoID,temp/queries/ad/ad0def0a6fd0496f8210c0e7ace57842/ad0def0a6fd0496f8210c0e7ace57842.mgf,1,414,926112
5-ASA_linolenic-acid,mzspec:GNPS:MULTIPLEX-SYNTHESIS-LIBRARY-ALL-PARTITION-6:accession:CCMSLIB00016278648,-0.0,mzspec:MSV000083306:ccms_peak/QE_C18polar_RAW/QEC18polar_F1-1_F2-1.mzML:scan:3624,1,0.71,8,0,MSV000083306,NoID,temp/queries/ad/ad0def0a6fd0496f8210c0e7ace57842/ad0def0a6fd0496f8210c0e7ace57842.mgf,1,414,927462
5-ASA_linolenic-acid,mzspec:GNPS:MULTIPLEX-SYNTHESIS-LIBRARY-ALL-PARTITION-6:accession:CCMSLIB00016278648,-0.0,mzspec:MSV000083306:peak/QE_C18polar_mzML/QEC18polar_F1-1_F2-1.mzML:scan:3624,1,0.71,8,0,MSV000083306,NoID,temp/queries/ad/ad0def0a6fd0496f8210c0e7ace57842/ad0def0a6fd0496f8210c0e7ace57842.mgf,1,414,924325
5-ASA_linolenic-acid,mzspec:GNPS:MULTIPLEX-SYNTHESIS-LIBRARY-ALL-PARTITION-6:accession:CCMSLIB00016278648,-0.0,mzspec:MSV000083306:peak/QE_C18polar_mzML/QEC18polar_F1-3_To-1_20181231044446.mzML:scan:3592,1,0.71,8,0,MSV000083306,NoID,temp/queries/ad/ad0def0a6fd0496f8210c0e7ace57842/ad0def0a6fd0496f8210c0e7ace57842.mgf,1,414,925888
5-ASA_linolenic-acid,mzspec:GNPS:MULTIPLEX-SYNTHESIS-LIBRARY-ALL-PARTITION-6:accession:CCMSLIB00016278648,-0.0,mzspec:MSV000083306:peak/QE_C18polar_mzML/QEC18polar_F1-1_To-1_20181230010859.mzML:scan:3582,1,0.71,7,0,MSV000083306,NoID,temp/queries/ad/ad0def0a6fd0496f8210c0e7ace57842/ad0def0a6fd0496f8210c0e7ace57842.mgf,1,414,924724
5-ASA_linolenic-acid,mzspec:GNPS:MULTIPLEX-SYNTHESIS-LIBRARY-ALL-PARTITION-6:accession:CCMSLIB00016278648,-0.0,mzspec:MSV000082221:ccms_peak/mzxml_files/samples/PLCL19995_RF11_01_28293.mzML:scan:1651,1,0.71,6,0,MSV000082221,NoID,temp/queries/ad/ad0def0a6fd0496f8210c0e7ace57842/ad0def0a6fd0496f8210c0e7ace57842.mgf,1,414,75725
5-ASA_linolenic-acid,mzspec:GNPS:MULTIPLEX-SYNTHESIS-LIBRARY-ALL-PARTITION-6:accession:CCMSLIB00016278648,-0.0,mzspec:MSV000087942:ccms_peak/Plate_01_RAW/Tube_038.mzML:scan:1902,1,0.7,8,0,MSV000087942,NoID,temp/queries/ad/ad0def0a6fd0496f8210c0e7ace57842/ad0def0a6fd0496f8210c0e7ace57842.mgf,1,414,806975
