compound_name,lib_usi,Delta Mass,USI,Charge,Cosine,Matching Peaks,Unit Delta Mass,Dataset,Status,Query Filename,Query Scan,Index UnitPM,Index IdxInUnitPM
5-ASA_malonic acid,mzspec:GNPS:MULTIPLEX-SYNTHESIS-LIBRARY-ALL-PARTITION-6:accession:CCMSLIB00016277537,-0.02,mzspec:MSV000094859:peak/DOM/DOM_mzML/DD_CW_P1_BR12_DOM.mzML:scan:1724,1,0.83,4,0,MSV000094859,NoID,temp/queries/2e/2e3d474e4d5e4d1fa3955fde0eca6b70/2e3d474e4d5e4d1fa3955fde0eca6b70.mgf,1,240,2318881
5-ASA_malonic acid,mzspec:GNPS:MULTIPLEX-SYNTHESIS-LIBRARY-ALL-PARTITION-6:accession:CCMSLIB00016277537,-0.0,mzspec:MSV000088646:ccms_peak/Plate_01_RAW/239046_BL.mzML:scan:611,1,0.83,5,0,MSV000088646,NoID,temp/queries/2e/2e3d474e4d5e4d1fa3955fde0eca6b70/2e3d474e4d5e4d1fa3955fde0eca6b70.mgf,1,240,900563
5-ASA_malonic acid,mzspec:GNPS:MULTIPLEX-SYNTHESIS-LIBRARY-ALL-PARTITION-6:accession:CCMSLIB00016277537,-0.02,mzspec:MSV000094859:peak/DOM/DOM_mzML/DD_LY_P3_BR11_DOM.mzML:scan:1728,1,0.8,3,0,MSV000094859,NoID,temp/queries/2e/2e3d474e4d5e4d1fa3955fde0eca6b70/2e3d474e4d5e4d1fa3955fde0eca6b70.mgf,1,240,2319148
5-ASA_malonic acid,mzspec:GNPS:MULTIPLEX-SYNTHESIS-LIBRARY-ALL-PARTITION-6:accession:CCMSLIB00016277537,-0.02,mzspec:MSV000094859:peak/DOM/DOM_mzML/DD_NW_P1_BR06_DOM.mzML:scan:1728,1,0.78,3,0,MSV000094859,NoID,temp/queries/2e/2e3d474e4d5e4d1fa3955fde0eca6b70/2e3d474e4d5e4d1fa3955fde0eca6b70.mgf,1,240,2319011
5-ASA_malonic acid,mzspec:GNPS:MULTIPLEX-SYNTHESIS-LIBRARY-ALL-PARTITION-6:accession:CCMSLIB00016277537,-0.02,mzspec:MSV000094859:peak/DOM/DOM_mzML/DD_LY_P2_BR05_DOM.mzML:scan:1647,1,0.71,2,0,MSV000094859,NoID,temp/queries/2e/2e3d474e4d5e4d1fa3955fde0eca6b70/2e3d474e4d5e4d1fa3955fde0eca6b70.mgf,1,240,2319642
5-ASA_malonic acid,mzspec:GNPS:MULTIPLEX-SYNTHESIS-LIBRARY-ALL-PARTITION-6:accession:CCMSLIB00016277537,-0.02,mzspec:MSV000094859:peak/DOM/DOM_mzML/DD_LY_P2_BR05_DOM.mzML:scan:1754,1,0.71,2,0,MSV000094859,NoID,temp/queries/2e/2e3d474e4d5e4d1fa3955fde0eca6b70/2e3d474e4d5e4d1fa3955fde0eca6b70.mgf,1,240,2319643
5-ASA_malonic acid,mzspec:GNPS:MULTIPLEX-SYNTHESIS-LIBRARY-ALL-PARTITION-6:accession:CCMSLIB00016277537,-0.02,mzspec:MSV000089290:ccms_peak/199_MT_CCE21.mzML:scan:1865,1,0.7,2,0,MSV000089290,NoID,temp/queries/2e/2e3d474e4d5e4d1fa3955fde0eca6b70/2e3d474e4d5e4d1fa3955fde0eca6b70.mgf,1,240,700887
5-ASA_malonic acid,mzspec:GNPS:MULTIPLEX-SYNTHESIS-LIBRARY-ALL-PARTITION-6:accession:CCMSLIB00016277537,-0.02,mzspec:MSV000089290:peak/199_MT_CCE21.mzML:scan:1865,1,0.7,2,0,MSV000089290,NoID,temp/queries/2e/2e3d474e4d5e4d1fa3955fde0eca6b70/2e3d474e4d5e4d1fa3955fde0eca6b70.mgf,1,240,700806
