compound_name,lib_usi,Delta Mass,USI,Charge,Cosine,Matching Peaks,Unit Delta Mass,Dataset,Status,Query Filename,Query Scan,Index UnitPM,Index IdxInUnitPM
5-ASA_methacrylic-acid,mzspec:GNPS:MULTIPLEX-SYNTHESIS-LIBRARY-ALL-PARTITION-6:accession:CCMSLIB00016279018,-0.0,mzspec:MSV000088473:ccms_peak/mzmls_CDTs/FBT_7_2.mzML:scan:2225,1,0.82,3,0,MSV000088473,NoID,temp/queries/7b/7b1b780f8f1c405fb92972897fe1456f/7b1b780f8f1c405fb92972897fe1456f.mgf,1,222,641110
5-ASA_methacrylic-acid,mzspec:GNPS:MULTIPLEX-SYNTHESIS-LIBRARY-ALL-PARTITION-6:accession:CCMSLIB00016279018,-0.0,mzspec:MSV000088473:peak/mzmls_CDTs/FBT_7_2.mzML:scan:2225,1,0.82,3,0,MSV000088473,NoID,temp/queries/7b/7b1b780f8f1c405fb92972897fe1456f/7b1b780f8f1c405fb92972897fe1456f.mgf,1,222,640916
5-ASA_methacrylic-acid,mzspec:GNPS:MULTIPLEX-SYNTHESIS-LIBRARY-ALL-PARTITION-6:accession:CCMSLIB00016279018,-0.0,mzspec:MSV000088473:ccms_peak/mzmls_CDTs/TJT_2_3.mzML:scan:2263,1,0.79,3,0,MSV000088473,NoID,temp/queries/7b/7b1b780f8f1c405fb92972897fe1456f/7b1b780f8f1c405fb92972897fe1456f.mgf,1,222,641288
5-ASA_methacrylic-acid,mzspec:GNPS:MULTIPLEX-SYNTHESIS-LIBRARY-ALL-PARTITION-6:accession:CCMSLIB00016279018,-0.0,mzspec:MSV000088473:peak/mzmls_CDTs/TJT_2_3.mzML:scan:2263,1,0.79,3,0,MSV000088473,NoID,temp/queries/7b/7b1b780f8f1c405fb92972897fe1456f/7b1b780f8f1c405fb92972897fe1456f.mgf,1,222,641163
5-ASA_methacrylic-acid,mzspec:GNPS:MULTIPLEX-SYNTHESIS-LIBRARY-ALL-PARTITION-6:accession:CCMSLIB00016279018,0.0,mzspec:MSV000081955:updates/2019-12-22_TJLing_6d83bcd6/peak/Tri-fungal in vitro reconstruction/35C_29%-1.mzML:scan:1930,1,0.78,3,0,MSV000081955,NoID,temp/queries/7b/7b1b780f8f1c405fb92972897fe1456f/7b1b780f8f1c405fb92972897fe1456f.mgf,1,222,1228065
5-ASA_methacrylic-acid,mzspec:GNPS:MULTIPLEX-SYNTHESIS-LIBRARY-ALL-PARTITION-6:accession:CCMSLIB00016279018,0.0,mzspec:MSV000081955:updates/2019-12-22_TJLing_6d83bcd6/peak/Tri-fungal in vitro reconstruction/35C_13%-2.mzML:scan:1942,1,0.78,3,0,MSV000081955,NoID,temp/queries/7b/7b1b780f8f1c405fb92972897fe1456f/7b1b780f8f1c405fb92972897fe1456f.mgf,1,222,1228063
5-ASA_methacrylic-acid,mzspec:GNPS:MULTIPLEX-SYNTHESIS-LIBRARY-ALL-PARTITION-6:accession:CCMSLIB00016279018,0.0,mzspec:MSV000081955:updates/2019-12-22_TJLing_6d83bcd6/peak/Tri-fungal in vitro reconstruction/25C_29%-2.mzML:scan:1944,1,0.77,3,0,MSV000081955,NoID,temp/queries/7b/7b1b780f8f1c405fb92972897fe1456f/7b1b780f8f1c405fb92972897fe1456f.mgf,1,222,1228081
5-ASA_methacrylic-acid,mzspec:GNPS:MULTIPLEX-SYNTHESIS-LIBRARY-ALL-PARTITION-6:accession:CCMSLIB00016279018,-0.0,mzspec:MSV000088473:peak/mzmls_CDTs/LBT_9_1.mzML:scan:2211,1,0.77,3,0,MSV000088473,NoID,temp/queries/7b/7b1b780f8f1c405fb92972897fe1456f/7b1b780f8f1c405fb92972897fe1456f.mgf,1,222,641197
5-ASA_methacrylic-acid,mzspec:GNPS:MULTIPLEX-SYNTHESIS-LIBRARY-ALL-PARTITION-6:accession:CCMSLIB00016279018,-0.0,mzspec:MSV000088473:ccms_peak/mzmls_CDTs/LBT_9_1.mzML:scan:2211,1,0.77,3,0,MSV000088473,NoID,temp/queries/7b/7b1b780f8f1c405fb92972897fe1456f/7b1b780f8f1c405fb92972897fe1456f.mgf,1,222,641211
5-ASA_methacrylic-acid,mzspec:GNPS:MULTIPLEX-SYNTHESIS-LIBRARY-ALL-PARTITION-6:accession:CCMSLIB00016279018,-0.0,mzspec:MSV000088473:ccms_peak/mzmls_CDTs/LALT_2.mzML:scan:2163,1,0.77,3,0,MSV000088473,NoID,temp/queries/7b/7b1b780f8f1c405fb92972897fe1456f/7b1b780f8f1c405fb92972897fe1456f.mgf,1,222,641245
5-ASA_methacrylic-acid,mzspec:GNPS:MULTIPLEX-SYNTHESIS-LIBRARY-ALL-PARTITION-6:accession:CCMSLIB00016279018,-0.0,mzspec:MSV000088473:ccms_peak/mzmls_CDTs/LBT_9_3.mzML:scan:2224,1,0.77,3,0,MSV000088473,NoID,temp/queries/7b/7b1b780f8f1c405fb92972897fe1456f/7b1b780f8f1c405fb92972897fe1456f.mgf,1,222,641000
5-ASA_methacrylic-acid,mzspec:GNPS:MULTIPLEX-SYNTHESIS-LIBRARY-ALL-PARTITION-6:accession:CCMSLIB00016279018,-0.0,mzspec:MSV000088473:peak/mzmls_CDTs/LBT_9_3.mzML:scan:2224,1,0.77,3,0,MSV000088473,NoID,temp/queries/7b/7b1b780f8f1c405fb92972897fe1456f/7b1b780f8f1c405fb92972897fe1456f.mgf,1,222,641033
5-ASA_methacrylic-acid,mzspec:GNPS:MULTIPLEX-SYNTHESIS-LIBRARY-ALL-PARTITION-6:accession:CCMSLIB00016279018,-0.0,mzspec:MSV000088473:peak/mzmls_CDTs/LALT_2.mzML:scan:2163,1,0.77,3,0,MSV000088473,NoID,temp/queries/7b/7b1b780f8f1c405fb92972897fe1456f/7b1b780f8f1c405fb92972897fe1456f.mgf,1,222,641159
5-ASA_methacrylic-acid,mzspec:GNPS:MULTIPLEX-SYNTHESIS-LIBRARY-ALL-PARTITION-6:accession:CCMSLIB00016279018,-0.0,mzspec:MSV000094859:peak/DOM/DOM_mzML/DD_CW_P1_BR21_DOM.mzML:scan:1640,1,0.77,2,0,MSV000094859,NoID,temp/queries/7b/7b1b780f8f1c405fb92972897fe1456f/7b1b780f8f1c405fb92972897fe1456f.mgf,1,222,1315622
5-ASA_methacrylic-acid,mzspec:GNPS:MULTIPLEX-SYNTHESIS-LIBRARY-ALL-PARTITION-6:accession:CCMSLIB00016279018,-0.0,mzspec:MSV000088473:ccms_peak/mzmls_CDTs/HRPT_3.mzML:scan:2206,1,0.76,3,0,MSV000088473,NoID,temp/queries/7b/7b1b780f8f1c405fb92972897fe1456f/7b1b780f8f1c405fb92972897fe1456f.mgf,1,222,640895
5-ASA_methacrylic-acid,mzspec:GNPS:MULTIPLEX-SYNTHESIS-LIBRARY-ALL-PARTITION-6:accession:CCMSLIB00016279018,-0.0,mzspec:MSV000088473:peak/mzmls_CDTs/HRPT_3.mzML:scan:2206,1,0.76,3,0,MSV000088473,NoID,temp/queries/7b/7b1b780f8f1c405fb92972897fe1456f/7b1b780f8f1c405fb92972897fe1456f.mgf,1,222,641328
5-ASA_methacrylic-acid,mzspec:GNPS:MULTIPLEX-SYNTHESIS-LIBRARY-ALL-PARTITION-6:accession:CCMSLIB00016279018,0.0,mzspec:MSV000081955:updates/2019-12-22_TJLing_6d83bcd6/peak/Tri-fungal in vitro reconstruction/25C_17%-2.mzML:scan:1925,1,0.76,3,0,MSV000081955,NoID,temp/queries/7b/7b1b780f8f1c405fb92972897fe1456f/7b1b780f8f1c405fb92972897fe1456f.mgf,1,222,1228060
5-ASA_methacrylic-acid,mzspec:GNPS:MULTIPLEX-SYNTHESIS-LIBRARY-ALL-PARTITION-6:accession:CCMSLIB00016279018,0.0,mzspec:MSV000081955:updates/2019-12-22_TJLing_6d83bcd6/peak/Tri-fungal in vitro reconstruction/25C_17%-1.mzML:scan:1945,1,0.76,3,0,MSV000081955,NoID,temp/queries/7b/7b1b780f8f1c405fb92972897fe1456f/7b1b780f8f1c405fb92972897fe1456f.mgf,1,222,1228070
5-ASA_methacrylic-acid,mzspec:GNPS:MULTIPLEX-SYNTHESIS-LIBRARY-ALL-PARTITION-6:accession:CCMSLIB00016279018,-0.0,mzspec:MSV000088473:ccms_peak/mzmls_CDTs/LBT_1_3.mzML:scan:2212,1,0.76,3,0,MSV000088473,NoID,temp/queries/7b/7b1b780f8f1c405fb92972897fe1456f/7b1b780f8f1c405fb92972897fe1456f.mgf,1,222,640890
5-ASA_methacrylic-acid,mzspec:GNPS:MULTIPLEX-SYNTHESIS-LIBRARY-ALL-PARTITION-6:accession:CCMSLIB00016279018,-0.0,mzspec:MSV000088473:peak/mzmls_CDTs/HRPT_1.mzML:scan:2217,1,0.76,3,0,MSV000088473,NoID,temp/queries/7b/7b1b780f8f1c405fb92972897fe1456f/7b1b780f8f1c405fb92972897fe1456f.mgf,1,222,640973
5-ASA_methacrylic-acid,mzspec:GNPS:MULTIPLEX-SYNTHESIS-LIBRARY-ALL-PARTITION-6:accession:CCMSLIB00016279018,-0.0,mzspec:MSV000088473:ccms_peak/mzmls_CDTs/DBT_1_3.mzML:scan:2222,1,0.76,3,0,MSV000088473,NoID,temp/queries/7b/7b1b780f8f1c405fb92972897fe1456f/7b1b780f8f1c405fb92972897fe1456f.mgf,1,222,641148
5-ASA_methacrylic-acid,mzspec:GNPS:MULTIPLEX-SYNTHESIS-LIBRARY-ALL-PARTITION-6:accession:CCMSLIB00016279018,-0.0,mzspec:MSV000088473:ccms_peak/mzmls_CDTs/HRPT_1.mzML:scan:2217,1,0.76,3,0,MSV000088473,NoID,temp/queries/7b/7b1b780f8f1c405fb92972897fe1456f/7b1b780f8f1c405fb92972897fe1456f.mgf,1,222,641181
5-ASA_methacrylic-acid,mzspec:GNPS:MULTIPLEX-SYNTHESIS-LIBRARY-ALL-PARTITION-6:accession:CCMSLIB00016279018,-0.0,mzspec:MSV000088473:peak/mzmls_CDTs/LBT_1_3.mzML:scan:2212,1,0.76,3,0,MSV000088473,NoID,temp/queries/7b/7b1b780f8f1c405fb92972897fe1456f/7b1b780f8f1c405fb92972897fe1456f.mgf,1,222,641253
5-ASA_methacrylic-acid,mzspec:GNPS:MULTIPLEX-SYNTHESIS-LIBRARY-ALL-PARTITION-6:accession:CCMSLIB00016279018,-0.0,mzspec:MSV000088473:peak/mzmls_CDTs/DBT_1_3.mzML:scan:2222,1,0.76,3,0,MSV000088473,NoID,temp/queries/7b/7b1b780f8f1c405fb92972897fe1456f/7b1b780f8f1c405fb92972897fe1456f.mgf,1,222,641323
5-ASA_methacrylic-acid,mzspec:GNPS:MULTIPLEX-SYNTHESIS-LIBRARY-ALL-PARTITION-6:accession:CCMSLIB00016279018,-0.0,mzspec:MSV000088473:peak/mzmls_CDTs/LBT_2_1.mzML:scan:2181,1,0.76,3,0,MSV000088473,NoID,temp/queries/7b/7b1b780f8f1c405fb92972897fe1456f/7b1b780f8f1c405fb92972897fe1456f.mgf,1,222,641089
5-ASA_methacrylic-acid,mzspec:GNPS:MULTIPLEX-SYNTHESIS-LIBRARY-ALL-PARTITION-6:accession:CCMSLIB00016279018,-0.0,mzspec:MSV000088473:ccms_peak/mzmls_CDTs/LBT_2_1.mzML:scan:2181,1,0.76,3,0,MSV000088473,NoID,temp/queries/7b/7b1b780f8f1c405fb92972897fe1456f/7b1b780f8f1c405fb92972897fe1456f.mgf,1,222,641242
5-ASA_methacrylic-acid,mzspec:GNPS:MULTIPLEX-SYNTHESIS-LIBRARY-ALL-PARTITION-6:accession:CCMSLIB00016279018,-0.0,mzspec:MSV000092820:raw/083123_Matthaei_Herbarium_lowmz/2019_Herbarium_EA_150-450mz/Dalbergia-ecastaphyllum-ethylacetate-2019-Herbarium.mzML:scan:1879,1,0.76,3,0,MSV000092820,NoID,temp/queries/7b/7b1b780f8f1c405fb92972897fe1456f/7b1b780f8f1c405fb92972897fe1456f.mgf,1,222,265281
5-ASA_methacrylic-acid,mzspec:GNPS:MULTIPLEX-SYNTHESIS-LIBRARY-ALL-PARTITION-6:accession:CCMSLIB00016279018,-0.02,mzspec:ST003843:bombyx_m_metabolomics/QC_18.mzML:scan:11998,1,0.75,1,0,ST003843,NoID,temp/queries/7b/7b1b780f8f1c405fb92972897fe1456f/7b1b780f8f1c405fb92972897fe1456f.mgf,1,222,1802768
5-ASA_methacrylic-acid,mzspec:GNPS:MULTIPLEX-SYNTHESIS-LIBRARY-ALL-PARTITION-6:accession:CCMSLIB00016279018,-0.02,mzspec:MSV000095844:peak/ESI + At/2024-04-22-DissectionGluco-MC-LB-020-Pos.mzXML:scan:2075,1,0.75,1,0,MSV000095844,NoID,temp/queries/7b/7b1b780f8f1c405fb92972897fe1456f/7b1b780f8f1c405fb92972897fe1456f.mgf,1,222,1396224
5-ASA_methacrylic-acid,mzspec:GNPS:MULTIPLEX-SYNTHESIS-LIBRARY-ALL-PARTITION-6:accession:CCMSLIB00016279018,0.0,mzspec:MSV000081955:updates/2019-12-22_TJLing_6d83bcd6/peak/Tri-fungal in vitro reconstruction/25C_17%-3.mzML:scan:1934,1,0.75,3,0,MSV000081955,NoID,temp/queries/7b/7b1b780f8f1c405fb92972897fe1456f/7b1b780f8f1c405fb92972897fe1456f.mgf,1,222,1228080
5-ASA_methacrylic-acid,mzspec:GNPS:MULTIPLEX-SYNTHESIS-LIBRARY-ALL-PARTITION-6:accession:CCMSLIB00016279018,0.0,mzspec:MSV000081955:updates/2019-12-22_TJLing_6d83bcd6/peak/Tri-fungal in vitro reconstruction/30C_33%-1.mzML:scan:1937,1,0.75,3,0,MSV000081955,NoID,temp/queries/7b/7b1b780f8f1c405fb92972897fe1456f/7b1b780f8f1c405fb92972897fe1456f.mgf,1,222,1228083
5-ASA_methacrylic-acid,mzspec:GNPS:MULTIPLEX-SYNTHESIS-LIBRARY-ALL-PARTITION-6:accession:CCMSLIB00016279018,0.0,mzspec:MSV000081955:updates/2019-12-22_TJLing_6d83bcd6/peak/Tri-fungal in vitro reconstruction/35C_17%-3.mzML:scan:1944,1,0.75,3,0,MSV000081955,NoID,temp/queries/7b/7b1b780f8f1c405fb92972897fe1456f/7b1b780f8f1c405fb92972897fe1456f.mgf,1,222,1228073
5-ASA_methacrylic-acid,mzspec:GNPS:MULTIPLEX-SYNTHESIS-LIBRARY-ALL-PARTITION-6:accession:CCMSLIB00016279018,-0.0,mzspec:MSV000088473:peak/mzmls_CDTs/DBT_2_1.mzML:scan:2187,1,0.75,3,0,MSV000088473,NoID,temp/queries/7b/7b1b780f8f1c405fb92972897fe1456f/7b1b780f8f1c405fb92972897fe1456f.mgf,1,222,641232
5-ASA_methacrylic-acid,mzspec:GNPS:MULTIPLEX-SYNTHESIS-LIBRARY-ALL-PARTITION-6:accession:CCMSLIB00016279018,-0.0,mzspec:MSV000088473:ccms_peak/mzmls_CDTs/DBT_2_1.mzML:scan:2187,1,0.75,3,0,MSV000088473,NoID,temp/queries/7b/7b1b780f8f1c405fb92972897fe1456f/7b1b780f8f1c405fb92972897fe1456f.mgf,1,222,640889
5-ASA_methacrylic-acid,mzspec:GNPS:MULTIPLEX-SYNTHESIS-LIBRARY-ALL-PARTITION-6:accession:CCMSLIB00016279018,-0.0,mzspec:MSV000088473:peak/mzmls_CDTs/QC_1.mzML:scan:2127,1,0.74,3,0,MSV000088473,NoID,temp/queries/7b/7b1b780f8f1c405fb92972897fe1456f/7b1b780f8f1c405fb92972897fe1456f.mgf,1,222,641093
5-ASA_methacrylic-acid,mzspec:GNPS:MULTIPLEX-SYNTHESIS-LIBRARY-ALL-PARTITION-6:accession:CCMSLIB00016279018,-0.0,mzspec:MSV000088473:ccms_peak/mzmls_CDTs/QC_1.mzML:scan:2127,1,0.74,3,0,MSV000088473,NoID,temp/queries/7b/7b1b780f8f1c405fb92972897fe1456f/7b1b780f8f1c405fb92972897fe1456f.mgf,1,222,640935
5-ASA_methacrylic-acid,mzspec:GNPS:MULTIPLEX-SYNTHESIS-LIBRARY-ALL-PARTITION-6:accession:CCMSLIB00016279018,0.0,mzspec:MSV000081955:updates/2019-12-22_TJLing_6d83bcd6/peak/Tri-fungal in vitro reconstruction/E.cristatum_on_SRDTLs.mzML:scan:1945,1,0.74,3,0,MSV000081955,NoID,temp/queries/7b/7b1b780f8f1c405fb92972897fe1456f/7b1b780f8f1c405fb92972897fe1456f.mgf,1,222,1228082
5-ASA_methacrylic-acid,mzspec:GNPS:MULTIPLEX-SYNTHESIS-LIBRARY-ALL-PARTITION-6:accession:CCMSLIB00016279018,-0.0,mzspec:MSV000088473:ccms_peak/mzmls_CDTs/HBT_1_3.mzML:scan:2225,1,0.74,3,0,MSV000088473,NoID,temp/queries/7b/7b1b780f8f1c405fb92972897fe1456f/7b1b780f8f1c405fb92972897fe1456f.mgf,1,222,641072
5-ASA_methacrylic-acid,mzspec:GNPS:MULTIPLEX-SYNTHESIS-LIBRARY-ALL-PARTITION-6:accession:CCMSLIB00016279018,-0.0,mzspec:MSV000088473:peak/mzmls_CDTs/HBT_1_3.mzML:scan:2225,1,0.74,3,0,MSV000088473,NoID,temp/queries/7b/7b1b780f8f1c405fb92972897fe1456f/7b1b780f8f1c405fb92972897fe1456f.mgf,1,222,640993
5-ASA_methacrylic-acid,mzspec:GNPS:MULTIPLEX-SYNTHESIS-LIBRARY-ALL-PARTITION-6:accession:CCMSLIB00016279018,0.0,mzspec:MSV000081955:updates/2019-12-22_TJLing_6d83bcd6/peak/Tri-fungal in vitro reconstruction/25C_13%-2.mzML:scan:1956,1,0.74,3,0,MSV000081955,NoID,temp/queries/7b/7b1b780f8f1c405fb92972897fe1456f/7b1b780f8f1c405fb92972897fe1456f.mgf,1,222,1228068
5-ASA_methacrylic-acid,mzspec:GNPS:MULTIPLEX-SYNTHESIS-LIBRARY-ALL-PARTITION-6:accession:CCMSLIB00016279018,0.0,mzspec:MSV000081955:updates/2019-12-22_TJLing_6d83bcd6/peak/Tri-fungal in vitro reconstruction/30C_33%-3.mzML:scan:1948,1,0.74,3,0,MSV000081955,NoID,temp/queries/7b/7b1b780f8f1c405fb92972897fe1456f/7b1b780f8f1c405fb92972897fe1456f.mgf,1,222,1228059
5-ASA_methacrylic-acid,mzspec:GNPS:MULTIPLEX-SYNTHESIS-LIBRARY-ALL-PARTITION-6:accession:CCMSLIB00016279018,-0.0,mzspec:MSV000088473:ccms_peak/mzmls_CDTs/QLT_2_1.mzML:scan:2218,1,0.74,3,0,MSV000088473,NoID,temp/queries/7b/7b1b780f8f1c405fb92972897fe1456f/7b1b780f8f1c405fb92972897fe1456f.mgf,1,222,641261
5-ASA_methacrylic-acid,mzspec:GNPS:MULTIPLEX-SYNTHESIS-LIBRARY-ALL-PARTITION-6:accession:CCMSLIB00016279018,-0.0,mzspec:MSV000088473:peak/mzmls_CDTs/QLT_2_1.mzML:scan:2218,1,0.74,3,0,MSV000088473,NoID,temp/queries/7b/7b1b780f8f1c405fb92972897fe1456f/7b1b780f8f1c405fb92972897fe1456f.mgf,1,222,641150
5-ASA_methacrylic-acid,mzspec:GNPS:MULTIPLEX-SYNTHESIS-LIBRARY-ALL-PARTITION-6:accession:CCMSLIB00016279018,0.0,mzspec:MSV000081955:updates/2019-12-22_TJLing_6d83bcd6/peak/Tri-fungal in vitro reconstruction/30C_26%-1.mzML:scan:1919,1,0.74,3,0,MSV000081955,NoID,temp/queries/7b/7b1b780f8f1c405fb92972897fe1456f/7b1b780f8f1c405fb92972897fe1456f.mgf,1,222,1228089
5-ASA_methacrylic-acid,mzspec:GNPS:MULTIPLEX-SYNTHESIS-LIBRARY-ALL-PARTITION-6:accession:CCMSLIB00016279018,0.0,mzspec:MSV000081955:updates/2019-12-22_TJLing_6d83bcd6/peak/Tri-fungal in vitro reconstruction/30C_29%-3.mzML:scan:1948,1,0.74,3,0,MSV000081955,NoID,temp/queries/7b/7b1b780f8f1c405fb92972897fe1456f/7b1b780f8f1c405fb92972897fe1456f.mgf,1,222,1228088
5-ASA_methacrylic-acid,mzspec:GNPS:MULTIPLEX-SYNTHESIS-LIBRARY-ALL-PARTITION-6:accession:CCMSLIB00016279018,0.0,mzspec:MSV000081955:updates/2019-12-22_TJLing_6d83bcd6/peak/Tri-fungal in vitro reconstruction/25C_26%-3.mzML:scan:1929,1,0.74,3,0,MSV000081955,NoID,temp/queries/7b/7b1b780f8f1c405fb92972897fe1456f/7b1b780f8f1c405fb92972897fe1456f.mgf,1,222,1228056
5-ASA_methacrylic-acid,mzspec:GNPS:MULTIPLEX-SYNTHESIS-LIBRARY-ALL-PARTITION-6:accession:CCMSLIB00016279018,0.0,mzspec:MSV000081955:updates/2019-12-22_TJLing_6d83bcd6/peak/Tri-fungal in vitro reconstruction/25C_29%-1.mzML:scan:1936,1,0.74,3,0,MSV000081955,NoID,temp/queries/7b/7b1b780f8f1c405fb92972897fe1456f/7b1b780f8f1c405fb92972897fe1456f.mgf,1,222,1228064
5-ASA_methacrylic-acid,mzspec:GNPS:MULTIPLEX-SYNTHESIS-LIBRARY-ALL-PARTITION-6:accession:CCMSLIB00016279018,-0.0,mzspec:MSV000088473:ccms_peak/mzmls_CDTs/FBT_7_3.mzML:scan:2207,1,0.74,2,0,MSV000088473,NoID,temp/queries/7b/7b1b780f8f1c405fb92972897fe1456f/7b1b780f8f1c405fb92972897fe1456f.mgf,1,222,641162
5-ASA_methacrylic-acid,mzspec:GNPS:MULTIPLEX-SYNTHESIS-LIBRARY-ALL-PARTITION-6:accession:CCMSLIB00016279018,-0.0,mzspec:MSV000088473:ccms_peak/mzmls_CDTs/QC_7.mzML:scan:2198,1,0.74,3,0,MSV000088473,NoID,temp/queries/7b/7b1b780f8f1c405fb92972897fe1456f/7b1b780f8f1c405fb92972897fe1456f.mgf,1,222,641098
5-ASA_methacrylic-acid,mzspec:GNPS:MULTIPLEX-SYNTHESIS-LIBRARY-ALL-PARTITION-6:accession:CCMSLIB00016279018,-0.0,mzspec:MSV000088473:peak/mzmls_CDTs/QC_7.mzML:scan:2198,1,0.74,3,0,MSV000088473,NoID,temp/queries/7b/7b1b780f8f1c405fb92972897fe1456f/7b1b780f8f1c405fb92972897fe1456f.mgf,1,222,640906
5-ASA_methacrylic-acid,mzspec:GNPS:MULTIPLEX-SYNTHESIS-LIBRARY-ALL-PARTITION-6:accession:CCMSLIB00016279018,0.0,mzspec:MSV000081955:updates/2019-12-22_TJLing_6d83bcd6/peak/Tri-fungal in vitro reconstruction/35C_26%-3.mzML:scan:1904,1,0.74,3,0,MSV000081955,NoID,temp/queries/7b/7b1b780f8f1c405fb92972897fe1456f/7b1b780f8f1c405fb92972897fe1456f.mgf,1,222,1228061
5-ASA_methacrylic-acid,mzspec:GNPS:MULTIPLEX-SYNTHESIS-LIBRARY-ALL-PARTITION-6:accession:CCMSLIB00016279018,-0.0,mzspec:MSV000088473:peak/mzmls_CDTs/FBT_7_3.mzML:scan:2207,1,0.74,2,0,MSV000088473,NoID,temp/queries/7b/7b1b780f8f1c405fb92972897fe1456f/7b1b780f8f1c405fb92972897fe1456f.mgf,1,222,641364
5-ASA_methacrylic-acid,mzspec:GNPS:MULTIPLEX-SYNTHESIS-LIBRARY-ALL-PARTITION-6:accession:CCMSLIB00016279018,-0.0,mzspec:MSV000089481:peak/mzml/S7_5-M25.mzML:scan:904,1,0.74,2,0,MSV000089481,NoID,temp/queries/7b/7b1b780f8f1c405fb92972897fe1456f/7b1b780f8f1c405fb92972897fe1456f.mgf,1,222,1340278
5-ASA_methacrylic-acid,mzspec:GNPS:MULTIPLEX-SYNTHESIS-LIBRARY-ALL-PARTITION-6:accession:CCMSLIB00016279018,-0.0,mzspec:MSV000089481:peak/mzml/S1_1-M25.mzML:scan:942,1,0.73,2,0,MSV000089481,NoID,temp/queries/7b/7b1b780f8f1c405fb92972897fe1456f/7b1b780f8f1c405fb92972897fe1456f.mgf,1,222,1340268
5-ASA_methacrylic-acid,mzspec:GNPS:MULTIPLEX-SYNTHESIS-LIBRARY-ALL-PARTITION-6:accession:CCMSLIB00016279018,-0.0,mzspec:MSV000089481:peak/mzml/S2_3-M25.mzML:scan:944,1,0.73,2,0,MSV000089481,NoID,temp/queries/7b/7b1b780f8f1c405fb92972897fe1456f/7b1b780f8f1c405fb92972897fe1456f.mgf,1,222,1340255
5-ASA_methacrylic-acid,mzspec:GNPS:MULTIPLEX-SYNTHESIS-LIBRARY-ALL-PARTITION-6:accession:CCMSLIB00016279018,-0.0,mzspec:MSV000089481:peak/mzml/S1_2-M25.mzML:scan:973,1,0.73,2,0,MSV000089481,NoID,temp/queries/7b/7b1b780f8f1c405fb92972897fe1456f/7b1b780f8f1c405fb92972897fe1456f.mgf,1,222,1340227
5-ASA_methacrylic-acid,mzspec:GNPS:MULTIPLEX-SYNTHESIS-LIBRARY-ALL-PARTITION-6:accession:CCMSLIB00016279018,-0.0,mzspec:MSV000088473:peak/mzmls_CDTs/FBT_5_1.mzML:scan:2209,1,0.73,2,0,MSV000088473,NoID,temp/queries/7b/7b1b780f8f1c405fb92972897fe1456f/7b1b780f8f1c405fb92972897fe1456f.mgf,1,222,641371
5-ASA_methacrylic-acid,mzspec:GNPS:MULTIPLEX-SYNTHESIS-LIBRARY-ALL-PARTITION-6:accession:CCMSLIB00016279018,-0.0,mzspec:MSV000088473:ccms_peak/mzmls_CDTs/FBT_5_1.mzML:scan:2209,1,0.73,2,0,MSV000088473,NoID,temp/queries/7b/7b1b780f8f1c405fb92972897fe1456f/7b1b780f8f1c405fb92972897fe1456f.mgf,1,222,640949
5-ASA_methacrylic-acid,mzspec:GNPS:MULTIPLEX-SYNTHESIS-LIBRARY-ALL-PARTITION-6:accession:CCMSLIB00016279018,0.0,mzspec:MSV000081955:updates/2019-12-22_TJLing_6d83bcd6/peak/Tri-fungal in vitro reconstruction/A.niger_on_SRDTLs.mzML:scan:1972,1,0.73,3,0,MSV000081955,NoID,temp/queries/7b/7b1b780f8f1c405fb92972897fe1456f/7b1b780f8f1c405fb92972897fe1456f.mgf,1,222,1228074
5-ASA_methacrylic-acid,mzspec:GNPS:MULTIPLEX-SYNTHESIS-LIBRARY-ALL-PARTITION-6:accession:CCMSLIB00016279018,0.0,mzspec:MSV000081955:updates/2019-12-22_TJLing_6d83bcd6/peak/Tri-fungal in vitro reconstruction/25C_29%-3.mzML:scan:1959,1,0.73,3,0,MSV000081955,NoID,temp/queries/7b/7b1b780f8f1c405fb92972897fe1456f/7b1b780f8f1c405fb92972897fe1456f.mgf,1,222,1228051
5-ASA_methacrylic-acid,mzspec:GNPS:MULTIPLEX-SYNTHESIS-LIBRARY-ALL-PARTITION-6:accession:CCMSLIB00016279018,0.0,mzspec:MSV000081955:updates/2019-12-22_TJLing_6d83bcd6/peak/Tri-fungal in vitro reconstruction/30C_17%-3.mzML:scan:1940,1,0.73,3,0,MSV000081955,NoID,temp/queries/7b/7b1b780f8f1c405fb92972897fe1456f/7b1b780f8f1c405fb92972897fe1456f.mgf,1,222,1228090
5-ASA_methacrylic-acid,mzspec:GNPS:MULTIPLEX-SYNTHESIS-LIBRARY-ALL-PARTITION-6:accession:CCMSLIB00016279018,-0.0,mzspec:MSV000088473:peak/mzmls_CDTs/LBT_12_2.mzML:scan:2237,1,0.73,3,0,MSV000088473,NoID,temp/queries/7b/7b1b780f8f1c405fb92972897fe1456f/7b1b780f8f1c405fb92972897fe1456f.mgf,1,222,641026
5-ASA_methacrylic-acid,mzspec:GNPS:MULTIPLEX-SYNTHESIS-LIBRARY-ALL-PARTITION-6:accession:CCMSLIB00016279018,-0.0,mzspec:MSV000088473:ccms_peak/mzmls_CDTs/LBT_12_2.mzML:scan:2237,1,0.73,3,0,MSV000088473,NoID,temp/queries/7b/7b1b780f8f1c405fb92972897fe1456f/7b1b780f8f1c405fb92972897fe1456f.mgf,1,222,640962
5-ASA_methacrylic-acid,mzspec:GNPS:MULTIPLEX-SYNTHESIS-LIBRARY-ALL-PARTITION-6:accession:CCMSLIB00016279018,-0.0,mzspec:MSV000088473:ccms_peak/mzmls_CDTs/QBT_4_3.mzML:scan:2204,1,0.73,3,0,MSV000088473,NoID,temp/queries/7b/7b1b780f8f1c405fb92972897fe1456f/7b1b780f8f1c405fb92972897fe1456f.mgf,1,222,641214
5-ASA_methacrylic-acid,mzspec:GNPS:MULTIPLEX-SYNTHESIS-LIBRARY-ALL-PARTITION-6:accession:CCMSLIB00016279018,-0.0,mzspec:MSV000088473:ccms_peak/mzmls_CDTs/GJT_3.mzML:scan:2210,1,0.73,3,0,MSV000088473,NoID,temp/queries/7b/7b1b780f8f1c405fb92972897fe1456f/7b1b780f8f1c405fb92972897fe1456f.mgf,1,222,641198
5-ASA_methacrylic-acid,mzspec:GNPS:MULTIPLEX-SYNTHESIS-LIBRARY-ALL-PARTITION-6:accession:CCMSLIB00016279018,-0.0,mzspec:MSV000088473:ccms_peak/mzmls_CDTs/QBT_1_3.mzML:scan:2170,1,0.73,3,0,MSV000088473,NoID,temp/queries/7b/7b1b780f8f1c405fb92972897fe1456f/7b1b780f8f1c405fb92972897fe1456f.mgf,1,222,641194
5-ASA_methacrylic-acid,mzspec:GNPS:MULTIPLEX-SYNTHESIS-LIBRARY-ALL-PARTITION-6:accession:CCMSLIB00016279018,-0.0,mzspec:MSV000088473:peak/mzmls_CDTs/QBT_4_3.mzML:scan:2204,1,0.73,3,0,MSV000088473,NoID,temp/queries/7b/7b1b780f8f1c405fb92972897fe1456f/7b1b780f8f1c405fb92972897fe1456f.mgf,1,222,640948
5-ASA_methacrylic-acid,mzspec:GNPS:MULTIPLEX-SYNTHESIS-LIBRARY-ALL-PARTITION-6:accession:CCMSLIB00016279018,-0.0,mzspec:MSV000088473:peak/mzmls_CDTs/QBT_1_3.mzML:scan:2170,1,0.73,3,0,MSV000088473,NoID,temp/queries/7b/7b1b780f8f1c405fb92972897fe1456f/7b1b780f8f1c405fb92972897fe1456f.mgf,1,222,640942
5-ASA_methacrylic-acid,mzspec:GNPS:MULTIPLEX-SYNTHESIS-LIBRARY-ALL-PARTITION-6:accession:CCMSLIB00016279018,0.0,mzspec:MSV000081955:updates/2019-12-22_TJLing_6d83bcd6/peak/Tri-fungal in vitro reconstruction/35C_13%-3.mzML:scan:1934,1,0.73,3,0,MSV000081955,NoID,temp/queries/7b/7b1b780f8f1c405fb92972897fe1456f/7b1b780f8f1c405fb92972897fe1456f.mgf,1,222,1228086
5-ASA_methacrylic-acid,mzspec:GNPS:MULTIPLEX-SYNTHESIS-LIBRARY-ALL-PARTITION-6:accession:CCMSLIB00016279018,0.0,mzspec:MSV000081955:updates/2019-12-22_TJLing_6d83bcd6/peak/Tri-fungal in vitro reconstruction/30C_29%-2.mzML:scan:1937,1,0.73,3,0,MSV000081955,NoID,temp/queries/7b/7b1b780f8f1c405fb92972897fe1456f/7b1b780f8f1c405fb92972897fe1456f.mgf,1,222,1228084
5-ASA_methacrylic-acid,mzspec:GNPS:MULTIPLEX-SYNTHESIS-LIBRARY-ALL-PARTITION-6:accession:CCMSLIB00016279018,0.0,mzspec:MSV000081955:updates/2019-12-22_TJLing_6d83bcd6/peak/Tri-fungal in vitro reconstruction/30C_33%-2.mzML:scan:1942,1,0.73,3,0,MSV000081955,NoID,temp/queries/7b/7b1b780f8f1c405fb92972897fe1456f/7b1b780f8f1c405fb92972897fe1456f.mgf,1,222,1228076
5-ASA_methacrylic-acid,mzspec:GNPS:MULTIPLEX-SYNTHESIS-LIBRARY-ALL-PARTITION-6:accession:CCMSLIB00016279018,0.0,mzspec:MSV000081955:updates/2019-12-22_TJLing_6d83bcd6/peak/Tri-fungal in vitro reconstruction/30C_26%-2.mzML:scan:1928,1,0.73,3,0,MSV000081955,NoID,temp/queries/7b/7b1b780f8f1c405fb92972897fe1456f/7b1b780f8f1c405fb92972897fe1456f.mgf,1,222,1228058
5-ASA_methacrylic-acid,mzspec:GNPS:MULTIPLEX-SYNTHESIS-LIBRARY-ALL-PARTITION-6:accession:CCMSLIB00016279018,0.0,mzspec:MSV000081955:updates/2019-12-22_TJLing_6d83bcd6/peak/Tri-fungal in vitro reconstruction/35C_26%-1.mzML:scan:1920,1,0.73,3,0,MSV000081955,NoID,temp/queries/7b/7b1b780f8f1c405fb92972897fe1456f/7b1b780f8f1c405fb92972897fe1456f.mgf,1,222,1228054
5-ASA_methacrylic-acid,mzspec:GNPS:MULTIPLEX-SYNTHESIS-LIBRARY-ALL-PARTITION-6:accession:CCMSLIB00016279018,-0.0,mzspec:MSV000088473:peak/mzmls_CDTs/GJT_3.mzML:scan:2210,1,0.73,3,0,MSV000088473,NoID,temp/queries/7b/7b1b780f8f1c405fb92972897fe1456f/7b1b780f8f1c405fb92972897fe1456f.mgf,1,222,641331
5-ASA_methacrylic-acid,mzspec:GNPS:MULTIPLEX-SYNTHESIS-LIBRARY-ALL-PARTITION-6:accession:CCMSLIB00016279018,-0.0,mzspec:MSV000088473:ccms_peak/mzmls_CDTs/GJT_1.mzML:scan:2218,1,0.72,3,0,MSV000088473,NoID,temp/queries/7b/7b1b780f8f1c405fb92972897fe1456f/7b1b780f8f1c405fb92972897fe1456f.mgf,1,222,641106
5-ASA_methacrylic-acid,mzspec:GNPS:MULTIPLEX-SYNTHESIS-LIBRARY-ALL-PARTITION-6:accession:CCMSLIB00016279018,-0.0,mzspec:MSV000088473:ccms_peak/mzmls_CDTs/QBT_1_2.mzML:scan:2183,1,0.72,3,0,MSV000088473,NoID,temp/queries/7b/7b1b780f8f1c405fb92972897fe1456f/7b1b780f8f1c405fb92972897fe1456f.mgf,1,222,641219
5-ASA_methacrylic-acid,mzspec:GNPS:MULTIPLEX-SYNTHESIS-LIBRARY-ALL-PARTITION-6:accession:CCMSLIB00016279018,-0.0,mzspec:MSV000088473:peak/mzmls_CDTs/QBT_1_2.mzML:scan:2183,1,0.72,3,0,MSV000088473,NoID,temp/queries/7b/7b1b780f8f1c405fb92972897fe1456f/7b1b780f8f1c405fb92972897fe1456f.mgf,1,222,641070
5-ASA_methacrylic-acid,mzspec:GNPS:MULTIPLEX-SYNTHESIS-LIBRARY-ALL-PARTITION-6:accession:CCMSLIB00016279018,-0.0,mzspec:MSV000092820:raw/083123_Matthaei_Herbarium_lowmz/2019_Herbarium_EA_150-450mz/Hoffmannseggia-drepanocarpa-ethylacetate-2019-Herbarium.mzML:scan:1866,1,0.72,3,0,MSV000092820,NoID,temp/queries/7b/7b1b780f8f1c405fb92972897fe1456f/7b1b780f8f1c405fb92972897fe1456f.mgf,1,222,264743
5-ASA_methacrylic-acid,mzspec:GNPS:MULTIPLEX-SYNTHESIS-LIBRARY-ALL-PARTITION-6:accession:CCMSLIB00016279018,-0.0,mzspec:MSV000088473:ccms_peak/mzmls_CDTs/LBT_2_2.mzML:scan:2171,1,0.72,3,0,MSV000088473,NoID,temp/queries/7b/7b1b780f8f1c405fb92972897fe1456f/7b1b780f8f1c405fb92972897fe1456f.mgf,1,222,640963
5-ASA_methacrylic-acid,mzspec:GNPS:MULTIPLEX-SYNTHESIS-LIBRARY-ALL-PARTITION-6:accession:CCMSLIB00016279018,-0.0,mzspec:MSV000088473:peak/mzmls_CDTs/LBT_2_2.mzML:scan:2171,1,0.72,3,0,MSV000088473,NoID,temp/queries/7b/7b1b780f8f1c405fb92972897fe1456f/7b1b780f8f1c405fb92972897fe1456f.mgf,1,222,641173
5-ASA_methacrylic-acid,mzspec:GNPS:MULTIPLEX-SYNTHESIS-LIBRARY-ALL-PARTITION-6:accession:CCMSLIB00016279018,0.0,mzspec:MSV000081955:updates/2019-12-22_TJLing_6d83bcd6/peak/Tri-fungal in vitro reconstruction/35C_17%-2.mzML:scan:1924,1,0.72,3,0,MSV000081955,NoID,temp/queries/7b/7b1b780f8f1c405fb92972897fe1456f/7b1b780f8f1c405fb92972897fe1456f.mgf,1,222,1228079
5-ASA_methacrylic-acid,mzspec:GNPS:MULTIPLEX-SYNTHESIS-LIBRARY-ALL-PARTITION-6:accession:CCMSLIB00016279018,0.0,mzspec:MSV000081955:updates/2019-12-22_TJLing_6d83bcd6/peak/Tri-fungal in vitro reconstruction/35C_29%-3.mzML:scan:1917,1,0.72,3,0,MSV000081955,NoID,temp/queries/7b/7b1b780f8f1c405fb92972897fe1456f/7b1b780f8f1c405fb92972897fe1456f.mgf,1,222,1228072
5-ASA_methacrylic-acid,mzspec:GNPS:MULTIPLEX-SYNTHESIS-LIBRARY-ALL-PARTITION-6:accession:CCMSLIB00016279018,0.0,mzspec:MSV000090549:updates/2023-02-07_bsedio_eb5d1a0f/peak/Madidi_mzXML/MDP0821.mzXML:scan:2415,1,0.72,3,0,MSV000090549,NoID,temp/queries/7b/7b1b780f8f1c405fb92972897fe1456f/7b1b780f8f1c405fb92972897fe1456f.mgf,1,222,60528
5-ASA_methacrylic-acid,mzspec:GNPS:MULTIPLEX-SYNTHESIS-LIBRARY-ALL-PARTITION-6:accession:CCMSLIB00016279018,0.0,mzspec:MSV000090549:ccms_peak/Madidi_FBMN/MDP0821.mzML:scan:2415,1,0.72,3,0,MSV000090549,NoID,temp/queries/7b/7b1b780f8f1c405fb92972897fe1456f/7b1b780f8f1c405fb92972897fe1456f.mgf,1,222,57918
5-ASA_methacrylic-acid,mzspec:GNPS:MULTIPLEX-SYNTHESIS-LIBRARY-ALL-PARTITION-6:accession:CCMSLIB00016279018,-0.0,mzspec:MSV000088473:peak/mzmls_CDTs/GJT_1.mzML:scan:2218,1,0.72,3,0,MSV000088473,NoID,temp/queries/7b/7b1b780f8f1c405fb92972897fe1456f/7b1b780f8f1c405fb92972897fe1456f.mgf,1,222,641370
5-ASA_methacrylic-acid,mzspec:GNPS:MULTIPLEX-SYNTHESIS-LIBRARY-ALL-PARTITION-6:accession:CCMSLIB00016279018,-0.0,mzspec:MSV000088473:ccms_peak/mzmls_CDTs/QC_2.mzML:scan:2180,1,0.72,2,0,MSV000088473,NoID,temp/queries/7b/7b1b780f8f1c405fb92972897fe1456f/7b1b780f8f1c405fb92972897fe1456f.mgf,1,222,641059
5-ASA_methacrylic-acid,mzspec:GNPS:MULTIPLEX-SYNTHESIS-LIBRARY-ALL-PARTITION-6:accession:CCMSLIB00016279018,-0.0,mzspec:MSV000088473:peak/mzmls_CDTs/QC_2.mzML:scan:2180,1,0.72,2,0,MSV000088473,NoID,temp/queries/7b/7b1b780f8f1c405fb92972897fe1456f/7b1b780f8f1c405fb92972897fe1456f.mgf,1,222,640984
5-ASA_methacrylic-acid,mzspec:GNPS:MULTIPLEX-SYNTHESIS-LIBRARY-ALL-PARTITION-6:accession:CCMSLIB00016279018,-0.0,mzspec:MSV000089481:peak/mzml/S7_2-M25.mzML:scan:923,1,0.72,2,0,MSV000089481,NoID,temp/queries/7b/7b1b780f8f1c405fb92972897fe1456f/7b1b780f8f1c405fb92972897fe1456f.mgf,1,222,1340616
5-ASA_methacrylic-acid,mzspec:GNPS:MULTIPLEX-SYNTHESIS-LIBRARY-ALL-PARTITION-6:accession:CCMSLIB00016279018,-0.0,mzspec:MSV000092820:raw/083123_Matthaei_Herbarium_lowmz/2020_Matthaei_EA_150-450mz/Mangifera-indica-Stem-ethylacetate-2020.mzML:scan:1853,1,0.72,3,0,MSV000092820,NoID,temp/queries/7b/7b1b780f8f1c405fb92972897fe1456f/7b1b780f8f1c405fb92972897fe1456f.mgf,1,222,265646
5-ASA_methacrylic-acid,mzspec:GNPS:MULTIPLEX-SYNTHESIS-LIBRARY-ALL-PARTITION-6:accession:CCMSLIB00016279018,-0.0,mzspec:MSV000088473:ccms_peak/mzmls_CDTs/FBT_6_2.mzML:scan:2189,1,0.71,3,0,MSV000088473,NoID,temp/queries/7b/7b1b780f8f1c405fb92972897fe1456f/7b1b780f8f1c405fb92972897fe1456f.mgf,1,222,641037
5-ASA_methacrylic-acid,mzspec:GNPS:MULTIPLEX-SYNTHESIS-LIBRARY-ALL-PARTITION-6:accession:CCMSLIB00016279018,0.0,mzspec:MSV000081955:updates/2019-12-22_TJLing_6d83bcd6/peak/Tri-fungal in vitro reconstruction/25C_26%-1.mzML:scan:1925,1,0.71,3,0,MSV000081955,NoID,temp/queries/7b/7b1b780f8f1c405fb92972897fe1456f/7b1b780f8f1c405fb92972897fe1456f.mgf,1,222,1228049
5-ASA_methacrylic-acid,mzspec:GNPS:MULTIPLEX-SYNTHESIS-LIBRARY-ALL-PARTITION-6:accession:CCMSLIB00016279018,-0.0,mzspec:MSV000088473:ccms_peak/mzmls_CDTs/LBT_1_2.mzML:scan:2199,1,0.71,3,0,MSV000088473,NoID,temp/queries/7b/7b1b780f8f1c405fb92972897fe1456f/7b1b780f8f1c405fb92972897fe1456f.mgf,1,222,641348
5-ASA_methacrylic-acid,mzspec:GNPS:MULTIPLEX-SYNTHESIS-LIBRARY-ALL-PARTITION-6:accession:CCMSLIB00016279018,-0.0,mzspec:MSV000089481:peak/mzml/S1_5-M25.mzML:scan:955,1,0.71,2,0,MSV000089481,NoID,temp/queries/7b/7b1b780f8f1c405fb92972897fe1456f/7b1b780f8f1c405fb92972897fe1456f.mgf,1,222,1340461
5-ASA_methacrylic-acid,mzspec:GNPS:MULTIPLEX-SYNTHESIS-LIBRARY-ALL-PARTITION-6:accession:CCMSLIB00016279018,-0.0,mzspec:MSV000089481:peak/mzml/S1_3-M25.mzML:scan:959,1,0.71,2,0,MSV000089481,NoID,temp/queries/7b/7b1b780f8f1c405fb92972897fe1456f/7b1b780f8f1c405fb92972897fe1456f.mgf,1,222,1340310
5-ASA_methacrylic-acid,mzspec:GNPS:MULTIPLEX-SYNTHESIS-LIBRARY-ALL-PARTITION-6:accession:CCMSLIB00016279018,-0.0,mzspec:MSV000088473:peak/mzmls_CDTs/HBT_2_2.mzML:scan:2237,1,0.71,2,0,MSV000088473,NoID,temp/queries/7b/7b1b780f8f1c405fb92972897fe1456f/7b1b780f8f1c405fb92972897fe1456f.mgf,1,222,640922
5-ASA_methacrylic-acid,mzspec:GNPS:MULTIPLEX-SYNTHESIS-LIBRARY-ALL-PARTITION-6:accession:CCMSLIB00016279018,-0.0,mzspec:MSV000088473:ccms_peak/mzmls_CDTs/HBT_2_2.mzML:scan:2237,1,0.71,2,0,MSV000088473,NoID,temp/queries/7b/7b1b780f8f1c405fb92972897fe1456f/7b1b780f8f1c405fb92972897fe1456f.mgf,1,222,640896
5-ASA_methacrylic-acid,mzspec:GNPS:MULTIPLEX-SYNTHESIS-LIBRARY-ALL-PARTITION-6:accession:CCMSLIB00016279018,-0.0,mzspec:MSV000088473:ccms_peak/mzmls_CDTs/QC_5.mzML:scan:2167,1,0.71,3,0,MSV000088473,NoID,temp/queries/7b/7b1b780f8f1c405fb92972897fe1456f/7b1b780f8f1c405fb92972897fe1456f.mgf,1,222,641321
5-ASA_methacrylic-acid,mzspec:GNPS:MULTIPLEX-SYNTHESIS-LIBRARY-ALL-PARTITION-6:accession:CCMSLIB00016279018,-0.0,mzspec:MSV000088473:peak/mzmls_CDTs/FBT_6_2.mzML:scan:2189,1,0.71,3,0,MSV000088473,NoID,temp/queries/7b/7b1b780f8f1c405fb92972897fe1456f/7b1b780f8f1c405fb92972897fe1456f.mgf,1,222,641320
5-ASA_methacrylic-acid,mzspec:GNPS:MULTIPLEX-SYNTHESIS-LIBRARY-ALL-PARTITION-6:accession:CCMSLIB00016279018,-0.0,mzspec:MSV000088473:peak/mzmls_CDTs/QC_5.mzML:scan:2167,1,0.71,3,0,MSV000088473,NoID,temp/queries/7b/7b1b780f8f1c405fb92972897fe1456f/7b1b780f8f1c405fb92972897fe1456f.mgf,1,222,640898
5-ASA_methacrylic-acid,mzspec:GNPS:MULTIPLEX-SYNTHESIS-LIBRARY-ALL-PARTITION-6:accession:CCMSLIB00016279018,-0.0,mzspec:MSV000088473:peak/mzmls_CDTs/LBT_1_2.mzML:scan:2199,1,0.71,3,0,MSV000088473,NoID,temp/queries/7b/7b1b780f8f1c405fb92972897fe1456f/7b1b780f8f1c405fb92972897fe1456f.mgf,1,222,641034
5-ASA_methacrylic-acid,mzspec:GNPS:MULTIPLEX-SYNTHESIS-LIBRARY-ALL-PARTITION-6:accession:CCMSLIB00016279018,-0.0,mzspec:MSV000088473:ccms_peak/mzmls_CDTs/PET_4_2.mzML:scan:2217,1,0.71,3,0,MSV000088473,NoID,temp/queries/7b/7b1b780f8f1c405fb92972897fe1456f/7b1b780f8f1c405fb92972897fe1456f.mgf,1,222,641136
5-ASA_methacrylic-acid,mzspec:GNPS:MULTIPLEX-SYNTHESIS-LIBRARY-ALL-PARTITION-6:accession:CCMSLIB00016279018,-0.0,mzspec:MSV000088473:peak/mzmls_CDTs/PET_4_2.mzML:scan:2217,1,0.71,3,0,MSV000088473,NoID,temp/queries/7b/7b1b780f8f1c405fb92972897fe1456f/7b1b780f8f1c405fb92972897fe1456f.mgf,1,222,641063
5-ASA_methacrylic-acid,mzspec:GNPS:MULTIPLEX-SYNTHESIS-LIBRARY-ALL-PARTITION-6:accession:CCMSLIB00016279018,0.0,mzspec:MSV000081955:updates/2019-12-22_TJLing_6d83bcd6/peak/Tri-fungal in vitro reconstruction/35C_26%-2.mzML:scan:1951,1,0.71,2,0,MSV000081955,NoID,temp/queries/7b/7b1b780f8f1c405fb92972897fe1456f/7b1b780f8f1c405fb92972897fe1456f.mgf,1,222,1228071
5-ASA_methacrylic-acid,mzspec:GNPS:MULTIPLEX-SYNTHESIS-LIBRARY-ALL-PARTITION-6:accession:CCMSLIB00016279018,-0.02,mzspec:ST003843:bombyx_m_metabolomics/QC_08.mzML:scan:11996,1,0.71,1,0,ST003843,NoID,temp/queries/7b/7b1b780f8f1c405fb92972897fe1456f/7b1b780f8f1c405fb92972897fe1456f.mgf,1,222,1802932
5-ASA_methacrylic-acid,mzspec:GNPS:MULTIPLEX-SYNTHESIS-LIBRARY-ALL-PARTITION-6:accession:CCMSLIB00016279018,-0.0,mzspec:MSV000089481:peak/mzml/S3_2-M25.mzML:scan:915,1,0.71,2,0,MSV000089481,NoID,temp/queries/7b/7b1b780f8f1c405fb92972897fe1456f/7b1b780f8f1c405fb92972897fe1456f.mgf,1,222,1340513
5-ASA_methacrylic-acid,mzspec:GNPS:MULTIPLEX-SYNTHESIS-LIBRARY-ALL-PARTITION-6:accession:CCMSLIB00016279018,-0.0,mzspec:MSV000089481:peak/mzml/S1_4-M25.mzML:scan:954,1,0.71,2,0,MSV000089481,NoID,temp/queries/7b/7b1b780f8f1c405fb92972897fe1456f/7b1b780f8f1c405fb92972897fe1456f.mgf,1,222,1340187
5-ASA_methacrylic-acid,mzspec:GNPS:MULTIPLEX-SYNTHESIS-LIBRARY-ALL-PARTITION-6:accession:CCMSLIB00016279018,-0.0,mzspec:MSV000095296:ccms_peak/negative_T28d/D082B.mzML:scan:4294967295,1,0.71,2,0,MSV000095296,NoID,temp/queries/7b/7b1b780f8f1c405fb92972897fe1456f/7b1b780f8f1c405fb92972897fe1456f.mgf,1,222,803757
5-ASA_methacrylic-acid,mzspec:GNPS:MULTIPLEX-SYNTHESIS-LIBRARY-ALL-PARTITION-6:accession:CCMSLIB00016279018,-0.0,mzspec:MSV000089481:peak/mzml/S2_2-M25.mzML:scan:960,1,0.71,2,0,MSV000089481,NoID,temp/queries/7b/7b1b780f8f1c405fb92972897fe1456f/7b1b780f8f1c405fb92972897fe1456f.mgf,1,222,1340540
5-ASA_methacrylic-acid,mzspec:GNPS:MULTIPLEX-SYNTHESIS-LIBRARY-ALL-PARTITION-6:accession:CCMSLIB00016279018,-0.0,mzspec:MSV000089481:peak/mzml/S2_4-M25.mzML:scan:913,1,0.71,2,0,MSV000089481,NoID,temp/queries/7b/7b1b780f8f1c405fb92972897fe1456f/7b1b780f8f1c405fb92972897fe1456f.mgf,1,222,1340240
5-ASA_methacrylic-acid,mzspec:GNPS:MULTIPLEX-SYNTHESIS-LIBRARY-ALL-PARTITION-6:accession:CCMSLIB00016279018,-0.02,mzspec:MSV000095844:peak/ESI + At/2024-04-22-DissectionGluco-MC-LB-022-Pos.mzXML:scan:2054,1,0.71,1,0,MSV000095844,NoID,temp/queries/7b/7b1b780f8f1c405fb92972897fe1456f/7b1b780f8f1c405fb92972897fe1456f.mgf,1,222,1396194
5-ASA_methacrylic-acid,mzspec:GNPS:MULTIPLEX-SYNTHESIS-LIBRARY-ALL-PARTITION-6:accession:CCMSLIB00016279018,0.0,mzspec:MSV000090549:ccms_peak/Madidi_FBMN/MDP0269.mzML:scan:2595,1,0.7,3,0,MSV000090549,NoID,temp/queries/7b/7b1b780f8f1c405fb92972897fe1456f/7b1b780f8f1c405fb92972897fe1456f.mgf,1,222,56596
5-ASA_methacrylic-acid,mzspec:GNPS:MULTIPLEX-SYNTHESIS-LIBRARY-ALL-PARTITION-6:accession:CCMSLIB00016279018,0.0,mzspec:MSV000090549:updates/2023-02-07_bsedio_eb5d1a0f/peak/Madidi_mzXML/MDP0269.mzXML:scan:2595,1,0.7,3,0,MSV000090549,NoID,temp/queries/7b/7b1b780f8f1c405fb92972897fe1456f/7b1b780f8f1c405fb92972897fe1456f.mgf,1,222,59343
5-ASA_methacrylic-acid,mzspec:GNPS:MULTIPLEX-SYNTHESIS-LIBRARY-ALL-PARTITION-6:accession:CCMSLIB00016279018,-0.0,mzspec:MSV000088473:peak/mzmls_CDTs/LBT_12_3.mzML:scan:2233,1,0.7,3,0,MSV000088473,NoID,temp/queries/7b/7b1b780f8f1c405fb92972897fe1456f/7b1b780f8f1c405fb92972897fe1456f.mgf,1,222,641306
5-ASA_methacrylic-acid,mzspec:GNPS:MULTIPLEX-SYNTHESIS-LIBRARY-ALL-PARTITION-6:accession:CCMSLIB00016279018,-0.0,mzspec:MSV000089481:peak/mzml/S7_3-M25.mzML:scan:878,1,0.7,2,0,MSV000089481,NoID,temp/queries/7b/7b1b780f8f1c405fb92972897fe1456f/7b1b780f8f1c405fb92972897fe1456f.mgf,1,222,1340319
5-ASA_methacrylic-acid,mzspec:GNPS:MULTIPLEX-SYNTHESIS-LIBRARY-ALL-PARTITION-6:accession:CCMSLIB00016279018,-0.0,mzspec:MSV000088473:ccms_peak/mzmls_CDTs/LBT_12_3.mzML:scan:2233,1,0.7,3,0,MSV000088473,NoID,temp/queries/7b/7b1b780f8f1c405fb92972897fe1456f/7b1b780f8f1c405fb92972897fe1456f.mgf,1,222,641102
