compound_name,lib_usi,Delta Mass,USI,Charge,Cosine,Matching Peaks,Unit Delta Mass,Dataset,Status,Query Filename,Query Scan,Index UnitPM,Index IdxInUnitPM
5-ASA_methyl 4-hydroxyphenylacetate,mzspec:GNPS:MULTIPLEX-SYNTHESIS-LIBRARY-ALL-PARTITION-6:accession:CCMSLIB00016278842,0.01,mzspec:MTBLS3963:FILES/DERIVED_FILES/POS/Dec-His-2_POS.mzML:scan:4294967295,1,0.87,1,0,MTBLS3963,NoID,temp/queries/68/68bc29eb93c44e14a8ca51448869816d/68bc29eb93c44e14a8ca51448869816d.mgf,1,302,2575464
5-ASA_methyl 4-hydroxyphenylacetate,mzspec:GNPS:MULTIPLEX-SYNTHESIS-LIBRARY-ALL-PARTITION-6:accession:CCMSLIB00016278842,0.0,mzspec:MSV000096359:ccms_peak/RAW/5_6_7/P6_H4_364302449.mzML:scan:447,1,0.86,2,0,MSV000096359,NoID,temp/queries/68/68bc29eb93c44e14a8ca51448869816d/68bc29eb93c44e14a8ca51448869816d.mgf,1,302,919090
5-ASA_methyl 4-hydroxyphenylacetate,mzspec:GNPS:MULTIPLEX-SYNTHESIS-LIBRARY-ALL-PARTITION-6:accession:CCMSLIB00016278842,-0.0,mzspec:MTBLS3963:FILES/DERIVED_FILES/POS/Dec-Leu-3_POS.mzML:scan:4294967295,1,0.86,1,0,MTBLS3963,NoID,temp/queries/68/68bc29eb93c44e14a8ca51448869816d/68bc29eb93c44e14a8ca51448869816d.mgf,1,302,2574715
5-ASA_methyl 4-hydroxyphenylacetate,mzspec:GNPS:MULTIPLEX-SYNTHESIS-LIBRARY-ALL-PARTITION-6:accession:CCMSLIB00016278842,0.0,mzspec:MSV000096359:peak/Burnett_RisePlus_Allmzml/P6_H4_364302449.mzML:scan:447,1,0.86,2,0,MSV000096359,NoID,temp/queries/68/68bc29eb93c44e14a8ca51448869816d/68bc29eb93c44e14a8ca51448869816d.mgf,1,302,919053
5-ASA_methyl 4-hydroxyphenylacetate,mzspec:GNPS:MULTIPLEX-SYNTHESIS-LIBRARY-ALL-PARTITION-6:accession:CCMSLIB00016278842,0.01,mzspec:MTBLS3963:FILES/DERIVED_FILES/POS/Dec-Arg-5_POS.mzML:scan:4294967295,1,0.85,1,0,MTBLS3963,NoID,temp/queries/68/68bc29eb93c44e14a8ca51448869816d/68bc29eb93c44e14a8ca51448869816d.mgf,1,302,2574913
5-ASA_methyl 4-hydroxyphenylacetate,mzspec:GNPS:MULTIPLEX-SYNTHESIS-LIBRARY-ALL-PARTITION-6:accession:CCMSLIB00016278842,-0.0,mzspec:MTBLS3963:FILES/DERIVED_FILES/POS/Inc-Thr-4_POS.mzML:scan:4294967295,1,0.85,1,0,MTBLS3963,NoID,temp/queries/68/68bc29eb93c44e14a8ca51448869816d/68bc29eb93c44e14a8ca51448869816d.mgf,1,302,2572433
5-ASA_methyl 4-hydroxyphenylacetate,mzspec:GNPS:MULTIPLEX-SYNTHESIS-LIBRARY-ALL-PARTITION-6:accession:CCMSLIB00016278842,0.01,mzspec:MTBLS3963:FILES/DERIVED_FILES/POS/Dec-His-2_POS.mzML:scan:4294967295,1,0.82,1,0,MTBLS3963,NoID,temp/queries/68/68bc29eb93c44e14a8ca51448869816d/68bc29eb93c44e14a8ca51448869816d.mgf,1,302,2575463
5-ASA_methyl 4-hydroxyphenylacetate,mzspec:GNPS:MULTIPLEX-SYNTHESIS-LIBRARY-ALL-PARTITION-6:accession:CCMSLIB00016278842,-0.0,mzspec:MSV000089965:peak/mzxml/20210201_83.mzXML:scan:5278,1,0.81,2,0,MSV000089965,NoID,temp/queries/68/68bc29eb93c44e14a8ca51448869816d/68bc29eb93c44e14a8ca51448869816d.mgf,1,302,1705387
5-ASA_methyl 4-hydroxyphenylacetate,mzspec:GNPS:MULTIPLEX-SYNTHESIS-LIBRARY-ALL-PARTITION-6:accession:CCMSLIB00016278842,0.0,mzspec:MTBLS2081:FILES/PPL3_pos-rf.mzXML:scan:1416,1,0.8,3,0,MTBLS2081,NoID,temp/queries/68/68bc29eb93c44e14a8ca51448869816d/68bc29eb93c44e14a8ca51448869816d.mgf,1,302,2601794
5-ASA_methyl 4-hydroxyphenylacetate,mzspec:GNPS:MULTIPLEX-SYNTHESIS-LIBRARY-ALL-PARTITION-6:accession:CCMSLIB00016278842,-0.02,mzspec:MSV000092820:raw/083123_Matthaei_Herbarium_lowmz/2019_Matthaei_EA_150-450mz/Valeriana-officinalis-Stem-ethylacetate-2019.mzML:scan:1617,1,0.8,1,0,MSV000092820,NoID,temp/queries/68/68bc29eb93c44e14a8ca51448869816d/68bc29eb93c44e14a8ca51448869816d.mgf,1,302,415329
5-ASA_methyl 4-hydroxyphenylacetate,mzspec:GNPS:MULTIPLEX-SYNTHESIS-LIBRARY-ALL-PARTITION-6:accession:CCMSLIB00016278842,0.0,mzspec:MTBLS3963:FILES/DERIVED_FILES/POS/Inc-Arg-1_POS.mzML:scan:4294967295,1,0.8,1,0,MTBLS3963,NoID,temp/queries/68/68bc29eb93c44e14a8ca51448869816d/68bc29eb93c44e14a8ca51448869816d.mgf,1,302,2573268
5-ASA_methyl 4-hydroxyphenylacetate,mzspec:GNPS:MULTIPLEX-SYNTHESIS-LIBRARY-ALL-PARTITION-6:accession:CCMSLIB00016278842,-0.0,mzspec:MSV000084884:updates/2020-02-03_jamirimoghaddam_67410a78/raw/w50_15366n.mzML:scan:2472,1,0.79,1,0,MSV000084884,NoID,temp/queries/68/68bc29eb93c44e14a8ca51448869816d/68bc29eb93c44e14a8ca51448869816d.mgf,1,302,1854160
5-ASA_methyl 4-hydroxyphenylacetate,mzspec:GNPS:MULTIPLEX-SYNTHESIS-LIBRARY-ALL-PARTITION-6:accession:CCMSLIB00016278842,-0.0,mzspec:MSV000084884:ccms_peak/w50_15366n.mzML:scan:2472,1,0.79,1,0,MSV000084884,NoID,temp/queries/68/68bc29eb93c44e14a8ca51448869816d/68bc29eb93c44e14a8ca51448869816d.mgf,1,302,1854051
5-ASA_methyl 4-hydroxyphenylacetate,mzspec:GNPS:MULTIPLEX-SYNTHESIS-LIBRARY-ALL-PARTITION-6:accession:CCMSLIB00016278842,-0.02,mzspec:MSV000092820:raw/083123_Matthaei_Herbarium_lowmz/2019_Matthaei_EA_150-450mz/Valeriana-officinalis-Stem-ethylacetate-2019.mzML:scan:1646,1,0.79,1,0,MSV000092820,NoID,temp/queries/68/68bc29eb93c44e14a8ca51448869816d/68bc29eb93c44e14a8ca51448869816d.mgf,1,302,415331
5-ASA_methyl 4-hydroxyphenylacetate,mzspec:GNPS:MULTIPLEX-SYNTHESIS-LIBRARY-ALL-PARTITION-6:accession:CCMSLIB00016278842,-0.0,mzspec:MSV000088063:peak/mzMLs/13.mzML:scan:883,1,0.78,3,0,MSV000088063,NoID,temp/queries/68/68bc29eb93c44e14a8ca51448869816d/68bc29eb93c44e14a8ca51448869816d.mgf,1,302,2069511
5-ASA_methyl 4-hydroxyphenylacetate,mzspec:GNPS:MULTIPLEX-SYNTHESIS-LIBRARY-ALL-PARTITION-6:accession:CCMSLIB00016278842,-0.02,mzspec:MSV000092820:raw/083123_Matthaei_Herbarium_lowmz/2019_Matthaei_EA_150-450mz/Valeriana-officinalis-Stem-ethylacetate-2019.mzML:scan:1627,1,0.77,1,0,MSV000092820,NoID,temp/queries/68/68bc29eb93c44e14a8ca51448869816d/68bc29eb93c44e14a8ca51448869816d.mgf,1,302,415330
5-ASA_methyl 4-hydroxyphenylacetate,mzspec:GNPS:MULTIPLEX-SYNTHESIS-LIBRARY-ALL-PARTITION-6:accession:CCMSLIB00016278842,0.0,mzspec:MTBLS3963:FILES/DERIVED_FILES/POS/Inc-Lys-1_POS.mzML:scan:4294967295,1,0.77,1,0,MTBLS3963,NoID,temp/queries/68/68bc29eb93c44e14a8ca51448869816d/68bc29eb93c44e14a8ca51448869816d.mgf,1,302,2573866
5-ASA_methyl 4-hydroxyphenylacetate,mzspec:GNPS:MULTIPLEX-SYNTHESIS-LIBRARY-ALL-PARTITION-6:accession:CCMSLIB00016278842,-0.0,mzspec:MSV000096564:updates/2025-04-08_JAGONGO_1994_97ed8ed8/raw/IBD_CCFA_fecal_03_30/mzML/15663_800805_9_T2_fecal_2.mzML:scan:2097,1,0.76,3,0,MSV000096564,NoID,temp/queries/68/68bc29eb93c44e14a8ca51448869816d/68bc29eb93c44e14a8ca51448869816d.mgf,1,302,2061461
5-ASA_methyl 4-hydroxyphenylacetate,mzspec:GNPS:MULTIPLEX-SYNTHESIS-LIBRARY-ALL-PARTITION-6:accession:CCMSLIB00016278842,0.0,mzspec:MSV000097110:peak/NESDA_mzml_all/P4_C1_364162187.mzML:scan:1444,1,0.76,3,0,MSV000097110,NoID,temp/queries/68/68bc29eb93c44e14a8ca51448869816d/68bc29eb93c44e14a8ca51448869816d.mgf,1,302,748028
5-ASA_methyl 4-hydroxyphenylacetate,mzspec:GNPS:MULTIPLEX-SYNTHESIS-LIBRARY-ALL-PARTITION-6:accession:CCMSLIB00016278842,-0.0,mzspec:MSV000096564:updates/2025-04-08_JAGONGO_1994_97ed8ed8/peak/mzML/15663_800805_9_T2_fecal_2.mzML:scan:2097,1,0.76,3,0,MSV000096564,NoID,temp/queries/68/68bc29eb93c44e14a8ca51448869816d/68bc29eb93c44e14a8ca51448869816d.mgf,1,302,2055859
5-ASA_methyl 4-hydroxyphenylacetate,mzspec:GNPS:MULTIPLEX-SYNTHESIS-LIBRARY-ALL-PARTITION-6:accession:CCMSLIB00016278842,-0.0,mzspec:MSV000088063:peak/mzMLs/79.mzML:scan:874,1,0.76,3,0,MSV000088063,NoID,temp/queries/68/68bc29eb93c44e14a8ca51448869816d/68bc29eb93c44e14a8ca51448869816d.mgf,1,302,2069448
5-ASA_methyl 4-hydroxyphenylacetate,mzspec:GNPS:MULTIPLEX-SYNTHESIS-LIBRARY-ALL-PARTITION-6:accession:CCMSLIB00016278842,-0.0,mzspec:MSV000094097:peak/Stool/OAS_2_stool.mzML:scan:1438,1,0.76,3,0,MSV000094097,NoID,temp/queries/68/68bc29eb93c44e14a8ca51448869816d/68bc29eb93c44e14a8ca51448869816d.mgf,1,302,1162701
5-ASA_methyl 4-hydroxyphenylacetate,mzspec:GNPS:MULTIPLEX-SYNTHESIS-LIBRARY-ALL-PARTITION-6:accession:CCMSLIB00016278842,-0.0,mzspec:MSV000084884:updates/2020-02-03_jamirimoghaddam_67410a78/raw/w50_Algn.mzML:scan:2363,1,0.76,1,0,MSV000084884,NoID,temp/queries/68/68bc29eb93c44e14a8ca51448869816d/68bc29eb93c44e14a8ca51448869816d.mgf,1,302,1854208
5-ASA_methyl 4-hydroxyphenylacetate,mzspec:GNPS:MULTIPLEX-SYNTHESIS-LIBRARY-ALL-PARTITION-6:accession:CCMSLIB00016278842,0.0,mzspec:MSV000086869:ccms_peak/SK8-Gradient4MS2SAnalogues1-r002.mzML:scan:4294967295,1,0.76,1,0,MSV000086869,NoID,temp/queries/68/68bc29eb93c44e14a8ca51448869816d/68bc29eb93c44e14a8ca51448869816d.mgf,1,302,1343736
5-ASA_methyl 4-hydroxyphenylacetate,mzspec:GNPS:MULTIPLEX-SYNTHESIS-LIBRARY-ALL-PARTITION-6:accession:CCMSLIB00016278842,-0.0,mzspec:MSV000084884:ccms_peak/w50_Algn.mzML:scan:2363,1,0.76,1,0,MSV000084884,NoID,temp/queries/68/68bc29eb93c44e14a8ca51448869816d/68bc29eb93c44e14a8ca51448869816d.mgf,1,302,1854233
5-ASA_methyl 4-hydroxyphenylacetate,mzspec:GNPS:MULTIPLEX-SYNTHESIS-LIBRARY-ALL-PARTITION-6:accession:CCMSLIB00016278842,0.0,mzspec:MTBLS3963:FILES/DERIVED_FILES/POS/Inc-Met-3_POS.mzML:scan:4294967295,1,0.76,1,0,MTBLS3963,NoID,temp/queries/68/68bc29eb93c44e14a8ca51448869816d/68bc29eb93c44e14a8ca51448869816d.mgf,1,302,2573465
5-ASA_methyl 4-hydroxyphenylacetate,mzspec:GNPS:MULTIPLEX-SYNTHESIS-LIBRARY-ALL-PARTITION-6:accession:CCMSLIB00016278842,0.0,mzspec:MSV000086869:peak/SK8-Gradient4MS2SAnalogues1-r002.mzML:scan:4294967295,1,0.76,1,0,MSV000086869,NoID,temp/queries/68/68bc29eb93c44e14a8ca51448869816d/68bc29eb93c44e14a8ca51448869816d.mgf,1,302,1344681
5-ASA_methyl 4-hydroxyphenylacetate,mzspec:GNPS:MULTIPLEX-SYNTHESIS-LIBRARY-ALL-PARTITION-6:accession:CCMSLIB00016278842,0.0,mzspec:MTBLS3963:FILES/DERIVED_FILES/POS/Dec-Thr-4_POS.mzML:scan:4294967295,1,0.75,1,0,MTBLS3963,NoID,temp/queries/68/68bc29eb93c44e14a8ca51448869816d/68bc29eb93c44e14a8ca51448869816d.mgf,1,302,2573497
5-ASA_methyl 4-hydroxyphenylacetate,mzspec:GNPS:MULTIPLEX-SYNTHESIS-LIBRARY-ALL-PARTITION-6:accession:CCMSLIB00016278842,-0.0,mzspec:MSV000094097:peak/Stool/OAS_25_stool.mzML:scan:1462,1,0.75,3,0,MSV000094097,NoID,temp/queries/68/68bc29eb93c44e14a8ca51448869816d/68bc29eb93c44e14a8ca51448869816d.mgf,1,302,1162674
5-ASA_methyl 4-hydroxyphenylacetate,mzspec:GNPS:MULTIPLEX-SYNTHESIS-LIBRARY-ALL-PARTITION-6:accession:CCMSLIB00016278842,0.0,mzspec:MSV000081151:ccms_peak/mzXML_Files/Plate_1/NCD_C1_WT4.mzXML:scan:1334,1,0.75,3,0,MSV000081151,NoID,temp/queries/68/68bc29eb93c44e14a8ca51448869816d/68bc29eb93c44e14a8ca51448869816d.mgf,1,302,1735520
5-ASA_methyl 4-hydroxyphenylacetate,mzspec:GNPS:MULTIPLEX-SYNTHESIS-LIBRARY-ALL-PARTITION-6:accession:CCMSLIB00016278842,-0.0,mzspec:MSV000091381:ccms_peak/U19_MIND_Y3_Raw/P2_A9_5681308.mzML:scan:1112,1,0.75,3,0,MSV000091381,NoID,temp/queries/68/68bc29eb93c44e14a8ca51448869816d/68bc29eb93c44e14a8ca51448869816d.mgf,1,302,432931
5-ASA_methyl 4-hydroxyphenylacetate,mzspec:GNPS:MULTIPLEX-SYNTHESIS-LIBRARY-ALL-PARTITION-6:accession:CCMSLIB00016278842,-0.0,mzspec:MSV000091381:peak/U19_MIND_Y3_mzML/P2_A9_5681308.mzML:scan:1112,1,0.75,3,0,MSV000091381,NoID,temp/queries/68/68bc29eb93c44e14a8ca51448869816d/68bc29eb93c44e14a8ca51448869816d.mgf,1,302,432907
5-ASA_methyl 4-hydroxyphenylacetate,mzspec:GNPS:MULTIPLEX-SYNTHESIS-LIBRARY-ALL-PARTITION-6:accession:CCMSLIB00016278842,0.0,mzspec:MSV000097110:peak/NESDA_mzml_all/P7_E6_364343154.mzML:scan:1449,1,0.75,3,0,MSV000097110,NoID,temp/queries/68/68bc29eb93c44e14a8ca51448869816d/68bc29eb93c44e14a8ca51448869816d.mgf,1,302,748333
5-ASA_methyl 4-hydroxyphenylacetate,mzspec:GNPS:MULTIPLEX-SYNTHESIS-LIBRARY-ALL-PARTITION-6:accession:CCMSLIB00016278842,-0.0,mzspec:MSV000097110:peak/NESDA_mzml_all/P3_D5_364164682.mzML:scan:1466,1,0.75,3,0,MSV000097110,NoID,temp/queries/68/68bc29eb93c44e14a8ca51448869816d/68bc29eb93c44e14a8ca51448869816d.mgf,1,302,751932
5-ASA_methyl 4-hydroxyphenylacetate,mzspec:GNPS:MULTIPLEX-SYNTHESIS-LIBRARY-ALL-PARTITION-6:accession:CCMSLIB00016278842,0.0,mzspec:MSV000095423:peak/all_files_mzML/LC2_1to100/HNRC_P4_B6_Sample_X3146047_LC2.mzML:scan:2786,1,0.75,3,0,MSV000095423,NoID,temp/queries/68/68bc29eb93c44e14a8ca51448869816d/68bc29eb93c44e14a8ca51448869816d.mgf,1,302,883832
5-ASA_methyl 4-hydroxyphenylacetate,mzspec:GNPS:MULTIPLEX-SYNTHESIS-LIBRARY-ALL-PARTITION-6:accession:CCMSLIB00016278842,-0.0,mzspec:MSV000091381:ccms_peak/U19_MIND_Y3_Raw/P4_D1_5708996.mzML:scan:1104,1,0.75,3,0,MSV000091381,NoID,temp/queries/68/68bc29eb93c44e14a8ca51448869816d/68bc29eb93c44e14a8ca51448869816d.mgf,1,302,433556
5-ASA_methyl 4-hydroxyphenylacetate,mzspec:GNPS:MULTIPLEX-SYNTHESIS-LIBRARY-ALL-PARTITION-6:accession:CCMSLIB00016278842,-0.0,mzspec:MSV000091381:peak/U19_MIND_Y3_mzML/P4_D1_5708996.mzML:scan:1104,1,0.75,3,0,MSV000091381,NoID,temp/queries/68/68bc29eb93c44e14a8ca51448869816d/68bc29eb93c44e14a8ca51448869816d.mgf,1,302,434528
5-ASA_methyl 4-hydroxyphenylacetate,mzspec:GNPS:MULTIPLEX-SYNTHESIS-LIBRARY-ALL-PARTITION-6:accession:CCMSLIB00016278842,-0.0,mzspec:MSV000089518:ccms_peak/14_20R_BSHpos_NCD.mzML:scan:1362,1,0.75,3,0,MSV000089518,NoID,temp/queries/68/68bc29eb93c44e14a8ca51448869816d/68bc29eb93c44e14a8ca51448869816d.mgf,1,302,1568077
5-ASA_methyl 4-hydroxyphenylacetate,mzspec:GNPS:MULTIPLEX-SYNTHESIS-LIBRARY-ALL-PARTITION-6:accession:CCMSLIB00016278842,0.0,mzspec:MSV000081351:ccms_peak/mzXML_Files/Rhee_2/38882.mzXML:scan:1362,1,0.75,3,0,MSV000081351,NoID,temp/queries/68/68bc29eb93c44e14a8ca51448869816d/68bc29eb93c44e14a8ca51448869816d.mgf,1,302,1897022
5-ASA_methyl 4-hydroxyphenylacetate,mzspec:GNPS:MULTIPLEX-SYNTHESIS-LIBRARY-ALL-PARTITION-6:accession:CCMSLIB00016278842,0.0,mzspec:MTBLS3963:FILES/DERIVED_FILES/POS/Control-5_POS.mzML:scan:4294967295,1,0.74,1,0,MTBLS3963,NoID,temp/queries/68/68bc29eb93c44e14a8ca51448869816d/68bc29eb93c44e14a8ca51448869816d.mgf,1,302,2572820
5-ASA_methyl 4-hydroxyphenylacetate,mzspec:GNPS:MULTIPLEX-SYNTHESIS-LIBRARY-ALL-PARTITION-6:accession:CCMSLIB00016278842,-0.02,"mzspec:MSV000094462:raw/ACT016/20221207_C2_MeioA1_ext_POS_2-B,9_02_36390.d.mzXML:scan:783",1,0.74,2,0,MSV000094462,NoID,temp/queries/68/68bc29eb93c44e14a8ca51448869816d/68bc29eb93c44e14a8ca51448869816d.mgf,1,302,1215620
5-ASA_methyl 4-hydroxyphenylacetate,mzspec:GNPS:MULTIPLEX-SYNTHESIS-LIBRARY-ALL-PARTITION-6:accession:CCMSLIB00016278842,-0.0,mzspec:MSV000096564:updates/2025-04-08_JAGONGO_1994_97ed8ed8/peak/mzML/15663_800805_9_T2_fecal_3.mzML:scan:2087,1,0.74,3,0,MSV000096564,NoID,temp/queries/68/68bc29eb93c44e14a8ca51448869816d/68bc29eb93c44e14a8ca51448869816d.mgf,1,302,2059530
5-ASA_methyl 4-hydroxyphenylacetate,mzspec:GNPS:MULTIPLEX-SYNTHESIS-LIBRARY-ALL-PARTITION-6:accession:CCMSLIB00016278842,-0.0,mzspec:MSV000096564:updates/2025-04-08_JAGONGO_1994_97ed8ed8/raw/IBD_CCFA_fecal_03_30/mzML/15663_800805_9_T2_fecal_1.mzML:scan:2076,1,0.74,3,0,MSV000096564,NoID,temp/queries/68/68bc29eb93c44e14a8ca51448869816d/68bc29eb93c44e14a8ca51448869816d.mgf,1,302,2056397
5-ASA_methyl 4-hydroxyphenylacetate,mzspec:GNPS:MULTIPLEX-SYNTHESIS-LIBRARY-ALL-PARTITION-6:accession:CCMSLIB00016278842,-0.0,mzspec:MSV000096564:updates/2025-04-08_JAGONGO_1994_97ed8ed8/raw/IBD_CCFA_fecal_03_30/mzML/15663_800805_9_T2_fecal_3.mzML:scan:2087,1,0.74,3,0,MSV000096564,NoID,temp/queries/68/68bc29eb93c44e14a8ca51448869816d/68bc29eb93c44e14a8ca51448869816d.mgf,1,302,2061069
5-ASA_methyl 4-hydroxyphenylacetate,mzspec:GNPS:MULTIPLEX-SYNTHESIS-LIBRARY-ALL-PARTITION-6:accession:CCMSLIB00016278842,-0.0,mzspec:MSV000096564:updates/2025-04-08_JAGONGO_1994_97ed8ed8/peak/mzML/15663_800805_9_T2_fecal_1.mzML:scan:2076,1,0.74,3,0,MSV000096564,NoID,temp/queries/68/68bc29eb93c44e14a8ca51448869816d/68bc29eb93c44e14a8ca51448869816d.mgf,1,302,2060386
5-ASA_methyl 4-hydroxyphenylacetate,mzspec:GNPS:MULTIPLEX-SYNTHESIS-LIBRARY-ALL-PARTITION-6:accession:CCMSLIB00016278842,0.0,mzspec:MSV000097110:peak/NESDA_mzml_all/P4_G4_364162152.mzML:scan:1463,1,0.74,3,0,MSV000097110,NoID,temp/queries/68/68bc29eb93c44e14a8ca51448869816d/68bc29eb93c44e14a8ca51448869816d.mgf,1,302,747862
5-ASA_methyl 4-hydroxyphenylacetate,mzspec:GNPS:MULTIPLEX-SYNTHESIS-LIBRARY-ALL-PARTITION-6:accession:CCMSLIB00016278842,0.0,mzspec:MSV000084775:ccms_peak/mzXML/Samples/FIT271E3CAL_BA9_01_50299.mzML:scan:966,1,0.74,2,0,MSV000084775,NoID,temp/queries/68/68bc29eb93c44e14a8ca51448869816d/68bc29eb93c44e14a8ca51448869816d.mgf,1,302,1087418
5-ASA_methyl 4-hydroxyphenylacetate,mzspec:GNPS:MULTIPLEX-SYNTHESIS-LIBRARY-ALL-PARTITION-6:accession:CCMSLIB00016278842,-0.0,mzspec:MSV000083357:ccms_peak/mzxml/PH101250_GH4_01_38822.mzML:scan:605,1,0.74,3,0,MSV000083357,NoID,temp/queries/68/68bc29eb93c44e14a8ca51448869816d/68bc29eb93c44e14a8ca51448869816d.mgf,1,302,1484792
5-ASA_methyl 4-hydroxyphenylacetate,mzspec:GNPS:MULTIPLEX-SYNTHESIS-LIBRARY-ALL-PARTITION-6:accession:CCMSLIB00016278842,-0.0,mzspec:MSV000096694:peak/Pierce_ASD_Mzml/P1_F2_364419229.mzML:scan:2185,1,0.74,3,0,MSV000096694,NoID,temp/queries/68/68bc29eb93c44e14a8ca51448869816d/68bc29eb93c44e14a8ca51448869816d.mgf,1,302,1529353
5-ASA_methyl 4-hydroxyphenylacetate,mzspec:GNPS:MULTIPLEX-SYNTHESIS-LIBRARY-ALL-PARTITION-6:accession:CCMSLIB00016278842,-0.0,mzspec:MSV000087942:ccms_peak/Plate_01_RAW/Tube_041.mzML:scan:1137,1,0.74,3,0,MSV000087942,NoID,temp/queries/68/68bc29eb93c44e14a8ca51448869816d/68bc29eb93c44e14a8ca51448869816d.mgf,1,302,1480464
5-ASA_methyl 4-hydroxyphenylacetate,mzspec:GNPS:MULTIPLEX-SYNTHESIS-LIBRARY-ALL-PARTITION-6:accession:CCMSLIB00016278842,0.0,mzspec:MSV000081351:ccms_peak/mzXML_Files/Rhee_1/38712.mzXML:scan:1377,1,0.74,3,0,MSV000081351,NoID,temp/queries/68/68bc29eb93c44e14a8ca51448869816d/68bc29eb93c44e14a8ca51448869816d.mgf,1,302,1897424
5-ASA_methyl 4-hydroxyphenylacetate,mzspec:GNPS:MULTIPLEX-SYNTHESIS-LIBRARY-ALL-PARTITION-6:accession:CCMSLIB00016278842,-0.0,mzspec:MSV000089518:ccms_peak/2_24L_Veh_NCD.mzML:scan:1367,1,0.74,3,0,MSV000089518,NoID,temp/queries/68/68bc29eb93c44e14a8ca51448869816d/68bc29eb93c44e14a8ca51448869816d.mgf,1,302,1568074
5-ASA_methyl 4-hydroxyphenylacetate,mzspec:GNPS:MULTIPLEX-SYNTHESIS-LIBRARY-ALL-PARTITION-6:accession:CCMSLIB00016278842,-0.0,mzspec:MSV000096694:peak/Pierce_ASD_Mzml/P1_D12_364419282.mzML:scan:2220,1,0.74,3,0,MSV000096694,NoID,temp/queries/68/68bc29eb93c44e14a8ca51448869816d/68bc29eb93c44e14a8ca51448869816d.mgf,1,302,1530659
5-ASA_methyl 4-hydroxyphenylacetate,mzspec:GNPS:MULTIPLEX-SYNTHESIS-LIBRARY-ALL-PARTITION-6:accession:CCMSLIB00016278842,-0.0,mzspec:MSV000096694:peak/Pierce_ASD_Mzml/P1_H4_364419281.mzML:scan:2229,1,0.74,3,0,MSV000096694,NoID,temp/queries/68/68bc29eb93c44e14a8ca51448869816d/68bc29eb93c44e14a8ca51448869816d.mgf,1,302,1530233
5-ASA_methyl 4-hydroxyphenylacetate,mzspec:GNPS:MULTIPLEX-SYNTHESIS-LIBRARY-ALL-PARTITION-6:accession:CCMSLIB00016278842,-0.0,mzspec:MSV000096694:peak/Pierce_ASD_Mzml/P1_H4_364419281.mzML:scan:2218,1,0.74,3,0,MSV000096694,NoID,temp/queries/68/68bc29eb93c44e14a8ca51448869816d/68bc29eb93c44e14a8ca51448869816d.mgf,1,302,1530232
5-ASA_methyl 4-hydroxyphenylacetate,mzspec:GNPS:MULTIPLEX-SYNTHESIS-LIBRARY-ALL-PARTITION-6:accession:CCMSLIB00016278842,-0.0,mzspec:MSV000096694:peak/Pierce_ASD_Mzml/P1_C6_364419243.mzML:scan:2192,1,0.74,3,0,MSV000096694,NoID,temp/queries/68/68bc29eb93c44e14a8ca51448869816d/68bc29eb93c44e14a8ca51448869816d.mgf,1,302,1530208
5-ASA_methyl 4-hydroxyphenylacetate,mzspec:GNPS:MULTIPLEX-SYNTHESIS-LIBRARY-ALL-PARTITION-6:accession:CCMSLIB00016278842,0.0,mzspec:MSV000097110:peak/NESDA_mzml_all/P6_D4_364169612.mzML:scan:1448,1,0.73,3,0,MSV000097110,NoID,temp/queries/68/68bc29eb93c44e14a8ca51448869816d/68bc29eb93c44e14a8ca51448869816d.mgf,1,302,748002
5-ASA_methyl 4-hydroxyphenylacetate,mzspec:GNPS:MULTIPLEX-SYNTHESIS-LIBRARY-ALL-PARTITION-6:accession:CCMSLIB00016278842,0.0,mzspec:MSV000097110:peak/NESDA_mzml_all/P6_H5_364170327.mzML:scan:1396,1,0.73,3,0,MSV000097110,NoID,temp/queries/68/68bc29eb93c44e14a8ca51448869816d/68bc29eb93c44e14a8ca51448869816d.mgf,1,302,748862
5-ASA_methyl 4-hydroxyphenylacetate,mzspec:GNPS:MULTIPLEX-SYNTHESIS-LIBRARY-ALL-PARTITION-6:accession:CCMSLIB00016278842,-0.0,mzspec:MSV000088646:ccms_peak/Plate_08_RAW/231841_Y3.mzML:scan:1123,1,0.73,3,0,MSV000088646,NoID,temp/queries/68/68bc29eb93c44e14a8ca51448869816d/68bc29eb93c44e14a8ca51448869816d.mgf,1,302,863535
5-ASA_methyl 4-hydroxyphenylacetate,mzspec:GNPS:MULTIPLEX-SYNTHESIS-LIBRARY-ALL-PARTITION-6:accession:CCMSLIB00016278842,0.0,mzspec:MSV000096049:peak/HNRC_samples_mzML/HNRC_100H2O_P4_B6.mzML:scan:2055,1,0.73,3,0,MSV000096049,NoID,temp/queries/68/68bc29eb93c44e14a8ca51448869816d/68bc29eb93c44e14a8ca51448869816d.mgf,1,302,623420
5-ASA_methyl 4-hydroxyphenylacetate,mzspec:GNPS:MULTIPLEX-SYNTHESIS-LIBRARY-ALL-PARTITION-6:accession:CCMSLIB00016278842,-0.0,mzspec:MSV000088646:ccms_peak/Plate_02_RAW/262082_BL.mzML:scan:1104,1,0.73,3,0,MSV000088646,NoID,temp/queries/68/68bc29eb93c44e14a8ca51448869816d/68bc29eb93c44e14a8ca51448869816d.mgf,1,302,864440
5-ASA_methyl 4-hydroxyphenylacetate,mzspec:GNPS:MULTIPLEX-SYNTHESIS-LIBRARY-ALL-PARTITION-6:accession:CCMSLIB00016278842,-0.0,mzspec:MSV000087612:ccms_peak/Plate02/X00176735.mzML:scan:1100,1,0.73,3,0,MSV000087612,NoID,temp/queries/68/68bc29eb93c44e14a8ca51448869816d/68bc29eb93c44e14a8ca51448869816d.mgf,1,302,691243
5-ASA_methyl 4-hydroxyphenylacetate,mzspec:GNPS:MULTIPLEX-SYNTHESIS-LIBRARY-ALL-PARTITION-6:accession:CCMSLIB00016278842,-0.02,"mzspec:MSV000094462:raw/ACT016/20221207_C2_MeioA1_ext_POS_2-B,9_01_36389.d.mzXML:scan:774",1,0.73,2,0,MSV000094462,NoID,temp/queries/68/68bc29eb93c44e14a8ca51448869816d/68bc29eb93c44e14a8ca51448869816d.mgf,1,302,1215530
5-ASA_methyl 4-hydroxyphenylacetate,mzspec:GNPS:MULTIPLEX-SYNTHESIS-LIBRARY-ALL-PARTITION-6:accession:CCMSLIB00016278842,-0.0,mzspec:MTBLS3963:FILES/DERIVED_FILES/POS/Inc-Arg-4_POS.mzML:scan:4294967295,1,0.73,1,0,MTBLS3963,NoID,temp/queries/68/68bc29eb93c44e14a8ca51448869816d/68bc29eb93c44e14a8ca51448869816d.mgf,1,302,2572162
5-ASA_methyl 4-hydroxyphenylacetate,mzspec:GNPS:MULTIPLEX-SYNTHESIS-LIBRARY-ALL-PARTITION-6:accession:CCMSLIB00016278842,-0.02,"mzspec:MSV000094462:raw/ACT016/20221207_C2_MeioA1_ext_POS_2-B,9_03_36391.d.mzXML:scan:774",1,0.73,2,0,MSV000094462,NoID,temp/queries/68/68bc29eb93c44e14a8ca51448869816d/68bc29eb93c44e14a8ca51448869816d.mgf,1,302,1215636
5-ASA_methyl 4-hydroxyphenylacetate,mzspec:GNPS:MULTIPLEX-SYNTHESIS-LIBRARY-ALL-PARTITION-6:accession:CCMSLIB00016278842,-0.02,"mzspec:MSV000094462:raw/ACT016/20221207_C2_MeioA1_ext_POS_2-B,9_03_36391.d.mzXML:scan:758",1,0.73,2,0,MSV000094462,NoID,temp/queries/68/68bc29eb93c44e14a8ca51448869816d/68bc29eb93c44e14a8ca51448869816d.mgf,1,302,1215634
5-ASA_methyl 4-hydroxyphenylacetate,mzspec:GNPS:MULTIPLEX-SYNTHESIS-LIBRARY-ALL-PARTITION-6:accession:CCMSLIB00016278842,-0.0,mzspec:MSV000088646:ccms_peak/Plate_01_RAW/216674_BL.mzML:scan:1092,1,0.72,3,0,MSV000088646,NoID,temp/queries/68/68bc29eb93c44e14a8ca51448869816d/68bc29eb93c44e14a8ca51448869816d.mgf,1,302,867648
5-ASA_methyl 4-hydroxyphenylacetate,mzspec:GNPS:MULTIPLEX-SYNTHESIS-LIBRARY-ALL-PARTITION-6:accession:CCMSLIB00016278842,0.0,mzspec:MSV000097110:peak/NESDA_mzml_all/P3_B2_364164628.mzML:scan:1443,1,0.72,3,0,MSV000097110,NoID,temp/queries/68/68bc29eb93c44e14a8ca51448869816d/68bc29eb93c44e14a8ca51448869816d.mgf,1,302,751412
5-ASA_methyl 4-hydroxyphenylacetate,mzspec:GNPS:MULTIPLEX-SYNTHESIS-LIBRARY-ALL-PARTITION-6:accession:CCMSLIB00016278842,0.01,mzspec:MSV000096359:ccms_peak/RAW/8_9/P8_C4_364306663.mzML:scan:455,1,0.72,1,0,MSV000096359,NoID,temp/queries/68/68bc29eb93c44e14a8ca51448869816d/68bc29eb93c44e14a8ca51448869816d.mgf,1,302,897812
5-ASA_methyl 4-hydroxyphenylacetate,mzspec:GNPS:MULTIPLEX-SYNTHESIS-LIBRARY-ALL-PARTITION-6:accession:CCMSLIB00016278842,0.01,mzspec:MSV000096359:peak/Burnett_RisePlus_Allmzml/P8_C4_364306663.mzML:scan:455,1,0.72,1,0,MSV000096359,NoID,temp/queries/68/68bc29eb93c44e14a8ca51448869816d/68bc29eb93c44e14a8ca51448869816d.mgf,1,302,922304
5-ASA_methyl 4-hydroxyphenylacetate,mzspec:GNPS:MULTIPLEX-SYNTHESIS-LIBRARY-ALL-PARTITION-6:accession:CCMSLIB00016278842,0.0,mzspec:MSV000097110:peak/NESDA_mzml_all/P3_H11_364164625.mzML:scan:1422,1,0.72,3,0,MSV000097110,NoID,temp/queries/68/68bc29eb93c44e14a8ca51448869816d/68bc29eb93c44e14a8ca51448869816d.mgf,1,302,747614
5-ASA_methyl 4-hydroxyphenylacetate,mzspec:GNPS:MULTIPLEX-SYNTHESIS-LIBRARY-ALL-PARTITION-6:accession:CCMSLIB00016278842,-0.0,mzspec:MSV000097110:peak/NESDA_mzml_all/P11_E6_364162555.mzML:scan:1467,1,0.72,3,0,MSV000097110,NoID,temp/queries/68/68bc29eb93c44e14a8ca51448869816d/68bc29eb93c44e14a8ca51448869816d.mgf,1,302,749752
5-ASA_methyl 4-hydroxyphenylacetate,mzspec:GNPS:MULTIPLEX-SYNTHESIS-LIBRARY-ALL-PARTITION-6:accession:CCMSLIB00016278842,-0.0,mzspec:MSV000097110:peak/NESDA_mzml_all/P7_H8_364436503.mzML:scan:1409,1,0.72,3,0,MSV000097110,NoID,temp/queries/68/68bc29eb93c44e14a8ca51448869816d/68bc29eb93c44e14a8ca51448869816d.mgf,1,302,750004
5-ASA_methyl 4-hydroxyphenylacetate,mzspec:GNPS:MULTIPLEX-SYNTHESIS-LIBRARY-ALL-PARTITION-6:accession:CCMSLIB00016278842,-0.0,mzspec:MSV000083357:ccms_peak/mzxml/PH101250_GH4_01_38822.mzML:scan:608,1,0.72,3,0,MSV000083357,NoID,temp/queries/68/68bc29eb93c44e14a8ca51448869816d/68bc29eb93c44e14a8ca51448869816d.mgf,1,302,1484793
5-ASA_methyl 4-hydroxyphenylacetate,mzspec:GNPS:MULTIPLEX-SYNTHESIS-LIBRARY-ALL-PARTITION-6:accession:CCMSLIB00016278842,-0.0,mzspec:MSV000087612:ccms_peak/Plate02/X00176583.mzML:scan:1120,1,0.72,3,0,MSV000087612,NoID,temp/queries/68/68bc29eb93c44e14a8ca51448869816d/68bc29eb93c44e14a8ca51448869816d.mgf,1,302,691077
5-ASA_methyl 4-hydroxyphenylacetate,mzspec:GNPS:MULTIPLEX-SYNTHESIS-LIBRARY-ALL-PARTITION-6:accession:CCMSLIB00016278842,-0.0,mzspec:MSV000088646:ccms_peak/Plate_04_RAW/292641_Y1.mzML:scan:1116,1,0.72,3,0,MSV000088646,NoID,temp/queries/68/68bc29eb93c44e14a8ca51448869816d/68bc29eb93c44e14a8ca51448869816d.mgf,1,302,863322
5-ASA_methyl 4-hydroxyphenylacetate,mzspec:GNPS:MULTIPLEX-SYNTHESIS-LIBRARY-ALL-PARTITION-6:accession:CCMSLIB00016278842,0.0,mzspec:MSV000080630:ccms_peak/Raw/C18_66418_66370.mzML:scan:1268,1,0.72,3,0,MSV000080630,NoID,temp/queries/68/68bc29eb93c44e14a8ca51448869816d/68bc29eb93c44e14a8ca51448869816d.mgf,1,302,1635993
5-ASA_methyl 4-hydroxyphenylacetate,mzspec:GNPS:MULTIPLEX-SYNTHESIS-LIBRARY-ALL-PARTITION-6:accession:CCMSLIB00016278842,-0.02,"mzspec:MSV000094462:raw/ACT016/20221207_C2_MeioA1_ext_POS_2-B,9_02_36390.d.mzXML:scan:811",1,0.72,2,0,MSV000094462,NoID,temp/queries/68/68bc29eb93c44e14a8ca51448869816d/68bc29eb93c44e14a8ca51448869816d.mgf,1,302,1215623
5-ASA_methyl 4-hydroxyphenylacetate,mzspec:GNPS:MULTIPLEX-SYNTHESIS-LIBRARY-ALL-PARTITION-6:accession:CCMSLIB00016278842,-0.02,"mzspec:MSV000094462:raw/ACT016/20221207_C2_MeioA1_ext_POS_2-B,9_01_36389.d.mzXML:scan:799",1,0.72,2,0,MSV000094462,NoID,temp/queries/68/68bc29eb93c44e14a8ca51448869816d/68bc29eb93c44e14a8ca51448869816d.mgf,1,302,1215533
5-ASA_methyl 4-hydroxyphenylacetate,mzspec:GNPS:MULTIPLEX-SYNTHESIS-LIBRARY-ALL-PARTITION-6:accession:CCMSLIB00016278842,-0.02,"mzspec:MSV000094462:raw/ACT016/20221207_C2_MeioA1_ext_POS_2-B,9_02_36390.d.mzXML:scan:805",1,0.72,2,0,MSV000094462,NoID,temp/queries/68/68bc29eb93c44e14a8ca51448869816d/68bc29eb93c44e14a8ca51448869816d.mgf,1,302,1215622
5-ASA_methyl 4-hydroxyphenylacetate,mzspec:GNPS:MULTIPLEX-SYNTHESIS-LIBRARY-ALL-PARTITION-6:accession:CCMSLIB00016278842,-0.01,mzspec:MTBLS3963:FILES/DERIVED_FILES/POS/Inc-Arg-1_POS.mzML:scan:4294967295,1,0.72,1,0,MTBLS3963,NoID,temp/queries/68/68bc29eb93c44e14a8ca51448869816d/68bc29eb93c44e14a8ca51448869816d.mgf,1,302,2573267
5-ASA_methyl 4-hydroxyphenylacetate,mzspec:GNPS:MULTIPLEX-SYNTHESIS-LIBRARY-ALL-PARTITION-6:accession:CCMSLIB00016278842,-0.02,"mzspec:MSV000094462:raw/ACT016/20221207_C2_MeioA1_ext_POS_2-B,9_01_36389.d.mzXML:scan:789",1,0.72,2,0,MSV000094462,NoID,temp/queries/68/68bc29eb93c44e14a8ca51448869816d/68bc29eb93c44e14a8ca51448869816d.mgf,1,302,1215531
5-ASA_methyl 4-hydroxyphenylacetate,mzspec:GNPS:MULTIPLEX-SYNTHESIS-LIBRARY-ALL-PARTITION-6:accession:CCMSLIB00016278842,-0.0,mzspec:MSV000091381:ccms_peak/U19_MIND_Y3_Raw/P1_H12_5681330.mzML:scan:1139,1,0.71,2,0,MSV000091381,NoID,temp/queries/68/68bc29eb93c44e14a8ca51448869816d/68bc29eb93c44e14a8ca51448869816d.mgf,1,302,434179
5-ASA_methyl 4-hydroxyphenylacetate,mzspec:GNPS:MULTIPLEX-SYNTHESIS-LIBRARY-ALL-PARTITION-6:accession:CCMSLIB00016278842,-0.0,mzspec:MSV000091381:peak/U19_MIND_Y3_mzML/P1_H12_5681330.mzML:scan:1139,1,0.71,2,0,MSV000091381,NoID,temp/queries/68/68bc29eb93c44e14a8ca51448869816d/68bc29eb93c44e14a8ca51448869816d.mgf,1,302,431669
5-ASA_methyl 4-hydroxyphenylacetate,mzspec:GNPS:MULTIPLEX-SYNTHESIS-LIBRARY-ALL-PARTITION-6:accession:CCMSLIB00016278842,0.0,mzspec:MTBLS3963:FILES/DERIVED_FILES/POS/Inc-Arg-3_POS.mzML:scan:4294967295,1,0.71,1,0,MTBLS3963,NoID,temp/queries/68/68bc29eb93c44e14a8ca51448869816d/68bc29eb93c44e14a8ca51448869816d.mgf,1,302,2573150
5-ASA_methyl 4-hydroxyphenylacetate,mzspec:GNPS:MULTIPLEX-SYNTHESIS-LIBRARY-ALL-PARTITION-6:accession:CCMSLIB00016278842,-0.0,mzspec:MSV000090360:peak/220915_T1000_Fecal/148422.mzXML:scan:1103,1,0.71,2,0,MSV000090360,NoID,temp/queries/68/68bc29eb93c44e14a8ca51448869816d/68bc29eb93c44e14a8ca51448869816d.mgf,1,302,687007
5-ASA_methyl 4-hydroxyphenylacetate,mzspec:GNPS:MULTIPLEX-SYNTHESIS-LIBRARY-ALL-PARTITION-6:accession:CCMSLIB00016278842,-0.02,"mzspec:MSV000094462:raw/ACT016/20221207_C2_MeioA1_ext_POS_2-B,9_01_36389.d.mzXML:scan:806",1,0.71,2,0,MSV000094462,NoID,temp/queries/68/68bc29eb93c44e14a8ca51448869816d/68bc29eb93c44e14a8ca51448869816d.mgf,1,302,1215534
5-ASA_methyl 4-hydroxyphenylacetate,mzspec:GNPS:MULTIPLEX-SYNTHESIS-LIBRARY-ALL-PARTITION-6:accession:CCMSLIB00016278842,-0.0,mzspec:MSV000088646:ccms_peak/Plate_02_RAW/239584_BL.mzML:scan:1124,1,0.71,3,0,MSV000088646,NoID,temp/queries/68/68bc29eb93c44e14a8ca51448869816d/68bc29eb93c44e14a8ca51448869816d.mgf,1,302,867141
5-ASA_methyl 4-hydroxyphenylacetate,mzspec:GNPS:MULTIPLEX-SYNTHESIS-LIBRARY-ALL-PARTITION-6:accession:CCMSLIB00016278842,0.0,mzspec:MSV000097110:peak/NESDA_mzml_all/P8_H4_364162669.mzML:scan:1479,1,0.71,3,0,MSV000097110,NoID,temp/queries/68/68bc29eb93c44e14a8ca51448869816d/68bc29eb93c44e14a8ca51448869816d.mgf,1,302,749522
5-ASA_methyl 4-hydroxyphenylacetate,mzspec:GNPS:MULTIPLEX-SYNTHESIS-LIBRARY-ALL-PARTITION-6:accession:CCMSLIB00016278842,0.0,mzspec:MSV000097110:peak/NESDA_mzml_all/P1_D8_364437575.mzML:scan:1417,1,0.71,3,0,MSV000097110,NoID,temp/queries/68/68bc29eb93c44e14a8ca51448869816d/68bc29eb93c44e14a8ca51448869816d.mgf,1,302,749992
5-ASA_methyl 4-hydroxyphenylacetate,mzspec:GNPS:MULTIPLEX-SYNTHESIS-LIBRARY-ALL-PARTITION-6:accession:CCMSLIB00016278842,-0.0,mzspec:MSV000088646:ccms_peak/Plate_04_RAW/236897_Y1.mzML:scan:1100,1,0.71,3,0,MSV000088646,NoID,temp/queries/68/68bc29eb93c44e14a8ca51448869816d/68bc29eb93c44e14a8ca51448869816d.mgf,1,302,864895
5-ASA_methyl 4-hydroxyphenylacetate,mzspec:GNPS:MULTIPLEX-SYNTHESIS-LIBRARY-ALL-PARTITION-6:accession:CCMSLIB00016278842,0.0,mzspec:MSV000080630:ccms_peak/Raw/C18_66416_66368.mzML:scan:1222,1,0.71,3,0,MSV000080630,NoID,temp/queries/68/68bc29eb93c44e14a8ca51448869816d/68bc29eb93c44e14a8ca51448869816d.mgf,1,302,1636171
5-ASA_methyl 4-hydroxyphenylacetate,mzspec:GNPS:MULTIPLEX-SYNTHESIS-LIBRARY-ALL-PARTITION-6:accession:CCMSLIB00016278842,-0.0,mzspec:MSV000097110:peak/NESDA_mzml_all/P11_H11_364162495.mzML:scan:1423,1,0.71,3,0,MSV000097110,NoID,temp/queries/68/68bc29eb93c44e14a8ca51448869816d/68bc29eb93c44e14a8ca51448869816d.mgf,1,302,751910
5-ASA_methyl 4-hydroxyphenylacetate,mzspec:GNPS:MULTIPLEX-SYNTHESIS-LIBRARY-ALL-PARTITION-6:accession:CCMSLIB00016278842,0.0,mzspec:MSV000081151:ccms_peak/mzXML_Files/Plate_1/NCD_C1_WT5.mzXML:scan:1336,1,0.7,2,0,MSV000081151,NoID,temp/queries/68/68bc29eb93c44e14a8ca51448869816d/68bc29eb93c44e14a8ca51448869816d.mgf,1,302,1735906
5-ASA_methyl 4-hydroxyphenylacetate,mzspec:GNPS:MULTIPLEX-SYNTHESIS-LIBRARY-ALL-PARTITION-6:accession:CCMSLIB00016278842,0.0,mzspec:MSV000081351:ccms_peak/mzXML_Files/Rhee_3/38938.mzXML:scan:1387,1,0.7,2,0,MSV000081351,NoID,temp/queries/68/68bc29eb93c44e14a8ca51448869816d/68bc29eb93c44e14a8ca51448869816d.mgf,1,302,1897762
5-ASA_methyl 4-hydroxyphenylacetate,mzspec:GNPS:MULTIPLEX-SYNTHESIS-LIBRARY-ALL-PARTITION-6:accession:CCMSLIB00016278842,-0.02,"mzspec:MSV000094462:raw/ACT016/20221207_C2_MeioA1_ext_POS_2-B,9_03_36391.d.mzXML:scan:764",1,0.7,2,0,MSV000094462,NoID,temp/queries/68/68bc29eb93c44e14a8ca51448869816d/68bc29eb93c44e14a8ca51448869816d.mgf,1,302,1215635
5-ASA_methyl 4-hydroxyphenylacetate,mzspec:GNPS:MULTIPLEX-SYNTHESIS-LIBRARY-ALL-PARTITION-6:accession:CCMSLIB00016278842,-0.02,"mzspec:MSV000094462:raw/ACT016/20221207_C2_MeioA1_ext_POS_2-B,9_02_36390.d.mzXML:scan:820",1,0.7,2,0,MSV000094462,NoID,temp/queries/68/68bc29eb93c44e14a8ca51448869816d/68bc29eb93c44e14a8ca51448869816d.mgf,1,302,1215625
5-ASA_methyl 4-hydroxyphenylacetate,mzspec:GNPS:MULTIPLEX-SYNTHESIS-LIBRARY-ALL-PARTITION-6:accession:CCMSLIB00016278842,0.0,mzspec:MSV000097110:peak/NESDA_mzml_all/P4_A6_364162123.mzML:scan:1437,1,0.7,3,0,MSV000097110,NoID,temp/queries/68/68bc29eb93c44e14a8ca51448869816d/68bc29eb93c44e14a8ca51448869816d.mgf,1,302,747766
5-ASA_methyl 4-hydroxyphenylacetate,mzspec:GNPS:MULTIPLEX-SYNTHESIS-LIBRARY-ALL-PARTITION-6:accession:CCMSLIB00016278842,0.0,mzspec:MSV000097110:peak/NESDA_mzml_all/P7_F4_364436521.mzML:scan:1426,1,0.7,3,0,MSV000097110,NoID,temp/queries/68/68bc29eb93c44e14a8ca51448869816d/68bc29eb93c44e14a8ca51448869816d.mgf,1,302,749178
5-ASA_methyl 4-hydroxyphenylacetate,mzspec:GNPS:MULTIPLEX-SYNTHESIS-LIBRARY-ALL-PARTITION-6:accession:CCMSLIB00016278842,-0.0,mzspec:MSV000097110:peak/NESDA_mzml_all/P8_H11_364162866.mzML:scan:1429,1,0.7,3,0,MSV000097110,NoID,temp/queries/68/68bc29eb93c44e14a8ca51448869816d/68bc29eb93c44e14a8ca51448869816d.mgf,1,302,747974
5-ASA_methyl 4-hydroxyphenylacetate,mzspec:GNPS:MULTIPLEX-SYNTHESIS-LIBRARY-ALL-PARTITION-6:accession:CCMSLIB00016278842,0.0,mzspec:MSV000097110:peak/NESDA_mzml_all/P2_B10_364436539.mzML:scan:1445,1,0.7,3,0,MSV000097110,NoID,temp/queries/68/68bc29eb93c44e14a8ca51448869816d/68bc29eb93c44e14a8ca51448869816d.mgf,1,302,751556
5-ASA_methyl 4-hydroxyphenylacetate,mzspec:GNPS:MULTIPLEX-SYNTHESIS-LIBRARY-ALL-PARTITION-6:accession:CCMSLIB00016278842,0.0,mzspec:MSV000095423:updates/2024-07-24_helenamrusso_d8d86449/peak/LC1_5to100/HNRC_P4_B6_Sample_X3146047.mzML:scan:2090,1,0.7,3,0,MSV000095423,NoID,temp/queries/68/68bc29eb93c44e14a8ca51448869816d/68bc29eb93c44e14a8ca51448869816d.mgf,1,302,884803
