compound_name,lib_usi,desc,timing
5-ASA_n-methyl-n-[4-(trifluoromethyl)benzyl]amine,mzspec:GNPS:MULTIPLEX-SYNTHESIS-LIBRARY-ALL-PARTITION-6:accession:CCMSLIB00016278884,prep,0.00066375732421875
5-ASA_n-methyl-n-[4-(trifluoromethyl)benzyl]amine,mzspec:GNPS:MULTIPLEX-SYNTHESIS-LIBRARY-ALL-PARTITION-6:accession:CCMSLIB00016278884,Search,0.7245407104492188
5-ASA_n-methyl-n-[4-(trifluoromethyl)benzyl]amine,mzspec:GNPS:MULTIPLEX-SYNTHESIS-LIBRARY-ALL-PARTITION-6:accession:CCMSLIB00016278884,Parse Query,0.00011444091796875
5-ASA_n-methyl-n-[4-(trifluoromethyl)benzyl]amine,mzspec:GNPS:MULTIPLEX-SYNTHESIS-LIBRARY-ALL-PARTITION-6:accession:CCMSLIB00016278884,Parse Query 2,0.0011248588562011719
5-ASA_n-methyl-n-[4-(trifluoromethyl)benzyl]amine,mzspec:GNPS:MULTIPLEX-SYNTHESIS-LIBRARY-ALL-PARTITION-6:accession:CCMSLIB00016278884,Get DB Info,9.036064147949219e-05
5-ASA_n-methyl-n-[4-(trifluoromethyl)benzyl]amine,mzspec:GNPS:MULTIPLEX-SYNTHESIS-LIBRARY-ALL-PARTITION-6:accession:CCMSLIB00016278884,Demangle,0.004533052444458008
5-ASA_n-methyl-n-[4-(trifluoromethyl)benzyl]amine,mzspec:GNPS:MULTIPLEX-SYNTHESIS-LIBRARY-ALL-PARTITION-6:accession:CCMSLIB00016278884,Group,0.004786968231201172
5-ASA_n-methyl-n-[4-(trifluoromethyl)benzyl]amine,mzspec:GNPS:MULTIPLEX-SYNTHESIS-LIBRARY-ALL-PARTITION-6:accession:CCMSLIB00016278884,Enrich datasets,0.010189056396484375
