compound_name,lib_usi,Delta Mass,USI,Charge,Cosine,Matching Peaks,Unit Delta Mass,Dataset,Status,Query Filename,Query Scan,Index UnitPM,Index IdxInUnitPM
5-ASA_n-phenylanthranilic acid,mzspec:GNPS:MULTIPLEX-SYNTHESIS-LIBRARY-ALL-PARTITION-6:accession:CCMSLIB00016279600,0.01,mzspec:MSV000092053:raw/20210708_AG_VN_UCSDcrop_plantN01_20210325_QE119_Ag683775-924_USHXG01244_POS_MSMS-v2_194-EF34_TxCtrl-NO3-Norig-w5-12h_4__509.mzML:scan:2592,1,0.81,1,0,MSV000092053,NoID,temp/queries/fd/fd6f9006715845b295299b9d2d642065/fd6f9006715845b295299b9d2d642065.mgf,1,349,262049
5-ASA_n-phenylanthranilic acid,mzspec:GNPS:MULTIPLEX-SYNTHESIS-LIBRARY-ALL-PARTITION-6:accession:CCMSLIB00016279600,0.01,mzspec:MSV000092053:raw/20210708_AG_VN_UCSDcrop_plantN01_20210325_QE119_Ag683775-924_USHXG01244_POS_MSMS-v2_204-EF44_TxCtrl-NH4NO3-Norig-w5-12h_4__352.mzML:scan:2631,1,0.81,1,0,MSV000092053,NoID,temp/queries/fd/fd6f9006715845b295299b9d2d642065/fd6f9006715845b295299b9d2d642065.mgf,1,349,262042
5-ASA_n-phenylanthranilic acid,mzspec:GNPS:MULTIPLEX-SYNTHESIS-LIBRARY-ALL-PARTITION-6:accession:CCMSLIB00016279600,0.01,mzspec:MSV000092053:raw/20210708_AG_VN_UCSDcrop_plantN01_20210325_QE119_Ag683775-924_USHXG01244_POS_MSMS-v2_174-EF14_RtExud-NH4NO3-Nfree-w5-12h_4__663.mzML:scan:2643,1,0.81,1,0,MSV000092053,NoID,temp/queries/fd/fd6f9006715845b295299b9d2d642065/fd6f9006715845b295299b9d2d642065.mgf,1,349,262043
5-ASA_n-phenylanthranilic acid,mzspec:GNPS:MULTIPLEX-SYNTHESIS-LIBRARY-ALL-PARTITION-6:accession:CCMSLIB00016279600,0.01,mzspec:MSV000092053:raw/20210708_AG_VN_UCSDcrop_plantN01_20210325_QE119_Ag683775-924_USHXG01244_POS_MSMS-v2_189-EF29_RtExud-NH4NO3-Norig-w5-12h_4__094.mzML:scan:2643,1,0.81,1,0,MSV000092053,NoID,temp/queries/fd/fd6f9006715845b295299b9d2d642065/fd6f9006715845b295299b9d2d642065.mgf,1,349,262036
5-ASA_n-phenylanthranilic acid,mzspec:GNPS:MULTIPLEX-SYNTHESIS-LIBRARY-ALL-PARTITION-6:accession:CCMSLIB00016279600,0.01,mzspec:MSV000092053:raw/20210708_AG_VN_UCSDcrop_plantN01_20210325_QE119_Ag683775-924_USHXG01244_POS_MSMS-v2_203-EF43_TxCtrl-NH4NO3-Norig-w5-12h_3__232.mzML:scan:2637,1,0.81,1,0,MSV000092053,NoID,temp/queries/fd/fd6f9006715845b295299b9d2d642065/fd6f9006715845b295299b9d2d642065.mgf,1,349,262062
5-ASA_n-phenylanthranilic acid,mzspec:GNPS:MULTIPLEX-SYNTHESIS-LIBRARY-ALL-PARTITION-6:accession:CCMSLIB00016279600,0.01,mzspec:MSV000092053:raw/20210708_AG_VN_UCSDcrop_plantN01_20210325_QE119_Ag683775-924_USHXG01244_POS_MSMS-v2_176-EF16_RtExud-NO3-Norig-w5-12h_1__452.mzML:scan:2613,1,0.81,1,0,MSV000092053,NoID,temp/queries/fd/fd6f9006715845b295299b9d2d642065/fd6f9006715845b295299b9d2d642065.mgf,1,349,262015
5-ASA_n-phenylanthranilic acid,mzspec:GNPS:MULTIPLEX-SYNTHESIS-LIBRARY-ALL-PARTITION-6:accession:CCMSLIB00016279600,0.01,mzspec:MSV000092053:raw/20210708_AG_VN_UCSDcrop_plantN01_20210325_QE119_Ag683775-924_USHXG01244_POS_MSMS-v2_192-EF32_TxCtrl-NO3-Norig-w5-12h_2__109.mzML:scan:2633,1,0.81,1,0,MSV000092053,NoID,temp/queries/fd/fd6f9006715845b295299b9d2d642065/fd6f9006715845b295299b9d2d642065.mgf,1,349,262060
5-ASA_n-phenylanthranilic acid,mzspec:GNPS:MULTIPLEX-SYNTHESIS-LIBRARY-ALL-PARTITION-6:accession:CCMSLIB00016279600,0.01,mzspec:MSV000092053:raw/20210708_AG_VN_UCSDcrop_plantN01_20210325_QE119_Ag683775-924_USHXG01244_POS_MSMS-v2_179-EF19_RtExud-NO3-Norig-w5-12h_4__421.mzML:scan:2636,1,0.81,1,0,MSV000092053,NoID,temp/queries/fd/fd6f9006715845b295299b9d2d642065/fd6f9006715845b295299b9d2d642065.mgf,1,349,262071
5-ASA_n-phenylanthranilic acid,mzspec:GNPS:MULTIPLEX-SYNTHESIS-LIBRARY-ALL-PARTITION-6:accession:CCMSLIB00016279600,0.01,mzspec:MSV000092053:raw/20210708_AG_VN_UCSDcrop_plantN01_20210325_QE119_Ag683775-924_USHXG01244_POS_MSMS-v2_191-EF31_TxCtrl-NO3-Norig-w5-12h_1__082.mzML:scan:2640,1,0.81,1,0,MSV000092053,NoID,temp/queries/fd/fd6f9006715845b295299b9d2d642065/fd6f9006715845b295299b9d2d642065.mgf,1,349,262037
5-ASA_n-phenylanthranilic acid,mzspec:GNPS:MULTIPLEX-SYNTHESIS-LIBRARY-ALL-PARTITION-6:accession:CCMSLIB00016279600,0.01,mzspec:MSV000092053:raw/20210708_AG_VN_UCSDcrop_plantN01_20210325_QE119_Ag683775-924_USHXG01244_POS_MSMS-v2_178-EF18_RtExud-NO3-Norig-w5-12h_3__163.mzML:scan:2625,1,0.81,1,0,MSV000092053,NoID,temp/queries/fd/fd6f9006715845b295299b9d2d642065/fd6f9006715845b295299b9d2d642065.mgf,1,349,262039
5-ASA_n-phenylanthranilic acid,mzspec:GNPS:MULTIPLEX-SYNTHESIS-LIBRARY-ALL-PARTITION-6:accession:CCMSLIB00016279600,0.01,mzspec:MSV000092053:raw/20210708_AG_VN_UCSDcrop_plantN01_20210325_QE119_Ag683775-924_USHXG01244_POS_MSMS-v2_177-EF17_RtExud-NO3-Norig-w5-12h_2__675.mzML:scan:2628,1,0.8,1,0,MSV000092053,NoID,temp/queries/fd/fd6f9006715845b295299b9d2d642065/fd6f9006715845b295299b9d2d642065.mgf,1,349,262099
5-ASA_n-phenylanthranilic acid,mzspec:GNPS:MULTIPLEX-SYNTHESIS-LIBRARY-ALL-PARTITION-6:accession:CCMSLIB00016279600,0.01,mzspec:MSV000092053:raw/20210708_AG_VN_UCSDcrop_plantN01_20210325_QE119_Ag683775-924_USHXG01244_POS_MSMS-v2_180-EF20_RtExud-NO3-Norig-w5-12h_5__576.mzML:scan:2619,1,0.8,1,0,MSV000092053,NoID,temp/queries/fd/fd6f9006715845b295299b9d2d642065/fd6f9006715845b295299b9d2d642065.mgf,1,349,262061
5-ASA_n-phenylanthranilic acid,mzspec:GNPS:MULTIPLEX-SYNTHESIS-LIBRARY-ALL-PARTITION-6:accession:CCMSLIB00016279600,0.01,mzspec:MSV000093884:raw/MH10_MAG303.mzXML:scan:4972,1,0.79,1,0,MSV000093884,NoID,temp/queries/fd/fd6f9006715845b295299b9d2d642065/fd6f9006715845b295299b9d2d642065.mgf,1,349,1843650
5-ASA_n-phenylanthranilic acid,mzspec:GNPS:MULTIPLEX-SYNTHESIS-LIBRARY-ALL-PARTITION-6:accession:CCMSLIB00016279600,0.01,mzspec:MSV000092053:raw/20210708_AG_VN_UCSDcrop_plantN01_20210325_QE119_Ag683775-924_USHXG01244_POS_MSMS-v2_163-EF3_RtExud-NO3-Nfree-w5-12h_3__100.mzML:scan:2646,1,0.79,1,0,MSV000092053,NoID,temp/queries/fd/fd6f9006715845b295299b9d2d642065/fd6f9006715845b295299b9d2d642065.mgf,1,349,262058
