compound_name,lib_usi,Delta Mass,USI,Charge,Cosine,Matching Peaks,Unit Delta Mass,Dataset,Status,Query Filename,Query Scan,Index UnitPM,Index IdxInUnitPM
5-ASA_octanoic-acid,mzspec:GNPS:MULTIPLEX-SYNTHESIS-LIBRARY-ALL-PARTITION-6:accession:CCMSLIB00016279022,-0.0,mzspec:MSV000083756:peak/Fecal-1-6MeOH-4H2O_RA5_132.mzML:scan:1548,1,0.94,6,0,MSV000083756,NoID,temp/queries/e8/e8666f3a2d974e4484aba5f17f35589f/e8666f3a2d974e4484aba5f17f35589f.mgf,1,280,680372
5-ASA_octanoic-acid,mzspec:GNPS:MULTIPLEX-SYNTHESIS-LIBRARY-ALL-PARTITION-6:accession:CCMSLIB00016279022,-0.0,mzspec:MSV000083306:peak/QE_C18polar_mzML/QEC18polar_F1_20181229233403.mzML:scan:1876,1,0.94,6,0,MSV000083306,NoID,temp/queries/e8/e8666f3a2d974e4484aba5f17f35589f/e8666f3a2d974e4484aba5f17f35589f.mgf,1,280,2556434
5-ASA_octanoic-acid,mzspec:GNPS:MULTIPLEX-SYNTHESIS-LIBRARY-ALL-PARTITION-6:accession:CCMSLIB00016279022,-0.0,mzspec:MSV000083306:peak/QE_C18polar_mzML/QEC18polar_F1-3_NIST-1_20181230160325.mzML:scan:1861,1,0.94,6,0,MSV000083306,NoID,temp/queries/e8/e8666f3a2d974e4484aba5f17f35589f/e8666f3a2d974e4484aba5f17f35589f.mgf,1,280,2555699
5-ASA_octanoic-acid,mzspec:GNPS:MULTIPLEX-SYNTHESIS-LIBRARY-ALL-PARTITION-6:accession:CCMSLIB00016279022,-0.0,mzspec:MSV000083756:peak/Fecal-1-5MeOH-5ACN_RA7_118.mzML:scan:1566,1,0.94,6,0,MSV000083756,NoID,temp/queries/e8/e8666f3a2d974e4484aba5f17f35589f/e8666f3a2d974e4484aba5f17f35589f.mgf,1,280,680641
5-ASA_octanoic-acid,mzspec:GNPS:MULTIPLEX-SYNTHESIS-LIBRARY-ALL-PARTITION-6:accession:CCMSLIB00016279022,-0.0,mzspec:MSV000083756:ccms_peak/Fecal-1-9MeOH-1H2O_RA2_66.mzML:scan:1564,1,0.94,6,0,MSV000083756,NoID,temp/queries/e8/e8666f3a2d974e4484aba5f17f35589f/e8666f3a2d974e4484aba5f17f35589f.mgf,1,280,680538
5-ASA_octanoic-acid,mzspec:GNPS:MULTIPLEX-SYNTHESIS-LIBRARY-ALL-PARTITION-6:accession:CCMSLIB00016279022,-0.0,mzspec:MSV000083756:ccms_peak/Fecal-1-6MeOH-4H2O_RA5_132.mzML:scan:1548,1,0.94,6,0,MSV000083756,NoID,temp/queries/e8/e8666f3a2d974e4484aba5f17f35589f/e8666f3a2d974e4484aba5f17f35589f.mgf,1,280,680632
5-ASA_octanoic-acid,mzspec:GNPS:MULTIPLEX-SYNTHESIS-LIBRARY-ALL-PARTITION-6:accession:CCMSLIB00016279022,-0.0,mzspec:MSV000083756:ccms_peak/Fecal-1-7ACN-3H2O_RA9_159.mzML:scan:1567,1,0.94,6,0,MSV000083756,NoID,temp/queries/e8/e8666f3a2d974e4484aba5f17f35589f/e8666f3a2d974e4484aba5f17f35589f.mgf,1,280,680415
5-ASA_octanoic-acid,mzspec:GNPS:MULTIPLEX-SYNTHESIS-LIBRARY-ALL-PARTITION-6:accession:CCMSLIB00016279022,-0.0,mzspec:MSV000083756:peak/Fecal-1-7ACN-3H2O_RA9_159.mzML:scan:1567,1,0.94,6,0,MSV000083756,NoID,temp/queries/e8/e8666f3a2d974e4484aba5f17f35589f/e8666f3a2d974e4484aba5f17f35589f.mgf,1,280,680211
5-ASA_octanoic-acid,mzspec:GNPS:MULTIPLEX-SYNTHESIS-LIBRARY-ALL-PARTITION-6:accession:CCMSLIB00016279022,-0.0,mzspec:MSV000083756:ccms_peak/Fecal-1-5MeOH-5ACN_RA7_118.mzML:scan:1566,1,0.94,6,0,MSV000083756,NoID,temp/queries/e8/e8666f3a2d974e4484aba5f17f35589f/e8666f3a2d974e4484aba5f17f35589f.mgf,1,280,680125
5-ASA_octanoic-acid,mzspec:GNPS:MULTIPLEX-SYNTHESIS-LIBRARY-ALL-PARTITION-6:accession:CCMSLIB00016279022,-0.0,mzspec:MSV000083756:peak/Fecal-1-9MeOH-1H2O_RA2_66.mzML:scan:1564,1,0.94,6,0,MSV000083756,NoID,temp/queries/e8/e8666f3a2d974e4484aba5f17f35589f/e8666f3a2d974e4484aba5f17f35589f.mgf,1,280,680270
5-ASA_octanoic-acid,mzspec:GNPS:MULTIPLEX-SYNTHESIS-LIBRARY-ALL-PARTITION-6:accession:CCMSLIB00016279022,-0.0,mzspec:MSV000083756:ccms_peak/QCmix4_RF2_216.mzML:scan:1536,1,0.93,6,0,MSV000083756,NoID,temp/queries/e8/e8666f3a2d974e4484aba5f17f35589f/e8666f3a2d974e4484aba5f17f35589f.mgf,1,280,680580
5-ASA_octanoic-acid,mzspec:GNPS:MULTIPLEX-SYNTHESIS-LIBRARY-ALL-PARTITION-6:accession:CCMSLIB00016279022,-0.0,mzspec:MSV000083756:ccms_peak/Fecal-1-7MeOH-3H2O_RA4_102.mzML:scan:1553,1,0.93,6,0,MSV000083756,NoID,temp/queries/e8/e8666f3a2d974e4484aba5f17f35589f/e8666f3a2d974e4484aba5f17f35589f.mgf,1,280,680428
5-ASA_octanoic-acid,mzspec:GNPS:MULTIPLEX-SYNTHESIS-LIBRARY-ALL-PARTITION-6:accession:CCMSLIB00016279022,-0.0,mzspec:MSV000083756:ccms_peak/Fecal-1-9MeOH-1H2O_RA2_65.mzML:scan:1567,1,0.93,6,0,MSV000083756,NoID,temp/queries/e8/e8666f3a2d974e4484aba5f17f35589f/e8666f3a2d974e4484aba5f17f35589f.mgf,1,280,680720
5-ASA_octanoic-acid,mzspec:GNPS:MULTIPLEX-SYNTHESIS-LIBRARY-ALL-PARTITION-6:accession:CCMSLIB00016279022,-0.0,mzspec:MSV000083756:ccms_peak/Fecal-1-5MeOH-5H2O_RA6_157.mzML:scan:1547,1,0.93,6,0,MSV000083756,NoID,temp/queries/e8/e8666f3a2d974e4484aba5f17f35589f/e8666f3a2d974e4484aba5f17f35589f.mgf,1,280,680502
5-ASA_octanoic-acid,mzspec:GNPS:MULTIPLEX-SYNTHESIS-LIBRARY-ALL-PARTITION-6:accession:CCMSLIB00016279022,-0.0,mzspec:MSV000083756:peak/Fecal-1-5MeOH-5H2O_RA6_157.mzML:scan:1547,1,0.93,6,0,MSV000083756,NoID,temp/queries/e8/e8666f3a2d974e4484aba5f17f35589f/e8666f3a2d974e4484aba5f17f35589f.mgf,1,280,680693
5-ASA_octanoic-acid,mzspec:GNPS:MULTIPLEX-SYNTHESIS-LIBRARY-ALL-PARTITION-6:accession:CCMSLIB00016279022,-0.0,mzspec:MSV000083756:ccms_peak/Fecal-1-5MeOH-5H2O_RA6_155.mzML:scan:1549,1,0.93,6,0,MSV000083756,NoID,temp/queries/e8/e8666f3a2d974e4484aba5f17f35589f/e8666f3a2d974e4484aba5f17f35589f.mgf,1,280,680650
5-ASA_octanoic-acid,mzspec:GNPS:MULTIPLEX-SYNTHESIS-LIBRARY-ALL-PARTITION-6:accession:CCMSLIB00016279022,-0.0,mzspec:MSV000083756:peak/Fecal-1-7MeOH-3H2O_RA4_102.mzML:scan:1553,1,0.93,6,0,MSV000083756,NoID,temp/queries/e8/e8666f3a2d974e4484aba5f17f35589f/e8666f3a2d974e4484aba5f17f35589f.mgf,1,280,680386
5-ASA_octanoic-acid,mzspec:GNPS:MULTIPLEX-SYNTHESIS-LIBRARY-ALL-PARTITION-6:accession:CCMSLIB00016279022,-0.0,mzspec:MSV000083756:ccms_peak/Fecal-1-6MeOH-4H2O_RA5_133.mzML:scan:1553,1,0.93,6,0,MSV000083756,NoID,temp/queries/e8/e8666f3a2d974e4484aba5f17f35589f/e8666f3a2d974e4484aba5f17f35589f.mgf,1,280,680164
5-ASA_octanoic-acid,mzspec:GNPS:MULTIPLEX-SYNTHESIS-LIBRARY-ALL-PARTITION-6:accession:CCMSLIB00016279022,-0.0,mzspec:MSV000083756:peak/QCmix4_RF2_216.mzML:scan:1536,1,0.93,6,0,MSV000083756,NoID,temp/queries/e8/e8666f3a2d974e4484aba5f17f35589f/e8666f3a2d974e4484aba5f17f35589f.mgf,1,280,680167
5-ASA_octanoic-acid,mzspec:GNPS:MULTIPLEX-SYNTHESIS-LIBRARY-ALL-PARTITION-6:accession:CCMSLIB00016279022,-0.0,mzspec:MSV000083756:peak/Fecal-1-8MeOH-2H2O_RA3_82.mzML:scan:1572,1,0.93,6,0,MSV000083756,NoID,temp/queries/e8/e8666f3a2d974e4484aba5f17f35589f/e8666f3a2d974e4484aba5f17f35589f.mgf,1,280,680278
5-ASA_octanoic-acid,mzspec:GNPS:MULTIPLEX-SYNTHESIS-LIBRARY-ALL-PARTITION-6:accession:CCMSLIB00016279022,-0.0,mzspec:MSV000083756:ccms_peak/Fecal-1-5MeOH-5H2O_RA6_156.mzML:scan:1541,1,0.93,6,0,MSV000083756,NoID,temp/queries/e8/e8666f3a2d974e4484aba5f17f35589f/e8666f3a2d974e4484aba5f17f35589f.mgf,1,280,680187
5-ASA_octanoic-acid,mzspec:GNPS:MULTIPLEX-SYNTHESIS-LIBRARY-ALL-PARTITION-6:accession:CCMSLIB00016279022,-0.0,mzspec:MSV000083756:peak/Fecal-1-9MeOH-1H2O_RA2_65.mzML:scan:1567,1,0.93,6,0,MSV000083756,NoID,temp/queries/e8/e8666f3a2d974e4484aba5f17f35589f/e8666f3a2d974e4484aba5f17f35589f.mgf,1,280,680090
5-ASA_octanoic-acid,mzspec:GNPS:MULTIPLEX-SYNTHESIS-LIBRARY-ALL-PARTITION-6:accession:CCMSLIB00016279022,-0.0,mzspec:MSV000083756:ccms_peak/Fecal-1-8MeOH-2H2O_RA3_82.mzML:scan:1572,1,0.93,6,0,MSV000083756,NoID,temp/queries/e8/e8666f3a2d974e4484aba5f17f35589f/e8666f3a2d974e4484aba5f17f35589f.mgf,1,280,680060
5-ASA_octanoic-acid,mzspec:GNPS:MULTIPLEX-SYNTHESIS-LIBRARY-ALL-PARTITION-6:accession:CCMSLIB00016279022,-0.0,mzspec:MSV000083756:peak/Fecal-1-5MeOH-5H2O_RA6_155.mzML:scan:1549,1,0.93,6,0,MSV000083756,NoID,temp/queries/e8/e8666f3a2d974e4484aba5f17f35589f/e8666f3a2d974e4484aba5f17f35589f.mgf,1,280,680006
5-ASA_octanoic-acid,mzspec:GNPS:MULTIPLEX-SYNTHESIS-LIBRARY-ALL-PARTITION-6:accession:CCMSLIB00016279022,-0.0,mzspec:MSV000083756:peak/Fecal-1-5MeOH-5H2O_RA6_156.mzML:scan:1541,1,0.93,6,0,MSV000083756,NoID,temp/queries/e8/e8666f3a2d974e4484aba5f17f35589f/e8666f3a2d974e4484aba5f17f35589f.mgf,1,280,679939
5-ASA_octanoic-acid,mzspec:GNPS:MULTIPLEX-SYNTHESIS-LIBRARY-ALL-PARTITION-6:accession:CCMSLIB00016279022,-0.0,mzspec:MSV000083756:ccms_peak/Fecal-1-5MeOH-5ACN_RA7_116.mzML:scan:1570,1,0.93,6,0,MSV000083756,NoID,temp/queries/e8/e8666f3a2d974e4484aba5f17f35589f/e8666f3a2d974e4484aba5f17f35589f.mgf,1,280,680468
5-ASA_octanoic-acid,mzspec:GNPS:MULTIPLEX-SYNTHESIS-LIBRARY-ALL-PARTITION-6:accession:CCMSLIB00016279022,-0.0,mzspec:MSV000083306:peak/QE_C18polar_mzML/QEC18polar_F1_20181231050346.mzML:scan:1874,1,0.93,6,0,MSV000083306,NoID,temp/queries/e8/e8666f3a2d974e4484aba5f17f35589f/e8666f3a2d974e4484aba5f17f35589f.mgf,1,280,2555660
5-ASA_octanoic-acid,mzspec:GNPS:MULTIPLEX-SYNTHESIS-LIBRARY-ALL-PARTITION-6:accession:CCMSLIB00016279022,-0.0,mzspec:MSV000083756:peak/Fecal-1-5MeOH-5ACN_RA7_116.mzML:scan:1570,1,0.93,6,0,MSV000083756,NoID,temp/queries/e8/e8666f3a2d974e4484aba5f17f35589f/e8666f3a2d974e4484aba5f17f35589f.mgf,1,280,679943
5-ASA_octanoic-acid,mzspec:GNPS:MULTIPLEX-SYNTHESIS-LIBRARY-ALL-PARTITION-6:accession:CCMSLIB00016279022,-0.0,mzspec:MSV000083756:peak/Fecal-1-6MeOH-4H2O_RA5_133.mzML:scan:1553,1,0.93,6,0,MSV000083756,NoID,temp/queries/e8/e8666f3a2d974e4484aba5f17f35589f/e8666f3a2d974e4484aba5f17f35589f.mgf,1,280,680432
5-ASA_octanoic-acid,mzspec:GNPS:MULTIPLEX-SYNTHESIS-LIBRARY-ALL-PARTITION-6:accession:CCMSLIB00016279022,-0.0,mzspec:MSV000083756:ccms_peak/Fecal-1-8MeOH-2H2O_RA3_83.mzML:scan:1567,1,0.93,6,0,MSV000083756,NoID,temp/queries/e8/e8666f3a2d974e4484aba5f17f35589f/e8666f3a2d974e4484aba5f17f35589f.mgf,1,280,680353
5-ASA_octanoic-acid,mzspec:GNPS:MULTIPLEX-SYNTHESIS-LIBRARY-ALL-PARTITION-6:accession:CCMSLIB00016279022,-0.0,mzspec:MSV000083756:peak/Fecal-1-8MeOH-2H2O_RA3_83.mzML:scan:1567,1,0.93,6,0,MSV000083756,NoID,temp/queries/e8/e8666f3a2d974e4484aba5f17f35589f/e8666f3a2d974e4484aba5f17f35589f.mgf,1,280,680384
5-ASA_octanoic-acid,mzspec:GNPS:MULTIPLEX-SYNTHESIS-LIBRARY-ALL-PARTITION-6:accession:CCMSLIB00016279022,-0.0,mzspec:MSV000083306:peak/QE_C18polar_mzML/QEC18polar_F1-3_To-1_20181231023133.mzML:scan:1866,1,0.92,6,0,MSV000083306,NoID,temp/queries/e8/e8666f3a2d974e4484aba5f17f35589f/e8666f3a2d974e4484aba5f17f35589f.mgf,1,280,2556598
5-ASA_octanoic-acid,mzspec:GNPS:MULTIPLEX-SYNTHESIS-LIBRARY-ALL-PARTITION-6:accession:CCMSLIB00016279022,-0.0,mzspec:MSV000083306:ccms_peak/QE_C18polar_RAW/QEC18polar_F1-1_NIST-3_20181230100059.mzML:scan:1881,1,0.9,5,0,MSV000083306,NoID,temp/queries/e8/e8666f3a2d974e4484aba5f17f35589f/e8666f3a2d974e4484aba5f17f35589f.mgf,1,280,2556329
5-ASA_octanoic-acid,mzspec:GNPS:MULTIPLEX-SYNTHESIS-LIBRARY-ALL-PARTITION-6:accession:CCMSLIB00016279022,-0.0,mzspec:MSV000083306:peak/QE_C18RT_mzML/QEC18RT_F1-3_NIST-1_20181229015759.mzML:scan:1270,1,0.9,5,0,MSV000083306,NoID,temp/queries/e8/e8666f3a2d974e4484aba5f17f35589f/e8666f3a2d974e4484aba5f17f35589f.mgf,1,280,2555966
5-ASA_octanoic-acid,mzspec:GNPS:MULTIPLEX-SYNTHESIS-LIBRARY-ALL-PARTITION-6:accession:CCMSLIB00016279022,-0.0,mzspec:MSV000083756:ccms_peak/Fecal-1-MeOH_RA1_33.mzML:scan:1563,1,0.9,5,0,MSV000083756,NoID,temp/queries/e8/e8666f3a2d974e4484aba5f17f35589f/e8666f3a2d974e4484aba5f17f35589f.mgf,1,280,680703
5-ASA_octanoic-acid,mzspec:GNPS:MULTIPLEX-SYNTHESIS-LIBRARY-ALL-PARTITION-6:accession:CCMSLIB00016279022,-0.0,mzspec:MSV000083756:ccms_peak/Fecal-1-5EtOH-5H2O_RA10_151.mzML:scan:1535,1,0.9,5,0,MSV000083756,NoID,temp/queries/e8/e8666f3a2d974e4484aba5f17f35589f/e8666f3a2d974e4484aba5f17f35589f.mgf,1,280,680128
5-ASA_octanoic-acid,mzspec:GNPS:MULTIPLEX-SYNTHESIS-LIBRARY-ALL-PARTITION-6:accession:CCMSLIB00016279022,-0.0,mzspec:MSV000083756:peak/Fecal-1-MeOH_RA1_33.mzML:scan:1563,1,0.9,5,0,MSV000083756,NoID,temp/queries/e8/e8666f3a2d974e4484aba5f17f35589f/e8666f3a2d974e4484aba5f17f35589f.mgf,1,280,680117
5-ASA_octanoic-acid,mzspec:GNPS:MULTIPLEX-SYNTHESIS-LIBRARY-ALL-PARTITION-6:accession:CCMSLIB00016279022,-0.0,mzspec:MSV000083756:peak/Fecal-1-5EtOH-5H2O_RA10_153.mzML:scan:1531,1,0.9,5,0,MSV000083756,NoID,temp/queries/e8/e8666f3a2d974e4484aba5f17f35589f/e8666f3a2d974e4484aba5f17f35589f.mgf,1,280,680407
5-ASA_octanoic-acid,mzspec:GNPS:MULTIPLEX-SYNTHESIS-LIBRARY-ALL-PARTITION-6:accession:CCMSLIB00016279022,-0.0,mzspec:MSV000083306:peak/QE_C18polar_mzML/QEC18polar_F1-3_To-1_20181231044446.mzML:scan:1866,1,0.9,5,0,MSV000083306,NoID,temp/queries/e8/e8666f3a2d974e4484aba5f17f35589f/e8666f3a2d974e4484aba5f17f35589f.mgf,1,280,2556186
5-ASA_octanoic-acid,mzspec:GNPS:MULTIPLEX-SYNTHESIS-LIBRARY-ALL-PARTITION-6:accession:CCMSLIB00016279022,-0.0,mzspec:MSV000083756:peak/Fecal-1-7ACN-3H2O_RA9_160.mzML:scan:1574,1,0.9,5,0,MSV000083756,NoID,temp/queries/e8/e8666f3a2d974e4484aba5f17f35589f/e8666f3a2d974e4484aba5f17f35589f.mgf,1,280,680508
5-ASA_octanoic-acid,mzspec:GNPS:MULTIPLEX-SYNTHESIS-LIBRARY-ALL-PARTITION-6:accession:CCMSLIB00016279022,-0.0,mzspec:MSV000083756:ccms_peak/Fecal-1-7MeOH-3H2O_RA4_100.mzML:scan:1563,1,0.9,5,0,MSV000083756,NoID,temp/queries/e8/e8666f3a2d974e4484aba5f17f35589f/e8666f3a2d974e4484aba5f17f35589f.mgf,1,280,680399
5-ASA_octanoic-acid,mzspec:GNPS:MULTIPLEX-SYNTHESIS-LIBRARY-ALL-PARTITION-6:accession:CCMSLIB00016279022,-0.0,mzspec:MSV000083756:ccms_peak/Fecal-1-6MeOH-4H2O_RA5_134.mzML:scan:1552,1,0.9,5,0,MSV000083756,NoID,temp/queries/e8/e8666f3a2d974e4484aba5f17f35589f/e8666f3a2d974e4484aba5f17f35589f.mgf,1,280,680576
5-ASA_octanoic-acid,mzspec:GNPS:MULTIPLEX-SYNTHESIS-LIBRARY-ALL-PARTITION-6:accession:CCMSLIB00016279022,-0.0,mzspec:MSV000083306:peak/QE_C18polar_mzML/QEC18polar_F1-1_NIST-3_20181230100059.mzML:scan:1881,1,0.9,5,0,MSV000083306,NoID,temp/queries/e8/e8666f3a2d974e4484aba5f17f35589f/e8666f3a2d974e4484aba5f17f35589f.mgf,1,280,2555768
5-ASA_octanoic-acid,mzspec:GNPS:MULTIPLEX-SYNTHESIS-LIBRARY-ALL-PARTITION-6:accession:CCMSLIB00016279022,-0.0,mzspec:MSV000083306:peak/QE_C18polar_mzML/QEC18polar_F1-3_F2-1_20181230173825.mzML:scan:1866,1,0.9,5,0,MSV000083306,NoID,temp/queries/e8/e8666f3a2d974e4484aba5f17f35589f/e8666f3a2d974e4484aba5f17f35589f.mgf,1,280,2556456
5-ASA_octanoic-acid,mzspec:GNPS:MULTIPLEX-SYNTHESIS-LIBRARY-ALL-PARTITION-6:accession:CCMSLIB00016279022,-0.0,mzspec:MSV000083756:peak/Fecal-1-5EtOH-5H2O_RA10_151.mzML:scan:1535,1,0.9,5,0,MSV000083756,NoID,temp/queries/e8/e8666f3a2d974e4484aba5f17f35589f/e8666f3a2d974e4484aba5f17f35589f.mgf,1,280,679990
5-ASA_octanoic-acid,mzspec:GNPS:MULTIPLEX-SYNTHESIS-LIBRARY-ALL-PARTITION-6:accession:CCMSLIB00016279022,-0.0,mzspec:MSV000083756:ccms_peak/Fecal-1-7ACN-3H2O_RA9_160.mzML:scan:1574,1,0.9,5,0,MSV000083756,NoID,temp/queries/e8/e8666f3a2d974e4484aba5f17f35589f/e8666f3a2d974e4484aba5f17f35589f.mgf,1,280,680226
5-ASA_octanoic-acid,mzspec:GNPS:MULTIPLEX-SYNTHESIS-LIBRARY-ALL-PARTITION-6:accession:CCMSLIB00016279022,-0.0,mzspec:MSV000083756:peak/Fecal-1-6MeOH-4H2O_RA5_134.mzML:scan:1552,1,0.9,5,0,MSV000083756,NoID,temp/queries/e8/e8666f3a2d974e4484aba5f17f35589f/e8666f3a2d974e4484aba5f17f35589f.mgf,1,280,680218
5-ASA_octanoic-acid,mzspec:GNPS:MULTIPLEX-SYNTHESIS-LIBRARY-ALL-PARTITION-6:accession:CCMSLIB00016279022,-0.0,mzspec:MSV000083756:ccms_peak/Fecal-1-5EtOH-5H2O_RA10_153.mzML:scan:1531,1,0.9,5,0,MSV000083756,NoID,temp/queries/e8/e8666f3a2d974e4484aba5f17f35589f/e8666f3a2d974e4484aba5f17f35589f.mgf,1,280,680360
5-ASA_octanoic-acid,mzspec:GNPS:MULTIPLEX-SYNTHESIS-LIBRARY-ALL-PARTITION-6:accession:CCMSLIB00016279022,-0.0,mzspec:MSV000083756:peak/Fecal-1-7MeOH-3H2O_RA4_100.mzML:scan:1563,1,0.9,5,0,MSV000083756,NoID,temp/queries/e8/e8666f3a2d974e4484aba5f17f35589f/e8666f3a2d974e4484aba5f17f35589f.mgf,1,280,680460
5-ASA_octanoic-acid,mzspec:GNPS:MULTIPLEX-SYNTHESIS-LIBRARY-ALL-PARTITION-6:accession:CCMSLIB00016279022,-0.0,mzspec:MSV000083756:ccms_peak/Fecal-1-7MeOH-3H2O_RA4_101.mzML:scan:1559,1,0.89,5,0,MSV000083756,NoID,temp/queries/e8/e8666f3a2d974e4484aba5f17f35589f/e8666f3a2d974e4484aba5f17f35589f.mgf,1,280,680087
5-ASA_octanoic-acid,mzspec:GNPS:MULTIPLEX-SYNTHESIS-LIBRARY-ALL-PARTITION-6:accession:CCMSLIB00016279022,-0.0,mzspec:MSV000083756:ccms_peak/Fecal-1-7ACN-3H2O_RA9_161.mzML:scan:1572,1,0.89,5,0,MSV000083756,NoID,temp/queries/e8/e8666f3a2d974e4484aba5f17f35589f/e8666f3a2d974e4484aba5f17f35589f.mgf,1,280,679941
5-ASA_octanoic-acid,mzspec:GNPS:MULTIPLEX-SYNTHESIS-LIBRARY-ALL-PARTITION-6:accession:CCMSLIB00016279022,-0.0,mzspec:MSV000083756:peak/Fecal-1-7MeOH-3H2O_RA4_101.mzML:scan:1559,1,0.89,5,0,MSV000083756,NoID,temp/queries/e8/e8666f3a2d974e4484aba5f17f35589f/e8666f3a2d974e4484aba5f17f35589f.mgf,1,280,680685
5-ASA_octanoic-acid,mzspec:GNPS:MULTIPLEX-SYNTHESIS-LIBRARY-ALL-PARTITION-6:accession:CCMSLIB00016279022,-0.0,mzspec:MSV000083756:peak/Fecal-1-7ACN-3H2O_RA9_161.mzML:scan:1572,1,0.89,5,0,MSV000083756,NoID,temp/queries/e8/e8666f3a2d974e4484aba5f17f35589f/e8666f3a2d974e4484aba5f17f35589f.mgf,1,280,680112
5-ASA_octanoic-acid,mzspec:GNPS:MULTIPLEX-SYNTHESIS-LIBRARY-ALL-PARTITION-6:accession:CCMSLIB00016279022,-0.0,mzspec:MSV000083756:peak/Fecal-1-MeOH_RA1_34.mzML:scan:1560,1,0.89,5,0,MSV000083756,NoID,temp/queries/e8/e8666f3a2d974e4484aba5f17f35589f/e8666f3a2d974e4484aba5f17f35589f.mgf,1,280,680522
5-ASA_octanoic-acid,mzspec:GNPS:MULTIPLEX-SYNTHESIS-LIBRARY-ALL-PARTITION-6:accession:CCMSLIB00016279022,-0.0,mzspec:MSV000083756:ccms_peak/Fecal-1-MeOH_RA1_34.mzML:scan:1560,1,0.89,5,0,MSV000083756,NoID,temp/queries/e8/e8666f3a2d974e4484aba5f17f35589f/e8666f3a2d974e4484aba5f17f35589f.mgf,1,280,680646
5-ASA_octanoic-acid,mzspec:GNPS:MULTIPLEX-SYNTHESIS-LIBRARY-ALL-PARTITION-6:accession:CCMSLIB00016279022,-0.0,mzspec:MSV000083756:ccms_peak/Fecal-1-5EtOH-5H2O_RA10_152.mzML:scan:1535,1,0.89,5,0,MSV000083756,NoID,temp/queries/e8/e8666f3a2d974e4484aba5f17f35589f/e8666f3a2d974e4484aba5f17f35589f.mgf,1,280,680740
5-ASA_octanoic-acid,mzspec:GNPS:MULTIPLEX-SYNTHESIS-LIBRARY-ALL-PARTITION-6:accession:CCMSLIB00016279022,-0.0,mzspec:MSV000083306:ccms_peak/QE_C18RT_RAW/QEC18RT_F1-3_NIST-1_20181229015759.mzML:scan:1270,1,0.89,5,0,MSV000083306,NoID,temp/queries/e8/e8666f3a2d974e4484aba5f17f35589f/e8666f3a2d974e4484aba5f17f35589f.mgf,1,280,2556593
5-ASA_octanoic-acid,mzspec:GNPS:MULTIPLEX-SYNTHESIS-LIBRARY-ALL-PARTITION-6:accession:CCMSLIB00016279022,-0.0,mzspec:MSV000083306:peak/QE_C18polar_mzML/QEC18polar_F1-1_NIST-1_20181230222424.mzML:scan:1878,1,0.89,5,0,MSV000083306,NoID,temp/queries/e8/e8666f3a2d974e4484aba5f17f35589f/e8666f3a2d974e4484aba5f17f35589f.mgf,1,280,2555557
5-ASA_octanoic-acid,mzspec:GNPS:MULTIPLEX-SYNTHESIS-LIBRARY-ALL-PARTITION-6:accession:CCMSLIB00016279022,-0.0,mzspec:MSV000083756:peak/Fecal-1-5EtOH-5H2O_RA10_152.mzML:scan:1535,1,0.89,5,0,MSV000083756,NoID,temp/queries/e8/e8666f3a2d974e4484aba5f17f35589f/e8666f3a2d974e4484aba5f17f35589f.mgf,1,280,680346
5-ASA_octanoic-acid,mzspec:GNPS:MULTIPLEX-SYNTHESIS-LIBRARY-ALL-PARTITION-6:accession:CCMSLIB00016279022,-0.0,mzspec:MSV000083306:ccms_peak/QE_C18_RAW/QEC18_F1_20181228032223.mzML:scan:1660,1,0.88,5,0,MSV000083306,NoID,temp/queries/e8/e8666f3a2d974e4484aba5f17f35589f/e8666f3a2d974e4484aba5f17f35589f.mgf,1,280,2556364
5-ASA_octanoic-acid,mzspec:GNPS:MULTIPLEX-SYNTHESIS-LIBRARY-ALL-PARTITION-6:accession:CCMSLIB00016279022,-0.0,mzspec:MSV000083756:peak/Fecal-1-8MeOH-2H2O_RA3_81.mzML:scan:1576,1,0.88,5,0,MSV000083756,NoID,temp/queries/e8/e8666f3a2d974e4484aba5f17f35589f/e8666f3a2d974e4484aba5f17f35589f.mgf,1,280,680612
5-ASA_octanoic-acid,mzspec:GNPS:MULTIPLEX-SYNTHESIS-LIBRARY-ALL-PARTITION-6:accession:CCMSLIB00016279022,-0.0,mzspec:MSV000083756:peak/Fecal-1-3ACN-3IPA-2H2O_RA11_201.mzML:scan:1567,1,0.88,5,0,MSV000083756,NoID,temp/queries/e8/e8666f3a2d974e4484aba5f17f35589f/e8666f3a2d974e4484aba5f17f35589f.mgf,1,280,680062
5-ASA_octanoic-acid,mzspec:GNPS:MULTIPLEX-SYNTHESIS-LIBRARY-ALL-PARTITION-6:accession:CCMSLIB00016279022,-0.0,mzspec:MSV000083756:ccms_peak/Fecal-1-8MeOH-2H2O_RA3_81.mzML:scan:1576,1,0.88,5,0,MSV000083756,NoID,temp/queries/e8/e8666f3a2d974e4484aba5f17f35589f/e8666f3a2d974e4484aba5f17f35589f.mgf,1,280,679935
5-ASA_octanoic-acid,mzspec:GNPS:MULTIPLEX-SYNTHESIS-LIBRARY-ALL-PARTITION-6:accession:CCMSLIB00016279022,-0.0,mzspec:MSV000083306:peak/QE_C18_mzML/QEC18_F1_20181228032223.mzML:scan:1660,1,0.88,5,0,MSV000083306,NoID,temp/queries/e8/e8666f3a2d974e4484aba5f17f35589f/e8666f3a2d974e4484aba5f17f35589f.mgf,1,280,2556020
5-ASA_octanoic-acid,mzspec:GNPS:MULTIPLEX-SYNTHESIS-LIBRARY-ALL-PARTITION-6:accession:CCMSLIB00016279022,-0.0,mzspec:MSV000083306:peak/QE_C18polar_mzML/QEC18polar_F1.mzML:scan:1878,1,0.88,5,0,MSV000083306,NoID,temp/queries/e8/e8666f3a2d974e4484aba5f17f35589f/e8666f3a2d974e4484aba5f17f35589f.mgf,1,280,2556488
5-ASA_octanoic-acid,mzspec:GNPS:MULTIPLEX-SYNTHESIS-LIBRARY-ALL-PARTITION-6:accession:CCMSLIB00016279022,-0.0,mzspec:MSV000083756:ccms_peak/Fecal-1-3ACN-3IPA-2H2O_RA11_201.mzML:scan:1567,1,0.88,5,0,MSV000083756,NoID,temp/queries/e8/e8666f3a2d974e4484aba5f17f35589f/e8666f3a2d974e4484aba5f17f35589f.mgf,1,280,680517
5-ASA_octanoic-acid,mzspec:GNPS:MULTIPLEX-SYNTHESIS-LIBRARY-ALL-PARTITION-6:accession:CCMSLIB00016279022,-0.0,mzspec:MSV000083306:peak/QE_C18_mzML/QEC18_F1-1_To-1_20181227043825.mzML:scan:1652,1,0.87,5,0,MSV000083306,NoID,temp/queries/e8/e8666f3a2d974e4484aba5f17f35589f/e8666f3a2d974e4484aba5f17f35589f.mgf,1,280,2556302
5-ASA_octanoic-acid,mzspec:GNPS:MULTIPLEX-SYNTHESIS-LIBRARY-ALL-PARTITION-6:accession:CCMSLIB00016279022,-0.0,mzspec:MSV000083756:peak/Fecal-1-5MeOH-5ACN_RA7_117.mzML:scan:1580,1,0.87,5,0,MSV000083756,NoID,temp/queries/e8/e8666f3a2d974e4484aba5f17f35589f/e8666f3a2d974e4484aba5f17f35589f.mgf,1,280,680477
5-ASA_octanoic-acid,mzspec:GNPS:MULTIPLEX-SYNTHESIS-LIBRARY-ALL-PARTITION-6:accession:CCMSLIB00016279022,-0.0,mzspec:MSV000083756:ccms_peak/Fecal-1-5MeOH-5ACN_RA7_117.mzML:scan:1580,1,0.87,5,0,MSV000083756,NoID,temp/queries/e8/e8666f3a2d974e4484aba5f17f35589f/e8666f3a2d974e4484aba5f17f35589f.mgf,1,280,680548
5-ASA_octanoic-acid,mzspec:GNPS:MULTIPLEX-SYNTHESIS-LIBRARY-ALL-PARTITION-6:accession:CCMSLIB00016279022,-0.0,mzspec:MSV000083306:peak/QE_C18polar_mzML/QEC18polar_F1-1_NIST-1_20181230235926.mzML:scan:1870,1,0.87,5,0,MSV000083306,NoID,temp/queries/e8/e8666f3a2d974e4484aba5f17f35589f/e8666f3a2d974e4484aba5f17f35589f.mgf,1,280,2556098
5-ASA_octanoic-acid,mzspec:GNPS:MULTIPLEX-SYNTHESIS-LIBRARY-ALL-PARTITION-6:accession:CCMSLIB00016279022,-0.0,mzspec:MSV000083756:ccms_peak/Fecal-1-3ACN-3IPA-2H2O_RA11_199.mzML:scan:1560,1,0.86,5,0,MSV000083756,NoID,temp/queries/e8/e8666f3a2d974e4484aba5f17f35589f/e8666f3a2d974e4484aba5f17f35589f.mgf,1,280,680583
5-ASA_octanoic-acid,mzspec:GNPS:MULTIPLEX-SYNTHESIS-LIBRARY-ALL-PARTITION-6:accession:CCMSLIB00016279022,-0.0,mzspec:MSV000083306:peak/QE_C18polar_mzML/QEC18polar_F1-1_NIST-1_20181230230225.mzML:scan:1869,1,0.86,5,0,MSV000083306,NoID,temp/queries/e8/e8666f3a2d974e4484aba5f17f35589f/e8666f3a2d974e4484aba5f17f35589f.mgf,1,280,2555807
5-ASA_octanoic-acid,mzspec:GNPS:MULTIPLEX-SYNTHESIS-LIBRARY-ALL-PARTITION-6:accession:CCMSLIB00016279022,-0.0,mzspec:MSV000083306:peak/QE_C18polar_mzML/QEC18polar_F1-1_NIST-3_20181231032837.mzML:scan:1875,1,0.86,5,0,MSV000083306,NoID,temp/queries/e8/e8666f3a2d974e4484aba5f17f35589f/e8666f3a2d974e4484aba5f17f35589f.mgf,1,280,2556588
5-ASA_octanoic-acid,mzspec:GNPS:MULTIPLEX-SYNTHESIS-LIBRARY-ALL-PARTITION-6:accession:CCMSLIB00016279022,-0.0,mzspec:MSV000083756:ccms_peak/Fecal-1-9MeOH-1H2O_RA2_67.mzML:scan:1568,1,0.86,4,0,MSV000083756,NoID,temp/queries/e8/e8666f3a2d974e4484aba5f17f35589f/e8666f3a2d974e4484aba5f17f35589f.mgf,1,280,680004
5-ASA_octanoic-acid,mzspec:GNPS:MULTIPLEX-SYNTHESIS-LIBRARY-ALL-PARTITION-6:accession:CCMSLIB00016279022,-0.0,mzspec:MSV000083756:peak/Fecal-1-9MeOH-1H2O_RA2_67.mzML:scan:1568,1,0.86,4,0,MSV000083756,NoID,temp/queries/e8/e8666f3a2d974e4484aba5f17f35589f/e8666f3a2d974e4484aba5f17f35589f.mgf,1,280,680422
5-ASA_octanoic-acid,mzspec:GNPS:MULTIPLEX-SYNTHESIS-LIBRARY-ALL-PARTITION-6:accession:CCMSLIB00016279022,-0.0,mzspec:MSV000083306:peak/QE_C18polar_mzML/QEC18polar_F1-2_F2-1_NIST-1_To-1_20181231042544.mzML:scan:1850,1,0.86,5,0,MSV000083306,NoID,temp/queries/e8/e8666f3a2d974e4484aba5f17f35589f/e8666f3a2d974e4484aba5f17f35589f.mgf,1,280,2556221
5-ASA_octanoic-acid,mzspec:GNPS:MULTIPLEX-SYNTHESIS-LIBRARY-ALL-PARTITION-6:accession:CCMSLIB00016279022,-0.0,mzspec:MSV000083756:peak/Fecal-1-3ACN-3IPA-2H2O_RA11_199.mzML:scan:1560,1,0.86,5,0,MSV000083756,NoID,temp/queries/e8/e8666f3a2d974e4484aba5f17f35589f/e8666f3a2d974e4484aba5f17f35589f.mgf,1,280,680205
5-ASA_octanoic-acid,mzspec:GNPS:MULTIPLEX-SYNTHESIS-LIBRARY-ALL-PARTITION-6:accession:CCMSLIB00016279022,-0.0,mzspec:MSV000083306:peak/QE_C18RT_mzML/QEC18RT_F1-3_To-1_20181229110929.mzML:scan:1265,1,0.86,4,0,MSV000083306,NoID,temp/queries/e8/e8666f3a2d974e4484aba5f17f35589f/e8666f3a2d974e4484aba5f17f35589f.mgf,1,280,2555825
5-ASA_octanoic-acid,mzspec:GNPS:MULTIPLEX-SYNTHESIS-LIBRARY-ALL-PARTITION-6:accession:CCMSLIB00016279022,-0.0,mzspec:MSV000083756:peak/QCmix2_RF2_98.mzML:scan:1524,1,0.85,4,0,MSV000083756,NoID,temp/queries/e8/e8666f3a2d974e4484aba5f17f35589f/e8666f3a2d974e4484aba5f17f35589f.mgf,1,280,680119
5-ASA_octanoic-acid,mzspec:GNPS:MULTIPLEX-SYNTHESIS-LIBRARY-ALL-PARTITION-6:accession:CCMSLIB00016279022,-0.0,mzspec:MSV000083756:ccms_peak/QCmix2_RF2_98.mzML:scan:1524,1,0.85,4,0,MSV000083756,NoID,temp/queries/e8/e8666f3a2d974e4484aba5f17f35589f/e8666f3a2d974e4484aba5f17f35589f.mgf,1,280,679975
5-ASA_octanoic-acid,mzspec:GNPS:MULTIPLEX-SYNTHESIS-LIBRARY-ALL-PARTITION-6:accession:CCMSLIB00016279022,-0.0,mzspec:MSV000083306:peak/QE_C18polar_mzML/QEC18polar_F1-3_NIST-1.mzML:scan:1919,1,0.85,5,0,MSV000083306,NoID,temp/queries/e8/e8666f3a2d974e4484aba5f17f35589f/e8666f3a2d974e4484aba5f17f35589f.mgf,1,280,2556141
5-ASA_octanoic-acid,mzspec:GNPS:MULTIPLEX-SYNTHESIS-LIBRARY-ALL-PARTITION-6:accession:CCMSLIB00016279022,-0.0,mzspec:MSV000083306:peak/QE_C18polar_mzML/QEC18polar_F1-3_NIST-1_20181230012800.mzML:scan:1854,1,0.84,4,0,MSV000083306,NoID,temp/queries/e8/e8666f3a2d974e4484aba5f17f35589f/e8666f3a2d974e4484aba5f17f35589f.mgf,1,280,2556396
5-ASA_octanoic-acid,mzspec:GNPS:MULTIPLEX-SYNTHESIS-LIBRARY-ALL-PARTITION-6:accession:CCMSLIB00016279022,-0.0,mzspec:MSV000083756:peak/Fecal-1-3ACN-3IPA-2H2O_RA11_200.mzML:scan:1567,1,0.84,4,0,MSV000083756,NoID,temp/queries/e8/e8666f3a2d974e4484aba5f17f35589f/e8666f3a2d974e4484aba5f17f35589f.mgf,1,280,680335
5-ASA_octanoic-acid,mzspec:GNPS:MULTIPLEX-SYNTHESIS-LIBRARY-ALL-PARTITION-6:accession:CCMSLIB00016279022,-0.0,mzspec:MSV000083756:ccms_peak/Fecal-1-3ACN-3IPA-2H2O_RA11_200.mzML:scan:1567,1,0.84,4,0,MSV000083756,NoID,temp/queries/e8/e8666f3a2d974e4484aba5f17f35589f/e8666f3a2d974e4484aba5f17f35589f.mgf,1,280,680036
5-ASA_octanoic-acid,mzspec:GNPS:MULTIPLEX-SYNTHESIS-LIBRARY-ALL-PARTITION-6:accession:CCMSLIB00016279022,-0.0,mzspec:MSV000083306:peak/QE_C18polar_mzML/QEC18polar_F1-3_F2-1_20181230094200.mzML:scan:1872,1,0.83,4,0,MSV000083306,NoID,temp/queries/e8/e8666f3a2d974e4484aba5f17f35589f/e8666f3a2d974e4484aba5f17f35589f.mgf,1,280,2556105
5-ASA_octanoic-acid,mzspec:GNPS:MULTIPLEX-SYNTHESIS-LIBRARY-ALL-PARTITION-6:accession:CCMSLIB00016279022,0.0,mzspec:MSV000082221:ccms_peak/mzxml_files/samples/PLCL18883_BH9_01_28205.mzML:scan:1172,1,0.8,2,0,MSV000082221,NoID,temp/queries/e8/e8666f3a2d974e4484aba5f17f35589f/e8666f3a2d974e4484aba5f17f35589f.mgf,1,280,159940
5-ASA_octanoic-acid,mzspec:GNPS:MULTIPLEX-SYNTHESIS-LIBRARY-ALL-PARTITION-6:accession:CCMSLIB00016279022,-0.0,mzspec:MSV000084908:ccms_peak/Fecal_mzXML/Plate_03/FIT310E3CAL_BF7_01_52169.mzML:scan:2704,1,0.8,3,0,MSV000084908,NoID,temp/queries/e8/e8666f3a2d974e4484aba5f17f35589f/e8666f3a2d974e4484aba5f17f35589f.mgf,1,280,878940
5-ASA_octanoic-acid,mzspec:GNPS:MULTIPLEX-SYNTHESIS-LIBRARY-ALL-PARTITION-6:accession:CCMSLIB00016279022,-0.0,mzspec:MSV000082221:ccms_peak/mzxml_files/samples/PLCL19866_BF3_01_28175.mzML:scan:1189,1,0.8,2,0,MSV000082221,NoID,temp/queries/e8/e8666f3a2d974e4484aba5f17f35589f/e8666f3a2d974e4484aba5f17f35589f.mgf,1,280,160301
5-ASA_octanoic-acid,mzspec:GNPS:MULTIPLEX-SYNTHESIS-LIBRARY-ALL-PARTITION-6:accession:CCMSLIB00016279022,-0.0,mzspec:MSV000083306:peak/QE_C18_mzML/QEC18_F1-3_To-1_20181228024423.mzML:scan:1669,1,0.79,4,0,MSV000083306,NoID,temp/queries/e8/e8666f3a2d974e4484aba5f17f35589f/e8666f3a2d974e4484aba5f17f35589f.mgf,1,280,2556530
5-ASA_octanoic-acid,mzspec:GNPS:MULTIPLEX-SYNTHESIS-LIBRARY-ALL-PARTITION-6:accession:CCMSLIB00016279022,-0.0,mzspec:MSV000083756:peak/Fecal-1-MeOH_RA1_35.mzML:scan:1560,1,0.79,4,0,MSV000083756,NoID,temp/queries/e8/e8666f3a2d974e4484aba5f17f35589f/e8666f3a2d974e4484aba5f17f35589f.mgf,1,280,680438
5-ASA_octanoic-acid,mzspec:GNPS:MULTIPLEX-SYNTHESIS-LIBRARY-ALL-PARTITION-6:accession:CCMSLIB00016279022,-0.0,mzspec:MSV000083756:ccms_peak/Fecal-1-MeOH_RA1_35.mzML:scan:1560,1,0.79,4,0,MSV000083756,NoID,temp/queries/e8/e8666f3a2d974e4484aba5f17f35589f/e8666f3a2d974e4484aba5f17f35589f.mgf,1,280,679922
5-ASA_octanoic-acid,mzspec:GNPS:MULTIPLEX-SYNTHESIS-LIBRARY-ALL-PARTITION-6:accession:CCMSLIB00016279022,-0.0,mzspec:MSV000083306:peak/QE_C18polar_mzML/QEC18polar_F1-3_To-1.mzML:scan:1867,1,0.79,4,0,MSV000083306,NoID,temp/queries/e8/e8666f3a2d974e4484aba5f17f35589f/e8666f3a2d974e4484aba5f17f35589f.mgf,1,280,2555858
5-ASA_octanoic-acid,mzspec:GNPS:MULTIPLEX-SYNTHESIS-LIBRARY-ALL-PARTITION-6:accession:CCMSLIB00016279022,-0.0,mzspec:MSV000083306:peak/QE_C18polar_mzML/QEC18polar_F1-2_F2-1_NIST-1_To-1.mzML:scan:1846,1,0.78,4,0,MSV000083306,NoID,temp/queries/e8/e8666f3a2d974e4484aba5f17f35589f/e8666f3a2d974e4484aba5f17f35589f.mgf,1,280,2555688
5-ASA_octanoic-acid,mzspec:GNPS:MULTIPLEX-SYNTHESIS-LIBRARY-ALL-PARTITION-6:accession:CCMSLIB00016279022,-0.0,mzspec:MSV000083306:peak/QE_C18_mzML/QEC18_F1-1_NIST-1_20181227215913.mzML:scan:1670,1,0.77,4,0,MSV000083306,NoID,temp/queries/e8/e8666f3a2d974e4484aba5f17f35589f/e8666f3a2d974e4484aba5f17f35589f.mgf,1,280,2556138
5-ASA_octanoic-acid,mzspec:GNPS:MULTIPLEX-SYNTHESIS-LIBRARY-ALL-PARTITION-6:accession:CCMSLIB00016279022,-0.02,mzspec:MSV000091663:ccms_peak/GNPS_Bile_acid_modification/Synthetic_standards/Chromatography_1/Mizrahi/BA5_acetyl_1000X_LC1.mzML:scan:649,1,0.76,4,0,MSV000091663,NoID,temp/queries/e8/e8666f3a2d974e4484aba5f17f35589f/e8666f3a2d974e4484aba5f17f35589f.mgf,1,280,2545283
5-ASA_octanoic-acid,mzspec:GNPS:MULTIPLEX-SYNTHESIS-LIBRARY-ALL-PARTITION-6:accession:CCMSLIB00016279022,-0.0,mzspec:MSV000083306:peak/QE_C18polar_mzML/QEC18polar_F1-2_F2-1_NIST-1_To-1_20181231040642.mzML:scan:1855,1,0.76,5,0,MSV000083306,NoID,temp/queries/e8/e8666f3a2d974e4484aba5f17f35589f/e8666f3a2d974e4484aba5f17f35589f.mgf,1,280,2556249
5-ASA_octanoic-acid,mzspec:GNPS:MULTIPLEX-SYNTHESIS-LIBRARY-ALL-PARTITION-6:accession:CCMSLIB00016279022,-0.01,mzspec:MSV000083353:ccms_peak/C18RTshift/C18_F1_GA1_01_19506.mzML:scan:740,1,0.76,4,0,MSV000083353,NoID,temp/queries/e8/e8666f3a2d974e4484aba5f17f35589f/e8666f3a2d974e4484aba5f17f35589f.mgf,1,280,205673
5-ASA_octanoic-acid,mzspec:GNPS:MULTIPLEX-SYNTHESIS-LIBRARY-ALL-PARTITION-6:accession:CCMSLIB00016279022,-0.01,mzspec:MSV000083353:peak/C18RTshift/C18_F1_GA1_01_19506.mzML:scan:740,1,0.76,4,0,MSV000083353,NoID,temp/queries/e8/e8666f3a2d974e4484aba5f17f35589f/e8666f3a2d974e4484aba5f17f35589f.mgf,1,280,205893
5-ASA_octanoic-acid,mzspec:GNPS:MULTIPLEX-SYNTHESIS-LIBRARY-ALL-PARTITION-6:accession:CCMSLIB00016279022,-0.01,mzspec:MTBLS3963:FILES/DERIVED_FILES/POS/Dec-Arg-6_POS.mzML:scan:4294967295,1,0.76,2,0,MTBLS3963,NoID,temp/queries/e8/e8666f3a2d974e4484aba5f17f35589f/e8666f3a2d974e4484aba5f17f35589f.mgf,1,280,3366344
5-ASA_octanoic-acid,mzspec:GNPS:MULTIPLEX-SYNTHESIS-LIBRARY-ALL-PARTITION-6:accession:CCMSLIB00016279022,-0.0,mzspec:MSV000083306:peak/QE_C18polar_mzML/QEC18polar_F1-1_NIST-3.mzML:scan:1883,1,0.75,4,0,MSV000083306,NoID,temp/queries/e8/e8666f3a2d974e4484aba5f17f35589f/e8666f3a2d974e4484aba5f17f35589f.mgf,1,280,2556271
5-ASA_octanoic-acid,mzspec:GNPS:MULTIPLEX-SYNTHESIS-LIBRARY-ALL-PARTITION-6:accession:CCMSLIB00016279022,-0.0,mzspec:MSV000087942:ccms_peak/Plate_02_RAW/Tube_107.mzML:scan:1658,1,0.75,4,0,MSV000087942,NoID,temp/queries/e8/e8666f3a2d974e4484aba5f17f35589f/e8666f3a2d974e4484aba5f17f35589f.mgf,1,280,1073961
5-ASA_octanoic-acid,mzspec:GNPS:MULTIPLEX-SYNTHESIS-LIBRARY-ALL-PARTITION-6:accession:CCMSLIB00016279022,-0.02,mzspec:MSV000091663:ccms_peak/GNPS_Bile_acid_modification/Synthetic_standards/Chromatography_1/Mizrahi/BA5_100X_LC1.mzML:scan:660,1,0.75,4,0,MSV000091663,NoID,temp/queries/e8/e8666f3a2d974e4484aba5f17f35589f/e8666f3a2d974e4484aba5f17f35589f.mgf,1,280,2546198
5-ASA_octanoic-acid,mzspec:GNPS:MULTIPLEX-SYNTHESIS-LIBRARY-ALL-PARTITION-6:accession:CCMSLIB00016279022,-0.02,mzspec:MSV000091663:ccms_peak/GNPS_Bile_acid_modification/Synthetic_standards/Chromatography_1/Turck/BA_5_std_diluted100times_LC1.mzML:scan:696,1,0.75,4,0,MSV000091663,NoID,temp/queries/e8/e8666f3a2d974e4484aba5f17f35589f/e8666f3a2d974e4484aba5f17f35589f.mgf,1,280,2546188
5-ASA_octanoic-acid,mzspec:GNPS:MULTIPLEX-SYNTHESIS-LIBRARY-ALL-PARTITION-6:accession:CCMSLIB00016279022,-0.02,mzspec:MSV000091663:ccms_peak/GNPS_Bile_acid_modification/Mizrahi_samples/Spiked_samples/Chromatography_1/Lion3_spiked_BA5Acetyl_100times_1to1_LC1.mzML:scan:654,1,0.75,4,0,MSV000091663,NoID,temp/queries/e8/e8666f3a2d974e4484aba5f17f35589f/e8666f3a2d974e4484aba5f17f35589f.mgf,1,280,2545987
5-ASA_octanoic-acid,mzspec:GNPS:MULTIPLEX-SYNTHESIS-LIBRARY-ALL-PARTITION-6:accession:CCMSLIB00016279022,-0.01,mzspec:MTBLS3963:FILES/DERIVED_FILES/POS/Dec-Lys-4_POS.mzML:scan:4294967295,1,0.75,2,0,MTBLS3963,NoID,temp/queries/e8/e8666f3a2d974e4484aba5f17f35589f/e8666f3a2d974e4484aba5f17f35589f.mgf,1,280,3368898
5-ASA_octanoic-acid,mzspec:GNPS:MULTIPLEX-SYNTHESIS-LIBRARY-ALL-PARTITION-6:accession:CCMSLIB00016279022,-0.0,mzspec:ST002482:mzml endos/E-313.mzML:scan:1815,1,0.75,3,0,ST002482,NoID,temp/queries/e8/e8666f3a2d974e4484aba5f17f35589f/e8666f3a2d974e4484aba5f17f35589f.mgf,1,280,3255016
5-ASA_octanoic-acid,mzspec:GNPS:MULTIPLEX-SYNTHESIS-LIBRARY-ALL-PARTITION-6:accession:CCMSLIB00016279022,-0.02,mzspec:MSV000091663:ccms_peak/GNPS_Bile_acid_modification/Synthetic_standards/Chromatography_1/Mizrahi/BA5_acetyl_100X_LC1.mzML:scan:658,1,0.75,4,0,MSV000091663,NoID,temp/queries/e8/e8666f3a2d974e4484aba5f17f35589f/e8666f3a2d974e4484aba5f17f35589f.mgf,1,280,2545486
5-ASA_octanoic-acid,mzspec:GNPS:MULTIPLEX-SYNTHESIS-LIBRARY-ALL-PARTITION-6:accession:CCMSLIB00016279022,-0.01,mzspec:MSV000081731:ccms_peak/170829_Irina_Pseudo_nitzschia_posMSMS/Pn_delicatessima6_50mL_unfil.mzML:scan:515,1,0.74,2,0,MSV000081731,NoID,temp/queries/e8/e8666f3a2d974e4484aba5f17f35589f/e8666f3a2d974e4484aba5f17f35589f.mgf,1,280,2562699
5-ASA_octanoic-acid,mzspec:GNPS:MULTIPLEX-SYNTHESIS-LIBRARY-ALL-PARTITION-6:accession:CCMSLIB00016279022,-0.02,mzspec:MSV000094799:peak/Lillian_Hemp_1_POS_mzmL/G33-69-4-2.mzML:scan:816,1,0.74,2,0,MSV000094799,NoID,temp/queries/e8/e8666f3a2d974e4484aba5f17f35589f/e8666f3a2d974e4484aba5f17f35589f.mgf,1,280,405649
5-ASA_octanoic-acid,mzspec:GNPS:MULTIPLEX-SYNTHESIS-LIBRARY-ALL-PARTITION-6:accession:CCMSLIB00016279022,-0.02,mzspec:MSV000091663:ccms_peak/GNPS_Bile_acid_modification/Synthetic_standards/Chromatography_1/Mizrahi/BA5_1000X_LC1.mzML:scan:664,1,0.74,4,0,MSV000091663,NoID,temp/queries/e8/e8666f3a2d974e4484aba5f17f35589f/e8666f3a2d974e4484aba5f17f35589f.mgf,1,280,2545655
5-ASA_octanoic-acid,mzspec:GNPS:MULTIPLEX-SYNTHESIS-LIBRARY-ALL-PARTITION-6:accession:CCMSLIB00016279022,-0.0,mzspec:MSV000083306:peak/QE_C18_mzML/QEC18_F1-1_To-3_20181227174446.mzML:scan:1632,1,0.73,4,0,MSV000083306,NoID,temp/queries/e8/e8666f3a2d974e4484aba5f17f35589f/e8666f3a2d974e4484aba5f17f35589f.mgf,1,280,2556130
5-ASA_octanoic-acid,mzspec:GNPS:MULTIPLEX-SYNTHESIS-LIBRARY-ALL-PARTITION-6:accession:CCMSLIB00016279022,0.02,mzspec:MSV000079778:ccms_peak/Aqueous_mzXML/Samples/Rerun/Smarr_DF10_BB2_01_20316.mzXML:scan:1669,1,0.73,5,0,MSV000079778,NoID,temp/queries/e8/e8666f3a2d974e4484aba5f17f35589f/e8666f3a2d974e4484aba5f17f35589f.mgf,1,280,889229
5-ASA_octanoic-acid,mzspec:GNPS:MULTIPLEX-SYNTHESIS-LIBRARY-ALL-PARTITION-6:accession:CCMSLIB00016279022,-0.02,mzspec:MSV000091663:ccms_peak/GNPS_Bile_acid_modification/Synthetic_standards/Chromatography_1/Mizrahi/BA5_1000X_LC1.mzML:scan:668,1,0.73,4,0,MSV000091663,NoID,temp/queries/e8/e8666f3a2d974e4484aba5f17f35589f/e8666f3a2d974e4484aba5f17f35589f.mgf,1,280,2545656
5-ASA_octanoic-acid,mzspec:GNPS:MULTIPLEX-SYNTHESIS-LIBRARY-ALL-PARTITION-6:accession:CCMSLIB00016279022,-0.02,mzspec:MSV000083010:ccms_peak/Samples/G72517_10x_BH10_01_17938.mzML:scan:590,1,0.72,2,0,MSV000083010,NoID,temp/queries/e8/e8666f3a2d974e4484aba5f17f35589f/e8666f3a2d974e4484aba5f17f35589f.mgf,1,280,463522
5-ASA_octanoic-acid,mzspec:GNPS:MULTIPLEX-SYNTHESIS-LIBRARY-ALL-PARTITION-6:accession:CCMSLIB00016279022,-0.02,mzspec:MSV000084900:ccms_peak/Global_Foodomics_composite_data_2020/MSV000083010_core/G72517_10x_BH10_01_17938.mzML:scan:590,1,0.72,2,0,MSV000084900,NoID,temp/queries/e8/e8666f3a2d974e4484aba5f17f35589f/e8666f3a2d974e4484aba5f17f35589f.mgf,1,280,589571
5-ASA_octanoic-acid,mzspec:GNPS:MULTIPLEX-SYNTHESIS-LIBRARY-ALL-PARTITION-6:accession:CCMSLIB00016279022,-0.01,mzspec:MSV000084908:ccms_peak/Fecal_mzXML/Plate_03/FIT285E3CAL_BD9_01_52143.mzML:scan:2704,1,0.72,2,0,MSV000084908,NoID,temp/queries/e8/e8666f3a2d974e4484aba5f17f35589f/e8666f3a2d974e4484aba5f17f35589f.mgf,1,280,878294
5-ASA_octanoic-acid,mzspec:GNPS:MULTIPLEX-SYNTHESIS-LIBRARY-ALL-PARTITION-6:accession:CCMSLIB00016279022,-0.02,mzspec:MSV000082074:ccms_peak/Samples/G72517_10x_BH10_01_17938.mzML:scan:590,1,0.72,2,0,MSV000082074,NoID,temp/queries/e8/e8666f3a2d974e4484aba5f17f35589f/e8666f3a2d974e4484aba5f17f35589f.mgf,1,280,2795673
5-ASA_octanoic-acid,mzspec:GNPS:MULTIPLEX-SYNTHESIS-LIBRARY-ALL-PARTITION-6:accession:CCMSLIB00016279022,-0.02,mzspec:MSV000084734:ccms_peak/files/Plant_simple_subset/files/G72517_10x_BH10_01_17938.mzML:scan:590,1,0.72,2,0,MSV000084734,NoID,temp/queries/e8/e8666f3a2d974e4484aba5f17f35589f/e8666f3a2d974e4484aba5f17f35589f.mgf,1,280,869269
5-ASA_octanoic-acid,mzspec:GNPS:MULTIPLEX-SYNTHESIS-LIBRARY-ALL-PARTITION-6:accession:CCMSLIB00016279022,-0.02,mzspec:MSV000084101:ccms_peak/Plant_simple_subset/G72517_10x_BH10_01_17938.mzML:scan:590,1,0.72,2,0,MSV000084101,NoID,temp/queries/e8/e8666f3a2d974e4484aba5f17f35589f/e8666f3a2d974e4484aba5f17f35589f.mgf,1,280,122831
5-ASA_octanoic-acid,mzspec:GNPS:MULTIPLEX-SYNTHESIS-LIBRARY-ALL-PARTITION-6:accession:CCMSLIB00016279022,-0.02,mzspec:MSV000082820:ccms_peak/data/G72517_10x_BH10_01_17938.mzML:scan:590,1,0.72,2,0,MSV000082820,NoID,temp/queries/e8/e8666f3a2d974e4484aba5f17f35589f/e8666f3a2d974e4484aba5f17f35589f.mgf,1,280,3073530
5-ASA_octanoic-acid,mzspec:GNPS:MULTIPLEX-SYNTHESIS-LIBRARY-ALL-PARTITION-6:accession:CCMSLIB00016279022,-0.02,mzspec:MSV000090766:peak/mzML/15.mzML:scan:1138,1,0.72,2,0,MSV000090766,NoID,temp/queries/e8/e8666f3a2d974e4484aba5f17f35589f/e8666f3a2d974e4484aba5f17f35589f.mgf,1,280,2587660
5-ASA_octanoic-acid,mzspec:GNPS:MULTIPLEX-SYNTHESIS-LIBRARY-ALL-PARTITION-6:accession:CCMSLIB00016279022,-0.02,mzspec:MSV000082223:ccms_peak/140603_3GPn_pos02.mzML:scan:439,1,0.72,1,0,MSV000082223,NoID,temp/queries/e8/e8666f3a2d974e4484aba5f17f35589f/e8666f3a2d974e4484aba5f17f35589f.mgf,1,280,2698153
5-ASA_octanoic-acid,mzspec:GNPS:MULTIPLEX-SYNTHESIS-LIBRARY-ALL-PARTITION-6:accession:CCMSLIB00016279022,-0.01,mzspec:MTBLS3963:FILES/DERIVED_FILES/POS/Dec-Leu-6_POS.mzML:scan:4294967295,1,0.71,2,0,MTBLS3963,NoID,temp/queries/e8/e8666f3a2d974e4484aba5f17f35589f/e8666f3a2d974e4484aba5f17f35589f.mgf,1,280,3366643
5-ASA_octanoic-acid,mzspec:GNPS:MULTIPLEX-SYNTHESIS-LIBRARY-ALL-PARTITION-6:accession:CCMSLIB00016279022,-0.02,mzspec:MSV000082223:ccms_peak/140603_3GPn_pos02.mzML:scan:434,1,0.71,1,0,MSV000082223,NoID,temp/queries/e8/e8666f3a2d974e4484aba5f17f35589f/e8666f3a2d974e4484aba5f17f35589f.mgf,1,280,2698152
5-ASA_octanoic-acid,mzspec:GNPS:MULTIPLEX-SYNTHESIS-LIBRARY-ALL-PARTITION-6:accession:CCMSLIB00016279022,-0.0,mzspec:ST002482:mzml endos/E-314.mzML:scan:1833,1,0.71,2,0,ST002482,NoID,temp/queries/e8/e8666f3a2d974e4484aba5f17f35589f/e8666f3a2d974e4484aba5f17f35589f.mgf,1,280,3254655
5-ASA_octanoic-acid,mzspec:GNPS:MULTIPLEX-SYNTHESIS-LIBRARY-ALL-PARTITION-6:accession:CCMSLIB00016279022,-0.0,mzspec:MSV000084908:ccms_peak/Fecal_mzXML/Plate_03/FIT285E3CAL_BD9_01_52143.mzML:scan:2714,1,0.71,2,0,MSV000084908,NoID,temp/queries/e8/e8666f3a2d974e4484aba5f17f35589f/e8666f3a2d974e4484aba5f17f35589f.mgf,1,280,878295
5-ASA_octanoic-acid,mzspec:GNPS:MULTIPLEX-SYNTHESIS-LIBRARY-ALL-PARTITION-6:accession:CCMSLIB00016279022,0.0,mzspec:MSV000082094:updates/2019-01-10_rhmills_712042dc/raw/Extract_blank_GA1_01_12087.mzXML:scan:2730,1,0.7,4,0,MSV000082094,NoID,temp/queries/e8/e8666f3a2d974e4484aba5f17f35589f/e8666f3a2d974e4484aba5f17f35589f.mgf,1,280,2605598
5-ASA_octanoic-acid,mzspec:GNPS:MULTIPLEX-SYNTHESIS-LIBRARY-ALL-PARTITION-6:accession:CCMSLIB00016279022,0.0,mzspec:MSV000082431:ccms_peak/blanks/Extract_blank_GA1_01_12087.mzML:scan:2730,1,0.7,4,0,MSV000082431,NoID,temp/queries/e8/e8666f3a2d974e4484aba5f17f35589f/e8666f3a2d974e4484aba5f17f35589f.mgf,1,280,757248
5-ASA_octanoic-acid,mzspec:GNPS:MULTIPLEX-SYNTHESIS-LIBRARY-ALL-PARTITION-6:accession:CCMSLIB00016279022,-0.01,mzspec:MSV000081731:ccms_peak/170829_Irina_Pseudo_nitzschia_posMSMS/Pn_delicatessima6_50mL_DOM.mzML:scan:504,1,0.7,1,0,MSV000081731,NoID,temp/queries/e8/e8666f3a2d974e4484aba5f17f35589f/e8666f3a2d974e4484aba5f17f35589f.mgf,1,280,2562550
5-ASA_octanoic-acid,mzspec:GNPS:MULTIPLEX-SYNTHESIS-LIBRARY-ALL-PARTITION-6:accession:CCMSLIB00016279022,-0.01,mzspec:MSV000081731:ccms_peak/170829_Irina_Pseudo_nitzschia_posMSMS/Pn_delicatessima6_50mL_DOM.mzML:scan:480,1,0.7,1,0,MSV000081731,NoID,temp/queries/e8/e8666f3a2d974e4484aba5f17f35589f/e8666f3a2d974e4484aba5f17f35589f.mgf,1,280,2562549
5-ASA_octanoic-acid,mzspec:GNPS:MULTIPLEX-SYNTHESIS-LIBRARY-ALL-PARTITION-6:accession:CCMSLIB00016279022,-0.0,mzspec:MTBLS3963:FILES/DERIVED_FILES/POS/Dec-His-1_POS.mzML:scan:4294967295,1,0.7,2,0,MTBLS3963,NoID,temp/queries/e8/e8666f3a2d974e4484aba5f17f35589f/e8666f3a2d974e4484aba5f17f35589f.mgf,1,280,3367235
