compound_name,lib_usi,desc,timing
5-ASA_octylamine,mzspec:GNPS:MULTIPLEX-SYNTHESIS-LIBRARY-ALL-PARTITION-6:accession:CCMSLIB00016278880,prep,0.001268148422241211
5-ASA_octylamine,mzspec:GNPS:MULTIPLEX-SYNTHESIS-LIBRARY-ALL-PARTITION-6:accession:CCMSLIB00016278880,Search,0.7253754138946533
5-ASA_octylamine,mzspec:GNPS:MULTIPLEX-SYNTHESIS-LIBRARY-ALL-PARTITION-6:accession:CCMSLIB00016278880,Parse Query,0.00010609626770019531
5-ASA_octylamine,mzspec:GNPS:MULTIPLEX-SYNTHESIS-LIBRARY-ALL-PARTITION-6:accession:CCMSLIB00016278880,Parse Query 2,0.0016205310821533203
5-ASA_octylamine,mzspec:GNPS:MULTIPLEX-SYNTHESIS-LIBRARY-ALL-PARTITION-6:accession:CCMSLIB00016278880,Get DB Info,0.0001323223114013672
5-ASA_octylamine,mzspec:GNPS:MULTIPLEX-SYNTHESIS-LIBRARY-ALL-PARTITION-6:accession:CCMSLIB00016278880,Demangle,0.004970550537109375
5-ASA_octylamine,mzspec:GNPS:MULTIPLEX-SYNTHESIS-LIBRARY-ALL-PARTITION-6:accession:CCMSLIB00016278880,Group,0.005083560943603516
5-ASA_octylamine,mzspec:GNPS:MULTIPLEX-SYNTHESIS-LIBRARY-ALL-PARTITION-6:accession:CCMSLIB00016278880,Enrich datasets,0.011637687683105469
