compound_name,lib_usi,Delta Mass,USI,Charge,Cosine,Matching Peaks,Unit Delta Mass,Dataset,Status,Query Filename,Query Scan,Index UnitPM,Index IdxInUnitPM
5-ASA_p-cresol,mzspec:GNPS:MULTIPLEX-SYNTHESIS-LIBRARY-ALL-PARTITION-6:accession:CCMSLIB00016278797,-0.0,mzspec:MSV000084900:ccms_peak/Global_Foodomics_composite_data_2020/Italy_2018/MSV000082068_plate_2/G87420_1x_BC8_01_26020.mzML:scan:1068,1,0.76,2,0,MSV000084900,NoID,temp/queries/8a/8a5d0b9ff8db4ac49d581c28d51d013d/8a5d0b9ff8db4ac49d581c28d51d013d.mgf,1,244,910901
5-ASA_p-cresol,mzspec:GNPS:MULTIPLEX-SYNTHESIS-LIBRARY-ALL-PARTITION-6:accession:CCMSLIB00016278797,-0.0,mzspec:MSV000082068:ccms_peak/data_mzxml/Samples/G87420_1x_BC8_01_26020.mzML:scan:1068,1,0.76,2,0,MSV000082068,NoID,temp/queries/8a/8a5d0b9ff8db4ac49d581c28d51d013d/8a5d0b9ff8db4ac49d581c28d51d013d.mgf,1,244,370389
5-ASA_p-cresol,mzspec:GNPS:MULTIPLEX-SYNTHESIS-LIBRARY-ALL-PARTITION-6:accession:CCMSLIB00016278797,-0.02,mzspec:MSV000096049:peak/HNRC_samples_mzML/HNRC_100H2O_P4_F1.mzML:scan:1151,1,0.75,4,0,MSV000096049,NoID,temp/queries/8a/8a5d0b9ff8db4ac49d581c28d51d013d/8a5d0b9ff8db4ac49d581c28d51d013d.mgf,1,244,577215
5-ASA_p-cresol,mzspec:GNPS:MULTIPLEX-SYNTHESIS-LIBRARY-ALL-PARTITION-6:accession:CCMSLIB00016278797,-0.02,mzspec:MSV000096013:peak/mzml/abacavir_HNRC_P3D12.mzML:scan:603,1,0.74,3,0,MSV000096013,NoID,temp/queries/8a/8a5d0b9ff8db4ac49d581c28d51d013d/8a5d0b9ff8db4ac49d581c28d51d013d.mgf,1,244,2013155
5-ASA_p-cresol,mzspec:GNPS:MULTIPLEX-SYNTHESIS-LIBRARY-ALL-PARTITION-6:accession:CCMSLIB00016278797,-0.0,mzspec:MSV000094559:updates/2025-03-18_apatan_fc71856c/raw/03152025_jhonsnow/mzML/Hu_1258.mzML:scan:524,1,0.74,2,0,MSV000094559,NoID,temp/queries/8a/8a5d0b9ff8db4ac49d581c28d51d013d/8a5d0b9ff8db4ac49d581c28d51d013d.mgf,1,244,1089636
5-ASA_p-cresol,mzspec:GNPS:MULTIPLEX-SYNTHESIS-LIBRARY-ALL-PARTITION-6:accession:CCMSLIB00016278797,-0.02,mzspec:MSV000095606:peak/20240813_comigration_hnrc_bacteria_mzML/4c.mzML:scan:603,1,0.74,3,0,MSV000095606,NoID,temp/queries/8a/8a5d0b9ff8db4ac49d581c28d51d013d/8a5d0b9ff8db4ac49d581c28d51d013d.mgf,1,244,1066075
5-ASA_p-cresol,mzspec:GNPS:MULTIPLEX-SYNTHESIS-LIBRARY-ALL-PARTITION-6:accession:CCMSLIB00016278797,0.02,mzspec:MSV000093311:raw/23_RP_F1177_Axenic.mzML:scan:1291,1,0.72,2,0,MSV000093311,NoID,temp/queries/8a/8a5d0b9ff8db4ac49d581c28d51d013d/8a5d0b9ff8db4ac49d581c28d51d013d.mgf,1,244,2434523
5-ASA_p-cresol,mzspec:GNPS:MULTIPLEX-SYNTHESIS-LIBRARY-ALL-PARTITION-6:accession:CCMSLIB00016278797,-0.02,mzspec:MSV000088216:ccms_peak/01003-099-1.mzML:scan:1194,1,0.71,1,0,MSV000088216,NoID,temp/queries/8a/8a5d0b9ff8db4ac49d581c28d51d013d/8a5d0b9ff8db4ac49d581c28d51d013d.mgf,1,244,625667
5-ASA_p-cresol,mzspec:GNPS:MULTIPLEX-SYNTHESIS-LIBRARY-ALL-PARTITION-6:accession:CCMSLIB00016278797,-0.02,mzspec:MSV000088216:peak/01003-099-2.mzML:scan:1194,1,0.71,1,0,MSV000088216,NoID,temp/queries/8a/8a5d0b9ff8db4ac49d581c28d51d013d/8a5d0b9ff8db4ac49d581c28d51d013d.mgf,1,244,625722
5-ASA_p-cresol,mzspec:GNPS:MULTIPLEX-SYNTHESIS-LIBRARY-ALL-PARTITION-6:accession:CCMSLIB00016278797,-0.02,mzspec:MSV000088216:ccms_peak/01003-099-2.mzML:scan:1194,1,0.71,1,0,MSV000088216,NoID,temp/queries/8a/8a5d0b9ff8db4ac49d581c28d51d013d/8a5d0b9ff8db4ac49d581c28d51d013d.mgf,1,244,625699
5-ASA_p-cresol,mzspec:GNPS:MULTIPLEX-SYNTHESIS-LIBRARY-ALL-PARTITION-6:accession:CCMSLIB00016278797,-0.02,mzspec:MSV000088218:ccms_peak/01003-099-2.mzML:scan:1194,1,0.71,1,0,MSV000088218,NoID,temp/queries/8a/8a5d0b9ff8db4ac49d581c28d51d013d/8a5d0b9ff8db4ac49d581c28d51d013d.mgf,1,244,1680900
5-ASA_p-cresol,mzspec:GNPS:MULTIPLEX-SYNTHESIS-LIBRARY-ALL-PARTITION-6:accession:CCMSLIB00016278797,-0.02,mzspec:MSV000088218:peak/01003-099-2.mzML:scan:1194,1,0.71,1,0,MSV000088218,NoID,temp/queries/8a/8a5d0b9ff8db4ac49d581c28d51d013d/8a5d0b9ff8db4ac49d581c28d51d013d.mgf,1,244,1680958
5-ASA_p-cresol,mzspec:GNPS:MULTIPLEX-SYNTHESIS-LIBRARY-ALL-PARTITION-6:accession:CCMSLIB00016278797,-0.02,mzspec:MSV000088218:ccms_peak/01003-099-1.mzML:scan:1194,1,0.71,1,0,MSV000088218,NoID,temp/queries/8a/8a5d0b9ff8db4ac49d581c28d51d013d/8a5d0b9ff8db4ac49d581c28d51d013d.mgf,1,244,1681041
5-ASA_p-cresol,mzspec:GNPS:MULTIPLEX-SYNTHESIS-LIBRARY-ALL-PARTITION-6:accession:CCMSLIB00016278797,-0.02,mzspec:MSV000088216:peak/01003-099-1.mzML:scan:1194,1,0.71,1,0,MSV000088216,NoID,temp/queries/8a/8a5d0b9ff8db4ac49d581c28d51d013d/8a5d0b9ff8db4ac49d581c28d51d013d.mgf,1,244,625705
5-ASA_p-cresol,mzspec:GNPS:MULTIPLEX-SYNTHESIS-LIBRARY-ALL-PARTITION-6:accession:CCMSLIB00016278797,-0.02,mzspec:MSV000088218:peak/01003-099-1.mzML:scan:1194,1,0.71,1,0,MSV000088218,NoID,temp/queries/8a/8a5d0b9ff8db4ac49d581c28d51d013d/8a5d0b9ff8db4ac49d581c28d51d013d.mgf,1,244,1681002
