compound_name,lib_usi,desc,timing
5-ASA_p-toluidine,mzspec:GNPS:MULTIPLEX-SYNTHESIS-LIBRARY-ALL-PARTITION-6:accession:CCMSLIB00016278913,prep,0.0010564327239990234
5-ASA_p-toluidine,mzspec:GNPS:MULTIPLEX-SYNTHESIS-LIBRARY-ALL-PARTITION-6:accession:CCMSLIB00016278913,Search,0.7792072296142578
5-ASA_p-toluidine,mzspec:GNPS:MULTIPLEX-SYNTHESIS-LIBRARY-ALL-PARTITION-6:accession:CCMSLIB00016278913,Parse Query,9.489059448242188e-05
5-ASA_p-toluidine,mzspec:GNPS:MULTIPLEX-SYNTHESIS-LIBRARY-ALL-PARTITION-6:accession:CCMSLIB00016278913,Parse Query 2,0.0012552738189697266
5-ASA_p-toluidine,mzspec:GNPS:MULTIPLEX-SYNTHESIS-LIBRARY-ALL-PARTITION-6:accession:CCMSLIB00016278913,Get DB Info,0.00010037422180175781
5-ASA_p-toluidine,mzspec:GNPS:MULTIPLEX-SYNTHESIS-LIBRARY-ALL-PARTITION-6:accession:CCMSLIB00016278913,Demangle,0.005162954330444336
5-ASA_p-toluidine,mzspec:GNPS:MULTIPLEX-SYNTHESIS-LIBRARY-ALL-PARTITION-6:accession:CCMSLIB00016278913,Group,0.005121707916259766
5-ASA_p-toluidine,mzspec:GNPS:MULTIPLEX-SYNTHESIS-LIBRARY-ALL-PARTITION-6:accession:CCMSLIB00016278913,Enrich datasets,0.010858297348022461
