compound_name,lib_usi,desc,timing
5-ASA_pentadecanedioic acid,mzspec:GNPS:MULTIPLEX-SYNTHESIS-LIBRARY-ALL-PARTITION-6:accession:CCMSLIB00016277535,prep,0.0008790493011474609
5-ASA_pentadecanedioic acid,mzspec:GNPS:MULTIPLEX-SYNTHESIS-LIBRARY-ALL-PARTITION-6:accession:CCMSLIB00016277535,Search,0.6792218685150146
5-ASA_pentadecanedioic acid,mzspec:GNPS:MULTIPLEX-SYNTHESIS-LIBRARY-ALL-PARTITION-6:accession:CCMSLIB00016277535,Parse Query,9.822845458984375e-05
5-ASA_pentadecanedioic acid,mzspec:GNPS:MULTIPLEX-SYNTHESIS-LIBRARY-ALL-PARTITION-6:accession:CCMSLIB00016277535,Parse Query 2,0.001176595687866211
5-ASA_pentadecanedioic acid,mzspec:GNPS:MULTIPLEX-SYNTHESIS-LIBRARY-ALL-PARTITION-6:accession:CCMSLIB00016277535,Get DB Info,0.0001201629638671875
5-ASA_pentadecanedioic acid,mzspec:GNPS:MULTIPLEX-SYNTHESIS-LIBRARY-ALL-PARTITION-6:accession:CCMSLIB00016277535,Demangle,0.00443720817565918
5-ASA_pentadecanedioic acid,mzspec:GNPS:MULTIPLEX-SYNTHESIS-LIBRARY-ALL-PARTITION-6:accession:CCMSLIB00016277535,Group,0.004940032958984375
5-ASA_pentadecanedioic acid,mzspec:GNPS:MULTIPLEX-SYNTHESIS-LIBRARY-ALL-PARTITION-6:accession:CCMSLIB00016277535,Enrich datasets,0.010574102401733398
