compound_name,lib_usi,Delta Mass,USI,Charge,Cosine,Matching Peaks,Unit Delta Mass,Dataset,Status,Query Filename,Query Scan,Index UnitPM,Index IdxInUnitPM
5-ASA_phenylethylamine,mzspec:GNPS:MULTIPLEX-SYNTHESIS-LIBRARY-ALL-PARTITION-6:accession:CCMSLIB00016279134,-0.01,mzspec:MSV000094559:updates/2024-11-22_apatan_044a6e50/raw/08132024/AP_480.mzML:scan:709,1,0.81,4,0,MSV000094559,NoID,temp/queries/53/53f24b0fbc954be68e34755a58e445cc/53f24b0fbc954be68e34755a58e445cc.mgf,1,257,1436063
5-ASA_phenylethylamine,mzspec:GNPS:MULTIPLEX-SYNTHESIS-LIBRARY-ALL-PARTITION-6:accession:CCMSLIB00016279134,0.0,mzspec:ST002420:G14_3.mzML:scan:8678,1,0.76,2,0,ST002420,NoID,temp/queries/53/53f24b0fbc954be68e34755a58e445cc/53f24b0fbc954be68e34755a58e445cc.mgf,1,257,3125184
5-ASA_phenylethylamine,mzspec:GNPS:MULTIPLEX-SYNTHESIS-LIBRARY-ALL-PARTITION-6:accession:CCMSLIB00016279134,0.0,mzspec:ST002420:G19_1_ratio2.mzML:scan:9098,1,0.76,2,0,ST002420,NoID,temp/queries/53/53f24b0fbc954be68e34755a58e445cc/53f24b0fbc954be68e34755a58e445cc.mgf,1,257,3126494
5-ASA_phenylethylamine,mzspec:GNPS:MULTIPLEX-SYNTHESIS-LIBRARY-ALL-PARTITION-6:accession:CCMSLIB00016279134,0.01,mzspec:MSV000093269:raw/20180806_KBL_JL_HILICZ_Poplar_FungInnoc_Final/rawdata/20180806_KBL_JL_Poplar_FungInnoc_Final_QE-HF-UV_HILICZ_USHXG01093_POS_MSMS_125_BESC103-Block2-72h_2_Rg70to1050-CE102040--S1_Run652.mzML:scan:677,1,0.75,2,0,MSV000093269,NoID,temp/queries/53/53f24b0fbc954be68e34755a58e445cc/53f24b0fbc954be68e34755a58e445cc.mgf,1,257,1856356
5-ASA_phenylethylamine,mzspec:GNPS:MULTIPLEX-SYNTHESIS-LIBRARY-ALL-PARTITION-6:accession:CCMSLIB00016279134,0.0,mzspec:ST002420:G2_1.mzML:scan:8992,1,0.75,2,0,ST002420,NoID,temp/queries/53/53f24b0fbc954be68e34755a58e445cc/53f24b0fbc954be68e34755a58e445cc.mgf,1,257,3122659
5-ASA_phenylethylamine,mzspec:GNPS:MULTIPLEX-SYNTHESIS-LIBRARY-ALL-PARTITION-6:accession:CCMSLIB00016279134,0.01,mzspec:MSV000093269:raw/20180806_KBL_JL_HILICZ_Poplar_FungInnoc_Final/rawdata/20180806_KBL_JL_Poplar_FungInnoc_Final_QE-HF-UV_HILICZ_USHXG01093_POS_MSMS_194_GW9827-Block2-Control_2_Rg70to1050-CE102040--S1_Run509.mzML:scan:681,1,0.75,2,0,MSV000093269,NoID,temp/queries/53/53f24b0fbc954be68e34755a58e445cc/53f24b0fbc954be68e34755a58e445cc.mgf,1,257,1858931
5-ASA_phenylethylamine,mzspec:GNPS:MULTIPLEX-SYNTHESIS-LIBRARY-ALL-PARTITION-6:accession:CCMSLIB00016279134,0.0,mzspec:ST002420:G24_2.mzML:scan:8636,1,0.75,2,0,ST002420,NoID,temp/queries/53/53f24b0fbc954be68e34755a58e445cc/53f24b0fbc954be68e34755a58e445cc.mgf,1,257,3124204
5-ASA_phenylethylamine,mzspec:GNPS:MULTIPLEX-SYNTHESIS-LIBRARY-ALL-PARTITION-6:accession:CCMSLIB00016279134,0.0,mzspec:ST002420:G22_1.mzML:scan:8972,1,0.75,2,0,ST002420,NoID,temp/queries/53/53f24b0fbc954be68e34755a58e445cc/53f24b0fbc954be68e34755a58e445cc.mgf,1,257,3126064
5-ASA_phenylethylamine,mzspec:GNPS:MULTIPLEX-SYNTHESIS-LIBRARY-ALL-PARTITION-6:accession:CCMSLIB00016279134,0.01,mzspec:MSV000093604:raw/Samples/S_209_B_P1-B-4_01_23935.mzXML:scan:681,1,0.75,2,0,MSV000093604,NoID,temp/queries/53/53f24b0fbc954be68e34755a58e445cc/53f24b0fbc954be68e34755a58e445cc.mgf,1,257,1511133
5-ASA_phenylethylamine,mzspec:GNPS:MULTIPLEX-SYNTHESIS-LIBRARY-ALL-PARTITION-6:accession:CCMSLIB00016279134,0.0,mzspec:ST002420:G23_1.mzML:scan:8951,1,0.74,2,0,ST002420,NoID,temp/queries/53/53f24b0fbc954be68e34755a58e445cc/53f24b0fbc954be68e34755a58e445cc.mgf,1,257,3121979
5-ASA_phenylethylamine,mzspec:GNPS:MULTIPLEX-SYNTHESIS-LIBRARY-ALL-PARTITION-6:accession:CCMSLIB00016279134,0.01,mzspec:MSV000093269:raw/20180806_KBL_JL_HILICZ_Poplar_FungInnoc_Final/rawdata/20180806_KBL_JL_Poplar_FungInnoc_Final_QE-HF-UV_HILICZ_USHXG01093_POS_MSMS_188_GW9807-Block2-24h_2_Rg70to1050-CE102040--S1_Run546.mzML:scan:693,1,0.74,2,0,MSV000093269,NoID,temp/queries/53/53f24b0fbc954be68e34755a58e445cc/53f24b0fbc954be68e34755a58e445cc.mgf,1,257,1852645
5-ASA_phenylethylamine,mzspec:GNPS:MULTIPLEX-SYNTHESIS-LIBRARY-ALL-PARTITION-6:accession:CCMSLIB00016279134,0.0,mzspec:ST002420:G8_3.mzML:scan:8698,1,0.74,2,0,ST002420,NoID,temp/queries/53/53f24b0fbc954be68e34755a58e445cc/53f24b0fbc954be68e34755a58e445cc.mgf,1,257,3117852
5-ASA_phenylethylamine,mzspec:GNPS:MULTIPLEX-SYNTHESIS-LIBRARY-ALL-PARTITION-6:accession:CCMSLIB00016279134,0.0,mzspec:ST002420:G11_3.mzML:scan:8703,1,0.74,2,0,ST002420,NoID,temp/queries/53/53f24b0fbc954be68e34755a58e445cc/53f24b0fbc954be68e34755a58e445cc.mgf,1,257,3121082
5-ASA_phenylethylamine,mzspec:GNPS:MULTIPLEX-SYNTHESIS-LIBRARY-ALL-PARTITION-6:accession:CCMSLIB00016279134,0.0,mzspec:ST002420:G9_2.mzML:scan:8720,1,0.74,2,0,ST002420,NoID,temp/queries/53/53f24b0fbc954be68e34755a58e445cc/53f24b0fbc954be68e34755a58e445cc.mgf,1,257,3126610
5-ASA_phenylethylamine,mzspec:GNPS:MULTIPLEX-SYNTHESIS-LIBRARY-ALL-PARTITION-6:accession:CCMSLIB00016279134,0.01,mzspec:MSV000093269:raw/20180806_KBL_JL_HILICZ_Poplar_FungInnoc_Final/rawdata/20180806_KBL_JL_Poplar_FungInnoc_Final_QE-HF-UV_HILICZ_USHXG01093_POS_MSMS_321_GW9912-Block3-72h_3_Rg70to1050-CE102040--S1_Run1058.mzML:scan:689,1,0.74,2,0,MSV000093269,NoID,temp/queries/53/53f24b0fbc954be68e34755a58e445cc/53f24b0fbc954be68e34755a58e445cc.mgf,1,257,1858406
5-ASA_phenylethylamine,mzspec:GNPS:MULTIPLEX-SYNTHESIS-LIBRARY-ALL-PARTITION-6:accession:CCMSLIB00016279134,0.0,mzspec:ST002420:G23_2.mzML:scan:8657,1,0.74,2,0,ST002420,NoID,temp/queries/53/53f24b0fbc954be68e34755a58e445cc/53f24b0fbc954be68e34755a58e445cc.mgf,1,257,3126749
5-ASA_phenylethylamine,mzspec:GNPS:MULTIPLEX-SYNTHESIS-LIBRARY-ALL-PARTITION-6:accession:CCMSLIB00016279134,0.0,mzspec:ST002420:G18_2_ratio1.mzML:scan:8699,1,0.74,2,0,ST002420,NoID,temp/queries/53/53f24b0fbc954be68e34755a58e445cc/53f24b0fbc954be68e34755a58e445cc.mgf,1,257,3117722
5-ASA_phenylethylamine,mzspec:GNPS:MULTIPLEX-SYNTHESIS-LIBRARY-ALL-PARTITION-6:accession:CCMSLIB00016279134,0.0,mzspec:ST002420:G24_3.mzML:scan:8657,1,0.73,2,0,ST002420,NoID,temp/queries/53/53f24b0fbc954be68e34755a58e445cc/53f24b0fbc954be68e34755a58e445cc.mgf,1,257,3128538
5-ASA_phenylethylamine,mzspec:GNPS:MULTIPLEX-SYNTHESIS-LIBRARY-ALL-PARTITION-6:accession:CCMSLIB00016279134,0.0,mzspec:ST002420:G26_2.mzML:scan:8694,1,0.73,2,0,ST002420,NoID,temp/queries/53/53f24b0fbc954be68e34755a58e445cc/53f24b0fbc954be68e34755a58e445cc.mgf,1,257,3127396
5-ASA_phenylethylamine,mzspec:GNPS:MULTIPLEX-SYNTHESIS-LIBRARY-ALL-PARTITION-6:accession:CCMSLIB00016279134,0.0,mzspec:ST002420:G24_1.mzML:scan:8930,1,0.73,2,0,ST002420,NoID,temp/queries/53/53f24b0fbc954be68e34755a58e445cc/53f24b0fbc954be68e34755a58e445cc.mgf,1,257,3118159
5-ASA_phenylethylamine,mzspec:GNPS:MULTIPLEX-SYNTHESIS-LIBRARY-ALL-PARTITION-6:accession:CCMSLIB00016279134,0.01,mzspec:MSV000082667:ccms_peak/mzXML/sputum/CF318_2_28_17_GF9_01_3098.mzML:scan:142,1,0.73,2,0,MSV000082667,NoID,temp/queries/53/53f24b0fbc954be68e34755a58e445cc/53f24b0fbc954be68e34755a58e445cc.mgf,1,257,2194999
5-ASA_phenylethylamine,mzspec:GNPS:MULTIPLEX-SYNTHESIS-LIBRARY-ALL-PARTITION-6:accession:CCMSLIB00016279134,0.01,mzspec:MSV000093269:raw/20180806_KBL_JL_HILICZ_Poplar_FungInnoc_Final/rawdata/20180806_KBL_JL_Poplar_FungInnoc_Final_QE-HF-UV_HILICZ_USHXG01093_POS_MSMS_204_GW9862-Block2-24h_2_Rg70to1050-CE102040--S1_Run555.mzML:scan:681,1,0.73,2,0,MSV000093269,NoID,temp/queries/53/53f24b0fbc954be68e34755a58e445cc/53f24b0fbc954be68e34755a58e445cc.mgf,1,257,1853481
5-ASA_phenylethylamine,mzspec:GNPS:MULTIPLEX-SYNTHESIS-LIBRARY-ALL-PARTITION-6:accession:CCMSLIB00016279134,0.0,mzspec:ST002420:G26_3.mzML:scan:8636,1,0.73,2,0,ST002420,NoID,temp/queries/53/53f24b0fbc954be68e34755a58e445cc/53f24b0fbc954be68e34755a58e445cc.mgf,1,257,3124738
5-ASA_phenylethylamine,mzspec:GNPS:MULTIPLEX-SYNTHESIS-LIBRARY-ALL-PARTITION-6:accession:CCMSLIB00016279134,0.0,mzspec:ST002420:G25_1.mzML:scan:8993,1,0.73,2,0,ST002420,NoID,temp/queries/53/53f24b0fbc954be68e34755a58e445cc/53f24b0fbc954be68e34755a58e445cc.mgf,1,257,3120445
5-ASA_phenylethylamine,mzspec:GNPS:MULTIPLEX-SYNTHESIS-LIBRARY-ALL-PARTITION-6:accession:CCMSLIB00016279134,0.01,mzspec:MSV000082667:updates/2021-04-09_quinnr_62fe3a81/peak/CF146/Sputum/CF146_5_7_17_m_BB1_01_3671.mzXML:scan:215,1,0.72,2,0,MSV000082667,NoID,temp/queries/53/53f24b0fbc954be68e34755a58e445cc/53f24b0fbc954be68e34755a58e445cc.mgf,1,257,2199527
5-ASA_phenylethylamine,mzspec:GNPS:MULTIPLEX-SYNTHESIS-LIBRARY-ALL-PARTITION-6:accession:CCMSLIB00016279134,0.02,mzspec:ST002514:The role of dietary inulin in NASH progression/F1223_pos-F1223.mzML:scan:4294967295,1,0.72,2,0,ST002514,NoID,temp/queries/53/53f24b0fbc954be68e34755a58e445cc/53f24b0fbc954be68e34755a58e445cc.mgf,1,257,3022149
5-ASA_phenylethylamine,mzspec:GNPS:MULTIPLEX-SYNTHESIS-LIBRARY-ALL-PARTITION-6:accession:CCMSLIB00016279134,0.0,mzspec:ST002420:G12_1.mzML:scan:9034,1,0.72,2,0,ST002420,NoID,temp/queries/53/53f24b0fbc954be68e34755a58e445cc/53f24b0fbc954be68e34755a58e445cc.mgf,1,257,3119958
5-ASA_phenylethylamine,mzspec:GNPS:MULTIPLEX-SYNTHESIS-LIBRARY-ALL-PARTITION-6:accession:CCMSLIB00016279134,0.0,mzspec:ST002420:G8_2.mzML:scan:8741,1,0.72,2,0,ST002420,NoID,temp/queries/53/53f24b0fbc954be68e34755a58e445cc/53f24b0fbc954be68e34755a58e445cc.mgf,1,257,3118985
5-ASA_phenylethylamine,mzspec:GNPS:MULTIPLEX-SYNTHESIS-LIBRARY-ALL-PARTITION-6:accession:CCMSLIB00016279134,0.01,mzspec:MSV000093269:raw/20180806_KBL_JL_HILICZ_Poplar_FungInnoc_Final/rawdata/20180806_KBL_JL_Poplar_FungInnoc_Final_QE-HF-UV_HILICZ_USHXG01093_POS_MSMS_138_BESC22-Block2-24h_2_Rg70to1050-CE102040--S1_Run588.mzML:scan:680,1,0.72,2,0,MSV000093269,NoID,temp/queries/53/53f24b0fbc954be68e34755a58e445cc/53f24b0fbc954be68e34755a58e445cc.mgf,1,257,1859920
5-ASA_phenylethylamine,mzspec:GNPS:MULTIPLEX-SYNTHESIS-LIBRARY-ALL-PARTITION-6:accession:CCMSLIB00016279134,0.0,mzspec:ST002420:G13_2.mzML:scan:8720,1,0.72,2,0,ST002420,NoID,temp/queries/53/53f24b0fbc954be68e34755a58e445cc/53f24b0fbc954be68e34755a58e445cc.mgf,1,257,3119643
5-ASA_phenylethylamine,mzspec:GNPS:MULTIPLEX-SYNTHESIS-LIBRARY-ALL-PARTITION-6:accession:CCMSLIB00016279134,-0.02,mzspec:ST002420:G18_3_ratio1.mzML:scan:11649,1,0.72,2,0,ST002420,NoID,temp/queries/53/53f24b0fbc954be68e34755a58e445cc/53f24b0fbc954be68e34755a58e445cc.mgf,1,257,3121848
5-ASA_phenylethylamine,mzspec:GNPS:MULTIPLEX-SYNTHESIS-LIBRARY-ALL-PARTITION-6:accession:CCMSLIB00016279134,0.01,mzspec:MTBLS3963:FILES/DERIVED_FILES/POS/Dec-Arg-2_POS.mzML:scan:4294967295,1,0.71,1,0,MTBLS3963,NoID,temp/queries/53/53f24b0fbc954be68e34755a58e445cc/53f24b0fbc954be68e34755a58e445cc.mgf,1,257,3341132
5-ASA_phenylethylamine,mzspec:GNPS:MULTIPLEX-SYNTHESIS-LIBRARY-ALL-PARTITION-6:accession:CCMSLIB00016279134,0.02,mzspec:ST001324:XF-Q211-pos/pos.mzXML/HH_1_pos-HH_1.mzXML:scan:2039,1,0.71,1,0,ST001324,NoID,temp/queries/53/53f24b0fbc954be68e34755a58e445cc/53f24b0fbc954be68e34755a58e445cc.mgf,1,257,3153226
5-ASA_phenylethylamine,mzspec:GNPS:MULTIPLEX-SYNTHESIS-LIBRARY-ALL-PARTITION-6:accession:CCMSLIB00016279134,-0.0,mzspec:MTBLS840:FILES/C10P3neg.mzXML:scan:4453,1,0.71,2,0,MTBLS840,NoID,temp/queries/53/53f24b0fbc954be68e34755a58e445cc/53f24b0fbc954be68e34755a58e445cc.mgf,1,257,3298084
5-ASA_phenylethylamine,mzspec:GNPS:MULTIPLEX-SYNTHESIS-LIBRARY-ALL-PARTITION-6:accession:CCMSLIB00016279134,-0.0,mzspec:MSV000092317:peak/R vs S PA_mzML neg files/48.mzML:scan:6500,1,0.71,2,0,MSV000092317,NoID,temp/queries/53/53f24b0fbc954be68e34755a58e445cc/53f24b0fbc954be68e34755a58e445cc.mgf,1,257,1659652
5-ASA_phenylethylamine,mzspec:GNPS:MULTIPLEX-SYNTHESIS-LIBRARY-ALL-PARTITION-6:accession:CCMSLIB00016279134,0.0,mzspec:ST002420:G9_3.mzML:scan:8733,1,0.71,2,0,ST002420,NoID,temp/queries/53/53f24b0fbc954be68e34755a58e445cc/53f24b0fbc954be68e34755a58e445cc.mgf,1,257,3120741
5-ASA_phenylethylamine,mzspec:GNPS:MULTIPLEX-SYNTHESIS-LIBRARY-ALL-PARTITION-6:accession:CCMSLIB00016279134,-0.0,mzspec:MTBLS840:FILES/C2P1neg.mzXML:scan:4328,1,0.71,2,0,MTBLS840,NoID,temp/queries/53/53f24b0fbc954be68e34755a58e445cc/53f24b0fbc954be68e34755a58e445cc.mgf,1,257,3298139
5-ASA_phenylethylamine,mzspec:GNPS:MULTIPLEX-SYNTHESIS-LIBRARY-ALL-PARTITION-6:accession:CCMSLIB00016279134,0.02,mzspec:MTBLS3322:FILES/DERIVED_FILES/POS/pos_multitracer_Glu_Gln_01.mzXML:scan:2472,1,0.71,1,0,MTBLS3322,NoID,temp/queries/53/53f24b0fbc954be68e34755a58e445cc/53f24b0fbc954be68e34755a58e445cc.mgf,1,257,3331838
5-ASA_phenylethylamine,mzspec:GNPS:MULTIPLEX-SYNTHESIS-LIBRARY-ALL-PARTITION-6:accession:CCMSLIB00016279134,0.0,mzspec:ST002420:G25_1.mzML:scan:8951,1,0.71,2,0,ST002420,NoID,temp/queries/53/53f24b0fbc954be68e34755a58e445cc/53f24b0fbc954be68e34755a58e445cc.mgf,1,257,3120444
5-ASA_phenylethylamine,mzspec:GNPS:MULTIPLEX-SYNTHESIS-LIBRARY-ALL-PARTITION-6:accession:CCMSLIB00016279134,0.02,mzspec:MSV000082667:updates/2021-04-09_quinnr_62fe3a81/peak/CF146/Sputum/CF146_5_21_17_a_BB7_01_3677.mzXML:scan:201,1,0.71,2,0,MSV000082667,NoID,temp/queries/53/53f24b0fbc954be68e34755a58e445cc/53f24b0fbc954be68e34755a58e445cc.mgf,1,257,2196545
5-ASA_phenylethylamine,mzspec:GNPS:MULTIPLEX-SYNTHESIS-LIBRARY-ALL-PARTITION-6:accession:CCMSLIB00016279134,0.0,mzspec:ST002420:G16_2.mzML:scan:8678,1,0.71,2,0,ST002420,NoID,temp/queries/53/53f24b0fbc954be68e34755a58e445cc/53f24b0fbc954be68e34755a58e445cc.mgf,1,257,3118839
5-ASA_phenylethylamine,mzspec:GNPS:MULTIPLEX-SYNTHESIS-LIBRARY-ALL-PARTITION-6:accession:CCMSLIB00016279134,0.0,mzspec:ST002420:G16_3.mzML:scan:8678,1,0.71,2,0,ST002420,NoID,temp/queries/53/53f24b0fbc954be68e34755a58e445cc/53f24b0fbc954be68e34755a58e445cc.mgf,1,257,3123572
5-ASA_phenylethylamine,mzspec:GNPS:MULTIPLEX-SYNTHESIS-LIBRARY-ALL-PARTITION-6:accession:CCMSLIB00016279134,0.01,mzspec:MSV000082667:ccms_peak/Sputum/CF176_6-4-17_GF2_01_3620.mzML:scan:227,1,0.7,2,0,MSV000082667,NoID,temp/queries/53/53f24b0fbc954be68e34755a58e445cc/53f24b0fbc954be68e34755a58e445cc.mgf,1,257,2194763
5-ASA_phenylethylamine,mzspec:GNPS:MULTIPLEX-SYNTHESIS-LIBRARY-ALL-PARTITION-6:accession:CCMSLIB00016279134,0.01,mzspec:MSV000082667:ccms_peak/mzXML/sputum/CF318_2_10_17_GE3_01_3078.mzML:scan:173,1,0.7,2,0,MSV000082667,NoID,temp/queries/53/53f24b0fbc954be68e34755a58e445cc/53f24b0fbc954be68e34755a58e445cc.mgf,1,257,2199942
5-ASA_phenylethylamine,mzspec:GNPS:MULTIPLEX-SYNTHESIS-LIBRARY-ALL-PARTITION-6:accession:CCMSLIB00016279134,0.01,mzspec:MSV000082667:updates/2021-04-09_quinnr_62fe3a81/peak/CF146/Sputum/CF146_5_22_17_m_BB10_01_3680.mzXML:scan:191,1,0.7,2,0,MSV000082667,NoID,temp/queries/53/53f24b0fbc954be68e34755a58e445cc/53f24b0fbc954be68e34755a58e445cc.mgf,1,257,2195231
5-ASA_phenylethylamine,mzspec:GNPS:MULTIPLEX-SYNTHESIS-LIBRARY-ALL-PARTITION-6:accession:CCMSLIB00016279134,0.02,mzspec:MTBLS3963:FILES/DERIVED_FILES/POS/Dec-Trp-3_POS.mzML:scan:4294967295,1,0.7,1,0,MTBLS3963,NoID,temp/queries/53/53f24b0fbc954be68e34755a58e445cc/53f24b0fbc954be68e34755a58e445cc.mgf,1,257,3339784
5-ASA_phenylethylamine,mzspec:GNPS:MULTIPLEX-SYNTHESIS-LIBRARY-ALL-PARTITION-6:accession:CCMSLIB00016279134,-0.0,mzspec:MSV000092317:peak/R vs S PA_mzML neg files/34.mzML:scan:6477,1,0.7,2,0,MSV000092317,NoID,temp/queries/53/53f24b0fbc954be68e34755a58e445cc/53f24b0fbc954be68e34755a58e445cc.mgf,1,257,1659634
