compound_name,lib_usi,Delta Mass,USI,Charge,Cosine,Matching Peaks,Unit Delta Mass,Dataset,Status,Query Filename,Query Scan,Index UnitPM,Index IdxInUnitPM
5-ASA_phenylpropionic acid,mzspec:GNPS:MULTIPLEX-SYNTHESIS-LIBRARY-ALL-PARTITION-6:accession:CCMSLIB00016281670,-0.0,mzspec:MSV000083756:peak/Fecal-1-9MeOH-1H2O_RA2_65.mzML:scan:1076,1,1.0,6,0,MSV000083756,NoID,temp/queries/16/1606b960ecd84a7aae487a7107cadc25/1606b960ecd84a7aae487a7107cadc25.mgf,1,286,832590
5-ASA_phenylpropionic acid,mzspec:GNPS:MULTIPLEX-SYNTHESIS-LIBRARY-ALL-PARTITION-6:accession:CCMSLIB00016281670,-0.0,mzspec:MSV000083756:peak/Fecal-1-7ACN-3H2O_RA9_161.mzML:scan:1081,1,1.0,6,0,MSV000083756,NoID,temp/queries/16/1606b960ecd84a7aae487a7107cadc25/1606b960ecd84a7aae487a7107cadc25.mgf,1,286,832632
5-ASA_phenylpropionic acid,mzspec:GNPS:MULTIPLEX-SYNTHESIS-LIBRARY-ALL-PARTITION-6:accession:CCMSLIB00016281670,-0.0,mzspec:MSV000083756:ccms_peak/Fecal-1-5MeOH-5H2O_RA6_156.mzML:scan:1051,1,1.0,6,0,MSV000083756,NoID,temp/queries/16/1606b960ecd84a7aae487a7107cadc25/1606b960ecd84a7aae487a7107cadc25.mgf,1,286,832795
5-ASA_phenylpropionic acid,mzspec:GNPS:MULTIPLEX-SYNTHESIS-LIBRARY-ALL-PARTITION-6:accession:CCMSLIB00016281670,-0.0,mzspec:MSV000083756:peak/Fecal-1-3ACN-3IPA-2H2O_RA11_199.mzML:scan:1074,1,1.0,6,0,MSV000083756,NoID,temp/queries/16/1606b960ecd84a7aae487a7107cadc25/1606b960ecd84a7aae487a7107cadc25.mgf,1,286,832817
5-ASA_phenylpropionic acid,mzspec:GNPS:MULTIPLEX-SYNTHESIS-LIBRARY-ALL-PARTITION-6:accession:CCMSLIB00016281670,-0.0,mzspec:MSV000083756:peak/Fecal-1-MeOH_RA1_34.mzML:scan:1072,1,1.0,6,0,MSV000083756,NoID,temp/queries/16/1606b960ecd84a7aae487a7107cadc25/1606b960ecd84a7aae487a7107cadc25.mgf,1,286,833735
5-ASA_phenylpropionic acid,mzspec:GNPS:MULTIPLEX-SYNTHESIS-LIBRARY-ALL-PARTITION-6:accession:CCMSLIB00016281670,-0.0,mzspec:MSV000083756:ccms_peak/Fecal-1-6MeOH-4H2O_RA5_134.mzML:scan:1060,1,1.0,6,0,MSV000083756,NoID,temp/queries/16/1606b960ecd84a7aae487a7107cadc25/1606b960ecd84a7aae487a7107cadc25.mgf,1,286,833855
5-ASA_phenylpropionic acid,mzspec:GNPS:MULTIPLEX-SYNTHESIS-LIBRARY-ALL-PARTITION-6:accession:CCMSLIB00016281670,-0.0,mzspec:MSV000083756:peak/Fecal-1-6MeOH-4H2O_RA5_132.mzML:scan:1059,1,1.0,6,0,MSV000083756,NoID,temp/queries/16/1606b960ecd84a7aae487a7107cadc25/1606b960ecd84a7aae487a7107cadc25.mgf,1,286,833321
5-ASA_phenylpropionic acid,mzspec:GNPS:MULTIPLEX-SYNTHESIS-LIBRARY-ALL-PARTITION-6:accession:CCMSLIB00016281670,-0.0,mzspec:MSV000083756:ccms_peak/Fecal-1-5MeOH-5ACN_RA7_116.mzML:scan:1082,1,1.0,6,0,MSV000083756,NoID,temp/queries/16/1606b960ecd84a7aae487a7107cadc25/1606b960ecd84a7aae487a7107cadc25.mgf,1,286,833561
5-ASA_phenylpropionic acid,mzspec:GNPS:MULTIPLEX-SYNTHESIS-LIBRARY-ALL-PARTITION-6:accession:CCMSLIB00016281670,-0.0,mzspec:MSV000083756:ccms_peak/Fecal-1-3ACN-3IPA-2H2O_RA11_199.mzML:scan:1074,1,1.0,6,0,MSV000083756,NoID,temp/queries/16/1606b960ecd84a7aae487a7107cadc25/1606b960ecd84a7aae487a7107cadc25.mgf,1,286,833861
5-ASA_phenylpropionic acid,mzspec:GNPS:MULTIPLEX-SYNTHESIS-LIBRARY-ALL-PARTITION-6:accession:CCMSLIB00016281670,-0.0,mzspec:MSV000083756:ccms_peak/Fecal-1-6MeOH-4H2O_RA5_132.mzML:scan:1059,1,1.0,6,0,MSV000083756,NoID,temp/queries/16/1606b960ecd84a7aae487a7107cadc25/1606b960ecd84a7aae487a7107cadc25.mgf,1,286,833965
5-ASA_phenylpropionic acid,mzspec:GNPS:MULTIPLEX-SYNTHESIS-LIBRARY-ALL-PARTITION-6:accession:CCMSLIB00016281670,-0.0,mzspec:MSV000083756:ccms_peak/Fecal-1-9MeOH-1H2O_RA2_65.mzML:scan:1076,1,1.0,6,0,MSV000083756,NoID,temp/queries/16/1606b960ecd84a7aae487a7107cadc25/1606b960ecd84a7aae487a7107cadc25.mgf,1,286,834226
5-ASA_phenylpropionic acid,mzspec:GNPS:MULTIPLEX-SYNTHESIS-LIBRARY-ALL-PARTITION-6:accession:CCMSLIB00016281670,-0.0,mzspec:MSV000083756:ccms_peak/Fecal-1-MeOH_RA1_34.mzML:scan:1072,1,1.0,6,0,MSV000083756,NoID,temp/queries/16/1606b960ecd84a7aae487a7107cadc25/1606b960ecd84a7aae487a7107cadc25.mgf,1,286,834021
5-ASA_phenylpropionic acid,mzspec:GNPS:MULTIPLEX-SYNTHESIS-LIBRARY-ALL-PARTITION-6:accession:CCMSLIB00016281670,-0.0,mzspec:MSV000083756:peak/Fecal-1-7MeOH-3H2O_RA4_100.mzML:scan:1073,1,1.0,6,0,MSV000083756,NoID,temp/queries/16/1606b960ecd84a7aae487a7107cadc25/1606b960ecd84a7aae487a7107cadc25.mgf,1,286,833555
5-ASA_phenylpropionic acid,mzspec:GNPS:MULTIPLEX-SYNTHESIS-LIBRARY-ALL-PARTITION-6:accession:CCMSLIB00016281670,-0.0,mzspec:MSV000083756:ccms_peak/Fecal-1-5EtOH-5H2O_RA10_152.mzML:scan:1048,1,1.0,6,0,MSV000083756,NoID,temp/queries/16/1606b960ecd84a7aae487a7107cadc25/1606b960ecd84a7aae487a7107cadc25.mgf,1,286,834283
5-ASA_phenylpropionic acid,mzspec:GNPS:MULTIPLEX-SYNTHESIS-LIBRARY-ALL-PARTITION-6:accession:CCMSLIB00016281670,-0.0,mzspec:MSV000083756:peak/Fecal-1-5EtOH-5H2O_RA10_152.mzML:scan:1048,1,1.0,6,0,MSV000083756,NoID,temp/queries/16/1606b960ecd84a7aae487a7107cadc25/1606b960ecd84a7aae487a7107cadc25.mgf,1,286,833247
5-ASA_phenylpropionic acid,mzspec:GNPS:MULTIPLEX-SYNTHESIS-LIBRARY-ALL-PARTITION-6:accession:CCMSLIB00016281670,-0.0,mzspec:MSV000083756:ccms_peak/Fecal-1-7MeOH-3H2O_RA4_100.mzML:scan:1073,1,1.0,6,0,MSV000083756,NoID,temp/queries/16/1606b960ecd84a7aae487a7107cadc25/1606b960ecd84a7aae487a7107cadc25.mgf,1,286,833395
5-ASA_phenylpropionic acid,mzspec:GNPS:MULTIPLEX-SYNTHESIS-LIBRARY-ALL-PARTITION-6:accession:CCMSLIB00016281670,0.0,mzspec:MSV000083825:ccms_peak/Positive/Fecal/Rox_diet_D003d-14.mzML:scan:1502,1,1.0,6,0,MSV000083825,NoID,temp/queries/16/1606b960ecd84a7aae487a7107cadc25/1606b960ecd84a7aae487a7107cadc25.mgf,1,286,1886092
5-ASA_phenylpropionic acid,mzspec:GNPS:MULTIPLEX-SYNTHESIS-LIBRARY-ALL-PARTITION-6:accession:CCMSLIB00016281670,0.0,mzspec:MSV000081492:ccms_peak/Raw_Files/Samples_Treatment/dhmc_1_10.mzML:scan:1686,1,1.0,6,0,MSV000081492,NoID,temp/queries/16/1606b960ecd84a7aae487a7107cadc25/1606b960ecd84a7aae487a7107cadc25.mgf,1,286,1594689
5-ASA_phenylpropionic acid,mzspec:GNPS:MULTIPLEX-SYNTHESIS-LIBRARY-ALL-PARTITION-6:accession:CCMSLIB00016281670,-0.0,mzspec:MSV000083756:ccms_peak/Fecal-1-5MeOH-5ACN_RA7_118.mzML:scan:1074,1,1.0,6,0,MSV000083756,NoID,temp/queries/16/1606b960ecd84a7aae487a7107cadc25/1606b960ecd84a7aae487a7107cadc25.mgf,1,286,832653
5-ASA_phenylpropionic acid,mzspec:GNPS:MULTIPLEX-SYNTHESIS-LIBRARY-ALL-PARTITION-6:accession:CCMSLIB00016281670,-0.0,mzspec:MSV000083756:ccms_peak/Fecal-1-8MeOH-2H2O_RA3_82.mzML:scan:1082,1,1.0,6,0,MSV000083756,NoID,temp/queries/16/1606b960ecd84a7aae487a7107cadc25/1606b960ecd84a7aae487a7107cadc25.mgf,1,286,832512
5-ASA_phenylpropionic acid,mzspec:GNPS:MULTIPLEX-SYNTHESIS-LIBRARY-ALL-PARTITION-6:accession:CCMSLIB00016281670,-0.0,mzspec:MSV000083756:ccms_peak/Fecal-1-MeOH_RA1_35.mzML:scan:1073,1,1.0,6,0,MSV000083756,NoID,temp/queries/16/1606b960ecd84a7aae487a7107cadc25/1606b960ecd84a7aae487a7107cadc25.mgf,1,286,832173
5-ASA_phenylpropionic acid,mzspec:GNPS:MULTIPLEX-SYNTHESIS-LIBRARY-ALL-PARTITION-6:accession:CCMSLIB00016281670,-0.0,mzspec:MSV000083756:ccms_peak/Fecal-1-9MeOH-1H2O_RA2_66.mzML:scan:1075,1,1.0,6,0,MSV000083756,NoID,temp/queries/16/1606b960ecd84a7aae487a7107cadc25/1606b960ecd84a7aae487a7107cadc25.mgf,1,286,833777
5-ASA_phenylpropionic acid,mzspec:GNPS:MULTIPLEX-SYNTHESIS-LIBRARY-ALL-PARTITION-6:accession:CCMSLIB00016281670,-0.0,mzspec:MSV000084556:ccms_peak/Raw_data/FD003_T2.mzML:scan:1479,1,1.0,6,0,MSV000084556,NoID,temp/queries/16/1606b960ecd84a7aae487a7107cadc25/1606b960ecd84a7aae487a7107cadc25.mgf,1,286,1422805
5-ASA_phenylpropionic acid,mzspec:GNPS:MULTIPLEX-SYNTHESIS-LIBRARY-ALL-PARTITION-6:accession:CCMSLIB00016281670,-0.0,mzspec:MSV000083756:peak/Fecal-1-5MeOH-5ACN_RA7_118.mzML:scan:1074,1,1.0,6,0,MSV000083756,NoID,temp/queries/16/1606b960ecd84a7aae487a7107cadc25/1606b960ecd84a7aae487a7107cadc25.mgf,1,286,833989
5-ASA_phenylpropionic acid,mzspec:GNPS:MULTIPLEX-SYNTHESIS-LIBRARY-ALL-PARTITION-6:accession:CCMSLIB00016281670,-0.0,mzspec:MSV000083756:peak/Fecal-1-8MeOH-2H2O_RA3_82.mzML:scan:1082,1,1.0,6,0,MSV000083756,NoID,temp/queries/16/1606b960ecd84a7aae487a7107cadc25/1606b960ecd84a7aae487a7107cadc25.mgf,1,286,833039
5-ASA_phenylpropionic acid,mzspec:GNPS:MULTIPLEX-SYNTHESIS-LIBRARY-ALL-PARTITION-6:accession:CCMSLIB00016281670,-0.0,mzspec:MSV000083756:peak/Fecal-1-9MeOH-1H2O_RA2_66.mzML:scan:1075,1,1.0,6,0,MSV000083756,NoID,temp/queries/16/1606b960ecd84a7aae487a7107cadc25/1606b960ecd84a7aae487a7107cadc25.mgf,1,286,833023
5-ASA_phenylpropionic acid,mzspec:GNPS:MULTIPLEX-SYNTHESIS-LIBRARY-ALL-PARTITION-6:accession:CCMSLIB00016281670,-0.0,mzspec:MSV000083756:peak/Fecal-1-5EtOH-5H2O_RA10_151.mzML:scan:1045,1,1.0,6,0,MSV000083756,NoID,temp/queries/16/1606b960ecd84a7aae487a7107cadc25/1606b960ecd84a7aae487a7107cadc25.mgf,1,286,832337
5-ASA_phenylpropionic acid,mzspec:GNPS:MULTIPLEX-SYNTHESIS-LIBRARY-ALL-PARTITION-6:accession:CCMSLIB00016281670,-0.0,mzspec:MSV000083756:ccms_peak/Fecal-1-8MeOH-2H2O_RA3_81.mzML:scan:1088,1,1.0,6,0,MSV000083756,NoID,temp/queries/16/1606b960ecd84a7aae487a7107cadc25/1606b960ecd84a7aae487a7107cadc25.mgf,1,286,832224
5-ASA_phenylpropionic acid,mzspec:GNPS:MULTIPLEX-SYNTHESIS-LIBRARY-ALL-PARTITION-6:accession:CCMSLIB00016281670,-0.0,mzspec:MSV000083756:peak/Fecal-1-7ACN-3H2O_RA9_159.mzML:scan:1080,1,1.0,6,0,MSV000083756,NoID,temp/queries/16/1606b960ecd84a7aae487a7107cadc25/1606b960ecd84a7aae487a7107cadc25.mgf,1,286,832844
5-ASA_phenylpropionic acid,mzspec:GNPS:MULTIPLEX-SYNTHESIS-LIBRARY-ALL-PARTITION-6:accession:CCMSLIB00016281670,-0.0,mzspec:MSV000083756:ccms_peak/Fecal-1-7ACN-3H2O_RA9_160.mzML:scan:1086,1,1.0,6,0,MSV000083756,NoID,temp/queries/16/1606b960ecd84a7aae487a7107cadc25/1606b960ecd84a7aae487a7107cadc25.mgf,1,286,832898
5-ASA_phenylpropionic acid,mzspec:GNPS:MULTIPLEX-SYNTHESIS-LIBRARY-ALL-PARTITION-6:accession:CCMSLIB00016281670,-0.0,mzspec:MSV000083756:ccms_peak/Fecal-1-8MeOH-2H2O_RA3_83.mzML:scan:1081,1,1.0,6,0,MSV000083756,NoID,temp/queries/16/1606b960ecd84a7aae487a7107cadc25/1606b960ecd84a7aae487a7107cadc25.mgf,1,286,833260
5-ASA_phenylpropionic acid,mzspec:GNPS:MULTIPLEX-SYNTHESIS-LIBRARY-ALL-PARTITION-6:accession:CCMSLIB00016281670,-0.0,mzspec:MSV000083756:ccms_peak/Fecal-1-5EtOH-5H2O_RA10_153.mzML:scan:1045,1,1.0,6,0,MSV000083756,NoID,temp/queries/16/1606b960ecd84a7aae487a7107cadc25/1606b960ecd84a7aae487a7107cadc25.mgf,1,286,833299
5-ASA_phenylpropionic acid,mzspec:GNPS:MULTIPLEX-SYNTHESIS-LIBRARY-ALL-PARTITION-6:accession:CCMSLIB00016281670,-0.0,mzspec:MSV000083756:peak/Fecal-1-8MeOH-2H2O_RA3_83.mzML:scan:1081,1,1.0,6,0,MSV000083756,NoID,temp/queries/16/1606b960ecd84a7aae487a7107cadc25/1606b960ecd84a7aae487a7107cadc25.mgf,1,286,833340
5-ASA_phenylpropionic acid,mzspec:GNPS:MULTIPLEX-SYNTHESIS-LIBRARY-ALL-PARTITION-6:accession:CCMSLIB00016281670,-0.0,mzspec:MSV000083756:peak/Fecal-1-7MeOH-3H2O_RA4_102.mzML:scan:1071,1,1.0,6,0,MSV000083756,NoID,temp/queries/16/1606b960ecd84a7aae487a7107cadc25/1606b960ecd84a7aae487a7107cadc25.mgf,1,286,833343
5-ASA_phenylpropionic acid,mzspec:GNPS:MULTIPLEX-SYNTHESIS-LIBRARY-ALL-PARTITION-6:accession:CCMSLIB00016281670,-0.0,mzspec:MSV000083756:ccms_peak/Fecal-1-5EtOH-5H2O_RA10_151.mzML:scan:1045,1,1.0,6,0,MSV000083756,NoID,temp/queries/16/1606b960ecd84a7aae487a7107cadc25/1606b960ecd84a7aae487a7107cadc25.mgf,1,286,832658
5-ASA_phenylpropionic acid,mzspec:GNPS:MULTIPLEX-SYNTHESIS-LIBRARY-ALL-PARTITION-6:accession:CCMSLIB00016281670,-0.0,mzspec:MSV000083756:ccms_peak/Fecal-1-6MeOH-4H2O_RA5_133.mzML:scan:1069,1,1.0,6,0,MSV000083756,NoID,temp/queries/16/1606b960ecd84a7aae487a7107cadc25/1606b960ecd84a7aae487a7107cadc25.mgf,1,286,832727
5-ASA_phenylpropionic acid,mzspec:GNPS:MULTIPLEX-SYNTHESIS-LIBRARY-ALL-PARTITION-6:accession:CCMSLIB00016281670,-0.0,mzspec:MSV000083756:peak/Fecal-1-5EtOH-5H2O_RA10_153.mzML:scan:1045,1,1.0,6,0,MSV000083756,NoID,temp/queries/16/1606b960ecd84a7aae487a7107cadc25/1606b960ecd84a7aae487a7107cadc25.mgf,1,286,833416
5-ASA_phenylpropionic acid,mzspec:GNPS:MULTIPLEX-SYNTHESIS-LIBRARY-ALL-PARTITION-6:accession:CCMSLIB00016281670,-0.0,mzspec:MSV000083756:ccms_peak/Fecal-1-7ACN-3H2O_RA9_159.mzML:scan:1080,1,1.0,6,0,MSV000083756,NoID,temp/queries/16/1606b960ecd84a7aae487a7107cadc25/1606b960ecd84a7aae487a7107cadc25.mgf,1,286,833436
5-ASA_phenylpropionic acid,mzspec:GNPS:MULTIPLEX-SYNTHESIS-LIBRARY-ALL-PARTITION-6:accession:CCMSLIB00016281670,-0.0,mzspec:MSV000083756:peak/Fecal-1-MeOH_RA1_33.mzML:scan:1072,1,1.0,6,0,MSV000083756,NoID,temp/queries/16/1606b960ecd84a7aae487a7107cadc25/1606b960ecd84a7aae487a7107cadc25.mgf,1,286,832635
5-ASA_phenylpropionic acid,mzspec:GNPS:MULTIPLEX-SYNTHESIS-LIBRARY-ALL-PARTITION-6:accession:CCMSLIB00016281670,-0.0,mzspec:MSV000083756:peak/Fecal-1-3ACN-3IPA-2H2O_RA11_201.mzML:scan:1081,1,1.0,6,0,MSV000083756,NoID,temp/queries/16/1606b960ecd84a7aae487a7107cadc25/1606b960ecd84a7aae487a7107cadc25.mgf,1,286,832515
5-ASA_phenylpropionic acid,mzspec:GNPS:MULTIPLEX-SYNTHESIS-LIBRARY-ALL-PARTITION-6:accession:CCMSLIB00016281670,-0.0,mzspec:MSV000083756:peak/Fecal-1-5MeOH-5H2O_RA6_155.mzML:scan:1061,1,1.0,6,0,MSV000083756,NoID,temp/queries/16/1606b960ecd84a7aae487a7107cadc25/1606b960ecd84a7aae487a7107cadc25.mgf,1,286,832368
5-ASA_phenylpropionic acid,mzspec:GNPS:MULTIPLEX-SYNTHESIS-LIBRARY-ALL-PARTITION-6:accession:CCMSLIB00016281670,-0.0,mzspec:MSV000083756:ccms_peak/Fecal-1-9MeOH-1H2O_RA2_67.mzML:scan:1069,1,1.0,6,0,MSV000083756,NoID,temp/queries/16/1606b960ecd84a7aae487a7107cadc25/1606b960ecd84a7aae487a7107cadc25.mgf,1,286,832363
5-ASA_phenylpropionic acid,mzspec:GNPS:MULTIPLEX-SYNTHESIS-LIBRARY-ALL-PARTITION-6:accession:CCMSLIB00016281670,-0.0,mzspec:MSV000084556:ccms_peak/Raw_data/FD003_T1.mzML:scan:1485,1,1.0,6,0,MSV000084556,NoID,temp/queries/16/1606b960ecd84a7aae487a7107cadc25/1606b960ecd84a7aae487a7107cadc25.mgf,1,286,1423037
5-ASA_phenylpropionic acid,mzspec:GNPS:MULTIPLEX-SYNTHESIS-LIBRARY-ALL-PARTITION-6:accession:CCMSLIB00016281670,-0.0,mzspec:MSV000084556:ccms_peak/Raw_data/FD003_T3.mzML:scan:1494,1,1.0,6,0,MSV000084556,NoID,temp/queries/16/1606b960ecd84a7aae487a7107cadc25/1606b960ecd84a7aae487a7107cadc25.mgf,1,286,1422734
5-ASA_phenylpropionic acid,mzspec:GNPS:MULTIPLEX-SYNTHESIS-LIBRARY-ALL-PARTITION-6:accession:CCMSLIB00016281670,-0.0,mzspec:MSV000083756:peak/Fecal-1-5MeOH-5H2O_RA6_156.mzML:scan:1051,1,1.0,6,0,MSV000083756,NoID,temp/queries/16/1606b960ecd84a7aae487a7107cadc25/1606b960ecd84a7aae487a7107cadc25.mgf,1,286,832229
5-ASA_phenylpropionic acid,mzspec:GNPS:MULTIPLEX-SYNTHESIS-LIBRARY-ALL-PARTITION-6:accession:CCMSLIB00016281670,-0.0,mzspec:MSV000083756:ccms_peak/Fecal-1-7ACN-3H2O_RA9_161.mzML:scan:1081,1,1.0,6,0,MSV000083756,NoID,temp/queries/16/1606b960ecd84a7aae487a7107cadc25/1606b960ecd84a7aae487a7107cadc25.mgf,1,286,832233
5-ASA_phenylpropionic acid,mzspec:GNPS:MULTIPLEX-SYNTHESIS-LIBRARY-ALL-PARTITION-6:accession:CCMSLIB00016281670,-0.0,mzspec:MSV000083306:peak/QE_C18_mzML/QEC18_F1_20181227030329.mzML:scan:1124,1,1.0,6,0,MSV000083306,NoID,temp/queries/16/1606b960ecd84a7aae487a7107cadc25/1606b960ecd84a7aae487a7107cadc25.mgf,1,286,1485251
5-ASA_phenylpropionic acid,mzspec:GNPS:MULTIPLEX-SYNTHESIS-LIBRARY-ALL-PARTITION-6:accession:CCMSLIB00016281670,-0.0,mzspec:MSV000083756:ccms_peak/Fecal-1-MeOH_RA1_33.mzML:scan:1072,1,1.0,6,0,MSV000083756,NoID,temp/queries/16/1606b960ecd84a7aae487a7107cadc25/1606b960ecd84a7aae487a7107cadc25.mgf,1,286,834170
5-ASA_phenylpropionic acid,mzspec:GNPS:MULTIPLEX-SYNTHESIS-LIBRARY-ALL-PARTITION-6:accession:CCMSLIB00016281670,-0.0,mzspec:MSV000083756:peak/Fecal-1-5MeOH-5H2O_RA6_157.mzML:scan:1057,1,1.0,6,0,MSV000083756,NoID,temp/queries/16/1606b960ecd84a7aae487a7107cadc25/1606b960ecd84a7aae487a7107cadc25.mgf,1,286,834167
5-ASA_phenylpropionic acid,mzspec:GNPS:MULTIPLEX-SYNTHESIS-LIBRARY-ALL-PARTITION-6:accession:CCMSLIB00016281670,-0.0,mzspec:MSV000083756:ccms_peak/Fecal-1-5MeOH-5H2O_RA6_155.mzML:scan:1061,1,1.0,6,0,MSV000083756,NoID,temp/queries/16/1606b960ecd84a7aae487a7107cadc25/1606b960ecd84a7aae487a7107cadc25.mgf,1,286,834039
5-ASA_phenylpropionic acid,mzspec:GNPS:MULTIPLEX-SYNTHESIS-LIBRARY-ALL-PARTITION-6:accession:CCMSLIB00016281670,-0.0,mzspec:MSV000083756:peak/Fecal-1-8MeOH-2H2O_RA3_81.mzML:scan:1088,1,1.0,6,0,MSV000083756,NoID,temp/queries/16/1606b960ecd84a7aae487a7107cadc25/1606b960ecd84a7aae487a7107cadc25.mgf,1,286,833945
5-ASA_phenylpropionic acid,mzspec:GNPS:MULTIPLEX-SYNTHESIS-LIBRARY-ALL-PARTITION-6:accession:CCMSLIB00016281670,-0.0,mzspec:MSV000083756:ccms_peak/Fecal-1-5MeOH-5ACN_RA7_117.mzML:scan:1085,1,1.0,6,0,MSV000083756,NoID,temp/queries/16/1606b960ecd84a7aae487a7107cadc25/1606b960ecd84a7aae487a7107cadc25.mgf,1,286,833796
5-ASA_phenylpropionic acid,mzspec:GNPS:MULTIPLEX-SYNTHESIS-LIBRARY-ALL-PARTITION-6:accession:CCMSLIB00016281670,-0.0,mzspec:MSV000083756:ccms_peak/Fecal-1-3ACN-3IPA-2H2O_RA11_201.mzML:scan:1081,1,1.0,6,0,MSV000083756,NoID,temp/queries/16/1606b960ecd84a7aae487a7107cadc25/1606b960ecd84a7aae487a7107cadc25.mgf,1,286,833718
5-ASA_phenylpropionic acid,mzspec:GNPS:MULTIPLEX-SYNTHESIS-LIBRARY-ALL-PARTITION-6:accession:CCMSLIB00016281670,-0.0,mzspec:MSV000083756:peak/Fecal-1-7ACN-3H2O_RA9_160.mzML:scan:1086,1,1.0,6,0,MSV000083756,NoID,temp/queries/16/1606b960ecd84a7aae487a7107cadc25/1606b960ecd84a7aae487a7107cadc25.mgf,1,286,833688
5-ASA_phenylpropionic acid,mzspec:GNPS:MULTIPLEX-SYNTHESIS-LIBRARY-ALL-PARTITION-6:accession:CCMSLIB00016281670,-0.0,mzspec:MSV000083756:ccms_peak/Fecal-1-5MeOH-5H2O_RA6_157.mzML:scan:1057,1,1.0,6,0,MSV000083756,NoID,temp/queries/16/1606b960ecd84a7aae487a7107cadc25/1606b960ecd84a7aae487a7107cadc25.mgf,1,286,833663
5-ASA_phenylpropionic acid,mzspec:GNPS:MULTIPLEX-SYNTHESIS-LIBRARY-ALL-PARTITION-6:accession:CCMSLIB00016281670,-0.0,mzspec:MSV000083756:peak/Fecal-1-5MeOH-5ACN_RA7_117.mzML:scan:1085,1,1.0,6,0,MSV000083756,NoID,temp/queries/16/1606b960ecd84a7aae487a7107cadc25/1606b960ecd84a7aae487a7107cadc25.mgf,1,286,833588
5-ASA_phenylpropionic acid,mzspec:GNPS:MULTIPLEX-SYNTHESIS-LIBRARY-ALL-PARTITION-6:accession:CCMSLIB00016281670,-0.0,mzspec:MSV000083756:ccms_peak/Fecal-1-3ACN-3IPA-2H2O_RA11_200.mzML:scan:1080,1,1.0,6,0,MSV000083756,NoID,temp/queries/16/1606b960ecd84a7aae487a7107cadc25/1606b960ecd84a7aae487a7107cadc25.mgf,1,286,832428
5-ASA_phenylpropionic acid,mzspec:GNPS:MULTIPLEX-SYNTHESIS-LIBRARY-ALL-PARTITION-6:accession:CCMSLIB00016281670,-0.0,mzspec:MSV000083756:peak/Fecal-1-5MeOH-5ACN_RA7_116.mzML:scan:1082,1,1.0,6,0,MSV000083756,NoID,temp/queries/16/1606b960ecd84a7aae487a7107cadc25/1606b960ecd84a7aae487a7107cadc25.mgf,1,286,832249
5-ASA_phenylpropionic acid,mzspec:GNPS:MULTIPLEX-SYNTHESIS-LIBRARY-ALL-PARTITION-6:accession:CCMSLIB00016281670,-0.0,mzspec:MSV000083756:peak/Fecal-1-3ACN-3IPA-2H2O_RA11_200.mzML:scan:1080,1,1.0,6,0,MSV000083756,NoID,temp/queries/16/1606b960ecd84a7aae487a7107cadc25/1606b960ecd84a7aae487a7107cadc25.mgf,1,286,833213
5-ASA_phenylpropionic acid,mzspec:GNPS:MULTIPLEX-SYNTHESIS-LIBRARY-ALL-PARTITION-6:accession:CCMSLIB00016281670,-0.0,mzspec:MSV000083756:peak/Fecal-1-6MeOH-4H2O_RA5_134.mzML:scan:1060,1,1.0,6,0,MSV000083756,NoID,temp/queries/16/1606b960ecd84a7aae487a7107cadc25/1606b960ecd84a7aae487a7107cadc25.mgf,1,286,832872
5-ASA_phenylpropionic acid,mzspec:GNPS:MULTIPLEX-SYNTHESIS-LIBRARY-ALL-PARTITION-6:accession:CCMSLIB00016281670,-0.0,mzspec:MSV000083756:peak/Fecal-1-MeOH_RA1_35.mzML:scan:1073,1,1.0,6,0,MSV000083756,NoID,temp/queries/16/1606b960ecd84a7aae487a7107cadc25/1606b960ecd84a7aae487a7107cadc25.mgf,1,286,833509
5-ASA_phenylpropionic acid,mzspec:GNPS:MULTIPLEX-SYNTHESIS-LIBRARY-ALL-PARTITION-6:accession:CCMSLIB00016281670,-0.0,mzspec:MSV000083756:peak/Fecal-1-6MeOH-4H2O_RA5_133.mzML:scan:1069,1,1.0,6,0,MSV000083756,NoID,temp/queries/16/1606b960ecd84a7aae487a7107cadc25/1606b960ecd84a7aae487a7107cadc25.mgf,1,286,833490
5-ASA_phenylpropionic acid,mzspec:GNPS:MULTIPLEX-SYNTHESIS-LIBRARY-ALL-PARTITION-6:accession:CCMSLIB00016281670,-0.0,mzspec:MSV000083756:ccms_peak/Fecal-1-7MeOH-3H2O_RA4_102.mzML:scan:1071,1,1.0,6,0,MSV000083756,NoID,temp/queries/16/1606b960ecd84a7aae487a7107cadc25/1606b960ecd84a7aae487a7107cadc25.mgf,1,286,833486
5-ASA_phenylpropionic acid,mzspec:GNPS:MULTIPLEX-SYNTHESIS-LIBRARY-ALL-PARTITION-6:accession:CCMSLIB00016281670,-0.0,mzspec:MSV000083756:peak/Fecal-1-9MeOH-1H2O_RA2_67.mzML:scan:1069,1,1.0,6,0,MSV000083756,NoID,temp/queries/16/1606b960ecd84a7aae487a7107cadc25/1606b960ecd84a7aae487a7107cadc25.mgf,1,286,833460
5-ASA_phenylpropionic acid,mzspec:GNPS:MULTIPLEX-SYNTHESIS-LIBRARY-ALL-PARTITION-6:accession:CCMSLIB00016281670,-0.0,mzspec:MSV000083756:ccms_peak/Fecal-1-7MeOH-3H2O_RA4_101.mzML:scan:1075,1,0.99,5,0,MSV000083756,NoID,temp/queries/16/1606b960ecd84a7aae487a7107cadc25/1606b960ecd84a7aae487a7107cadc25.mgf,1,286,832587
5-ASA_phenylpropionic acid,mzspec:GNPS:MULTIPLEX-SYNTHESIS-LIBRARY-ALL-PARTITION-6:accession:CCMSLIB00016281670,-0.0,mzspec:MSV000083306:ccms_peak/QE_C18_RAW/QEC18_F1_20181228032223.mzML:scan:1126,1,0.99,6,0,MSV000083306,NoID,temp/queries/16/1606b960ecd84a7aae487a7107cadc25/1606b960ecd84a7aae487a7107cadc25.mgf,1,286,1485666
5-ASA_phenylpropionic acid,mzspec:GNPS:MULTIPLEX-SYNTHESIS-LIBRARY-ALL-PARTITION-6:accession:CCMSLIB00016281670,-0.0,mzspec:MSV000083306:peak/QE_C18_mzML/QEC18_F1_20181228032223.mzML:scan:1126,1,0.99,6,0,MSV000083306,NoID,temp/queries/16/1606b960ecd84a7aae487a7107cadc25/1606b960ecd84a7aae487a7107cadc25.mgf,1,286,1485475
5-ASA_phenylpropionic acid,mzspec:GNPS:MULTIPLEX-SYNTHESIS-LIBRARY-ALL-PARTITION-6:accession:CCMSLIB00016281670,0.0,mzspec:MSV000081492:ccms_peak/Raw_Files/Samples_Treatment/dhmc_6_10.mzML:scan:1734,1,0.99,6,0,MSV000081492,NoID,temp/queries/16/1606b960ecd84a7aae487a7107cadc25/1606b960ecd84a7aae487a7107cadc25.mgf,1,286,1594601
5-ASA_phenylpropionic acid,mzspec:GNPS:MULTIPLEX-SYNTHESIS-LIBRARY-ALL-PARTITION-6:accession:CCMSLIB00016281670,-0.0,mzspec:MSV000083756:peak/Fecal-1-7MeOH-3H2O_RA4_101.mzML:scan:1075,1,0.99,5,0,MSV000083756,NoID,temp/queries/16/1606b960ecd84a7aae487a7107cadc25/1606b960ecd84a7aae487a7107cadc25.mgf,1,286,834127
5-ASA_phenylpropionic acid,mzspec:GNPS:MULTIPLEX-SYNTHESIS-LIBRARY-ALL-PARTITION-6:accession:CCMSLIB00016281670,0.0,mzspec:MSV000081492:ccms_peak/Raw_Files/Samples_Treatment/dhmc_6_1.mzML:scan:1736,1,0.98,5,0,MSV000081492,NoID,temp/queries/16/1606b960ecd84a7aae487a7107cadc25/1606b960ecd84a7aae487a7107cadc25.mgf,1,286,1594626
5-ASA_phenylpropionic acid,mzspec:GNPS:MULTIPLEX-SYNTHESIS-LIBRARY-ALL-PARTITION-6:accession:CCMSLIB00016281670,-0.0,mzspec:MSV000083306:peak/QE_C18_mzML/QEC18_F1.mzML:scan:1133,1,0.98,5,0,MSV000083306,NoID,temp/queries/16/1606b960ecd84a7aae487a7107cadc25/1606b960ecd84a7aae487a7107cadc25.mgf,1,286,1485728
5-ASA_phenylpropionic acid,mzspec:GNPS:MULTIPLEX-SYNTHESIS-LIBRARY-ALL-PARTITION-6:accession:CCMSLIB00016281670,-0.0,mzspec:MSV000083306:peak/QE_C18_mzML/QEC18_F1-3_F2-1_20181227190209.mzML:scan:1116,1,0.97,5,0,MSV000083306,NoID,temp/queries/16/1606b960ecd84a7aae487a7107cadc25/1606b960ecd84a7aae487a7107cadc25.mgf,1,286,1485512
5-ASA_phenylpropionic acid,mzspec:GNPS:MULTIPLEX-SYNTHESIS-LIBRARY-ALL-PARTITION-6:accession:CCMSLIB00016281670,-0.0,mzspec:MSV000097610:ccms_peak/mzml/PT_AC_153.mzML:scan:1440,1,0.97,5,0,MSV000097610,NoID,temp/queries/16/1606b960ecd84a7aae487a7107cadc25/1606b960ecd84a7aae487a7107cadc25.mgf,1,286,609152
5-ASA_phenylpropionic acid,mzspec:GNPS:MULTIPLEX-SYNTHESIS-LIBRARY-ALL-PARTITION-6:accession:CCMSLIB00016281670,0.0,mzspec:MSV000083825:ccms_peak/Positive/Fecal/Rox_diet_D003_d+14.mzML:scan:1495,1,0.97,5,0,MSV000083825,NoID,temp/queries/16/1606b960ecd84a7aae487a7107cadc25/1606b960ecd84a7aae487a7107cadc25.mgf,1,286,1886111
5-ASA_phenylpropionic acid,mzspec:GNPS:MULTIPLEX-SYNTHESIS-LIBRARY-ALL-PARTITION-6:accession:CCMSLIB00016281670,0.0,mzspec:MSV000083825:ccms_peak/Positive/Fecal/Rox_diet_D003d0.mzML:scan:1496,1,0.97,5,0,MSV000083825,NoID,temp/queries/16/1606b960ecd84a7aae487a7107cadc25/1606b960ecd84a7aae487a7107cadc25.mgf,1,286,1886070
5-ASA_phenylpropionic acid,mzspec:GNPS:MULTIPLEX-SYNTHESIS-LIBRARY-ALL-PARTITION-6:accession:CCMSLIB00016281670,-0.0,mzspec:MSV000084794:ccms_peak/Raw_data/pos/HCO01.mzML:scan:2253,1,0.96,5,0,MSV000084794,NoID,temp/queries/16/1606b960ecd84a7aae487a7107cadc25/1606b960ecd84a7aae487a7107cadc25.mgf,1,286,2116196
5-ASA_phenylpropionic acid,mzspec:GNPS:MULTIPLEX-SYNTHESIS-LIBRARY-ALL-PARTITION-6:accession:CCMSLIB00016281670,-0.0,mzspec:ST002320:HaffnerEtAl_2022_MS_Data/HCO01.mzXML:scan:2253,1,0.96,5,0,ST002320,NoID,temp/queries/16/1606b960ecd84a7aae487a7107cadc25/1606b960ecd84a7aae487a7107cadc25.mgf,1,286,2130579
5-ASA_phenylpropionic acid,mzspec:GNPS:MULTIPLEX-SYNTHESIS-LIBRARY-ALL-PARTITION-6:accession:CCMSLIB00016281670,-0.0,mzspec:MSV000097610:ccms_peak/mzml/PT_AC_020.mzML:scan:1457,1,0.95,5,0,MSV000097610,NoID,temp/queries/16/1606b960ecd84a7aae487a7107cadc25/1606b960ecd84a7aae487a7107cadc25.mgf,1,286,609124
5-ASA_phenylpropionic acid,mzspec:GNPS:MULTIPLEX-SYNTHESIS-LIBRARY-ALL-PARTITION-6:accession:CCMSLIB00016281670,-0.0,mzspec:MSV000082221:ccms_peak/mzxml_files/samples/PLCL25775.1_BA8_01_28335.mzML:scan:977,1,0.95,4,0,MSV000082221,NoID,temp/queries/16/1606b960ecd84a7aae487a7107cadc25/1606b960ecd84a7aae487a7107cadc25.mgf,1,286,162575
5-ASA_phenylpropionic acid,mzspec:GNPS:MULTIPLEX-SYNTHESIS-LIBRARY-ALL-PARTITION-6:accession:CCMSLIB00016281670,-0.0,mzspec:MSV000083306:peak/QE_C18_mzML/QEC18_F1-3_To-1.mzML:scan:1126,1,0.95,5,0,MSV000083306,NoID,temp/queries/16/1606b960ecd84a7aae487a7107cadc25/1606b960ecd84a7aae487a7107cadc25.mgf,1,286,1485561
5-ASA_phenylpropionic acid,mzspec:GNPS:MULTIPLEX-SYNTHESIS-LIBRARY-ALL-PARTITION-6:accession:CCMSLIB00016281670,-0.0,mzspec:MSV000088646:ccms_peak/Plate_05_RAW/261852_Y1.mzML:scan:1397,1,0.93,4,0,MSV000088646,NoID,temp/queries/16/1606b960ecd84a7aae487a7107cadc25/1606b960ecd84a7aae487a7107cadc25.mgf,1,286,679030
5-ASA_phenylpropionic acid,mzspec:GNPS:MULTIPLEX-SYNTHESIS-LIBRARY-ALL-PARTITION-6:accession:CCMSLIB00016281670,-0.0,mzspec:MSV000087942:ccms_peak/Plate_02_RAW/Tube_103.mzML:scan:1387,1,0.92,4,0,MSV000087942,NoID,temp/queries/16/1606b960ecd84a7aae487a7107cadc25/1606b960ecd84a7aae487a7107cadc25.mgf,1,286,1358234
5-ASA_phenylpropionic acid,mzspec:GNPS:MULTIPLEX-SYNTHESIS-LIBRARY-ALL-PARTITION-6:accession:CCMSLIB00016281670,-0.0,mzspec:MSV000082221:ccms_peak/mzxml_files/samples/PLCL18883_BH9_01_28205.mzML:scan:967,1,0.92,3,0,MSV000082221,NoID,temp/queries/16/1606b960ecd84a7aae487a7107cadc25/1606b960ecd84a7aae487a7107cadc25.mgf,1,286,161084
5-ASA_phenylpropionic acid,mzspec:GNPS:MULTIPLEX-SYNTHESIS-LIBRARY-ALL-PARTITION-6:accession:CCMSLIB00016281670,0.0,mzspec:MSV000082221:ccms_peak/mzxml_files/samples/PLCL19696_BB8_01_28132.mzML:scan:977,1,0.91,3,0,MSV000082221,NoID,temp/queries/16/1606b960ecd84a7aae487a7107cadc25/1606b960ecd84a7aae487a7107cadc25.mgf,1,286,161321
5-ASA_phenylpropionic acid,mzspec:GNPS:MULTIPLEX-SYNTHESIS-LIBRARY-ALL-PARTITION-6:accession:CCMSLIB00016281670,-0.0,mzspec:MSV000087942:ccms_peak/Plate_01_RAW/Tube_015_RERUNS.mzML:scan:1424,1,0.91,4,0,MSV000087942,NoID,temp/queries/16/1606b960ecd84a7aae487a7107cadc25/1606b960ecd84a7aae487a7107cadc25.mgf,1,286,1357703
5-ASA_phenylpropionic acid,mzspec:GNPS:MULTIPLEX-SYNTHESIS-LIBRARY-ALL-PARTITION-6:accession:CCMSLIB00016281670,-0.0,mzspec:MSV000087942:ccms_peak/Plate_02_RAW/Tube_007.mzML:scan:1384,1,0.91,5,0,MSV000087942,NoID,temp/queries/16/1606b960ecd84a7aae487a7107cadc25/1606b960ecd84a7aae487a7107cadc25.mgf,1,286,1357923
5-ASA_phenylpropionic acid,mzspec:GNPS:MULTIPLEX-SYNTHESIS-LIBRARY-ALL-PARTITION-6:accession:CCMSLIB00016281670,0.0,mzspec:MSV000082221:ccms_peak/mzxml_files/samples/PLCL18269_RE11_01_28067.mzML:scan:980,1,0.89,3,0,MSV000082221,NoID,temp/queries/16/1606b960ecd84a7aae487a7107cadc25/1606b960ecd84a7aae487a7107cadc25.mgf,1,286,161334
5-ASA_phenylpropionic acid,mzspec:GNPS:MULTIPLEX-SYNTHESIS-LIBRARY-ALL-PARTITION-6:accession:CCMSLIB00016281670,-0.0,mzspec:MSV000082221:ccms_peak/mzxml_files/samples/PLCL19730_BD2_01_28362.mzML:scan:978,1,0.89,2,0,MSV000082221,NoID,temp/queries/16/1606b960ecd84a7aae487a7107cadc25/1606b960ecd84a7aae487a7107cadc25.mgf,1,286,161582
5-ASA_phenylpropionic acid,mzspec:GNPS:MULTIPLEX-SYNTHESIS-LIBRARY-ALL-PARTITION-6:accession:CCMSLIB00016281670,0.0,mzspec:MSV000082221:ccms_peak/mzxml_files/samples/PLCL23466_BG4_01_28398.mzML:scan:975,1,0.89,2,0,MSV000082221,NoID,temp/queries/16/1606b960ecd84a7aae487a7107cadc25/1606b960ecd84a7aae487a7107cadc25.mgf,1,286,161910
5-ASA_phenylpropionic acid,mzspec:GNPS:MULTIPLEX-SYNTHESIS-LIBRARY-ALL-PARTITION-6:accession:CCMSLIB00016281670,-0.0,mzspec:MSV000082221:ccms_peak/mzxml_files/samples/PLCL19696_BB8_01_28132.mzML:scan:983,1,0.89,2,0,MSV000082221,NoID,temp/queries/16/1606b960ecd84a7aae487a7107cadc25/1606b960ecd84a7aae487a7107cadc25.mgf,1,286,161322
5-ASA_phenylpropionic acid,mzspec:GNPS:MULTIPLEX-SYNTHESIS-LIBRARY-ALL-PARTITION-6:accession:CCMSLIB00016281670,0.0,mzspec:MSV000082094:updates/2019-01-10_rhmills_712042dc/raw/FIT136E3CAL_GA12_01_12054.mzXML:scan:2379,1,0.88,4,0,MSV000082094,NoID,temp/queries/16/1606b960ecd84a7aae487a7107cadc25/1606b960ecd84a7aae487a7107cadc25.mgf,1,286,1541152
5-ASA_phenylpropionic acid,mzspec:GNPS:MULTIPLEX-SYNTHESIS-LIBRARY-ALL-PARTITION-6:accession:CCMSLIB00016281670,-0.0,mzspec:MSV000083825:ccms_peak/Positive/Fecal/Rox_diet_D003d0.mzML:scan:1609,1,0.87,4,0,MSV000083825,NoID,temp/queries/16/1606b960ecd84a7aae487a7107cadc25/1606b960ecd84a7aae487a7107cadc25.mgf,1,286,1886071
5-ASA_phenylpropionic acid,mzspec:GNPS:MULTIPLEX-SYNTHESIS-LIBRARY-ALL-PARTITION-6:accession:CCMSLIB00016281670,0.0,mzspec:MSV000082094:updates/2019-01-10_rhmills_712042dc/raw/Extract_blank_GA1_01_12086.mzXML:scan:2290,1,0.87,4,0,MSV000082094,NoID,temp/queries/16/1606b960ecd84a7aae487a7107cadc25/1606b960ecd84a7aae487a7107cadc25.mgf,1,286,1541084
5-ASA_phenylpropionic acid,mzspec:GNPS:MULTIPLEX-SYNTHESIS-LIBRARY-ALL-PARTITION-6:accession:CCMSLIB00016281670,0.0,mzspec:MSV000082094:updates/2019-01-10_rhmills_712042dc/raw/FIT136E3CAL_GA12_01_12054.mzXML:scan:2356,1,0.87,5,0,MSV000082094,NoID,temp/queries/16/1606b960ecd84a7aae487a7107cadc25/1606b960ecd84a7aae487a7107cadc25.mgf,1,286,1541151
5-ASA_phenylpropionic acid,mzspec:GNPS:MULTIPLEX-SYNTHESIS-LIBRARY-ALL-PARTITION-6:accession:CCMSLIB00016281670,0.0,mzspec:MSV000082431:ccms_peak/blanks/Extract_blank_GA1_01_12086.mzML:scan:2290,1,0.87,4,0,MSV000082431,NoID,temp/queries/16/1606b960ecd84a7aae487a7107cadc25/1606b960ecd84a7aae487a7107cadc25.mgf,1,286,924181
5-ASA_phenylpropionic acid,mzspec:GNPS:MULTIPLEX-SYNTHESIS-LIBRARY-ALL-PARTITION-6:accession:CCMSLIB00016281670,0.0,mzspec:MSV000082221:ccms_peak/mzxml_files/samples/PLCL20980_BH10_01_28206.mzML:scan:975,1,0.87,2,0,MSV000082221,NoID,temp/queries/16/1606b960ecd84a7aae487a7107cadc25/1606b960ecd84a7aae487a7107cadc25.mgf,1,286,160916
5-ASA_phenylpropionic acid,mzspec:GNPS:MULTIPLEX-SYNTHESIS-LIBRARY-ALL-PARTITION-6:accession:CCMSLIB00016281670,0.0,mzspec:MSV000082431:ccms_peak/blanks/Extract_blank_GA1_01_12088.mzML:scan:2290,1,0.86,4,0,MSV000082431,NoID,temp/queries/16/1606b960ecd84a7aae487a7107cadc25/1606b960ecd84a7aae487a7107cadc25.mgf,1,286,924152
5-ASA_phenylpropionic acid,mzspec:GNPS:MULTIPLEX-SYNTHESIS-LIBRARY-ALL-PARTITION-6:accession:CCMSLIB00016281670,0.0,mzspec:MSV000082094:updates/2019-01-10_rhmills_712042dc/raw/Extract_blank_GA1_01_12088.mzXML:scan:2290,1,0.86,4,0,MSV000082094,NoID,temp/queries/16/1606b960ecd84a7aae487a7107cadc25/1606b960ecd84a7aae487a7107cadc25.mgf,1,286,1541097
5-ASA_phenylpropionic acid,mzspec:GNPS:MULTIPLEX-SYNTHESIS-LIBRARY-ALL-PARTITION-6:accession:CCMSLIB00016281670,0.0,mzspec:MSV000082094:updates/2019-01-10_rhmills_712042dc/raw/Extract_blank_GA1_01_12087.mzXML:scan:2294,1,0.85,4,0,MSV000082094,NoID,temp/queries/16/1606b960ecd84a7aae487a7107cadc25/1606b960ecd84a7aae487a7107cadc25.mgf,1,286,1540938
5-ASA_phenylpropionic acid,mzspec:GNPS:MULTIPLEX-SYNTHESIS-LIBRARY-ALL-PARTITION-6:accession:CCMSLIB00016281670,0.0,mzspec:MSV000082094:updates/2019-01-10_rhmills_712042dc/raw/FIT136E3CAL_GA12_01_12054.mzXML:scan:2389,1,0.85,4,0,MSV000082094,NoID,temp/queries/16/1606b960ecd84a7aae487a7107cadc25/1606b960ecd84a7aae487a7107cadc25.mgf,1,286,1541153
5-ASA_phenylpropionic acid,mzspec:GNPS:MULTIPLEX-SYNTHESIS-LIBRARY-ALL-PARTITION-6:accession:CCMSLIB00016281670,0.0,mzspec:MSV000082431:ccms_peak/blanks/Extract_blank_GA1_01_12087.mzML:scan:2294,1,0.85,4,0,MSV000082431,NoID,temp/queries/16/1606b960ecd84a7aae487a7107cadc25/1606b960ecd84a7aae487a7107cadc25.mgf,1,286,924167
5-ASA_phenylpropionic acid,mzspec:GNPS:MULTIPLEX-SYNTHESIS-LIBRARY-ALL-PARTITION-6:accession:CCMSLIB00016281670,0.0,mzspec:MSV000081981:ccms_peak/2017.AmericanGutPhase1.Samples.mzXMLfiles/Samples/000020573_RD1_01_5477.mzML:scan:1493,1,0.84,5,0,MSV000081981,NoID,temp/queries/16/1606b960ecd84a7aae487a7107cadc25/1606b960ecd84a7aae487a7107cadc25.mgf,1,286,1492057
5-ASA_phenylpropionic acid,mzspec:GNPS:MULTIPLEX-SYNTHESIS-LIBRARY-ALL-PARTITION-6:accession:CCMSLIB00016281670,0.0,mzspec:MSV000080673:ccms_peak/2017.AmericanGut3K.mzXMLfiles/Samples/000020573_RD1_01_5477.mzML:scan:1493,1,0.84,5,0,MSV000080673,NoID,temp/queries/16/1606b960ecd84a7aae487a7107cadc25/1606b960ecd84a7aae487a7107cadc25.mgf,1,286,2073068
5-ASA_phenylpropionic acid,mzspec:GNPS:MULTIPLEX-SYNTHESIS-LIBRARY-ALL-PARTITION-6:accession:CCMSLIB00016281670,0.0,mzspec:MSV000084908:ccms_peak/Fecal_mzXML/Plate_01/FIT290E3CAL_BC10_01_51886.mzML:scan:2309,1,0.84,4,0,MSV000084908,NoID,temp/queries/16/1606b960ecd84a7aae487a7107cadc25/1606b960ecd84a7aae487a7107cadc25.mgf,1,286,1120381
5-ASA_phenylpropionic acid,mzspec:GNPS:MULTIPLEX-SYNTHESIS-LIBRARY-ALL-PARTITION-6:accession:CCMSLIB00016281670,0.0,mzspec:MSV000082094:updates/2019-01-10_rhmills_712042dc/raw/FIT069E3CAL_GA1_01_12043.mzXML:scan:2401,1,0.84,4,0,MSV000082094,NoID,temp/queries/16/1606b960ecd84a7aae487a7107cadc25/1606b960ecd84a7aae487a7107cadc25.mgf,1,286,1540949
5-ASA_phenylpropionic acid,mzspec:GNPS:MULTIPLEX-SYNTHESIS-LIBRARY-ALL-PARTITION-6:accession:CCMSLIB00016281670,-0.0,mzspec:MSV000082221:ccms_peak/mzxml_files/samples/PLCL25775.1_BA8_01_28335.mzML:scan:983,1,0.84,2,0,MSV000082221,NoID,temp/queries/16/1606b960ecd84a7aae487a7107cadc25/1606b960ecd84a7aae487a7107cadc25.mgf,1,286,162576
5-ASA_phenylpropionic acid,mzspec:GNPS:MULTIPLEX-SYNTHESIS-LIBRARY-ALL-PARTITION-6:accession:CCMSLIB00016281670,-0.0,mzspec:MSV000096609:peak/NASTE_DOM_40oC_mzML/HIMB_2024_710_C_DOS_T3.mzML:scan:2263,1,0.83,2,0,MSV000096609,NoID,temp/queries/16/1606b960ecd84a7aae487a7107cadc25/1606b960ecd84a7aae487a7107cadc25.mgf,1,286,622528
5-ASA_phenylpropionic acid,mzspec:GNPS:MULTIPLEX-SYNTHESIS-LIBRARY-ALL-PARTITION-6:accession:CCMSLIB00016281670,0.0,mzspec:MSV000082431:ccms_peak/blanks/Extract_blank_GA1_01_12087.mzML:scan:2303,1,0.82,4,0,MSV000082431,NoID,temp/queries/16/1606b960ecd84a7aae487a7107cadc25/1606b960ecd84a7aae487a7107cadc25.mgf,1,286,924168
5-ASA_phenylpropionic acid,mzspec:GNPS:MULTIPLEX-SYNTHESIS-LIBRARY-ALL-PARTITION-6:accession:CCMSLIB00016281670,0.0,mzspec:MSV000082094:updates/2019-01-10_rhmills_712042dc/raw/Extract_blank_GA1_01_12087.mzXML:scan:2303,1,0.82,4,0,MSV000082094,NoID,temp/queries/16/1606b960ecd84a7aae487a7107cadc25/1606b960ecd84a7aae487a7107cadc25.mgf,1,286,1540939
5-ASA_phenylpropionic acid,mzspec:GNPS:MULTIPLEX-SYNTHESIS-LIBRARY-ALL-PARTITION-6:accession:CCMSLIB00016281670,-0.01,mzspec:MSV000084775:ccms_peak/mzXML/Samples/FIT070E3CAL_BA11_01_50107.mzML:scan:2337,1,0.82,2,0,MSV000084775,NoID,temp/queries/16/1606b960ecd84a7aae487a7107cadc25/1606b960ecd84a7aae487a7107cadc25.mgf,1,286,901000
5-ASA_phenylpropionic acid,mzspec:GNPS:MULTIPLEX-SYNTHESIS-LIBRARY-ALL-PARTITION-6:accession:CCMSLIB00016281670,0.0,mzspec:MSV000082094:updates/2019-01-10_rhmills_712042dc/raw/Extract_blank_GA1_01_12086.mzXML:scan:2282,1,0.8,4,0,MSV000082094,NoID,temp/queries/16/1606b960ecd84a7aae487a7107cadc25/1606b960ecd84a7aae487a7107cadc25.mgf,1,286,1541083
5-ASA_phenylpropionic acid,mzspec:GNPS:MULTIPLEX-SYNTHESIS-LIBRARY-ALL-PARTITION-6:accession:CCMSLIB00016281670,-0.01,mzspec:MSV000084775:ccms_peak/mzXML/Samples/FIT290E3CAL_BC10_01_50134.mzML:scan:2312,1,0.8,4,0,MSV000084775,NoID,temp/queries/16/1606b960ecd84a7aae487a7107cadc25/1606b960ecd84a7aae487a7107cadc25.mgf,1,286,900432
5-ASA_phenylpropionic acid,mzspec:GNPS:MULTIPLEX-SYNTHESIS-LIBRARY-ALL-PARTITION-6:accession:CCMSLIB00016281670,0.0,mzspec:MSV000082431:ccms_peak/blanks/Extract_blank_GA1_01_12086.mzML:scan:2282,1,0.8,4,0,MSV000082431,NoID,temp/queries/16/1606b960ecd84a7aae487a7107cadc25/1606b960ecd84a7aae487a7107cadc25.mgf,1,286,924180
5-ASA_phenylpropionic acid,mzspec:GNPS:MULTIPLEX-SYNTHESIS-LIBRARY-ALL-PARTITION-6:accession:CCMSLIB00016281670,0.0,mzspec:MSV000082094:updates/2019-01-10_rhmills_712042dc/raw/FIT069E3CAL_GA1_01_12043.mzXML:scan:2392,1,0.79,3,0,MSV000082094,NoID,temp/queries/16/1606b960ecd84a7aae487a7107cadc25/1606b960ecd84a7aae487a7107cadc25.mgf,1,286,1540948
5-ASA_phenylpropionic acid,mzspec:GNPS:MULTIPLEX-SYNTHESIS-LIBRARY-ALL-PARTITION-6:accession:CCMSLIB00016281670,0.0,mzspec:MSV000082221:ccms_peak/mzxml_files/samples/PLCL23466_BG4_01_28398.mzML:scan:982,1,0.79,2,0,MSV000082221,NoID,temp/queries/16/1606b960ecd84a7aae487a7107cadc25/1606b960ecd84a7aae487a7107cadc25.mgf,1,286,161911
5-ASA_phenylpropionic acid,mzspec:GNPS:MULTIPLEX-SYNTHESIS-LIBRARY-ALL-PARTITION-6:accession:CCMSLIB00016281670,-0.01,mzspec:MSV000084775:ccms_peak/mzXML/Samples/FIT290E3CAL_BC10_01_50134.mzML:scan:2302,1,0.79,3,0,MSV000084775,NoID,temp/queries/16/1606b960ecd84a7aae487a7107cadc25/1606b960ecd84a7aae487a7107cadc25.mgf,1,286,900431
5-ASA_phenylpropionic acid,mzspec:GNPS:MULTIPLEX-SYNTHESIS-LIBRARY-ALL-PARTITION-6:accession:CCMSLIB00016281670,-0.0,mzspec:MSV000088646:ccms_peak/Plate_02_RAW/261852_BL.mzML:scan:1399,1,0.78,3,0,MSV000088646,NoID,temp/queries/16/1606b960ecd84a7aae487a7107cadc25/1606b960ecd84a7aae487a7107cadc25.mgf,1,286,678066
5-ASA_phenylpropionic acid,mzspec:GNPS:MULTIPLEX-SYNTHESIS-LIBRARY-ALL-PARTITION-6:accession:CCMSLIB00016281670,0.0,mzspec:MSV000082094:updates/2019-01-10_rhmills_712042dc/raw/FIT180E3CAL_GA5_01_12047.mzXML:scan:2412,1,0.78,4,0,MSV000082094,NoID,temp/queries/16/1606b960ecd84a7aae487a7107cadc25/1606b960ecd84a7aae487a7107cadc25.mgf,1,286,1541058
5-ASA_phenylpropionic acid,mzspec:GNPS:MULTIPLEX-SYNTHESIS-LIBRARY-ALL-PARTITION-6:accession:CCMSLIB00016281670,0.0,mzspec:MSV000082094:updates/2019-01-10_rhmills_712042dc/raw/FIT180E3CAL_GA5_01_12047.mzXML:scan:2384,1,0.77,4,0,MSV000082094,NoID,temp/queries/16/1606b960ecd84a7aae487a7107cadc25/1606b960ecd84a7aae487a7107cadc25.mgf,1,286,1541057
5-ASA_phenylpropionic acid,mzspec:GNPS:MULTIPLEX-SYNTHESIS-LIBRARY-ALL-PARTITION-6:accession:CCMSLIB00016281670,-0.01,mzspec:MSV000084908:ccms_peak/Fecal_mzXML/Plate_03/FIT254E3CAL_BB7_01_52115.mzML:scan:2308,1,0.77,3,0,MSV000084908,NoID,temp/queries/16/1606b960ecd84a7aae487a7107cadc25/1606b960ecd84a7aae487a7107cadc25.mgf,1,286,1119825
5-ASA_phenylpropionic acid,mzspec:GNPS:MULTIPLEX-SYNTHESIS-LIBRARY-ALL-PARTITION-6:accession:CCMSLIB00016281670,-0.0,mzspec:MSV000082221:ccms_peak/mzxml_files/samples/PLCL22998_RD6_01_28259.mzML:scan:975,1,0.76,2,0,MSV000082221,NoID,temp/queries/16/1606b960ecd84a7aae487a7107cadc25/1606b960ecd84a7aae487a7107cadc25.mgf,1,286,160877
5-ASA_phenylpropionic acid,mzspec:GNPS:MULTIPLEX-SYNTHESIS-LIBRARY-ALL-PARTITION-6:accession:CCMSLIB00016281670,0.0,mzspec:MSV000082431:ccms_peak/blanks/Extract_blank_GA1_01_12088.mzML:scan:2283,1,0.76,3,0,MSV000082431,NoID,temp/queries/16/1606b960ecd84a7aae487a7107cadc25/1606b960ecd84a7aae487a7107cadc25.mgf,1,286,924151
5-ASA_phenylpropionic acid,mzspec:GNPS:MULTIPLEX-SYNTHESIS-LIBRARY-ALL-PARTITION-6:accession:CCMSLIB00016281670,0.0,mzspec:MSV000082094:updates/2019-01-10_rhmills_712042dc/raw/Extract_blank_GA1_01_12088.mzXML:scan:2283,1,0.76,3,0,MSV000082094,NoID,temp/queries/16/1606b960ecd84a7aae487a7107cadc25/1606b960ecd84a7aae487a7107cadc25.mgf,1,286,1541096
5-ASA_phenylpropionic acid,mzspec:GNPS:MULTIPLEX-SYNTHESIS-LIBRARY-ALL-PARTITION-6:accession:CCMSLIB00016281670,-0.0,mzspec:MSV000080050:ccms_peak/mzXML/Sample/Smarr_DF10_BB4_01_20111.mzXML:scan:1335,1,0.75,3,0,MSV000080050,NoID,temp/queries/16/1606b960ecd84a7aae487a7107cadc25/1606b960ecd84a7aae487a7107cadc25.mgf,1,286,439190
5-ASA_phenylpropionic acid,mzspec:GNPS:MULTIPLEX-SYNTHESIS-LIBRARY-ALL-PARTITION-6:accession:CCMSLIB00016281670,-0.0,mzspec:MSV000096609:peak/NASTE_DOM_40oC_mzML/HIMB_2024_710_C_DOS_T3.mzML:scan:2281,1,0.75,2,0,MSV000096609,NoID,temp/queries/16/1606b960ecd84a7aae487a7107cadc25/1606b960ecd84a7aae487a7107cadc25.mgf,1,286,622529
5-ASA_phenylpropionic acid,mzspec:GNPS:MULTIPLEX-SYNTHESIS-LIBRARY-ALL-PARTITION-6:accession:CCMSLIB00016281670,0.02,mzspec:MSV000079778:ccms_peak/Aqueous_mzXML/Samples/Rerun/Smarr_DF10_BB1_01_20315.mzXML:scan:1332,1,0.74,5,0,MSV000079778,NoID,temp/queries/16/1606b960ecd84a7aae487a7107cadc25/1606b960ecd84a7aae487a7107cadc25.mgf,1,286,1124295
5-ASA_phenylpropionic acid,mzspec:GNPS:MULTIPLEX-SYNTHESIS-LIBRARY-ALL-PARTITION-6:accession:CCMSLIB00016281670,-0.0,mzspec:MSV000081981:ccms_peak/2017.AmericanGutPhase1.Samples.mzXMLfiles/Samples/000022252_RB3_01_5119.mzML:scan:1468,1,0.73,3,0,MSV000081981,NoID,temp/queries/16/1606b960ecd84a7aae487a7107cadc25/1606b960ecd84a7aae487a7107cadc25.mgf,1,286,1493816
5-ASA_phenylpropionic acid,mzspec:GNPS:MULTIPLEX-SYNTHESIS-LIBRARY-ALL-PARTITION-6:accession:CCMSLIB00016281670,-0.01,mzspec:MSV000084775:ccms_peak/mzXML/Samples/FIT070E3CAL_BA11_01_50107.mzML:scan:2345,1,0.73,3,0,MSV000084775,NoID,temp/queries/16/1606b960ecd84a7aae487a7107cadc25/1606b960ecd84a7aae487a7107cadc25.mgf,1,286,901001
5-ASA_phenylpropionic acid,mzspec:GNPS:MULTIPLEX-SYNTHESIS-LIBRARY-ALL-PARTITION-6:accession:CCMSLIB00016281670,-0.0,mzspec:MSV000080673:ccms_peak/2017.AmericanGut3K.mzXMLfiles/Samples/000022252_RB3_01_5119.mzML:scan:1468,1,0.73,3,0,MSV000080673,NoID,temp/queries/16/1606b960ecd84a7aae487a7107cadc25/1606b960ecd84a7aae487a7107cadc25.mgf,1,286,2077738
5-ASA_phenylpropionic acid,mzspec:GNPS:MULTIPLEX-SYNTHESIS-LIBRARY-ALL-PARTITION-6:accession:CCMSLIB00016281670,0.0,mzspec:MSV000082094:updates/2019-01-10_rhmills_712042dc/raw/FIT136E3CAL_GA12_01_12054.mzXML:scan:2352,1,0.73,4,0,MSV000082094,NoID,temp/queries/16/1606b960ecd84a7aae487a7107cadc25/1606b960ecd84a7aae487a7107cadc25.mgf,1,286,1541150
5-ASA_phenylpropionic acid,mzspec:GNPS:MULTIPLEX-SYNTHESIS-LIBRARY-ALL-PARTITION-6:accession:CCMSLIB00016281670,0.0,mzspec:MSV000080050:ccms_peak/mzXML/Sample/Smarr_DF10_BB1_01_20108.mzXML:scan:1338,1,0.73,4,0,MSV000080050,NoID,temp/queries/16/1606b960ecd84a7aae487a7107cadc25/1606b960ecd84a7aae487a7107cadc25.mgf,1,286,439528
5-ASA_phenylpropionic acid,mzspec:GNPS:MULTIPLEX-SYNTHESIS-LIBRARY-ALL-PARTITION-6:accession:CCMSLIB00016281670,0.0,mzspec:MSV000082094:updates/2019-01-10_rhmills_712042dc/raw/FIT180E3CAL_GA5_01_12047.mzXML:scan:2423,1,0.72,3,0,MSV000082094,NoID,temp/queries/16/1606b960ecd84a7aae487a7107cadc25/1606b960ecd84a7aae487a7107cadc25.mgf,1,286,1541059
5-ASA_phenylpropionic acid,mzspec:GNPS:MULTIPLEX-SYNTHESIS-LIBRARY-ALL-PARTITION-6:accession:CCMSLIB00016281670,0.0,mzspec:MSV000083353:peak/C18RTshift/C18_F1-3_To-1_GC5_01_19531.mzML:scan:533,1,0.71,3,0,MSV000083353,NoID,temp/queries/16/1606b960ecd84a7aae487a7107cadc25/1606b960ecd84a7aae487a7107cadc25.mgf,1,286,224886
5-ASA_phenylpropionic acid,mzspec:GNPS:MULTIPLEX-SYNTHESIS-LIBRARY-ALL-PARTITION-6:accession:CCMSLIB00016281670,-0.0,mzspec:MSV000084908:ccms_peak/Fecal_mzXML/Plate_01/FIT070E3CAL_BA11_01_51859.mzML:scan:2306,1,0.71,2,0,MSV000084908,NoID,temp/queries/16/1606b960ecd84a7aae487a7107cadc25/1606b960ecd84a7aae487a7107cadc25.mgf,1,286,1120303
5-ASA_phenylpropionic acid,mzspec:GNPS:MULTIPLEX-SYNTHESIS-LIBRARY-ALL-PARTITION-6:accession:CCMSLIB00016281670,0.0,mzspec:MSV000083353:ccms_peak/C18RTshift/C18_F1-3_To-1_GC5_01_19531.mzML:scan:533,1,0.71,3,0,MSV000083353,NoID,temp/queries/16/1606b960ecd84a7aae487a7107cadc25/1606b960ecd84a7aae487a7107cadc25.mgf,1,286,224796
