compound_name,lib_usi,desc,timing
5-ASA_pimelic acid_5-aminosalicylic acid,mzspec:GNPS:MULTIPLEX-SYNTHESIS-LIBRARY-ALL-PARTITION-6:accession:CCMSLIB00016277716,prep,0.0011408329010009766
5-ASA_pimelic acid_5-aminosalicylic acid,mzspec:GNPS:MULTIPLEX-SYNTHESIS-LIBRARY-ALL-PARTITION-6:accession:CCMSLIB00016277716,Search,0.6541054248809814
5-ASA_pimelic acid_5-aminosalicylic acid,mzspec:GNPS:MULTIPLEX-SYNTHESIS-LIBRARY-ALL-PARTITION-6:accession:CCMSLIB00016277716,Parse Query,0.00010156631469726562
5-ASA_pimelic acid_5-aminosalicylic acid,mzspec:GNPS:MULTIPLEX-SYNTHESIS-LIBRARY-ALL-PARTITION-6:accession:CCMSLIB00016277716,Parse Query 2,0.0016074180603027344
5-ASA_pimelic acid_5-aminosalicylic acid,mzspec:GNPS:MULTIPLEX-SYNTHESIS-LIBRARY-ALL-PARTITION-6:accession:CCMSLIB00016277716,Get DB Info,9.846687316894531e-05
5-ASA_pimelic acid_5-aminosalicylic acid,mzspec:GNPS:MULTIPLEX-SYNTHESIS-LIBRARY-ALL-PARTITION-6:accession:CCMSLIB00016277716,Demangle,0.005158901214599609
5-ASA_pimelic acid_5-aminosalicylic acid,mzspec:GNPS:MULTIPLEX-SYNTHESIS-LIBRARY-ALL-PARTITION-6:accession:CCMSLIB00016277716,Group,0.005237579345703125
5-ASA_pimelic acid_5-aminosalicylic acid,mzspec:GNPS:MULTIPLEX-SYNTHESIS-LIBRARY-ALL-PARTITION-6:accession:CCMSLIB00016277716,Enrich datasets,0.012614727020263672
