compound_name,lib_usi,Delta Mass,USI,Charge,Cosine,Matching Peaks,Unit Delta Mass,Dataset,Status,Query Filename,Query Scan,Index UnitPM,Index IdxInUnitPM
5-ASA_pivalamide,mzspec:GNPS:MULTIPLEX-SYNTHESIS-LIBRARY-ALL-PARTITION-6:accession:CCMSLIB00016278914,-0.0,mzspec:MSV000083395:peak/mzML/Fecal1_SPE_100MeOH.mzML:scan:1053,1,0.9,3,0,MSV000083395,NoID,temp/queries/1c/1c5e8e2f8a6440c49e872fbbb8a81e59/1c5e8e2f8a6440c49e872fbbb8a81e59.mgf,1,237,1986369
5-ASA_pivalamide,mzspec:GNPS:MULTIPLEX-SYNTHESIS-LIBRARY-ALL-PARTITION-6:accession:CCMSLIB00016278914,-0.0,mzspec:MSV000084556:ccms_peak/Raw_data/FD028_T2.mzML:scan:599,1,0.88,3,0,MSV000084556,NoID,temp/queries/1c/1c5e8e2f8a6440c49e872fbbb8a81e59/1c5e8e2f8a6440c49e872fbbb8a81e59.mgf,1,237,1896826
5-ASA_pivalamide,mzspec:GNPS:MULTIPLEX-SYNTHESIS-LIBRARY-ALL-PARTITION-6:accession:CCMSLIB00016278914,-0.0,mzspec:MSV000082045:ccms_peak/HMP/Samples/Aerobic_TSB_630_BB8_01_22877.mzML:scan:586,1,0.87,4,0,MSV000082045,NoID,temp/queries/1c/1c5e8e2f8a6440c49e872fbbb8a81e59/1c5e8e2f8a6440c49e872fbbb8a81e59.mgf,1,237,1847752
5-ASA_pivalamide,mzspec:GNPS:MULTIPLEX-SYNTHESIS-LIBRARY-ALL-PARTITION-6:accession:CCMSLIB00016278914,0.0,mzspec:MSV000082045:ccms_peak/HMP/Samples/Aerobic_BHI_630_BB8_01_22692.mzML:scan:611,1,0.87,4,0,MSV000082045,NoID,temp/queries/1c/1c5e8e2f8a6440c49e872fbbb8a81e59/1c5e8e2f8a6440c49e872fbbb8a81e59.mgf,1,237,1847326
5-ASA_pivalamide,mzspec:GNPS:MULTIPLEX-SYNTHESIS-LIBRARY-ALL-PARTITION-6:accession:CCMSLIB00016278914,0.0,mzspec:MSV000081351:ccms_peak/mzXML_Files/Rhee_3/39051.mzXML:scan:534,1,0.86,2,0,MSV000081351,NoID,temp/queries/1c/1c5e8e2f8a6440c49e872fbbb8a81e59/1c5e8e2f8a6440c49e872fbbb8a81e59.mgf,1,237,2393047
5-ASA_pivalamide,mzspec:GNPS:MULTIPLEX-SYNTHESIS-LIBRARY-ALL-PARTITION-6:accession:CCMSLIB00016278914,0.0,mzspec:MSV000082045:ccms_peak/HMP/Samples/Aerobic_RCM_622_RB2_01_22777.mzML:scan:573,1,0.86,3,0,MSV000082045,NoID,temp/queries/1c/1c5e8e2f8a6440c49e872fbbb8a81e59/1c5e8e2f8a6440c49e872fbbb8a81e59.mgf,1,237,1847415
5-ASA_pivalamide,mzspec:GNPS:MULTIPLEX-SYNTHESIS-LIBRARY-ALL-PARTITION-6:accession:CCMSLIB00016278914,-0.0,mzspec:MSV000082045:ccms_peak/HMP/Samples/Aerobic_TSB_630_BB8_01_22877.mzML:scan:603,1,0.85,3,0,MSV000082045,NoID,temp/queries/1c/1c5e8e2f8a6440c49e872fbbb8a81e59/1c5e8e2f8a6440c49e872fbbb8a81e59.mgf,1,237,1847755
5-ASA_pivalamide,mzspec:GNPS:MULTIPLEX-SYNTHESIS-LIBRARY-ALL-PARTITION-6:accession:CCMSLIB00016278914,-0.0,mzspec:MSV000081351:ccms_peak/mzXML_Files/Rhee_3/38869.mzXML:scan:584,1,0.85,2,0,MSV000081351,NoID,temp/queries/1c/1c5e8e2f8a6440c49e872fbbb8a81e59/1c5e8e2f8a6440c49e872fbbb8a81e59.mgf,1,237,2392883
5-ASA_pivalamide,mzspec:GNPS:MULTIPLEX-SYNTHESIS-LIBRARY-ALL-PARTITION-6:accession:CCMSLIB00016278914,-0.0,mzspec:MSV000082045:ccms_peak/HMP/Samples/Aerobic_TSB_630_BB8_01_22877.mzML:scan:597,1,0.85,3,0,MSV000082045,NoID,temp/queries/1c/1c5e8e2f8a6440c49e872fbbb8a81e59/1c5e8e2f8a6440c49e872fbbb8a81e59.mgf,1,237,1847754
5-ASA_pivalamide,mzspec:GNPS:MULTIPLEX-SYNTHESIS-LIBRARY-ALL-PARTITION-6:accession:CCMSLIB00016278914,0.0,mzspec:MSV000082045:ccms_peak/HMP/Samples/Aerobic_RCM_622_RB2_01_22777.mzML:scan:586,1,0.84,3,0,MSV000082045,NoID,temp/queries/1c/1c5e8e2f8a6440c49e872fbbb8a81e59/1c5e8e2f8a6440c49e872fbbb8a81e59.mgf,1,237,1847417
5-ASA_pivalamide,mzspec:GNPS:MULTIPLEX-SYNTHESIS-LIBRARY-ALL-PARTITION-6:accession:CCMSLIB00016278914,-0.0,mzspec:MSV000082045:ccms_peak/HMP/Samples/Aerobic_TSB_630_BB8_01_22877.mzML:scan:592,1,0.84,3,0,MSV000082045,NoID,temp/queries/1c/1c5e8e2f8a6440c49e872fbbb8a81e59/1c5e8e2f8a6440c49e872fbbb8a81e59.mgf,1,237,1847753
5-ASA_pivalamide,mzspec:GNPS:MULTIPLEX-SYNTHESIS-LIBRARY-ALL-PARTITION-6:accession:CCMSLIB00016278914,0.0,mzspec:MSV000082045:ccms_peak/HMP/Samples/Aerobic_RCM_622_RB2_01_22777.mzML:scan:579,1,0.82,2,0,MSV000082045,NoID,temp/queries/1c/1c5e8e2f8a6440c49e872fbbb8a81e59/1c5e8e2f8a6440c49e872fbbb8a81e59.mgf,1,237,1847416
5-ASA_pivalamide,mzspec:GNPS:MULTIPLEX-SYNTHESIS-LIBRARY-ALL-PARTITION-6:accession:CCMSLIB00016278914,-0.0,mzspec:MSV000081351:ccms_peak/mzXML_Files/Rhee_1/39120.mzXML:scan:582,1,0.81,2,0,MSV000081351,NoID,temp/queries/1c/1c5e8e2f8a6440c49e872fbbb8a81e59/1c5e8e2f8a6440c49e872fbbb8a81e59.mgf,1,237,2393251
5-ASA_pivalamide,mzspec:GNPS:MULTIPLEX-SYNTHESIS-LIBRARY-ALL-PARTITION-6:accession:CCMSLIB00016278914,0.0,mzspec:MSV000081777:ccms_peak/Samples/Plate2_66626_RD5_01_22035.mzML:scan:583,1,0.81,3,0,MSV000081777,NoID,temp/queries/1c/1c5e8e2f8a6440c49e872fbbb8a81e59/1c5e8e2f8a6440c49e872fbbb8a81e59.mgf,1,237,449449
5-ASA_pivalamide,mzspec:GNPS:MULTIPLEX-SYNTHESIS-LIBRARY-ALL-PARTITION-6:accession:CCMSLIB00016278914,-0.0,mzspec:MSV000081777:ccms_peak/Samples/Plate2_66626_RD5_01_22035.mzML:scan:565,1,0.81,3,0,MSV000081777,NoID,temp/queries/1c/1c5e8e2f8a6440c49e872fbbb8a81e59/1c5e8e2f8a6440c49e872fbbb8a81e59.mgf,1,237,449447
5-ASA_pivalamide,mzspec:GNPS:MULTIPLEX-SYNTHESIS-LIBRARY-ALL-PARTITION-6:accession:CCMSLIB00016278914,0.0,mzspec:MSV000081777:ccms_peak/Samples/Plate2_66626_RD5_01_22035.mzML:scan:577,1,0.81,3,0,MSV000081777,NoID,temp/queries/1c/1c5e8e2f8a6440c49e872fbbb8a81e59/1c5e8e2f8a6440c49e872fbbb8a81e59.mgf,1,237,449448
5-ASA_pivalamide,mzspec:GNPS:MULTIPLEX-SYNTHESIS-LIBRARY-ALL-PARTITION-6:accession:CCMSLIB00016278914,-0.0,mzspec:MSV000092652:peak/Hypo_2_Mouse_mzML/ME_C5_B3.mzML:scan:595,1,0.8,2,0,MSV000092652,NoID,temp/queries/1c/1c5e8e2f8a6440c49e872fbbb8a81e59/1c5e8e2f8a6440c49e872fbbb8a81e59.mgf,1,237,1231666
5-ASA_pivalamide,mzspec:GNPS:MULTIPLEX-SYNTHESIS-LIBRARY-ALL-PARTITION-6:accession:CCMSLIB00016278914,-0.0,mzspec:MSV000091789:peak/Samples_mzML/Hypo_2_Mouse_mzML/ME_C5_B3.mzML:scan:595,1,0.8,2,0,MSV000091789,NoID,temp/queries/1c/1c5e8e2f8a6440c49e872fbbb8a81e59/1c5e8e2f8a6440c49e872fbbb8a81e59.mgf,1,237,2249600
5-ASA_pivalamide,mzspec:GNPS:MULTIPLEX-SYNTHESIS-LIBRARY-ALL-PARTITION-6:accession:CCMSLIB00016278914,-0.0,mzspec:MSV000091789:ccms_peak/Samples_raw/Hypo_2_Mouse/ME_C5_B3.mzML:scan:595,1,0.8,2,0,MSV000091789,NoID,temp/queries/1c/1c5e8e2f8a6440c49e872fbbb8a81e59/1c5e8e2f8a6440c49e872fbbb8a81e59.mgf,1,237,2248680
5-ASA_pivalamide,mzspec:GNPS:MULTIPLEX-SYNTHESIS-LIBRARY-ALL-PARTITION-6:accession:CCMSLIB00016278914,-0.0,mzspec:MSV000081351:ccms_peak/mzXML_Files/Rhee_1/38846.mzXML:scan:595,1,0.8,2,0,MSV000081351,NoID,temp/queries/1c/1c5e8e2f8a6440c49e872fbbb8a81e59/1c5e8e2f8a6440c49e872fbbb8a81e59.mgf,1,237,2392920
5-ASA_pivalamide,mzspec:GNPS:MULTIPLEX-SYNTHESIS-LIBRARY-ALL-PARTITION-6:accession:CCMSLIB00016278914,-0.0,mzspec:MSV000081351:ccms_peak/mzXML_Files/Rhee_2/38949.mzXML:scan:562,1,0.79,2,0,MSV000081351,NoID,temp/queries/1c/1c5e8e2f8a6440c49e872fbbb8a81e59/1c5e8e2f8a6440c49e872fbbb8a81e59.mgf,1,237,2393257
5-ASA_pivalamide,mzspec:GNPS:MULTIPLEX-SYNTHESIS-LIBRARY-ALL-PARTITION-6:accession:CCMSLIB00016278914,-0.0,mzspec:MSV000091520:peak/Samples_mzML/22HM6685.mzML:scan:534,1,0.79,3,0,MSV000091520,NoID,temp/queries/1c/1c5e8e2f8a6440c49e872fbbb8a81e59/1c5e8e2f8a6440c49e872fbbb8a81e59.mgf,1,237,1574940
5-ASA_pivalamide,mzspec:GNPS:MULTIPLEX-SYNTHESIS-LIBRARY-ALL-PARTITION-6:accession:CCMSLIB00016278914,-0.0,mzspec:MSV000091520:ccms_peak/Samples/22HM6685.mzML:scan:534,1,0.79,3,0,MSV000091520,NoID,temp/queries/1c/1c5e8e2f8a6440c49e872fbbb8a81e59/1c5e8e2f8a6440c49e872fbbb8a81e59.mgf,1,237,1605191
5-ASA_pivalamide,mzspec:GNPS:MULTIPLEX-SYNTHESIS-LIBRARY-ALL-PARTITION-6:accession:CCMSLIB00016278914,-0.0,mzspec:MSV000090553:peak/20211006_UMETAB222_POS_11_DNPM_Plate-11_NBC_01069_rep1.mzML:scan:1031,1,0.78,3,0,MSV000090553,NoID,temp/queries/1c/1c5e8e2f8a6440c49e872fbbb8a81e59/1c5e8e2f8a6440c49e872fbbb8a81e59.mgf,1,237,1397233
5-ASA_pivalamide,mzspec:GNPS:MULTIPLEX-SYNTHESIS-LIBRARY-ALL-PARTITION-6:accession:CCMSLIB00016278914,0.0,mzspec:MSV000082045:ccms_peak/HMP/Samples/Aerobic_RCM_622_RB2_01_22777.mzML:scan:569,1,0.77,2,0,MSV000082045,NoID,temp/queries/1c/1c5e8e2f8a6440c49e872fbbb8a81e59/1c5e8e2f8a6440c49e872fbbb8a81e59.mgf,1,237,1847414
5-ASA_pivalamide,mzspec:GNPS:MULTIPLEX-SYNTHESIS-LIBRARY-ALL-PARTITION-6:accession:CCMSLIB00016278914,-0.0,mzspec:MSV000080922:ccms_peak/mzXML/Plate A/Samples/Cave_Bacteria_Plate1_RH10_01_19450.mzXML:scan:338,1,0.77,4,0,MSV000080922,NoID,temp/queries/1c/1c5e8e2f8a6440c49e872fbbb8a81e59/1c5e8e2f8a6440c49e872fbbb8a81e59.mgf,1,237,2087598
5-ASA_pivalamide,mzspec:GNPS:MULTIPLEX-SYNTHESIS-LIBRARY-ALL-PARTITION-6:accession:CCMSLIB00016278914,-0.0,mzspec:MSV000081777:ccms_peak/Samples/Plate2_66626_RD5_01_22035.mzML:scan:559,1,0.76,3,0,MSV000081777,NoID,temp/queries/1c/1c5e8e2f8a6440c49e872fbbb8a81e59/1c5e8e2f8a6440c49e872fbbb8a81e59.mgf,1,237,449446
5-ASA_pivalamide,mzspec:GNPS:MULTIPLEX-SYNTHESIS-LIBRARY-ALL-PARTITION-6:accession:CCMSLIB00016278914,-0.0,mzspec:MSV000082045:ccms_peak/HMP/Samples/Aerobic_BHI_630_BB8_01_22692.mzML:scan:599,1,0.76,2,0,MSV000082045,NoID,temp/queries/1c/1c5e8e2f8a6440c49e872fbbb8a81e59/1c5e8e2f8a6440c49e872fbbb8a81e59.mgf,1,237,1847324
5-ASA_pivalamide,mzspec:GNPS:MULTIPLEX-SYNTHESIS-LIBRARY-ALL-PARTITION-6:accession:CCMSLIB00016278914,-0.0,mzspec:MSV000098055:peak/mzML/10460.mzML:scan:1003,1,0.76,2,0,MSV000098055,NoID,temp/queries/1c/1c5e8e2f8a6440c49e872fbbb8a81e59/1c5e8e2f8a6440c49e872fbbb8a81e59.mgf,1,237,1473392
5-ASA_pivalamide,mzspec:GNPS:MULTIPLEX-SYNTHESIS-LIBRARY-ALL-PARTITION-6:accession:CCMSLIB00016278914,0.0,mzspec:MSV000081777:ccms_peak/Samples/Plate2_66626_RD5_01_22035.mzML:scan:587,1,0.76,2,0,MSV000081777,NoID,temp/queries/1c/1c5e8e2f8a6440c49e872fbbb8a81e59/1c5e8e2f8a6440c49e872fbbb8a81e59.mgf,1,237,449450
5-ASA_pivalamide,mzspec:GNPS:MULTIPLEX-SYNTHESIS-LIBRARY-ALL-PARTITION-6:accession:CCMSLIB00016278914,0.0,mzspec:MSV000082045:ccms_peak/HMP/Samples/Aerobic_BHI_630_BB8_01_22692.mzML:scan:604,1,0.75,3,0,MSV000082045,NoID,temp/queries/1c/1c5e8e2f8a6440c49e872fbbb8a81e59/1c5e8e2f8a6440c49e872fbbb8a81e59.mgf,1,237,1847325
5-ASA_pivalamide,mzspec:GNPS:MULTIPLEX-SYNTHESIS-LIBRARY-ALL-PARTITION-6:accession:CCMSLIB00016278914,-0.0,mzspec:MSV000082045:ccms_peak/HMP/Samples/Aerobic_TSB_630_BB8_01_22877.mzML:scan:610,1,0.75,3,0,MSV000082045,NoID,temp/queries/1c/1c5e8e2f8a6440c49e872fbbb8a81e59/1c5e8e2f8a6440c49e872fbbb8a81e59.mgf,1,237,1847756
5-ASA_pivalamide,mzspec:GNPS:MULTIPLEX-SYNTHESIS-LIBRARY-ALL-PARTITION-6:accession:CCMSLIB00016278914,-0.0,mzspec:MSV000080922:ccms_peak/mzXML/Plate A/Samples/Cave_Bacteria_Plate1_RH10_01_19450.mzXML:scan:341,1,0.75,3,0,MSV000080922,NoID,temp/queries/1c/1c5e8e2f8a6440c49e872fbbb8a81e59/1c5e8e2f8a6440c49e872fbbb8a81e59.mgf,1,237,2087599
5-ASA_pivalamide,mzspec:GNPS:MULTIPLEX-SYNTHESIS-LIBRARY-ALL-PARTITION-6:accession:CCMSLIB00016278914,-0.0,mzspec:MSV000080922:ccms_peak/mzXML/Plate A/Samples/Cave_Bacteria_Plate1_RC5_01_19363.mzXML:scan:377,1,0.75,3,0,MSV000080922,NoID,temp/queries/1c/1c5e8e2f8a6440c49e872fbbb8a81e59/1c5e8e2f8a6440c49e872fbbb8a81e59.mgf,1,237,2086831
5-ASA_pivalamide,mzspec:GNPS:MULTIPLEX-SYNTHESIS-LIBRARY-ALL-PARTITION-6:accession:CCMSLIB00016278914,-0.0,mzspec:MSV000080922:ccms_peak/mzXML/Plate A/Samples/Cave_Bacteria_Plate1_RC5_01_19363.mzXML:scan:371,1,0.75,3,0,MSV000080922,NoID,temp/queries/1c/1c5e8e2f8a6440c49e872fbbb8a81e59/1c5e8e2f8a6440c49e872fbbb8a81e59.mgf,1,237,2086830
5-ASA_pivalamide,mzspec:GNPS:MULTIPLEX-SYNTHESIS-LIBRARY-ALL-PARTITION-6:accession:CCMSLIB00016278914,0.01,mzspec:MSV000086012:ccms_peak/mzxml_p1/data/RRC/RRC_33_22_RA2_01_56159.mzML:scan:105,1,0.74,2,0,MSV000086012,NoID,temp/queries/1c/1c5e8e2f8a6440c49e872fbbb8a81e59/1c5e8e2f8a6440c49e872fbbb8a81e59.mgf,1,237,2038220
5-ASA_pivalamide,mzspec:GNPS:MULTIPLEX-SYNTHESIS-LIBRARY-ALL-PARTITION-6:accession:CCMSLIB00016278914,0.0,mzspec:MSV000082667:ccms_peak/Sputum/CF66_1_1_17_GG12_01_3511.mzML:scan:481,1,0.74,2,0,MSV000082667,NoID,temp/queries/1c/1c5e8e2f8a6440c49e872fbbb8a81e59/1c5e8e2f8a6440c49e872fbbb8a81e59.mgf,1,237,1992680
5-ASA_pivalamide,mzspec:GNPS:MULTIPLEX-SYNTHESIS-LIBRARY-ALL-PARTITION-6:accession:CCMSLIB00016278914,0.0,mzspec:MSV000080922:ccms_peak/mzXML/Plate B/Samples/Cave_Bacteria_Plate2_BD2_01_19506.mzXML:scan:342,1,0.73,3,0,MSV000080922,NoID,temp/queries/1c/1c5e8e2f8a6440c49e872fbbb8a81e59/1c5e8e2f8a6440c49e872fbbb8a81e59.mgf,1,237,2086937
5-ASA_pivalamide,mzspec:GNPS:MULTIPLEX-SYNTHESIS-LIBRARY-ALL-PARTITION-6:accession:CCMSLIB00016278914,0.0,mzspec:MSV000095423:updates/2024-07-24_helenamrusso_d8d86449/peak/LC1_5to100/HNRC_P3_D9_Sample_X3157299.mzML:scan:1490,1,0.73,2,0,MSV000095423,NoID,temp/queries/1c/1c5e8e2f8a6440c49e872fbbb8a81e59/1c5e8e2f8a6440c49e872fbbb8a81e59.mgf,1,237,976297
5-ASA_pivalamide,mzspec:GNPS:MULTIPLEX-SYNTHESIS-LIBRARY-ALL-PARTITION-6:accession:CCMSLIB00016278914,0.0,mzspec:MSV000080922:ccms_peak/mzXML/Plate A/Samples/Cave_Bacteria_Plate1_RE11_01_19403.mzXML:scan:358,1,0.73,3,0,MSV000080922,NoID,temp/queries/1c/1c5e8e2f8a6440c49e872fbbb8a81e59/1c5e8e2f8a6440c49e872fbbb8a81e59.mgf,1,237,2087377
5-ASA_pivalamide,mzspec:GNPS:MULTIPLEX-SYNTHESIS-LIBRARY-ALL-PARTITION-6:accession:CCMSLIB00016278914,-0.0,mzspec:MSV000081351:ccms_peak/mzXML_Files/Rhee_4/39139.mzXML:scan:586,1,0.73,2,0,MSV000081351,NoID,temp/queries/1c/1c5e8e2f8a6440c49e872fbbb8a81e59/1c5e8e2f8a6440c49e872fbbb8a81e59.mgf,1,237,2393162
5-ASA_pivalamide,mzspec:GNPS:MULTIPLEX-SYNTHESIS-LIBRARY-ALL-PARTITION-6:accession:CCMSLIB00016278914,0.01,mzspec:MSV000084908:ccms_peak/Fecal_mzXML/Plate_01/FIT070E3CAL_BA11_01_51859.mzML:scan:2048,1,0.72,2,0,MSV000084908,NoID,temp/queries/1c/1c5e8e2f8a6440c49e872fbbb8a81e59/1c5e8e2f8a6440c49e872fbbb8a81e59.mgf,1,237,1435138
5-ASA_pivalamide,mzspec:GNPS:MULTIPLEX-SYNTHESIS-LIBRARY-ALL-PARTITION-6:accession:CCMSLIB00016278914,-0.0,mzspec:MSV000098055:peak/mzML/18015.mzML:scan:951,1,0.72,3,0,MSV000098055,NoID,temp/queries/1c/1c5e8e2f8a6440c49e872fbbb8a81e59/1c5e8e2f8a6440c49e872fbbb8a81e59.mgf,1,237,1469896
5-ASA_pivalamide,mzspec:GNPS:MULTIPLEX-SYNTHESIS-LIBRARY-ALL-PARTITION-6:accession:CCMSLIB00016278914,-0.0,mzspec:MSV000080922:ccms_peak/mzXML/Plate B/Samples/Cave_Bacteria_Plate2_BD10_01_19514.mzXML:scan:351,1,0.72,3,0,MSV000080922,NoID,temp/queries/1c/1c5e8e2f8a6440c49e872fbbb8a81e59/1c5e8e2f8a6440c49e872fbbb8a81e59.mgf,1,237,2086992
5-ASA_pivalamide,mzspec:GNPS:MULTIPLEX-SYNTHESIS-LIBRARY-ALL-PARTITION-6:accession:CCMSLIB00016278914,-0.0,mzspec:MSV000098055:peak/mzML/48313.mzML:scan:1074,1,0.72,2,0,MSV000098055,NoID,temp/queries/1c/1c5e8e2f8a6440c49e872fbbb8a81e59/1c5e8e2f8a6440c49e872fbbb8a81e59.mgf,1,237,1471876
5-ASA_pivalamide,mzspec:GNPS:MULTIPLEX-SYNTHESIS-LIBRARY-ALL-PARTITION-6:accession:CCMSLIB00016278914,-0.0,mzspec:MSV000098055:peak/mzML/31107.mzML:scan:1009,1,0.72,2,0,MSV000098055,NoID,temp/queries/1c/1c5e8e2f8a6440c49e872fbbb8a81e59/1c5e8e2f8a6440c49e872fbbb8a81e59.mgf,1,237,1472678
5-ASA_pivalamide,mzspec:GNPS:MULTIPLEX-SYNTHESIS-LIBRARY-ALL-PARTITION-6:accession:CCMSLIB00016278914,-0.0,mzspec:MSV000098055:peak/mzML/10460.mzML:scan:1022,1,0.72,2,0,MSV000098055,NoID,temp/queries/1c/1c5e8e2f8a6440c49e872fbbb8a81e59/1c5e8e2f8a6440c49e872fbbb8a81e59.mgf,1,237,1473393
5-ASA_pivalamide,mzspec:GNPS:MULTIPLEX-SYNTHESIS-LIBRARY-ALL-PARTITION-6:accession:CCMSLIB00016278914,-0.0,mzspec:MSV000080922:ccms_peak/mzXML/Plate A/Samples/Cave_Bacteria_Plate1_RC5_01_19363.mzXML:scan:355,1,0.72,3,0,MSV000080922,NoID,temp/queries/1c/1c5e8e2f8a6440c49e872fbbb8a81e59/1c5e8e2f8a6440c49e872fbbb8a81e59.mgf,1,237,2086829
5-ASA_pivalamide,mzspec:GNPS:MULTIPLEX-SYNTHESIS-LIBRARY-ALL-PARTITION-6:accession:CCMSLIB00016278914,-0.0,mzspec:MSV000098055:peak/mzML/30128.mzML:scan:900,1,0.71,2,0,MSV000098055,NoID,temp/queries/1c/1c5e8e2f8a6440c49e872fbbb8a81e59/1c5e8e2f8a6440c49e872fbbb8a81e59.mgf,1,237,1471884
5-ASA_pivalamide,mzspec:GNPS:MULTIPLEX-SYNTHESIS-LIBRARY-ALL-PARTITION-6:accession:CCMSLIB00016278914,-0.02,mzspec:MSV000080397:ccms_peak/Mix/MIX_RA1_01_31852.mzML:scan:2082,1,0.71,2,0,MSV000080397,NoID,temp/queries/1c/1c5e8e2f8a6440c49e872fbbb8a81e59/1c5e8e2f8a6440c49e872fbbb8a81e59.mgf,1,237,1202360
5-ASA_pivalamide,mzspec:GNPS:MULTIPLEX-SYNTHESIS-LIBRARY-ALL-PARTITION-6:accession:CCMSLIB00016278914,-0.0,mzspec:MSV000098055:peak/mzML/18516.mzML:scan:1012,1,0.71,2,0,MSV000098055,NoID,temp/queries/1c/1c5e8e2f8a6440c49e872fbbb8a81e59/1c5e8e2f8a6440c49e872fbbb8a81e59.mgf,1,237,1472708
5-ASA_pivalamide,mzspec:GNPS:MULTIPLEX-SYNTHESIS-LIBRARY-ALL-PARTITION-6:accession:CCMSLIB00016278914,-0.0,mzspec:MSV000080922:ccms_peak/mzXML/Plate B/Samples/Cave_Bacteria_Plate2_BD2_01_19506.mzXML:scan:357,1,0.71,3,0,MSV000080922,NoID,temp/queries/1c/1c5e8e2f8a6440c49e872fbbb8a81e59/1c5e8e2f8a6440c49e872fbbb8a81e59.mgf,1,237,2086939
5-ASA_pivalamide,mzspec:GNPS:MULTIPLEX-SYNTHESIS-LIBRARY-ALL-PARTITION-6:accession:CCMSLIB00016278914,0.01,mzspec:MSV000086012:ccms_peak/mzxml_p2/data/RRC/RRC_30_54_BE5_01_56326.mzML:scan:102,1,0.71,2,0,MSV000086012,NoID,temp/queries/1c/1c5e8e2f8a6440c49e872fbbb8a81e59/1c5e8e2f8a6440c49e872fbbb8a81e59.mgf,1,237,2034318
5-ASA_pivalamide,mzspec:GNPS:MULTIPLEX-SYNTHESIS-LIBRARY-ALL-PARTITION-6:accession:CCMSLIB00016278914,-0.0,mzspec:MSV000096694:peak/Pierce_ASD_Mzml/P1_A6_364419235.mzML:scan:1617,1,0.7,2,0,MSV000096694,NoID,temp/queries/1c/1c5e8e2f8a6440c49e872fbbb8a81e59/1c5e8e2f8a6440c49e872fbbb8a81e59.mgf,1,237,1869965
