compound_name,lib_usi,desc,timing
5-ASA_pyrimidine-2-carboxylic-acid,mzspec:GNPS:MULTIPLEX-SYNTHESIS-LIBRARY-ALL-PARTITION-6:accession:CCMSLIB00016279552,prep,0.0006880760192871094
5-ASA_pyrimidine-2-carboxylic-acid,mzspec:GNPS:MULTIPLEX-SYNTHESIS-LIBRARY-ALL-PARTITION-6:accession:CCMSLIB00016279552,Search,0.7181665897369385
5-ASA_pyrimidine-2-carboxylic-acid,mzspec:GNPS:MULTIPLEX-SYNTHESIS-LIBRARY-ALL-PARTITION-6:accession:CCMSLIB00016279552,Parse Query,0.00010251998901367188
5-ASA_pyrimidine-2-carboxylic-acid,mzspec:GNPS:MULTIPLEX-SYNTHESIS-LIBRARY-ALL-PARTITION-6:accession:CCMSLIB00016279552,Parse Query 2,0.0014717578887939453
5-ASA_pyrimidine-2-carboxylic-acid,mzspec:GNPS:MULTIPLEX-SYNTHESIS-LIBRARY-ALL-PARTITION-6:accession:CCMSLIB00016279552,Get DB Info,8.893013000488281e-05
5-ASA_pyrimidine-2-carboxylic-acid,mzspec:GNPS:MULTIPLEX-SYNTHESIS-LIBRARY-ALL-PARTITION-6:accession:CCMSLIB00016279552,Demangle,0.005141258239746094
5-ASA_pyrimidine-2-carboxylic-acid,mzspec:GNPS:MULTIPLEX-SYNTHESIS-LIBRARY-ALL-PARTITION-6:accession:CCMSLIB00016279552,Group,0.004935026168823242
5-ASA_pyrimidine-2-carboxylic-acid,mzspec:GNPS:MULTIPLEX-SYNTHESIS-LIBRARY-ALL-PARTITION-6:accession:CCMSLIB00016279552,Enrich datasets,0.012522697448730469
