compound_name,lib_usi,desc,timing
5-ASA_quercetin,mzspec:GNPS:MULTIPLEX-SYNTHESIS-LIBRARY-ALL-PARTITION-6:accession:CCMSLIB00016278732,prep,0.0005862712860107422
5-ASA_quercetin,mzspec:GNPS:MULTIPLEX-SYNTHESIS-LIBRARY-ALL-PARTITION-6:accession:CCMSLIB00016278732,Search,0.6568145751953125
5-ASA_quercetin,mzspec:GNPS:MULTIPLEX-SYNTHESIS-LIBRARY-ALL-PARTITION-6:accession:CCMSLIB00016278732,Parse Query,9.012222290039062e-05
5-ASA_quercetin,mzspec:GNPS:MULTIPLEX-SYNTHESIS-LIBRARY-ALL-PARTITION-6:accession:CCMSLIB00016278732,Parse Query 2,0.0012164115905761719
5-ASA_quercetin,mzspec:GNPS:MULTIPLEX-SYNTHESIS-LIBRARY-ALL-PARTITION-6:accession:CCMSLIB00016278732,Get DB Info,8.702278137207031e-05
5-ASA_quercetin,mzspec:GNPS:MULTIPLEX-SYNTHESIS-LIBRARY-ALL-PARTITION-6:accession:CCMSLIB00016278732,Demangle,0.004735231399536133
5-ASA_quercetin,mzspec:GNPS:MULTIPLEX-SYNTHESIS-LIBRARY-ALL-PARTITION-6:accession:CCMSLIB00016278732,Group,0.0048999786376953125
5-ASA_quercetin,mzspec:GNPS:MULTIPLEX-SYNTHESIS-LIBRARY-ALL-PARTITION-6:accession:CCMSLIB00016278732,Enrich datasets,0.0107879638671875
