compound_name,lib_usi,Delta Mass,USI,Charge,Cosine,Matching Peaks,Unit Delta Mass,Dataset,Status,Query Filename,Query Scan,Index UnitPM,Index IdxInUnitPM
5-ASA_quinaldic-acid,mzspec:GNPS:MULTIPLEX-SYNTHESIS-LIBRARY-ALL-PARTITION-6:accession:CCMSLIB00016279426,-0.02,mzspec:MSV000095296:ccms_peak/negative_T42d/D014C.mzML:scan:4294967295,1,0.86,3,0,MSV000095296,NoID,temp/queries/52/52caad22dd0649c49b47cc5f778594fc/52caad22dd0649c49b47cc5f778594fc.mgf,1,309,1681469
5-ASA_quinaldic-acid,mzspec:GNPS:MULTIPLEX-SYNTHESIS-LIBRARY-ALL-PARTITION-6:accession:CCMSLIB00016279426,-0.01,mzspec:MTBLS9001:FILES/07252022_132_20220727180844.mzXML:scan:5416,1,0.79,1,0,MTBLS9001,NoID,temp/queries/52/52caad22dd0649c49b47cc5f778594fc/52caad22dd0649c49b47cc5f778594fc.mgf,1,309,3643921
5-ASA_quinaldic-acid,mzspec:GNPS:MULTIPLEX-SYNTHESIS-LIBRARY-ALL-PARTITION-6:accession:CCMSLIB00016279426,-0.01,mzspec:MTBLS7713:FILES/DERIVED_FILES/NEG/SAR-R-3-NEG.mzML:scan:4294967295,1,0.79,2,0,MTBLS7713,NoID,temp/queries/52/52caad22dd0649c49b47cc5f778594fc/52caad22dd0649c49b47cc5f778594fc.mgf,1,309,3765087
5-ASA_quinaldic-acid,mzspec:GNPS:MULTIPLEX-SYNTHESIS-LIBRARY-ALL-PARTITION-6:accession:CCMSLIB00016279426,-0.01,mzspec:MTBLS9001:FILES/07252022_132_20220727180844.mzXML:scan:5408,1,0.79,1,0,MTBLS9001,NoID,temp/queries/52/52caad22dd0649c49b47cc5f778594fc/52caad22dd0649c49b47cc5f778594fc.mgf,1,309,3643919
5-ASA_quinaldic-acid,mzspec:GNPS:MULTIPLEX-SYNTHESIS-LIBRARY-ALL-PARTITION-6:accession:CCMSLIB00016279426,-0.01,mzspec:ST001709:Data/mzXML/Sample_40___neg.mzXML:scan:1245,1,0.78,2,0,ST001709,NoID,temp/queries/52/52caad22dd0649c49b47cc5f778594fc/52caad22dd0649c49b47cc5f778594fc.mgf,1,309,3442501
5-ASA_quinaldic-acid,mzspec:GNPS:MULTIPLEX-SYNTHESIS-LIBRARY-ALL-PARTITION-6:accession:CCMSLIB00016279426,-0.01,mzspec:ST001709:Data/mzXML/Sample_41___neg.mzXML:scan:1269,1,0.78,2,0,ST001709,NoID,temp/queries/52/52caad22dd0649c49b47cc5f778594fc/52caad22dd0649c49b47cc5f778594fc.mgf,1,309,3442422
5-ASA_quinaldic-acid,mzspec:GNPS:MULTIPLEX-SYNTHESIS-LIBRARY-ALL-PARTITION-6:accession:CCMSLIB00016279426,-0.01,mzspec:ST001709:Data/mzXML/Sample_42___neg.mzXML:scan:1244,1,0.78,2,0,ST001709,NoID,temp/queries/52/52caad22dd0649c49b47cc5f778594fc/52caad22dd0649c49b47cc5f778594fc.mgf,1,309,3442520
5-ASA_quinaldic-acid,mzspec:GNPS:MULTIPLEX-SYNTHESIS-LIBRARY-ALL-PARTITION-6:accession:CCMSLIB00016279426,-0.01,mzspec:ST001709:Data/mzXML/Sample_38___neg.mzXML:scan:1244,1,0.78,2,0,ST001709,NoID,temp/queries/52/52caad22dd0649c49b47cc5f778594fc/52caad22dd0649c49b47cc5f778594fc.mgf,1,309,3442392
5-ASA_quinaldic-acid,mzspec:GNPS:MULTIPLEX-SYNTHESIS-LIBRARY-ALL-PARTITION-6:accession:CCMSLIB00016279426,-0.02,mzspec:ST002968:mzML/N-ZH2-0803-NEG.mzML:scan:4294967295,1,0.78,1,0,ST002968,NoID,temp/queries/52/52caad22dd0649c49b47cc5f778594fc/52caad22dd0649c49b47cc5f778594fc.mgf,1,309,3593112
5-ASA_quinaldic-acid,mzspec:GNPS:MULTIPLEX-SYNTHESIS-LIBRARY-ALL-PARTITION-6:accession:CCMSLIB00016279426,-0.01,mzspec:ST001709:Data/mzXML/Sample_39___neg.mzXML:scan:1245,1,0.78,2,0,ST001709,NoID,temp/queries/52/52caad22dd0649c49b47cc5f778594fc/52caad22dd0649c49b47cc5f778594fc.mgf,1,309,3442382
5-ASA_quinaldic-acid,mzspec:GNPS:MULTIPLEX-SYNTHESIS-LIBRARY-ALL-PARTITION-6:accession:CCMSLIB00016279426,-0.01,mzspec:ST001709:Data/mzXML/Sample_37___neg.mzXML:scan:1245,1,0.78,2,0,ST001709,NoID,temp/queries/52/52caad22dd0649c49b47cc5f778594fc/52caad22dd0649c49b47cc5f778594fc.mgf,1,309,3442405
5-ASA_quinaldic-acid,mzspec:GNPS:MULTIPLEX-SYNTHESIS-LIBRARY-ALL-PARTITION-6:accession:CCMSLIB00016279426,-0.02,mzspec:MSV000090443:peak/mzXML/standard/samples_extra/Trp-CA_repeat10_BB3_01_51435.mzXML:scan:795,1,0.77,2,0,MSV000090443,NoID,temp/queries/52/52caad22dd0649c49b47cc5f778594fc/52caad22dd0649c49b47cc5f778594fc.mgf,1,309,1590714
5-ASA_quinaldic-acid,mzspec:GNPS:MULTIPLEX-SYNTHESIS-LIBRARY-ALL-PARTITION-6:accession:CCMSLIB00016279426,-0.02,mzspec:MSV000094559:updates/2025-03-18_apatan_fc71856c/raw/03152025_jhonsnow/mzML/Hu_1147.mzML:scan:1162,1,0.77,2,0,MSV000094559,NoID,temp/queries/52/52caad22dd0649c49b47cc5f778594fc/52caad22dd0649c49b47cc5f778594fc.mgf,1,309,1763839
5-ASA_quinaldic-acid,mzspec:GNPS:MULTIPLEX-SYNTHESIS-LIBRARY-ALL-PARTITION-6:accession:CCMSLIB00016279426,-0.02,mzspec:MSV000094559:updates/2025-03-18_apatan_fc71856c/raw/03152025_jhonsnow/mzML/Hu_1147.mzML:scan:1083,1,0.77,2,0,MSV000094559,NoID,temp/queries/52/52caad22dd0649c49b47cc5f778594fc/52caad22dd0649c49b47cc5f778594fc.mgf,1,309,1763838
5-ASA_quinaldic-acid,mzspec:GNPS:MULTIPLEX-SYNTHESIS-LIBRARY-ALL-PARTITION-6:accession:CCMSLIB00016279426,-0.02,mzspec:MSV000094559:updates/2025-03-18_apatan_fc71856c/raw/03152025_jhonsnow/mzML/Hu_1150.mzML:scan:1101,1,0.77,2,0,MSV000094559,NoID,temp/queries/52/52caad22dd0649c49b47cc5f778594fc/52caad22dd0649c49b47cc5f778594fc.mgf,1,309,1763770
5-ASA_quinaldic-acid,mzspec:GNPS:MULTIPLEX-SYNTHESIS-LIBRARY-ALL-PARTITION-6:accession:CCMSLIB00016279426,-0.01,mzspec:ST001709:Data/mzXML/Sample_40___neg.mzXML:scan:1307,1,0.77,2,0,ST001709,NoID,temp/queries/52/52caad22dd0649c49b47cc5f778594fc/52caad22dd0649c49b47cc5f778594fc.mgf,1,309,3442502
5-ASA_quinaldic-acid,mzspec:GNPS:MULTIPLEX-SYNTHESIS-LIBRARY-ALL-PARTITION-6:accession:CCMSLIB00016279426,-0.02,mzspec:ST002968:mzML/N-QC5-0803-NEG.mzML:scan:4294967295,1,0.77,1,0,ST002968,NoID,temp/queries/52/52caad22dd0649c49b47cc5f778594fc/52caad22dd0649c49b47cc5f778594fc.mgf,1,309,3593573
5-ASA_quinaldic-acid,mzspec:GNPS:MULTIPLEX-SYNTHESIS-LIBRARY-ALL-PARTITION-6:accession:CCMSLIB00016279426,-0.01,mzspec:MTBLS9001:FILES/07252022_132_20220727180844.mzXML:scan:5412,1,0.77,1,0,MTBLS9001,NoID,temp/queries/52/52caad22dd0649c49b47cc5f778594fc/52caad22dd0649c49b47cc5f778594fc.mgf,1,309,3643920
5-ASA_quinaldic-acid,mzspec:GNPS:MULTIPLEX-SYNTHESIS-LIBRARY-ALL-PARTITION-6:accession:CCMSLIB00016279426,-0.02,mzspec:MSV000094559:updates/2025-03-18_apatan_fc71856c/raw/03152025_jhonsnow/mzML/Hu_1145.mzML:scan:1063,1,0.77,2,0,MSV000094559,NoID,temp/queries/52/52caad22dd0649c49b47cc5f778594fc/52caad22dd0649c49b47cc5f778594fc.mgf,1,309,1762838
5-ASA_quinaldic-acid,mzspec:GNPS:MULTIPLEX-SYNTHESIS-LIBRARY-ALL-PARTITION-6:accession:CCMSLIB00016279426,-0.02,mzspec:MSV000094559:updates/2025-03-18_apatan_fc71856c/raw/03152025_jhonsnow/mzML/Hu_1149.mzML:scan:1058,1,0.77,2,0,MSV000094559,NoID,temp/queries/52/52caad22dd0649c49b47cc5f778594fc/52caad22dd0649c49b47cc5f778594fc.mgf,1,309,1760947
5-ASA_quinaldic-acid,mzspec:GNPS:MULTIPLEX-SYNTHESIS-LIBRARY-ALL-PARTITION-6:accession:CCMSLIB00016279426,-0.01,mzspec:MTBLS9001:FILES/07252022_132_20220727180844.mzXML:scan:5404,1,0.77,1,0,MTBLS9001,NoID,temp/queries/52/52caad22dd0649c49b47cc5f778594fc/52caad22dd0649c49b47cc5f778594fc.mgf,1,309,3643918
5-ASA_quinaldic-acid,mzspec:GNPS:MULTIPLEX-SYNTHESIS-LIBRARY-ALL-PARTITION-6:accession:CCMSLIB00016279426,-0.02,mzspec:MSV000094559:updates/2025-03-18_apatan_fc71856c/raw/03152025_jhonsnow/mzML/Hu_1152.mzML:scan:1055,1,0.77,2,0,MSV000094559,NoID,temp/queries/52/52caad22dd0649c49b47cc5f778594fc/52caad22dd0649c49b47cc5f778594fc.mgf,1,309,1763553
5-ASA_quinaldic-acid,mzspec:GNPS:MULTIPLEX-SYNTHESIS-LIBRARY-ALL-PARTITION-6:accession:CCMSLIB00016279426,-0.02,mzspec:MSV000094559:updates/2025-03-18_apatan_fc71856c/raw/03152025_jhonsnow/mzML/Hu_1148.mzML:scan:1100,1,0.77,2,0,MSV000094559,NoID,temp/queries/52/52caad22dd0649c49b47cc5f778594fc/52caad22dd0649c49b47cc5f778594fc.mgf,1,309,1763282
5-ASA_quinaldic-acid,mzspec:GNPS:MULTIPLEX-SYNTHESIS-LIBRARY-ALL-PARTITION-6:accession:CCMSLIB00016279426,-0.02,mzspec:MSV000094559:updates/2025-03-18_apatan_fc71856c/raw/03152025_jhonsnow/mzML/Hu_1153.mzML:scan:1052,1,0.77,2,0,MSV000094559,NoID,temp/queries/52/52caad22dd0649c49b47cc5f778594fc/52caad22dd0649c49b47cc5f778594fc.mgf,1,309,1763824
5-ASA_quinaldic-acid,mzspec:GNPS:MULTIPLEX-SYNTHESIS-LIBRARY-ALL-PARTITION-6:accession:CCMSLIB00016279426,-0.02,mzspec:MSV000094559:updates/2025-03-18_apatan_fc71856c/raw/03152025_jhonsnow/mzML/Hu_1151.mzML:scan:1078,1,0.77,2,0,MSV000094559,NoID,temp/queries/52/52caad22dd0649c49b47cc5f778594fc/52caad22dd0649c49b47cc5f778594fc.mgf,1,309,1763461
5-ASA_quinaldic-acid,mzspec:GNPS:MULTIPLEX-SYNTHESIS-LIBRARY-ALL-PARTITION-6:accession:CCMSLIB00016279426,-0.02,mzspec:MSV000094559:updates/2025-03-18_apatan_fc71856c/raw/03152025_jhonsnow/mzML/Hu_1146.mzML:scan:933,1,0.76,2,0,MSV000094559,NoID,temp/queries/52/52caad22dd0649c49b47cc5f778594fc/52caad22dd0649c49b47cc5f778594fc.mgf,1,309,1763433
5-ASA_quinaldic-acid,mzspec:GNPS:MULTIPLEX-SYNTHESIS-LIBRARY-ALL-PARTITION-6:accession:CCMSLIB00016279426,-0.01,mzspec:ST001709:Data/mzXML/Sample_38___neg.mzXML:scan:1308,1,0.75,2,0,ST001709,NoID,temp/queries/52/52caad22dd0649c49b47cc5f778594fc/52caad22dd0649c49b47cc5f778594fc.mgf,1,309,3442393
5-ASA_quinaldic-acid,mzspec:GNPS:MULTIPLEX-SYNTHESIS-LIBRARY-ALL-PARTITION-6:accession:CCMSLIB00016279426,-0.02,mzspec:ST002968:mzML/N-ZH6-0803-NEG.mzML:scan:4294967295,1,0.75,1,0,ST002968,NoID,temp/queries/52/52caad22dd0649c49b47cc5f778594fc/52caad22dd0649c49b47cc5f778594fc.mgf,1,309,3593431
5-ASA_quinaldic-acid,mzspec:GNPS:MULTIPLEX-SYNTHESIS-LIBRARY-ALL-PARTITION-6:accession:CCMSLIB00016279426,-0.02,mzspec:MTBLS3322:FILES/DERIVED_FILES/NEG/neg_multitracer_Unlabel_01.mzXML:scan:3578,1,0.74,1,0,MTBLS3322,NoID,temp/queries/52/52caad22dd0649c49b47cc5f778594fc/52caad22dd0649c49b47cc5f778594fc.mgf,1,309,3661165
5-ASA_quinaldic-acid,mzspec:GNPS:MULTIPLEX-SYNTHESIS-LIBRARY-ALL-PARTITION-6:accession:CCMSLIB00016279426,-0.02,mzspec:MSV000096480:raw/230928_01_HILIC_neg/230928_M201_01_HILIC_neg_37.mzXML:scan:1666,1,0.74,1,0,MSV000096480,NoID,temp/queries/52/52caad22dd0649c49b47cc5f778594fc/52caad22dd0649c49b47cc5f778594fc.mgf,1,309,175312
5-ASA_quinaldic-acid,mzspec:GNPS:MULTIPLEX-SYNTHESIS-LIBRARY-ALL-PARTITION-6:accession:CCMSLIB00016279426,-0.02,mzspec:MSV000081468:ccms_peak/mzxml/BM_S35_RD3_01_29701.mzML:scan:84,1,0.73,2,0,MSV000081468,NoID,temp/queries/52/52caad22dd0649c49b47cc5f778594fc/52caad22dd0649c49b47cc5f778594fc.mgf,1,309,2519510
5-ASA_quinaldic-acid,mzspec:GNPS:MULTIPLEX-SYNTHESIS-LIBRARY-ALL-PARTITION-6:accession:CCMSLIB00016279426,-0.02,mzspec:MTBLS11360:FILES/DERIVED_FILES/rsl2rsl4-2_N.mzML:scan:4294967295,1,0.73,1,0,MTBLS11360,NoID,temp/queries/52/52caad22dd0649c49b47cc5f778594fc/52caad22dd0649c49b47cc5f778594fc.mgf,1,309,3766964
5-ASA_quinaldic-acid,mzspec:GNPS:MULTIPLEX-SYNTHESIS-LIBRARY-ALL-PARTITION-6:accession:CCMSLIB00016279426,-0.02,mzspec:MSV000094559:updates/2025-03-18_apatan_fc71856c/raw/03152025_jhonsnow/mzML/Hu_1152.mzML:scan:1484,1,0.71,2,0,MSV000094559,NoID,temp/queries/52/52caad22dd0649c49b47cc5f778594fc/52caad22dd0649c49b47cc5f778594fc.mgf,1,309,1763556
5-ASA_quinaldic-acid,mzspec:GNPS:MULTIPLEX-SYNTHESIS-LIBRARY-ALL-PARTITION-6:accession:CCMSLIB00016279426,-0.02,mzspec:MSV000094559:updates/2025-03-18_apatan_fc71856c/raw/03152025_jhonsnow/mzML/Hu_1149.mzML:scan:1489,1,0.71,2,0,MSV000094559,NoID,temp/queries/52/52caad22dd0649c49b47cc5f778594fc/52caad22dd0649c49b47cc5f778594fc.mgf,1,309,1760949
5-ASA_quinaldic-acid,mzspec:GNPS:MULTIPLEX-SYNTHESIS-LIBRARY-ALL-PARTITION-6:accession:CCMSLIB00016279426,-0.02,mzspec:MSV000094559:updates/2025-03-18_apatan_fc71856c/raw/03152025_jhonsnow/mzML/Hu_1144.mzML:scan:1465,1,0.71,2,0,MSV000094559,NoID,temp/queries/52/52caad22dd0649c49b47cc5f778594fc/52caad22dd0649c49b47cc5f778594fc.mgf,1,309,1761537
5-ASA_quinaldic-acid,mzspec:GNPS:MULTIPLEX-SYNTHESIS-LIBRARY-ALL-PARTITION-6:accession:CCMSLIB00016279426,-0.02,mzspec:MTBLS3322:FILES/DERIVED_FILES/NEG/neg_multitracer_Glu_Gln_Ac_03.mzXML:scan:3562,1,0.71,1,0,MTBLS3322,NoID,temp/queries/52/52caad22dd0649c49b47cc5f778594fc/52caad22dd0649c49b47cc5f778594fc.mgf,1,309,3663137
5-ASA_quinaldic-acid,mzspec:GNPS:MULTIPLEX-SYNTHESIS-LIBRARY-ALL-PARTITION-6:accession:CCMSLIB00016279426,-0.02,mzspec:MTBLS3322:FILES/DERIVED_FILES/NEG/neg_multitracer_Glu_Gln_Ac_02.mzXML:scan:3656,1,0.71,1,0,MTBLS3322,NoID,temp/queries/52/52caad22dd0649c49b47cc5f778594fc/52caad22dd0649c49b47cc5f778594fc.mgf,1,309,3660644
5-ASA_quinaldic-acid,mzspec:GNPS:MULTIPLEX-SYNTHESIS-LIBRARY-ALL-PARTITION-6:accession:CCMSLIB00016279426,-0.01,mzspec:MSV000094769:ccms_peak/peak/MSV000088764_PLT1_A3.mzML:scan:855,1,0.71,1,0,MSV000094769,NoID,temp/queries/52/52caad22dd0649c49b47cc5f778594fc/52caad22dd0649c49b47cc5f778594fc.mgf,1,309,625831
5-ASA_quinaldic-acid,mzspec:GNPS:MULTIPLEX-SYNTHESIS-LIBRARY-ALL-PARTITION-6:accession:CCMSLIB00016279426,-0.01,mzspec:MSV000094769:peak/peak/MSV000088764_PLT1_A3.mzML:scan:855,1,0.71,1,0,MSV000094769,NoID,temp/queries/52/52caad22dd0649c49b47cc5f778594fc/52caad22dd0649c49b47cc5f778594fc.mgf,1,309,624923
5-ASA_quinaldic-acid,mzspec:GNPS:MULTIPLEX-SYNTHESIS-LIBRARY-ALL-PARTITION-6:accession:CCMSLIB00016279426,-0.01,mzspec:MSV000093265:peak/NPOmix_MSMS/GCF_014647695.1.mzML.2.mzML:scan:855,1,0.71,1,0,MSV000093265,NoID,temp/queries/52/52caad22dd0649c49b47cc5f778594fc/52caad22dd0649c49b47cc5f778594fc.mgf,1,309,525678
5-ASA_quinaldic-acid,mzspec:GNPS:MULTIPLEX-SYNTHESIS-LIBRARY-ALL-PARTITION-6:accession:CCMSLIB00016279426,-0.01,mzspec:MSV000088816:ccms_peak/NRRL_PLT2_ISP4_raw/PLT2_A2.mzML:scan:910,1,0.71,1,0,MSV000088816,NoID,temp/queries/52/52caad22dd0649c49b47cc5f778594fc/52caad22dd0649c49b47cc5f778594fc.mgf,1,309,279289
5-ASA_quinaldic-acid,mzspec:GNPS:MULTIPLEX-SYNTHESIS-LIBRARY-ALL-PARTITION-6:accession:CCMSLIB00016279426,-0.01,mzspec:MSV000088816:peak/NRRL_PLT2_ISP4_mzML/PLT2_A2.mzML:scan:910,1,0.71,1,0,MSV000088816,NoID,temp/queries/52/52caad22dd0649c49b47cc5f778594fc/52caad22dd0649c49b47cc5f778594fc.mgf,1,309,279274
5-ASA_quinaldic-acid,mzspec:GNPS:MULTIPLEX-SYNTHESIS-LIBRARY-ALL-PARTITION-6:accession:CCMSLIB00016279426,-0.01,mzspec:MSV000088764:peak/NRRL_PLT1_NSG_solid_mzML/PLT1_A3.mzML:scan:855,1,0.71,1,0,MSV000088764,NoID,temp/queries/52/52caad22dd0649c49b47cc5f778594fc/52caad22dd0649c49b47cc5f778594fc.mgf,1,309,257328
5-ASA_quinaldic-acid,mzspec:GNPS:MULTIPLEX-SYNTHESIS-LIBRARY-ALL-PARTITION-6:accession:CCMSLIB00016279426,-0.01,mzspec:MSV000088764:ccms_peak/NRRL_PLT1_NSG_solid_Raw/PLT1_A3.mzML:scan:855,1,0.71,1,0,MSV000088764,NoID,temp/queries/52/52caad22dd0649c49b47cc5f778594fc/52caad22dd0649c49b47cc5f778594fc.mgf,1,309,257280
5-ASA_quinaldic-acid,mzspec:GNPS:MULTIPLEX-SYNTHESIS-LIBRARY-ALL-PARTITION-6:accession:CCMSLIB00016279426,-0.01,mzspec:MSV000088764:ccms_peak/NRRL_PLT1_NSG_solid_Raw/PLT1_F5.mzML:scan:834,1,0.71,1,0,MSV000088764,NoID,temp/queries/52/52caad22dd0649c49b47cc5f778594fc/52caad22dd0649c49b47cc5f778594fc.mgf,1,309,257142
5-ASA_quinaldic-acid,mzspec:GNPS:MULTIPLEX-SYNTHESIS-LIBRARY-ALL-PARTITION-6:accession:CCMSLIB00016279426,-0.01,mzspec:MSV000088764:peak/NRRL_PLT1_NSG_solid_mzML/PLT1_F5.mzML:scan:834,1,0.71,1,0,MSV000088764,NoID,temp/queries/52/52caad22dd0649c49b47cc5f778594fc/52caad22dd0649c49b47cc5f778594fc.mgf,1,309,257162
5-ASA_quinaldic-acid,mzspec:GNPS:MULTIPLEX-SYNTHESIS-LIBRARY-ALL-PARTITION-6:accession:CCMSLIB00016279426,-0.02,mzspec:MSV000096480:raw/230928_01_HILIC_neg/230928_M201_01_HILIC_neg_100.mzXML:scan:1992,1,0.71,1,0,MSV000096480,NoID,temp/queries/52/52caad22dd0649c49b47cc5f778594fc/52caad22dd0649c49b47cc5f778594fc.mgf,1,309,175780
5-ASA_quinaldic-acid,mzspec:GNPS:MULTIPLEX-SYNTHESIS-LIBRARY-ALL-PARTITION-6:accession:CCMSLIB00016279426,-0.02,mzspec:MSV000094559:updates/2025-03-18_apatan_fc71856c/raw/03152025_jhonsnow/mzML/Hu_1146.mzML:scan:1305,1,0.7,2,0,MSV000094559,NoID,temp/queries/52/52caad22dd0649c49b47cc5f778594fc/52caad22dd0649c49b47cc5f778594fc.mgf,1,309,1763434
5-ASA_quinaldic-acid,mzspec:GNPS:MULTIPLEX-SYNTHESIS-LIBRARY-ALL-PARTITION-6:accession:CCMSLIB00016279426,-0.01,mzspec:MTBLS7713:FILES/DERIVED_FILES/NEG/SAR-R-6-NEG.mzML:scan:4294967295,1,0.7,2,0,MTBLS7713,NoID,temp/queries/52/52caad22dd0649c49b47cc5f778594fc/52caad22dd0649c49b47cc5f778594fc.mgf,1,309,3765117
5-ASA_quinaldic-acid,mzspec:GNPS:MULTIPLEX-SYNTHESIS-LIBRARY-ALL-PARTITION-6:accession:CCMSLIB00016279426,0.02,mzspec:MTBLS3056:FILES/DERIVED_FILES/10 d_neg_B9.mzXML:scan:628,1,0.7,1,0,MTBLS3056,NoID,temp/queries/52/52caad22dd0649c49b47cc5f778594fc/52caad22dd0649c49b47cc5f778594fc.mgf,1,309,3664986
5-ASA_quinaldic-acid,mzspec:GNPS:MULTIPLEX-SYNTHESIS-LIBRARY-ALL-PARTITION-6:accession:CCMSLIB00016279426,-0.02,mzspec:MSV000094559:updates/2025-03-18_apatan_fc71856c/raw/03152025_jhonsnow/mzML/Hu_1147.mzML:scan:1557,1,0.7,2,0,MSV000094559,NoID,temp/queries/52/52caad22dd0649c49b47cc5f778594fc/52caad22dd0649c49b47cc5f778594fc.mgf,1,309,1763843
5-ASA_quinaldic-acid,mzspec:GNPS:MULTIPLEX-SYNTHESIS-LIBRARY-ALL-PARTITION-6:accession:CCMSLIB00016279426,-0.02,mzspec:MSV000094559:updates/2025-03-18_apatan_fc71856c/raw/03152025_jhonsnow/mzML/Hu_1147.mzML:scan:1493,1,0.7,2,0,MSV000094559,NoID,temp/queries/52/52caad22dd0649c49b47cc5f778594fc/52caad22dd0649c49b47cc5f778594fc.mgf,1,309,1763842
5-ASA_quinaldic-acid,mzspec:GNPS:MULTIPLEX-SYNTHESIS-LIBRARY-ALL-PARTITION-6:accession:CCMSLIB00016279426,-0.02,mzspec:MSV000094559:updates/2025-03-18_apatan_fc71856c/raw/03152025_jhonsnow/mzML/Hu_1153.mzML:scan:1480,1,0.7,2,0,MSV000094559,NoID,temp/queries/52/52caad22dd0649c49b47cc5f778594fc/52caad22dd0649c49b47cc5f778594fc.mgf,1,309,1763825
5-ASA_quinaldic-acid,mzspec:GNPS:MULTIPLEX-SYNTHESIS-LIBRARY-ALL-PARTITION-6:accession:CCMSLIB00016279426,-0.02,mzspec:MSV000094559:updates/2025-03-18_apatan_fc71856c/raw/03152025_jhonsnow/mzML/Hu_1150.mzML:scan:1535,1,0.7,2,0,MSV000094559,NoID,temp/queries/52/52caad22dd0649c49b47cc5f778594fc/52caad22dd0649c49b47cc5f778594fc.mgf,1,309,1763775
5-ASA_quinaldic-acid,mzspec:GNPS:MULTIPLEX-SYNTHESIS-LIBRARY-ALL-PARTITION-6:accession:CCMSLIB00016279426,-0.02,mzspec:ST002968:mzML/N-S4-0803-NEG.mzML:scan:4294967295,1,0.7,1,0,ST002968,NoID,temp/queries/52/52caad22dd0649c49b47cc5f778594fc/52caad22dd0649c49b47cc5f778594fc.mgf,1,309,3593213
