compound_name,lib_usi,Delta Mass,USI,Charge,Cosine,Matching Peaks,Unit Delta Mass,Dataset,Status,Query Filename,Query Scan,Index UnitPM,Index IdxInUnitPM
5-ASA_succinic acid,mzspec:GNPS:MULTIPLEX-SYNTHESIS-LIBRARY-ALL-PARTITION-6:accession:CCMSLIB00016277545,0.0,mzspec:MSV000081981:ccms_peak/2017.AmericanGutPhase1.Samples.mzXMLfiles/Samples/000022124_RH10_01_3934.mzML:scan:794,1,0.97,7,0,MSV000081981,NoID,temp/queries/f4/f411ce67a37f44a0934caea24e9e5619/f411ce67a37f44a0934caea24e9e5619.mgf,1,254,1491506
5-ASA_succinic acid,mzspec:GNPS:MULTIPLEX-SYNTHESIS-LIBRARY-ALL-PARTITION-6:accession:CCMSLIB00016277545,0.0,mzspec:MSV000080673:ccms_peak/2017.AmericanGut3K.mzXMLfiles/Samples/000022124_RH10_01_3934.mzML:scan:794,1,0.97,7,0,MSV000080673,NoID,temp/queries/f4/f411ce67a37f44a0934caea24e9e5619/f411ce67a37f44a0934caea24e9e5619.mgf,1,254,2090110
5-ASA_succinic acid,mzspec:GNPS:MULTIPLEX-SYNTHESIS-LIBRARY-ALL-PARTITION-6:accession:CCMSLIB00016277545,-0.0,mzspec:MSV000097610:ccms_peak/mzml/PT_AC_153.mzML:scan:750,1,0.95,8,0,MSV000097610,NoID,temp/queries/f4/f411ce67a37f44a0934caea24e9e5619/f411ce67a37f44a0934caea24e9e5619.mgf,1,254,625870
5-ASA_succinic acid,mzspec:GNPS:MULTIPLEX-SYNTHESIS-LIBRARY-ALL-PARTITION-6:accession:CCMSLIB00016277545,0.0,mzspec:MSV000080673:ccms_peak/2017.AmericanGut3K.mzXMLfiles/Samples/000022124_RH10_01_3934.mzML:scan:800,1,0.93,7,0,MSV000080673,NoID,temp/queries/f4/f411ce67a37f44a0934caea24e9e5619/f411ce67a37f44a0934caea24e9e5619.mgf,1,254,2090111
5-ASA_succinic acid,mzspec:GNPS:MULTIPLEX-SYNTHESIS-LIBRARY-ALL-PARTITION-6:accession:CCMSLIB00016277545,0.0,mzspec:MSV000097610:ccms_peak/mzml/PT_AC_025.mzML:scan:748,1,0.93,7,0,MSV000097610,NoID,temp/queries/f4/f411ce67a37f44a0934caea24e9e5619/f411ce67a37f44a0934caea24e9e5619.mgf,1,254,625860
5-ASA_succinic acid,mzspec:GNPS:MULTIPLEX-SYNTHESIS-LIBRARY-ALL-PARTITION-6:accession:CCMSLIB00016277545,0.0,mzspec:MSV000081981:ccms_peak/2017.AmericanGutPhase1.Samples.mzXMLfiles/Samples/000022124_RH10_01_3934.mzML:scan:800,1,0.93,7,0,MSV000081981,NoID,temp/queries/f4/f411ce67a37f44a0934caea24e9e5619/f411ce67a37f44a0934caea24e9e5619.mgf,1,254,1491507
5-ASA_succinic acid,mzspec:GNPS:MULTIPLEX-SYNTHESIS-LIBRARY-ALL-PARTITION-6:accession:CCMSLIB00016277545,0.0,mzspec:MSV000080673:ccms_peak/2017.AmericanGut3K.mzXMLfiles/Samples/000022124_RH10_01_3934.mzML:scan:783,1,0.92,7,0,MSV000080673,NoID,temp/queries/f4/f411ce67a37f44a0934caea24e9e5619/f411ce67a37f44a0934caea24e9e5619.mgf,1,254,2090108
5-ASA_succinic acid,mzspec:GNPS:MULTIPLEX-SYNTHESIS-LIBRARY-ALL-PARTITION-6:accession:CCMSLIB00016277545,0.0,mzspec:MSV000081981:ccms_peak/2017.AmericanGutPhase1.Samples.mzXMLfiles/Samples/000022124_RH10_01_3934.mzML:scan:783,1,0.92,7,0,MSV000081981,NoID,temp/queries/f4/f411ce67a37f44a0934caea24e9e5619/f411ce67a37f44a0934caea24e9e5619.mgf,1,254,1491504
5-ASA_succinic acid,mzspec:GNPS:MULTIPLEX-SYNTHESIS-LIBRARY-ALL-PARTITION-6:accession:CCMSLIB00016277545,-0.0,mzspec:MSV000086483:ccms_peak/raw/DHMC_20_D03.mzML:scan:580,1,0.88,6,0,MSV000086483,NoID,temp/queries/f4/f411ce67a37f44a0934caea24e9e5619/f411ce67a37f44a0934caea24e9e5619.mgf,1,254,8557
5-ASA_succinic acid,mzspec:GNPS:MULTIPLEX-SYNTHESIS-LIBRARY-ALL-PARTITION-6:accession:CCMSLIB00016277545,-0.0,mzspec:MSV000087942:ccms_peak/Plate_02_RAW/Tube_005.mzML:scan:779,1,0.86,6,0,MSV000087942,NoID,temp/queries/f4/f411ce67a37f44a0934caea24e9e5619/f411ce67a37f44a0934caea24e9e5619.mgf,1,254,1315811
5-ASA_succinic acid,mzspec:GNPS:MULTIPLEX-SYNTHESIS-LIBRARY-ALL-PARTITION-6:accession:CCMSLIB00016277545,0.0,mzspec:MSV000084556:ccms_peak/Raw_data/FD003_T1.mzML:scan:722,1,0.86,6,0,MSV000084556,NoID,temp/queries/f4/f411ce67a37f44a0934caea24e9e5619/f411ce67a37f44a0934caea24e9e5619.mgf,1,254,1382680
5-ASA_succinic acid,mzspec:GNPS:MULTIPLEX-SYNTHESIS-LIBRARY-ALL-PARTITION-6:accession:CCMSLIB00016277545,-0.0,mzspec:MSV000086483:ccms_peak/raw/DHMC_19_D03.mzML:scan:589,1,0.86,6,0,MSV000086483,NoID,temp/queries/f4/f411ce67a37f44a0934caea24e9e5619/f411ce67a37f44a0934caea24e9e5619.mgf,1,254,8547
5-ASA_succinic acid,mzspec:GNPS:MULTIPLEX-SYNTHESIS-LIBRARY-ALL-PARTITION-6:accession:CCMSLIB00016277545,0.0,mzspec:MSV000086483:ccms_peak/raw/DHMC_20_D10.mzML:scan:589,1,0.86,6,0,MSV000086483,NoID,temp/queries/f4/f411ce67a37f44a0934caea24e9e5619/f411ce67a37f44a0934caea24e9e5619.mgf,1,254,8555
5-ASA_succinic acid,mzspec:GNPS:MULTIPLEX-SYNTHESIS-LIBRARY-ALL-PARTITION-6:accession:CCMSLIB00016277545,0.0,mzspec:MSV000080673:ccms_peak/2017.AmericanGut3K.mzXMLfiles/Samples/000022124_RH10_01_3934.mzML:scan:788,1,0.86,6,0,MSV000080673,NoID,temp/queries/f4/f411ce67a37f44a0934caea24e9e5619/f411ce67a37f44a0934caea24e9e5619.mgf,1,254,2090109
5-ASA_succinic acid,mzspec:GNPS:MULTIPLEX-SYNTHESIS-LIBRARY-ALL-PARTITION-6:accession:CCMSLIB00016277545,0.0,mzspec:MSV000081981:ccms_peak/2017.AmericanGutPhase1.Samples.mzXMLfiles/Samples/000022124_RH10_01_3934.mzML:scan:788,1,0.86,6,0,MSV000081981,NoID,temp/queries/f4/f411ce67a37f44a0934caea24e9e5619/f411ce67a37f44a0934caea24e9e5619.mgf,1,254,1491505
5-ASA_succinic acid,mzspec:GNPS:MULTIPLEX-SYNTHESIS-LIBRARY-ALL-PARTITION-6:accession:CCMSLIB00016277545,-0.0,mzspec:MSV000088646:ccms_peak/Plate_01_RAW/239046_BL.mzML:scan:781,1,0.86,6,0,MSV000088646,NoID,temp/queries/f4/f411ce67a37f44a0934caea24e9e5619/f411ce67a37f44a0934caea24e9e5619.mgf,1,254,682925
5-ASA_succinic acid,mzspec:GNPS:MULTIPLEX-SYNTHESIS-LIBRARY-ALL-PARTITION-6:accession:CCMSLIB00016277545,-0.0,mzspec:MSV000087942:ccms_peak/Plate_01_RAW/Tube_057_RERUNS.mzML:scan:803,1,0.85,6,0,MSV000087942,NoID,temp/queries/f4/f411ce67a37f44a0934caea24e9e5619/f411ce67a37f44a0934caea24e9e5619.mgf,1,254,1315676
5-ASA_succinic acid,mzspec:GNPS:MULTIPLEX-SYNTHESIS-LIBRARY-ALL-PARTITION-6:accession:CCMSLIB00016277545,-0.0,mzspec:MSV000087942:ccms_peak/Plate_01_RAW/Tube_069_RERUNS.mzML:scan:782,1,0.84,6,0,MSV000087942,NoID,temp/queries/f4/f411ce67a37f44a0934caea24e9e5619/f411ce67a37f44a0934caea24e9e5619.mgf,1,254,1315786
5-ASA_succinic acid,mzspec:GNPS:MULTIPLEX-SYNTHESIS-LIBRARY-ALL-PARTITION-6:accession:CCMSLIB00016277545,0.0,mzspec:MSV000084556:ccms_peak/Raw_data/FD028_T3.mzML:scan:747,1,0.84,6,0,MSV000084556,NoID,temp/queries/f4/f411ce67a37f44a0934caea24e9e5619/f411ce67a37f44a0934caea24e9e5619.mgf,1,254,1382460
5-ASA_succinic acid,mzspec:GNPS:MULTIPLEX-SYNTHESIS-LIBRARY-ALL-PARTITION-6:accession:CCMSLIB00016277545,-0.0,mzspec:MSV000087942:ccms_peak/Plate_01_RAW/Tube_015_RERUNS.mzML:scan:809,1,0.84,6,0,MSV000087942,NoID,temp/queries/f4/f411ce67a37f44a0934caea24e9e5619/f411ce67a37f44a0934caea24e9e5619.mgf,1,254,1315468
5-ASA_succinic acid,mzspec:GNPS:MULTIPLEX-SYNTHESIS-LIBRARY-ALL-PARTITION-6:accession:CCMSLIB00016277545,0.0,mzspec:MSV000083825:ccms_peak/Positive/Fecal/Rox_diet_D003d0.mzML:scan:793,1,0.83,6,0,MSV000083825,NoID,temp/queries/f4/f411ce67a37f44a0934caea24e9e5619/f411ce67a37f44a0934caea24e9e5619.mgf,1,254,1891112
5-ASA_succinic acid,mzspec:GNPS:MULTIPLEX-SYNTHESIS-LIBRARY-ALL-PARTITION-6:accession:CCMSLIB00016277545,-0.0,mzspec:MSV000087942:ccms_peak/Plate_01_RAW/Tube_038.mzML:scan:775,1,0.83,6,0,MSV000087942,NoID,temp/queries/f4/f411ce67a37f44a0934caea24e9e5619/f411ce67a37f44a0934caea24e9e5619.mgf,1,254,1315743
5-ASA_succinic acid,mzspec:GNPS:MULTIPLEX-SYNTHESIS-LIBRARY-ALL-PARTITION-6:accession:CCMSLIB00016277545,0.0,mzspec:MSV000083825:ccms_peak/Positive/Fecal/Rox_diet_D003_d+14.mzML:scan:764,1,0.82,6,0,MSV000083825,NoID,temp/queries/f4/f411ce67a37f44a0934caea24e9e5619/f411ce67a37f44a0934caea24e9e5619.mgf,1,254,1891210
5-ASA_succinic acid,mzspec:GNPS:MULTIPLEX-SYNTHESIS-LIBRARY-ALL-PARTITION-6:accession:CCMSLIB00016277545,-0.0,mzspec:MSV000086483:ccms_peak/raw/DHMC_20_D05.mzML:scan:595,1,0.82,5,0,MSV000086483,NoID,temp/queries/f4/f411ce67a37f44a0934caea24e9e5619/f411ce67a37f44a0934caea24e9e5619.mgf,1,254,8550
5-ASA_succinic acid,mzspec:GNPS:MULTIPLEX-SYNTHESIS-LIBRARY-ALL-PARTITION-6:accession:CCMSLIB00016277545,-0.0,mzspec:MSV000087942:ccms_peak/Plate_02_RAW/Tube_160.mzML:scan:769,1,0.82,6,0,MSV000087942,NoID,temp/queries/f4/f411ce67a37f44a0934caea24e9e5619/f411ce67a37f44a0934caea24e9e5619.mgf,1,254,1315682
5-ASA_succinic acid,mzspec:GNPS:MULTIPLEX-SYNTHESIS-LIBRARY-ALL-PARTITION-6:accession:CCMSLIB00016277545,-0.0,mzspec:MSV000088646:ccms_peak/Plate_07_RAW/239584_Y2.mzML:scan:807,1,0.82,6,0,MSV000088646,NoID,temp/queries/f4/f411ce67a37f44a0934caea24e9e5619/f411ce67a37f44a0934caea24e9e5619.mgf,1,254,682302
5-ASA_succinic acid,mzspec:GNPS:MULTIPLEX-SYNTHESIS-LIBRARY-ALL-PARTITION-6:accession:CCMSLIB00016277545,-0.0,mzspec:MSV000088646:ccms_peak/Plate_05_RAW/219023_Y2.mzML:scan:808,1,0.81,5,0,MSV000088646,NoID,temp/queries/f4/f411ce67a37f44a0934caea24e9e5619/f411ce67a37f44a0934caea24e9e5619.mgf,1,254,683663
5-ASA_succinic acid,mzspec:GNPS:MULTIPLEX-SYNTHESIS-LIBRARY-ALL-PARTITION-6:accession:CCMSLIB00016277545,-0.0,mzspec:MSV000088646:ccms_peak/Plate_07_RAW/281867_Y2.mzML:scan:804,1,0.81,6,0,MSV000088646,NoID,temp/queries/f4/f411ce67a37f44a0934caea24e9e5619/f411ce67a37f44a0934caea24e9e5619.mgf,1,254,682069
5-ASA_succinic acid,mzspec:GNPS:MULTIPLEX-SYNTHESIS-LIBRARY-ALL-PARTITION-6:accession:CCMSLIB00016277545,-0.0,mzspec:MSV000087942:ccms_peak/Plate_02_RAW/Tube_141.mzML:scan:783,1,0.81,6,0,MSV000087942,NoID,temp/queries/f4/f411ce67a37f44a0934caea24e9e5619/f411ce67a37f44a0934caea24e9e5619.mgf,1,254,1315780
5-ASA_succinic acid,mzspec:GNPS:MULTIPLEX-SYNTHESIS-LIBRARY-ALL-PARTITION-6:accession:CCMSLIB00016277545,0.0,mzspec:MSV000086483:ccms_peak/raw/UTSW_01_D03.mzML:scan:619,1,0.8,5,0,MSV000086483,NoID,temp/queries/f4/f411ce67a37f44a0934caea24e9e5619/f411ce67a37f44a0934caea24e9e5619.mgf,1,254,8560
5-ASA_succinic acid,mzspec:GNPS:MULTIPLEX-SYNTHESIS-LIBRARY-ALL-PARTITION-6:accession:CCMSLIB00016277545,-0.0,mzspec:MSV000087942:ccms_peak/Plate_02_RAW/Tube_131.mzML:scan:786,1,0.79,5,0,MSV000087942,NoID,temp/queries/f4/f411ce67a37f44a0934caea24e9e5619/f411ce67a37f44a0934caea24e9e5619.mgf,1,254,1315694
5-ASA_succinic acid,mzspec:GNPS:MULTIPLEX-SYNTHESIS-LIBRARY-ALL-PARTITION-6:accession:CCMSLIB00016277545,0.0,mzspec:MSV000081492:ccms_peak/Raw_Files/Samples_Treatment/dhmc_6_10.mzML:scan:746,1,0.79,5,0,MSV000081492,NoID,temp/queries/f4/f411ce67a37f44a0934caea24e9e5619/f411ce67a37f44a0934caea24e9e5619.mgf,1,254,1620619
5-ASA_succinic acid,mzspec:GNPS:MULTIPLEX-SYNTHESIS-LIBRARY-ALL-PARTITION-6:accession:CCMSLIB00016277545,0.0,mzspec:MSV000087942:ccms_peak/Plate_01_RAW/Tube_056.mzML:scan:791,1,0.79,5,0,MSV000087942,NoID,temp/queries/f4/f411ce67a37f44a0934caea24e9e5619/f411ce67a37f44a0934caea24e9e5619.mgf,1,254,1315856
5-ASA_succinic acid,mzspec:GNPS:MULTIPLEX-SYNTHESIS-LIBRARY-ALL-PARTITION-6:accession:CCMSLIB00016277545,0.0,mzspec:MSV000081492:ccms_peak/Raw_Files/Samples_NA/dhmc_4_10.mzML:scan:774,1,0.79,5,0,MSV000081492,NoID,temp/queries/f4/f411ce67a37f44a0934caea24e9e5619/f411ce67a37f44a0934caea24e9e5619.mgf,1,254,1620606
5-ASA_succinic acid,mzspec:GNPS:MULTIPLEX-SYNTHESIS-LIBRARY-ALL-PARTITION-6:accession:CCMSLIB00016277545,-0.0,mzspec:MSV000084556:ccms_peak/Raw_data/FD028_T2.mzML:scan:725,1,0.79,5,0,MSV000084556,NoID,temp/queries/f4/f411ce67a37f44a0934caea24e9e5619/f411ce67a37f44a0934caea24e9e5619.mgf,1,254,1382656
5-ASA_succinic acid,mzspec:GNPS:MULTIPLEX-SYNTHESIS-LIBRARY-ALL-PARTITION-6:accession:CCMSLIB00016277545,-0.0,mzspec:MSV000088646:ccms_peak/Plate_07_RAW/225815_Y2.mzML:scan:807,1,0.78,5,0,MSV000088646,NoID,temp/queries/f4/f411ce67a37f44a0934caea24e9e5619/f411ce67a37f44a0934caea24e9e5619.mgf,1,254,683119
5-ASA_succinic acid,mzspec:GNPS:MULTIPLEX-SYNTHESIS-LIBRARY-ALL-PARTITION-6:accession:CCMSLIB00016277545,-0.0,mzspec:MSV000087942:ccms_peak/Plate_01_RAW/Tube_014.mzML:scan:788,1,0.78,5,0,MSV000087942,NoID,temp/queries/f4/f411ce67a37f44a0934caea24e9e5619/f411ce67a37f44a0934caea24e9e5619.mgf,1,254,1315543
5-ASA_succinic acid,mzspec:GNPS:MULTIPLEX-SYNTHESIS-LIBRARY-ALL-PARTITION-6:accession:CCMSLIB00016277545,-0.0,mzspec:MSV000087942:ccms_peak/Plate_02_RAW/Tube_007.mzML:scan:777,1,0.78,5,0,MSV000087942,NoID,temp/queries/f4/f411ce67a37f44a0934caea24e9e5619/f411ce67a37f44a0934caea24e9e5619.mgf,1,254,1315619
5-ASA_succinic acid,mzspec:GNPS:MULTIPLEX-SYNTHESIS-LIBRARY-ALL-PARTITION-6:accession:CCMSLIB00016277545,0.0,mzspec:MSV000081492:ccms_peak/Raw_Files/Samples_Treatment/mayo_1_10.mzML:scan:750,1,0.78,5,0,MSV000081492,NoID,temp/queries/f4/f411ce67a37f44a0934caea24e9e5619/f411ce67a37f44a0934caea24e9e5619.mgf,1,254,1620674
5-ASA_succinic acid,mzspec:GNPS:MULTIPLEX-SYNTHESIS-LIBRARY-ALL-PARTITION-6:accession:CCMSLIB00016277545,-0.0,mzspec:MSV000088646:ccms_peak/Plate_02_RAW/261852_BL.mzML:scan:802,1,0.77,5,0,MSV000088646,NoID,temp/queries/f4/f411ce67a37f44a0934caea24e9e5619/f411ce67a37f44a0934caea24e9e5619.mgf,1,254,682646
5-ASA_succinic acid,mzspec:GNPS:MULTIPLEX-SYNTHESIS-LIBRARY-ALL-PARTITION-6:accession:CCMSLIB00016277545,-0.0,mzspec:MSV000084556:ccms_peak/Raw_data/FD028_T1.mzML:scan:765,1,0.77,5,0,MSV000084556,NoID,temp/queries/f4/f411ce67a37f44a0934caea24e9e5619/f411ce67a37f44a0934caea24e9e5619.mgf,1,254,1382696
5-ASA_succinic acid,mzspec:GNPS:MULTIPLEX-SYNTHESIS-LIBRARY-ALL-PARTITION-6:accession:CCMSLIB00016277545,-0.0,mzspec:MSV000087942:ccms_peak/Plate_01_RAW/Tube_023_RERUNS.mzML:scan:800,1,0.77,5,0,MSV000087942,NoID,temp/queries/f4/f411ce67a37f44a0934caea24e9e5619/f411ce67a37f44a0934caea24e9e5619.mgf,1,254,1315840
5-ASA_succinic acid,mzspec:GNPS:MULTIPLEX-SYNTHESIS-LIBRARY-ALL-PARTITION-6:accession:CCMSLIB00016277545,-0.0,mzspec:MSV000088646:ccms_peak/Plate_07_RAW/263162_Y2.mzML:scan:806,1,0.77,5,0,MSV000088646,NoID,temp/queries/f4/f411ce67a37f44a0934caea24e9e5619/f411ce67a37f44a0934caea24e9e5619.mgf,1,254,682165
5-ASA_succinic acid,mzspec:GNPS:MULTIPLEX-SYNTHESIS-LIBRARY-ALL-PARTITION-6:accession:CCMSLIB00016277545,0.0,mzspec:MSV000082221:ccms_peak/mzxml_files/samples/PLCL18269_RE11_01_28067.mzML:scan:451,1,0.77,5,0,MSV000082221,NoID,temp/queries/f4/f411ce67a37f44a0934caea24e9e5619/f411ce67a37f44a0934caea24e9e5619.mgf,1,254,170083
5-ASA_succinic acid,mzspec:GNPS:MULTIPLEX-SYNTHESIS-LIBRARY-ALL-PARTITION-6:accession:CCMSLIB00016277545,-0.0,mzspec:MSV000087942:ccms_peak/Plate_02_RAW/Tube_107.mzML:scan:777,1,0.77,5,0,MSV000087942,NoID,temp/queries/f4/f411ce67a37f44a0934caea24e9e5619/f411ce67a37f44a0934caea24e9e5619.mgf,1,254,1315851
5-ASA_succinic acid,mzspec:GNPS:MULTIPLEX-SYNTHESIS-LIBRARY-ALL-PARTITION-6:accession:CCMSLIB00016277545,0.0,mzspec:MSV000082221:ccms_peak/mzxml_files/samples/PLCL18291_BG9_01_28193.mzML:scan:431,1,0.76,5,0,MSV000082221,NoID,temp/queries/f4/f411ce67a37f44a0934caea24e9e5619/f411ce67a37f44a0934caea24e9e5619.mgf,1,254,170265
5-ASA_succinic acid,mzspec:GNPS:MULTIPLEX-SYNTHESIS-LIBRARY-ALL-PARTITION-6:accession:CCMSLIB00016277545,-0.0,mzspec:MSV000084556:ccms_peak/Raw_data/FD003_T3.mzML:scan:721,1,0.76,6,0,MSV000084556,NoID,temp/queries/f4/f411ce67a37f44a0934caea24e9e5619/f411ce67a37f44a0934caea24e9e5619.mgf,1,254,1382173
5-ASA_succinic acid,mzspec:GNPS:MULTIPLEX-SYNTHESIS-LIBRARY-ALL-PARTITION-6:accession:CCMSLIB00016277545,0.0,mzspec:MSV000081492:ccms_peak/Raw_Files/Samples_Treatment/mayo_1_1.mzML:scan:718,1,0.76,5,0,MSV000081492,NoID,temp/queries/f4/f411ce67a37f44a0934caea24e9e5619/f411ce67a37f44a0934caea24e9e5619.mgf,1,254,1620611
5-ASA_succinic acid,mzspec:GNPS:MULTIPLEX-SYNTHESIS-LIBRARY-ALL-PARTITION-6:accession:CCMSLIB00016277545,-0.0,mzspec:MSV000087942:ccms_peak/Plate_02_RAW/Tube_101.mzML:scan:782,1,0.76,5,0,MSV000087942,NoID,temp/queries/f4/f411ce67a37f44a0934caea24e9e5619/f411ce67a37f44a0934caea24e9e5619.mgf,1,254,1315883
5-ASA_succinic acid,mzspec:GNPS:MULTIPLEX-SYNTHESIS-LIBRARY-ALL-PARTITION-6:accession:CCMSLIB00016277545,-0.0,mzspec:MSV000088646:ccms_peak/Plate_03_RAW/219023_Y1.mzML:scan:808,1,0.75,5,0,MSV000088646,NoID,temp/queries/f4/f411ce67a37f44a0934caea24e9e5619/f411ce67a37f44a0934caea24e9e5619.mgf,1,254,682535
5-ASA_succinic acid,mzspec:GNPS:MULTIPLEX-SYNTHESIS-LIBRARY-ALL-PARTITION-6:accession:CCMSLIB00016277545,-0.0,mzspec:MSV000082221:ccms_peak/mzxml_files/samples/PLCL22328.1_BB7_01_28345.mzML:scan:439,1,0.75,4,0,MSV000082221,NoID,temp/queries/f4/f411ce67a37f44a0934caea24e9e5619/f411ce67a37f44a0934caea24e9e5619.mgf,1,254,170378
5-ASA_succinic acid,mzspec:GNPS:MULTIPLEX-SYNTHESIS-LIBRARY-ALL-PARTITION-6:accession:CCMSLIB00016277545,0.0,mzspec:MSV000081492:ccms_peak/Raw_Files/Controls/QC_02.mzML:scan:773,1,0.75,5,0,MSV000081492,NoID,temp/queries/f4/f411ce67a37f44a0934caea24e9e5619/f411ce67a37f44a0934caea24e9e5619.mgf,1,254,1620634
5-ASA_succinic acid,mzspec:GNPS:MULTIPLEX-SYNTHESIS-LIBRARY-ALL-PARTITION-6:accession:CCMSLIB00016277545,0.0,mzspec:MSV000090553:peak/20211009_UMETAB222_POS_3_FPY12_Plate-13_NBC_01048_rep1.mzML:scan:2398,1,0.75,5,0,MSV000090553,NoID,temp/queries/f4/f411ce67a37f44a0934caea24e9e5619/f411ce67a37f44a0934caea24e9e5619.mgf,1,254,965332
5-ASA_succinic acid,mzspec:GNPS:MULTIPLEX-SYNTHESIS-LIBRARY-ALL-PARTITION-6:accession:CCMSLIB00016277545,-0.0,mzspec:MSV000096480:raw/230928_01_HILIC_pos/230925_M201_01_HILIC_pos_57.mzXML:scan:1998,1,0.74,4,0,MSV000096480,NoID,temp/queries/f4/f411ce67a37f44a0934caea24e9e5619/f411ce67a37f44a0934caea24e9e5619.mgf,1,254,123220
5-ASA_succinic acid,mzspec:GNPS:MULTIPLEX-SYNTHESIS-LIBRARY-ALL-PARTITION-6:accession:CCMSLIB00016277545,-0.0,mzspec:MSV000082221:ccms_peak/mzxml_files/samples/PLCL19620_BF6_01_28178.mzML:scan:431,1,0.74,5,0,MSV000082221,NoID,temp/queries/f4/f411ce67a37f44a0934caea24e9e5619/f411ce67a37f44a0934caea24e9e5619.mgf,1,254,169920
5-ASA_succinic acid,mzspec:GNPS:MULTIPLEX-SYNTHESIS-LIBRARY-ALL-PARTITION-6:accession:CCMSLIB00016277545,-0.0,mzspec:MSV000084794:ccms_peak/Raw_data/pos/HCO01.mzML:scan:963,1,0.74,5,0,MSV000084794,NoID,temp/queries/f4/f411ce67a37f44a0934caea24e9e5619/f411ce67a37f44a0934caea24e9e5619.mgf,1,254,2113079
5-ASA_succinic acid,mzspec:GNPS:MULTIPLEX-SYNTHESIS-LIBRARY-ALL-PARTITION-6:accession:CCMSLIB00016277545,-0.0,mzspec:ST002320:HaffnerEtAl_2022_MS_Data/HCO01.mzXML:scan:963,1,0.74,5,0,ST002320,NoID,temp/queries/f4/f411ce67a37f44a0934caea24e9e5619/f411ce67a37f44a0934caea24e9e5619.mgf,1,254,2126971
5-ASA_succinic acid,mzspec:GNPS:MULTIPLEX-SYNTHESIS-LIBRARY-ALL-PARTITION-6:accession:CCMSLIB00016277545,-0.0,mzspec:MSV000088646:ccms_peak/Plate_01_RAW/219023_BL.mzML:scan:777,1,0.74,5,0,MSV000088646,NoID,temp/queries/f4/f411ce67a37f44a0934caea24e9e5619/f411ce67a37f44a0934caea24e9e5619.mgf,1,254,682226
5-ASA_succinic acid,mzspec:GNPS:MULTIPLEX-SYNTHESIS-LIBRARY-ALL-PARTITION-6:accession:CCMSLIB00016277545,-0.0,mzspec:MSV000087942:ccms_peak/Plate_01_RAW/Tube_061.mzML:scan:774,1,0.73,5,0,MSV000087942,NoID,temp/queries/f4/f411ce67a37f44a0934caea24e9e5619/f411ce67a37f44a0934caea24e9e5619.mgf,1,254,1315765
5-ASA_succinic acid,mzspec:GNPS:MULTIPLEX-SYNTHESIS-LIBRARY-ALL-PARTITION-6:accession:CCMSLIB00016277545,-0.0,mzspec:MSV000087942:ccms_peak/Plate_02_RAW/Tube_103.mzML:scan:784,1,0.73,5,0,MSV000087942,NoID,temp/queries/f4/f411ce67a37f44a0934caea24e9e5619/f411ce67a37f44a0934caea24e9e5619.mgf,1,254,1315890
5-ASA_succinic acid,mzspec:GNPS:MULTIPLEX-SYNTHESIS-LIBRARY-ALL-PARTITION-6:accession:CCMSLIB00016277545,-0.0,mzspec:MSV000088640:ccms_peak/Plate_02_RAW/6035131.mzML:scan:833,1,0.73,5,0,MSV000088640,NoID,temp/queries/f4/f411ce67a37f44a0934caea24e9e5619/f411ce67a37f44a0934caea24e9e5619.mgf,1,254,1361046
5-ASA_succinic acid,mzspec:GNPS:MULTIPLEX-SYNTHESIS-LIBRARY-ALL-PARTITION-6:accession:CCMSLIB00016277545,0.0,mzspec:MSV000082094:updates/2019-01-10_rhmills_712042dc/raw/Extract_blank_GA1_01_12086.mzXML:scan:1454,1,0.73,6,0,MSV000082094,NoID,temp/queries/f4/f411ce67a37f44a0934caea24e9e5619/f411ce67a37f44a0934caea24e9e5619.mgf,1,254,1555545
5-ASA_succinic acid,mzspec:GNPS:MULTIPLEX-SYNTHESIS-LIBRARY-ALL-PARTITION-6:accession:CCMSLIB00016277545,0.0,mzspec:MSV000081492:ccms_peak/Raw_Files/Controls/QC_01_170626113747.mzML:scan:793,1,0.73,5,0,MSV000081492,NoID,temp/queries/f4/f411ce67a37f44a0934caea24e9e5619/f411ce67a37f44a0934caea24e9e5619.mgf,1,254,1620627
5-ASA_succinic acid,mzspec:GNPS:MULTIPLEX-SYNTHESIS-LIBRARY-ALL-PARTITION-6:accession:CCMSLIB00016277545,0.0,mzspec:MSV000082431:ccms_peak/blanks/Extract_blank_GA1_01_12086.mzML:scan:1454,1,0.73,6,0,MSV000082431,NoID,temp/queries/f4/f411ce67a37f44a0934caea24e9e5619/f411ce67a37f44a0934caea24e9e5619.mgf,1,254,868048
5-ASA_succinic acid,mzspec:GNPS:MULTIPLEX-SYNTHESIS-LIBRARY-ALL-PARTITION-6:accession:CCMSLIB00016277545,-0.0,mzspec:MSV000091520:ccms_peak/QC_Blanks/No_injection/NoInj_Plate1_2.mzML:scan:728,1,0.72,4,0,MSV000091520,NoID,temp/queries/f4/f411ce67a37f44a0934caea24e9e5619/f411ce67a37f44a0934caea24e9e5619.mgf,1,254,1143160
5-ASA_succinic acid,mzspec:GNPS:MULTIPLEX-SYNTHESIS-LIBRARY-ALL-PARTITION-6:accession:CCMSLIB00016277545,0.0,mzspec:MSV000090553:peak/20211009_UMETAB222_POS_25_ISP2_Plate-13_NBC_01048_rep3.mzML:scan:2475,1,0.72,4,0,MSV000090553,NoID,temp/queries/f4/f411ce67a37f44a0934caea24e9e5619/f411ce67a37f44a0934caea24e9e5619.mgf,1,254,969561
5-ASA_succinic acid,mzspec:GNPS:MULTIPLEX-SYNTHESIS-LIBRARY-ALL-PARTITION-6:accession:CCMSLIB00016277545,0.0,mzspec:MSV000090553:peak/20211009_UMETAB222_POS_13_ISP2_Plate-13_NBC_01048_rep2.mzML:scan:2474,1,0.72,4,0,MSV000090553,NoID,temp/queries/f4/f411ce67a37f44a0934caea24e9e5619/f411ce67a37f44a0934caea24e9e5619.mgf,1,254,974297
5-ASA_succinic acid,mzspec:GNPS:MULTIPLEX-SYNTHESIS-LIBRARY-ALL-PARTITION-6:accession:CCMSLIB00016277545,-0.0,mzspec:MSV000091520:peak/QC_Blanks_mzML/No_injection_mzML/NoInj_Plate1_2.mzML:scan:728,1,0.72,4,0,MSV000091520,NoID,temp/queries/f4/f411ce67a37f44a0934caea24e9e5619/f411ce67a37f44a0934caea24e9e5619.mgf,1,254,1148270
5-ASA_succinic acid,mzspec:GNPS:MULTIPLEX-SYNTHESIS-LIBRARY-ALL-PARTITION-6:accession:CCMSLIB00016277545,-0.0,mzspec:MSV000087942:ccms_peak/Plate_01_RAW/Tube_028.mzML:scan:804,1,0.72,6,0,MSV000087942,NoID,temp/queries/f4/f411ce67a37f44a0934caea24e9e5619/f411ce67a37f44a0934caea24e9e5619.mgf,1,254,1315494
5-ASA_succinic acid,mzspec:GNPS:MULTIPLEX-SYNTHESIS-LIBRARY-ALL-PARTITION-6:accession:CCMSLIB00016277545,0.0,mzspec:MSV000082221:ccms_peak/mzxml_files/samples/PLCL18291_BG9_01_28193.mzML:scan:425,1,0.71,5,0,MSV000082221,NoID,temp/queries/f4/f411ce67a37f44a0934caea24e9e5619/f411ce67a37f44a0934caea24e9e5619.mgf,1,254,170264
5-ASA_succinic acid,mzspec:GNPS:MULTIPLEX-SYNTHESIS-LIBRARY-ALL-PARTITION-6:accession:CCMSLIB00016277545,0.0,mzspec:MSV000090553:peak/20211009_UMETAB222_POS_1_ISP2_Plate-13_NBC_01048_rep1.mzML:scan:2479,1,0.71,4,0,MSV000090553,NoID,temp/queries/f4/f411ce67a37f44a0934caea24e9e5619/f411ce67a37f44a0934caea24e9e5619.mgf,1,254,967703
5-ASA_succinic acid,mzspec:GNPS:MULTIPLEX-SYNTHESIS-LIBRARY-ALL-PARTITION-6:accession:CCMSLIB00016277545,0.0,mzspec:MSV000090553:peak/20211009_UMETAB222_POS_15_FPY12_Plate-13_NBC_01048_rep2.mzML:scan:2413,1,0.71,4,0,MSV000090553,NoID,temp/queries/f4/f411ce67a37f44a0934caea24e9e5619/f411ce67a37f44a0934caea24e9e5619.mgf,1,254,973457
5-ASA_succinic acid,mzspec:GNPS:MULTIPLEX-SYNTHESIS-LIBRARY-ALL-PARTITION-6:accession:CCMSLIB00016277545,-0.0,mzspec:MSV000084556:ccms_peak/Raw_data/FD003_T3.mzML:scan:858,1,0.71,5,0,MSV000084556,NoID,temp/queries/f4/f411ce67a37f44a0934caea24e9e5619/f411ce67a37f44a0934caea24e9e5619.mgf,1,254,1382174
5-ASA_succinic acid,mzspec:GNPS:MULTIPLEX-SYNTHESIS-LIBRARY-ALL-PARTITION-6:accession:CCMSLIB00016277545,0.0,mzspec:MSV000081981:ccms_peak/2017.AmericanGutPhase1.Samples.mzXMLfiles/Samples/000032801_RC8_01_6145.mzML:scan:769,1,0.7,5,0,MSV000081981,NoID,temp/queries/f4/f411ce67a37f44a0934caea24e9e5619/f411ce67a37f44a0934caea24e9e5619.mgf,1,254,1487129
5-ASA_succinic acid,mzspec:GNPS:MULTIPLEX-SYNTHESIS-LIBRARY-ALL-PARTITION-6:accession:CCMSLIB00016277545,0.0,mzspec:MSV000080673:ccms_peak/2017.AmericanGut3K.mzXMLfiles/Samples/000032801_RC8_01_6145.mzML:scan:769,1,0.7,5,0,MSV000080673,NoID,temp/queries/f4/f411ce67a37f44a0934caea24e9e5619/f411ce67a37f44a0934caea24e9e5619.mgf,1,254,2083191
5-ASA_succinic acid,mzspec:GNPS:MULTIPLEX-SYNTHESIS-LIBRARY-ALL-PARTITION-6:accession:CCMSLIB00016277545,0.0,mzspec:MSV000082221:ccms_peak/mzxml_files/samples/PLCL20093_BG7_01_28191.mzML:scan:444,1,0.7,3,0,MSV000082221,NoID,temp/queries/f4/f411ce67a37f44a0934caea24e9e5619/f411ce67a37f44a0934caea24e9e5619.mgf,1,254,169942
