compound_name,lib_usi,desc,timing
5-ASA_succinic acid_5-aminosalicylic acid,mzspec:GNPS:MULTIPLEX-SYNTHESIS-LIBRARY-ALL-PARTITION-6:accession:CCMSLIB00016277670,prep,0.0009138584136962891
5-ASA_succinic acid_5-aminosalicylic acid,mzspec:GNPS:MULTIPLEX-SYNTHESIS-LIBRARY-ALL-PARTITION-6:accession:CCMSLIB00016277670,Search,0.6623773574829102
5-ASA_succinic acid_5-aminosalicylic acid,mzspec:GNPS:MULTIPLEX-SYNTHESIS-LIBRARY-ALL-PARTITION-6:accession:CCMSLIB00016277670,Parse Query,9.894371032714844e-05
5-ASA_succinic acid_5-aminosalicylic acid,mzspec:GNPS:MULTIPLEX-SYNTHESIS-LIBRARY-ALL-PARTITION-6:accession:CCMSLIB00016277670,Parse Query 2,0.0016951560974121094
5-ASA_succinic acid_5-aminosalicylic acid,mzspec:GNPS:MULTIPLEX-SYNTHESIS-LIBRARY-ALL-PARTITION-6:accession:CCMSLIB00016277670,Get DB Info,9.703636169433594e-05
5-ASA_succinic acid_5-aminosalicylic acid,mzspec:GNPS:MULTIPLEX-SYNTHESIS-LIBRARY-ALL-PARTITION-6:accession:CCMSLIB00016277670,Demangle,0.005202531814575195
5-ASA_succinic acid_5-aminosalicylic acid,mzspec:GNPS:MULTIPLEX-SYNTHESIS-LIBRARY-ALL-PARTITION-6:accession:CCMSLIB00016277670,Group,0.005040645599365234
5-ASA_succinic acid_5-aminosalicylic acid,mzspec:GNPS:MULTIPLEX-SYNTHESIS-LIBRARY-ALL-PARTITION-6:accession:CCMSLIB00016277670,Enrich datasets,0.01133275032043457
