compound_name,lib_usi,desc,timing
5-ASA_succinic acid_5-aminosalicylic acid_oxalic acid,mzspec:GNPS:MULTIPLEX-SYNTHESIS-LIBRARY-ALL-PARTITION-6:accession:CCMSLIB00016277572,prep,0.0007092952728271484
5-ASA_succinic acid_5-aminosalicylic acid_oxalic acid,mzspec:GNPS:MULTIPLEX-SYNTHESIS-LIBRARY-ALL-PARTITION-6:accession:CCMSLIB00016277572,Search,0.6876213550567627
5-ASA_succinic acid_5-aminosalicylic acid_oxalic acid,mzspec:GNPS:MULTIPLEX-SYNTHESIS-LIBRARY-ALL-PARTITION-6:accession:CCMSLIB00016277572,Parse Query,9.870529174804688e-05
5-ASA_succinic acid_5-aminosalicylic acid_oxalic acid,mzspec:GNPS:MULTIPLEX-SYNTHESIS-LIBRARY-ALL-PARTITION-6:accession:CCMSLIB00016277572,Parse Query 2,0.0014133453369140625
5-ASA_succinic acid_5-aminosalicylic acid_oxalic acid,mzspec:GNPS:MULTIPLEX-SYNTHESIS-LIBRARY-ALL-PARTITION-6:accession:CCMSLIB00016277572,Get DB Info,9.298324584960938e-05
5-ASA_succinic acid_5-aminosalicylic acid_oxalic acid,mzspec:GNPS:MULTIPLEX-SYNTHESIS-LIBRARY-ALL-PARTITION-6:accession:CCMSLIB00016277572,Demangle,0.0048182010650634766
5-ASA_succinic acid_5-aminosalicylic acid_oxalic acid,mzspec:GNPS:MULTIPLEX-SYNTHESIS-LIBRARY-ALL-PARTITION-6:accession:CCMSLIB00016277572,Group,0.0049591064453125
5-ASA_succinic acid_5-aminosalicylic acid_oxalic acid,mzspec:GNPS:MULTIPLEX-SYNTHESIS-LIBRARY-ALL-PARTITION-6:accession:CCMSLIB00016277572,Enrich datasets,0.011736869812011719
