compound_name,lib_usi,Delta Mass,USI,Charge,Cosine,Matching Peaks,Unit Delta Mass,Dataset,Status,Query Filename,Query Scan,Index UnitPM,Index IdxInUnitPM
5-ASA_syringaldehyde,mzspec:GNPS:MULTIPLEX-SYNTHESIS-LIBRARY-ALL-PARTITION-6:accession:CCMSLIB00016278790,-0.0,mzspec:MSV000094097:peak/Stool/OAS_25_stool.mzML:scan:1353,1,0.82,4,0,MSV000094097,NoID,temp/queries/61/615cbea0f1fe4e0bbacffccf17569d9c/615cbea0f1fe4e0bbacffccf17569d9c.mgf,1,318,1168698
5-ASA_syringaldehyde,mzspec:GNPS:MULTIPLEX-SYNTHESIS-LIBRARY-ALL-PARTITION-6:accession:CCMSLIB00016278790,0.0,mzspec:MSV000095423:peak/all_files_mzML/LC2_1to100/HNRC_P4_B6_Sample_X3146047_LC2.mzML:scan:2589,1,0.8,4,0,MSV000095423,NoID,temp/queries/61/615cbea0f1fe4e0bbacffccf17569d9c/615cbea0f1fe4e0bbacffccf17569d9c.mgf,1,318,946604
5-ASA_syringaldehyde,mzspec:GNPS:MULTIPLEX-SYNTHESIS-LIBRARY-ALL-PARTITION-6:accession:CCMSLIB00016278790,-0.0,mzspec:MSV000096564:updates/2025-04-08_JAGONGO_1994_97ed8ed8/peak/mzML/15663_800805_9_T2_fecal_2.mzML:scan:1845,1,0.8,4,0,MSV000096564,NoID,temp/queries/61/615cbea0f1fe4e0bbacffccf17569d9c/615cbea0f1fe4e0bbacffccf17569d9c.mgf,1,318,2215619
5-ASA_syringaldehyde,mzspec:GNPS:MULTIPLEX-SYNTHESIS-LIBRARY-ALL-PARTITION-6:accession:CCMSLIB00016278790,-0.0,mzspec:MSV000096564:updates/2025-04-08_JAGONGO_1994_97ed8ed8/raw/IBD_CCFA_fecal_03_30/mzML/15663_800805_9_T2_fecal_1.mzML:scan:1837,1,0.8,4,0,MSV000096564,NoID,temp/queries/61/615cbea0f1fe4e0bbacffccf17569d9c/615cbea0f1fe4e0bbacffccf17569d9c.mgf,1,318,2216012
5-ASA_syringaldehyde,mzspec:GNPS:MULTIPLEX-SYNTHESIS-LIBRARY-ALL-PARTITION-6:accession:CCMSLIB00016278790,-0.0,mzspec:MSV000096564:updates/2025-04-08_JAGONGO_1994_97ed8ed8/peak/mzML/15663_800805_9_T2_fecal_1.mzML:scan:1837,1,0.8,4,0,MSV000096564,NoID,temp/queries/61/615cbea0f1fe4e0bbacffccf17569d9c/615cbea0f1fe4e0bbacffccf17569d9c.mgf,1,318,2219208
5-ASA_syringaldehyde,mzspec:GNPS:MULTIPLEX-SYNTHESIS-LIBRARY-ALL-PARTITION-6:accession:CCMSLIB00016278790,-0.0,mzspec:MSV000088646:ccms_peak/Plate_01_RAW/216674_BL.mzML:scan:1006,1,0.8,4,0,MSV000088646,NoID,temp/queries/61/615cbea0f1fe4e0bbacffccf17569d9c/615cbea0f1fe4e0bbacffccf17569d9c.mgf,1,318,935494
5-ASA_syringaldehyde,mzspec:GNPS:MULTIPLEX-SYNTHESIS-LIBRARY-ALL-PARTITION-6:accession:CCMSLIB00016278790,-0.0,mzspec:MSV000096564:updates/2025-04-08_JAGONGO_1994_97ed8ed8/raw/IBD_CCFA_fecal_03_30/mzML/15663_800805_9_T2_fecal_2.mzML:scan:1845,1,0.8,4,0,MSV000096564,NoID,temp/queries/61/615cbea0f1fe4e0bbacffccf17569d9c/615cbea0f1fe4e0bbacffccf17569d9c.mgf,1,318,2220033
5-ASA_syringaldehyde,mzspec:GNPS:MULTIPLEX-SYNTHESIS-LIBRARY-ALL-PARTITION-6:accession:CCMSLIB00016278790,0.0,mzspec:MSV000097110:peak/NESDA_mzml_all/P8_D2_364164344.mzML:scan:1337,1,0.79,4,0,MSV000097110,NoID,temp/queries/61/615cbea0f1fe4e0bbacffccf17569d9c/615cbea0f1fe4e0bbacffccf17569d9c.mgf,1,318,800559
5-ASA_syringaldehyde,mzspec:GNPS:MULTIPLEX-SYNTHESIS-LIBRARY-ALL-PARTITION-6:accession:CCMSLIB00016278790,0.0,mzspec:MSV000097110:peak/NESDA_mzml_all/P4_A6_364162123.mzML:scan:1331,1,0.79,4,0,MSV000097110,NoID,temp/queries/61/615cbea0f1fe4e0bbacffccf17569d9c/615cbea0f1fe4e0bbacffccf17569d9c.mgf,1,318,798415
5-ASA_syringaldehyde,mzspec:GNPS:MULTIPLEX-SYNTHESIS-LIBRARY-ALL-PARTITION-6:accession:CCMSLIB00016278790,0.0,mzspec:MSV000097110:peak/NESDA_mzml_all/P2_D8_364345554.mzML:scan:1338,1,0.79,4,0,MSV000097110,NoID,temp/queries/61/615cbea0f1fe4e0bbacffccf17569d9c/615cbea0f1fe4e0bbacffccf17569d9c.mgf,1,318,799550
5-ASA_syringaldehyde,mzspec:GNPS:MULTIPLEX-SYNTHESIS-LIBRARY-ALL-PARTITION-6:accession:CCMSLIB00016278790,-0.0,mzspec:MSV000095423:updates/2024-07-24_helenamrusso_d8d86449/peak/LC1_5to100/HNRC_P4_B6_Sample_X3146047.mzML:scan:1917,1,0.79,4,0,MSV000095423,NoID,temp/queries/61/615cbea0f1fe4e0bbacffccf17569d9c/615cbea0f1fe4e0bbacffccf17569d9c.mgf,1,318,947575
5-ASA_syringaldehyde,mzspec:GNPS:MULTIPLEX-SYNTHESIS-LIBRARY-ALL-PARTITION-6:accession:CCMSLIB00016278790,-0.0,mzspec:MSV000097110:peak/NESDA_mzml_all/P11_H11_364162495.mzML:scan:1325,1,0.78,4,0,MSV000097110,NoID,temp/queries/61/615cbea0f1fe4e0bbacffccf17569d9c/615cbea0f1fe4e0bbacffccf17569d9c.mgf,1,318,802204
5-ASA_syringaldehyde,mzspec:GNPS:MULTIPLEX-SYNTHESIS-LIBRARY-ALL-PARTITION-6:accession:CCMSLIB00016278790,-0.0,mzspec:MSV000096694:peak/Pierce_ASD_Mzml/P1_H4_364419281.mzML:scan:2064,1,0.78,4,0,MSV000096694,NoID,temp/queries/61/615cbea0f1fe4e0bbacffccf17569d9c/615cbea0f1fe4e0bbacffccf17569d9c.mgf,1,318,1606220
5-ASA_syringaldehyde,mzspec:GNPS:MULTIPLEX-SYNTHESIS-LIBRARY-ALL-PARTITION-6:accession:CCMSLIB00016278790,-0.02,mzspec:MTBLS3963:FILES/DERIVED_FILES/POS/Inc-Trp-4_POS.mzML:scan:4294967295,1,0.76,1,0,MTBLS3963,NoID,temp/queries/61/615cbea0f1fe4e0bbacffccf17569d9c/615cbea0f1fe4e0bbacffccf17569d9c.mgf,1,318,2592370
5-ASA_syringaldehyde,mzspec:GNPS:MULTIPLEX-SYNTHESIS-LIBRARY-ALL-PARTITION-6:accession:CCMSLIB00016278790,-0.0,mzspec:MSV000087942:ccms_peak/Plate_02_RAW/Tube_146.mzML:scan:1017,1,0.76,4,0,MSV000087942,NoID,temp/queries/61/615cbea0f1fe4e0bbacffccf17569d9c/615cbea0f1fe4e0bbacffccf17569d9c.mgf,1,318,1546782
5-ASA_syringaldehyde,mzspec:GNPS:MULTIPLEX-SYNTHESIS-LIBRARY-ALL-PARTITION-6:accession:CCMSLIB00016278790,-0.0,mzspec:ST002977:Fecal_Metabolome_and_Microbiome_IDs/Raw_Data_Files/Bile Acid Fatty Acid Esters/BAFAE_data_pos/2023-09-06_run045_Fraction19.mzML:scan:3403,1,0.76,4,0,ST002977,NoID,temp/queries/61/615cbea0f1fe4e0bbacffccf17569d9c/615cbea0f1fe4e0bbacffccf17569d9c.mgf,1,318,2492718
5-ASA_syringaldehyde,mzspec:GNPS:MULTIPLEX-SYNTHESIS-LIBRARY-ALL-PARTITION-6:accession:CCMSLIB00016278790,-0.0,mzspec:MSV000091538:ccms_peak/Gupta_P1/A6937.mzML:scan:1339,1,0.75,3,0,MSV000091538,NoID,temp/queries/61/615cbea0f1fe4e0bbacffccf17569d9c/615cbea0f1fe4e0bbacffccf17569d9c.mgf,1,318,1120394
5-ASA_syringaldehyde,mzspec:GNPS:MULTIPLEX-SYNTHESIS-LIBRARY-ALL-PARTITION-6:accession:CCMSLIB00016278790,-0.0,mzspec:MSV000088646:ccms_peak/Plate_01_RAW/273932_BL.mzML:scan:1039,1,0.75,3,0,MSV000088646,NoID,temp/queries/61/615cbea0f1fe4e0bbacffccf17569d9c/615cbea0f1fe4e0bbacffccf17569d9c.mgf,1,318,933495
5-ASA_syringaldehyde,mzspec:GNPS:MULTIPLEX-SYNTHESIS-LIBRARY-ALL-PARTITION-6:accession:CCMSLIB00016278790,-0.0,mzspec:MSV000091538:peak/Gupta_P1_mzML/A6937.mzML:scan:1339,1,0.75,3,0,MSV000091538,NoID,temp/queries/61/615cbea0f1fe4e0bbacffccf17569d9c/615cbea0f1fe4e0bbacffccf17569d9c.mgf,1,318,1126280
5-ASA_syringaldehyde,mzspec:GNPS:MULTIPLEX-SYNTHESIS-LIBRARY-ALL-PARTITION-6:accession:CCMSLIB00016278790,-0.0,mzspec:MSV000088646:ccms_peak/Plate_04_RAW/236897_Y1.mzML:scan:1012,1,0.75,3,0,MSV000088646,NoID,temp/queries/61/615cbea0f1fe4e0bbacffccf17569d9c/615cbea0f1fe4e0bbacffccf17569d9c.mgf,1,318,932802
5-ASA_syringaldehyde,mzspec:GNPS:MULTIPLEX-SYNTHESIS-LIBRARY-ALL-PARTITION-6:accession:CCMSLIB00016278790,-0.0,mzspec:MSV000088646:ccms_peak/Plate_04_RAW/292641_Y1.mzML:scan:1030,1,0.74,3,0,MSV000088646,NoID,temp/queries/61/615cbea0f1fe4e0bbacffccf17569d9c/615cbea0f1fe4e0bbacffccf17569d9c.mgf,1,318,931244
5-ASA_syringaldehyde,mzspec:GNPS:MULTIPLEX-SYNTHESIS-LIBRARY-ALL-PARTITION-6:accession:CCMSLIB00016278790,-0.0,mzspec:MSV000088646:ccms_peak/Plate_02_RAW/232692_BL.mzML:scan:1040,1,0.74,3,0,MSV000088646,NoID,temp/queries/61/615cbea0f1fe4e0bbacffccf17569d9c/615cbea0f1fe4e0bbacffccf17569d9c.mgf,1,318,932729
5-ASA_syringaldehyde,mzspec:GNPS:MULTIPLEX-SYNTHESIS-LIBRARY-ALL-PARTITION-6:accession:CCMSLIB00016278790,0.0,mzspec:MSV000097110:peak/NESDA_mzml_all/P3_H11_364164625.mzML:scan:1319,1,0.74,4,0,MSV000097110,NoID,temp/queries/61/615cbea0f1fe4e0bbacffccf17569d9c/615cbea0f1fe4e0bbacffccf17569d9c.mgf,1,318,798265
5-ASA_syringaldehyde,mzspec:GNPS:MULTIPLEX-SYNTHESIS-LIBRARY-ALL-PARTITION-6:accession:CCMSLIB00016278790,-0.0,mzspec:MSV000088646:ccms_peak/Plate_08_RAW/231841_Y3.mzML:scan:1035,1,0.74,3,0,MSV000088646,NoID,temp/queries/61/615cbea0f1fe4e0bbacffccf17569d9c/615cbea0f1fe4e0bbacffccf17569d9c.mgf,1,318,931451
5-ASA_syringaldehyde,mzspec:GNPS:MULTIPLEX-SYNTHESIS-LIBRARY-ALL-PARTITION-6:accession:CCMSLIB00016278790,-0.02,mzspec:ST002051:Tz_Bz_Comp/0424_PP_Tachy_Tubes_T1_2.mzML:scan:1706,1,0.74,1,0,ST002051,NoID,temp/queries/61/615cbea0f1fe4e0bbacffccf17569d9c/615cbea0f1fe4e0bbacffccf17569d9c.mgf,1,318,2500874
5-ASA_syringaldehyde,mzspec:GNPS:MULTIPLEX-SYNTHESIS-LIBRARY-ALL-PARTITION-6:accession:CCMSLIB00016278790,0.0,mzspec:MSV000097110:peak/NESDA_mzml_all/P3_C5_364164642.mzML:scan:1324,1,0.74,4,0,MSV000097110,NoID,temp/queries/61/615cbea0f1fe4e0bbacffccf17569d9c/615cbea0f1fe4e0bbacffccf17569d9c.mgf,1,318,802196
5-ASA_syringaldehyde,mzspec:GNPS:MULTIPLEX-SYNTHESIS-LIBRARY-ALL-PARTITION-6:accession:CCMSLIB00016278790,-0.0,mzspec:MSV000094097:peak/Stool/OAS_2_stool.mzML:scan:1327,1,0.74,3,0,MSV000094097,NoID,temp/queries/61/615cbea0f1fe4e0bbacffccf17569d9c/615cbea0f1fe4e0bbacffccf17569d9c.mgf,1,318,1168760
5-ASA_syringaldehyde,mzspec:GNPS:MULTIPLEX-SYNTHESIS-LIBRARY-ALL-PARTITION-6:accession:CCMSLIB00016278790,-0.02,mzspec:ST002051:Tz_Bz_Comp/0424_PP_Tachy_Tubes_T1_1.mzML:scan:1681,1,0.74,1,0,ST002051,NoID,temp/queries/61/615cbea0f1fe4e0bbacffccf17569d9c/615cbea0f1fe4e0bbacffccf17569d9c.mgf,1,318,2501276
5-ASA_syringaldehyde,mzspec:GNPS:MULTIPLEX-SYNTHESIS-LIBRARY-ALL-PARTITION-6:accession:CCMSLIB00016278790,-0.0,mzspec:MSV000087942:ccms_peak/Plate_01_RAW/Tube_041.mzML:scan:1053,1,0.74,3,0,MSV000087942,NoID,temp/queries/61/615cbea0f1fe4e0bbacffccf17569d9c/615cbea0f1fe4e0bbacffccf17569d9c.mgf,1,318,1546541
5-ASA_syringaldehyde,mzspec:GNPS:MULTIPLEX-SYNTHESIS-LIBRARY-ALL-PARTITION-6:accession:CCMSLIB00016278790,-0.0,mzspec:MSV000088646:ccms_peak/Plate_06_RAW/269057_Y2.mzML:scan:1035,1,0.73,3,0,MSV000088646,NoID,temp/queries/61/615cbea0f1fe4e0bbacffccf17569d9c/615cbea0f1fe4e0bbacffccf17569d9c.mgf,1,318,935859
5-ASA_syringaldehyde,mzspec:GNPS:MULTIPLEX-SYNTHESIS-LIBRARY-ALL-PARTITION-6:accession:CCMSLIB00016278790,-0.0,mzspec:MSV000096694:peak/Pierce_ASD_Mzml/P1_H4_364419281.mzML:scan:2075,1,0.73,3,0,MSV000096694,NoID,temp/queries/61/615cbea0f1fe4e0bbacffccf17569d9c/615cbea0f1fe4e0bbacffccf17569d9c.mgf,1,318,1606221
5-ASA_syringaldehyde,mzspec:GNPS:MULTIPLEX-SYNTHESIS-LIBRARY-ALL-PARTITION-6:accession:CCMSLIB00016278790,-0.0,mzspec:MSV000088646:ccms_peak/Plate_02_RAW/281867_BL.mzML:scan:1033,1,0.73,3,0,MSV000088646,NoID,temp/queries/61/615cbea0f1fe4e0bbacffccf17569d9c/615cbea0f1fe4e0bbacffccf17569d9c.mgf,1,318,933272
5-ASA_syringaldehyde,mzspec:GNPS:MULTIPLEX-SYNTHESIS-LIBRARY-ALL-PARTITION-6:accession:CCMSLIB00016278790,-0.0,mzspec:MSV000088646:ccms_peak/Plate_02_RAW/256463_BL.mzML:scan:1027,1,0.73,3,0,MSV000088646,NoID,temp/queries/61/615cbea0f1fe4e0bbacffccf17569d9c/615cbea0f1fe4e0bbacffccf17569d9c.mgf,1,318,932812
5-ASA_syringaldehyde,mzspec:GNPS:MULTIPLEX-SYNTHESIS-LIBRARY-ALL-PARTITION-6:accession:CCMSLIB00016278790,-0.0,mzspec:MSV000091381:ccms_peak/U19_MIND_Y3_Raw/P2_A6_5693318.mzML:scan:1044,1,0.73,3,0,MSV000091381,NoID,temp/queries/61/615cbea0f1fe4e0bbacffccf17569d9c/615cbea0f1fe4e0bbacffccf17569d9c.mgf,1,318,470728
5-ASA_syringaldehyde,mzspec:GNPS:MULTIPLEX-SYNTHESIS-LIBRARY-ALL-PARTITION-6:accession:CCMSLIB00016278790,-0.0,mzspec:MSV000095418:peak/20240502_U19_ADRC_Main_SetOne_mzML/U19_ADRC_Main_mzML/P3_F9_5827066.mzML:scan:997,1,0.73,3,0,MSV000095418,NoID,temp/queries/61/615cbea0f1fe4e0bbacffccf17569d9c/615cbea0f1fe4e0bbacffccf17569d9c.mgf,1,318,1835503
5-ASA_syringaldehyde,mzspec:GNPS:MULTIPLEX-SYNTHESIS-LIBRARY-ALL-PARTITION-6:accession:CCMSLIB00016278790,-0.0,mzspec:MSV000091381:peak/U19_MIND_Y3_mzML/P2_A6_5693318.mzML:scan:1044,1,0.73,3,0,MSV000091381,NoID,temp/queries/61/615cbea0f1fe4e0bbacffccf17569d9c/615cbea0f1fe4e0bbacffccf17569d9c.mgf,1,318,483365
5-ASA_syringaldehyde,mzspec:GNPS:MULTIPLEX-SYNTHESIS-LIBRARY-ALL-PARTITION-6:accession:CCMSLIB00016278790,-0.0,mzspec:MSV000088646:ccms_peak/Plate_08_RAW/226735_Y3.mzML:scan:1026,1,0.73,3,0,MSV000088646,NoID,temp/queries/61/615cbea0f1fe4e0bbacffccf17569d9c/615cbea0f1fe4e0bbacffccf17569d9c.mgf,1,318,932241
5-ASA_syringaldehyde,mzspec:GNPS:MULTIPLEX-SYNTHESIS-LIBRARY-ALL-PARTITION-6:accession:CCMSLIB00016278790,-0.0,mzspec:MSV000091381:ccms_peak/U19_MIND_Y3_Raw/P1_E3_5666470.mzML:scan:1024,1,0.73,3,0,MSV000091381,NoID,temp/queries/61/615cbea0f1fe4e0bbacffccf17569d9c/615cbea0f1fe4e0bbacffccf17569d9c.mgf,1,318,477146
5-ASA_syringaldehyde,mzspec:GNPS:MULTIPLEX-SYNTHESIS-LIBRARY-ALL-PARTITION-6:accession:CCMSLIB00016278790,-0.0,mzspec:MSV000091381:peak/U19_MIND_Y3_mzML/P1_E3_5666470.mzML:scan:1024,1,0.73,3,0,MSV000091381,NoID,temp/queries/61/615cbea0f1fe4e0bbacffccf17569d9c/615cbea0f1fe4e0bbacffccf17569d9c.mgf,1,318,482761
5-ASA_syringaldehyde,mzspec:GNPS:MULTIPLEX-SYNTHESIS-LIBRARY-ALL-PARTITION-6:accession:CCMSLIB00016278790,-0.0,mzspec:MSV000097110:peak/NESDA_mzml_all/P1_A12_364437579.mzML:scan:1335,1,0.73,4,0,MSV000097110,NoID,temp/queries/61/615cbea0f1fe4e0bbacffccf17569d9c/615cbea0f1fe4e0bbacffccf17569d9c.mgf,1,318,799233
5-ASA_syringaldehyde,mzspec:GNPS:MULTIPLEX-SYNTHESIS-LIBRARY-ALL-PARTITION-6:accession:CCMSLIB00016278790,-0.0,mzspec:MSV000094504:peak/Wisconsin_Fecal_P3_MZML/2033.mzML:scan:1048,1,0.72,3,0,MSV000094504,NoID,temp/queries/61/615cbea0f1fe4e0bbacffccf17569d9c/615cbea0f1fe4e0bbacffccf17569d9c.mgf,1,318,1597630
5-ASA_syringaldehyde,mzspec:GNPS:MULTIPLEX-SYNTHESIS-LIBRARY-ALL-PARTITION-6:accession:CCMSLIB00016278790,-0.0,mzspec:MSV000088646:ccms_peak/Plate_02_RAW/239584_BL.mzML:scan:1033,1,0.72,3,0,MSV000088646,NoID,temp/queries/61/615cbea0f1fe4e0bbacffccf17569d9c/615cbea0f1fe4e0bbacffccf17569d9c.mgf,1,318,935006
5-ASA_syringaldehyde,mzspec:GNPS:MULTIPLEX-SYNTHESIS-LIBRARY-ALL-PARTITION-6:accession:CCMSLIB00016278790,-0.0,mzspec:MSV000091538:ccms_peak/Gupta_P2/A6674.mzML:scan:1337,1,0.72,3,0,MSV000091538,NoID,temp/queries/61/615cbea0f1fe4e0bbacffccf17569d9c/615cbea0f1fe4e0bbacffccf17569d9c.mgf,1,318,1124598
5-ASA_syringaldehyde,mzspec:GNPS:MULTIPLEX-SYNTHESIS-LIBRARY-ALL-PARTITION-6:accession:CCMSLIB00016278790,-0.0,mzspec:MSV000091538:peak/Gupta_P2_mzML/A6674.mzML:scan:1337,1,0.72,3,0,MSV000091538,NoID,temp/queries/61/615cbea0f1fe4e0bbacffccf17569d9c/615cbea0f1fe4e0bbacffccf17569d9c.mgf,1,318,1123899
5-ASA_syringaldehyde,mzspec:GNPS:MULTIPLEX-SYNTHESIS-LIBRARY-ALL-PARTITION-6:accession:CCMSLIB00016278790,-0.0,mzspec:MSV000096049:peak/HNRC_samples_mzML/HNRC_100H2O_P4_B6.mzML:scan:1912,1,0.71,4,0,MSV000096049,NoID,temp/queries/61/615cbea0f1fe4e0bbacffccf17569d9c/615cbea0f1fe4e0bbacffccf17569d9c.mgf,1,318,657013
5-ASA_syringaldehyde,mzspec:GNPS:MULTIPLEX-SYNTHESIS-LIBRARY-ALL-PARTITION-6:accession:CCMSLIB00016278790,-0.0,mzspec:MSV000088646:ccms_peak/Plate_08_RAW/220997_Y3.mzML:scan:1031,1,0.71,3,0,MSV000088646,NoID,temp/queries/61/615cbea0f1fe4e0bbacffccf17569d9c/615cbea0f1fe4e0bbacffccf17569d9c.mgf,1,318,932106
5-ASA_syringaldehyde,mzspec:GNPS:MULTIPLEX-SYNTHESIS-LIBRARY-ALL-PARTITION-6:accession:CCMSLIB00016278790,0.0,mzspec:MSV000087646:ccms_peak/JA_Feb152021_RMmetabolomics_ddMS2IE1pos_LC_POOL_OmnivoreStoolLyoph.mzML:scan:5798,1,0.71,3,0,MSV000087646,NoID,temp/queries/61/615cbea0f1fe4e0bbacffccf17569d9c/615cbea0f1fe4e0bbacffccf17569d9c.mgf,1,318,1023051
5-ASA_syringaldehyde,mzspec:GNPS:MULTIPLEX-SYNTHESIS-LIBRARY-ALL-PARTITION-6:accession:CCMSLIB00016278790,-0.0,mzspec:MSV000091381:peak/U19_MIND_Y3_mzML/P2_A9_5681308.mzML:scan:1024,1,0.71,3,0,MSV000091381,NoID,temp/queries/61/615cbea0f1fe4e0bbacffccf17569d9c/615cbea0f1fe4e0bbacffccf17569d9c.mgf,1,318,478665
5-ASA_syringaldehyde,mzspec:GNPS:MULTIPLEX-SYNTHESIS-LIBRARY-ALL-PARTITION-6:accession:CCMSLIB00016278790,-0.0,mzspec:MSV000091381:ccms_peak/U19_MIND_Y3_Raw/P2_A9_5681308.mzML:scan:1024,1,0.71,3,0,MSV000091381,NoID,temp/queries/61/615cbea0f1fe4e0bbacffccf17569d9c/615cbea0f1fe4e0bbacffccf17569d9c.mgf,1,318,478713
