compound_name,lib_usi,desc,timing
5-ASA_tetradecanedioic acid_5-aminosalicylic acid,mzspec:GNPS:MULTIPLEX-SYNTHESIS-LIBRARY-ALL-PARTITION-6:accession:CCMSLIB00016277729,prep,0.0008032321929931641
5-ASA_tetradecanedioic acid_5-aminosalicylic acid,mzspec:GNPS:MULTIPLEX-SYNTHESIS-LIBRARY-ALL-PARTITION-6:accession:CCMSLIB00016277729,Search,0.6533660888671875
5-ASA_tetradecanedioic acid_5-aminosalicylic acid,mzspec:GNPS:MULTIPLEX-SYNTHESIS-LIBRARY-ALL-PARTITION-6:accession:CCMSLIB00016277729,Parse Query,9.369850158691406e-05
5-ASA_tetradecanedioic acid_5-aminosalicylic acid,mzspec:GNPS:MULTIPLEX-SYNTHESIS-LIBRARY-ALL-PARTITION-6:accession:CCMSLIB00016277729,Parse Query 2,0.0012269020080566406
5-ASA_tetradecanedioic acid_5-aminosalicylic acid,mzspec:GNPS:MULTIPLEX-SYNTHESIS-LIBRARY-ALL-PARTITION-6:accession:CCMSLIB00016277729,Get DB Info,0.0024213790893554688
5-ASA_tetradecanedioic acid_5-aminosalicylic acid,mzspec:GNPS:MULTIPLEX-SYNTHESIS-LIBRARY-ALL-PARTITION-6:accession:CCMSLIB00016277729,Demangle,0.004590034484863281
5-ASA_tetradecanedioic acid_5-aminosalicylic acid,mzspec:GNPS:MULTIPLEX-SYNTHESIS-LIBRARY-ALL-PARTITION-6:accession:CCMSLIB00016277729,Group,0.005124330520629883
5-ASA_tetradecanedioic acid_5-aminosalicylic acid,mzspec:GNPS:MULTIPLEX-SYNTHESIS-LIBRARY-ALL-PARTITION-6:accession:CCMSLIB00016277729,Enrich datasets,0.011610031127929688
