compound_name,lib_usi,Delta Mass,USI,Charge,Cosine,Matching Peaks,Unit Delta Mass,Dataset,Status,Query Filename,Query Scan,Index UnitPM,Index IdxInUnitPM
5-ASA_tetraethylene glycol,mzspec:GNPS:MULTIPLEX-SYNTHESIS-LIBRARY-ALL-PARTITION-6:accession:CCMSLIB00016278770,0.0,mzspec:MTBLS3935:FILES/DERIVED_FILES/mzXML/20210109EC54-F_EC08_3.mzXML:scan:1269,1,0.8,1,0,MTBLS3935,NoID,temp/queries/a2/a293522d61d7490484ed35992127d5ca/a293522d61d7490484ed35992127d5ca.mgf,1,330,2358567
5-ASA_tetraethylene glycol,mzspec:GNPS:MULTIPLEX-SYNTHESIS-LIBRARY-ALL-PARTITION-6:accession:CCMSLIB00016278770,0.01,mzspec:MSV000094528:peak/mzml_20220601_positive/20220613_100AGC_60000Res_pluskal_mce_1D2_L21_id.mzML:scan:267,1,0.78,1,0,MSV000094528,NoID,temp/queries/a2/a293522d61d7490484ed35992127d5ca/a293522d61d7490484ed35992127d5ca.mgf,1,330,283880
5-ASA_tetraethylene glycol,mzspec:GNPS:MULTIPLEX-SYNTHESIS-LIBRARY-ALL-PARTITION-6:accession:CCMSLIB00016278770,0.01,mzspec:MSV000094528:peak/mzml_20220601_positive/20220613_100AGC_60000Res_pluskal_mce_1D2_L21_id.mzML:scan:266,1,0.78,1,0,MSV000094528,NoID,temp/queries/a2/a293522d61d7490484ed35992127d5ca/a293522d61d7490484ed35992127d5ca.mgf,1,330,283879
5-ASA_tetraethylene glycol,mzspec:GNPS:MULTIPLEX-SYNTHESIS-LIBRARY-ALL-PARTITION-6:accession:CCMSLIB00016278770,0.01,mzspec:MSV000094528:peak/mzml_20220601_positive/20220613_100AGC_60000Res_pluskal_mce_1D2_L21_id.mzML:scan:268,1,0.75,1,0,MSV000094528,NoID,temp/queries/a2/a293522d61d7490484ed35992127d5ca/a293522d61d7490484ed35992127d5ca.mgf,1,330,283881
5-ASA_tetraethylene glycol,mzspec:GNPS:MULTIPLEX-SYNTHESIS-LIBRARY-ALL-PARTITION-6:accession:CCMSLIB00016278770,0.02,mzspec:MSV000078607:ccms_peak/Cubist/blank_10_FT-IT.mzXML:scan:155,1,0.73,1,0,MSV000078607,NoID,temp/queries/a2/a293522d61d7490484ed35992127d5ca/a293522d61d7490484ed35992127d5ca.mgf,1,330,88721
5-ASA_tetraethylene glycol,mzspec:GNPS:MULTIPLEX-SYNTHESIS-LIBRARY-ALL-PARTITION-6:accession:CCMSLIB00016278770,0.01,mzspec:MSV000090609:ccms_peak/mzxml/22ZK-SA-006_t78_P1-A-7_01_20456.mzML:scan:2091,1,0.72,1,0,MSV000090609,NoID,temp/queries/a2/a293522d61d7490484ed35992127d5ca/a293522d61d7490484ed35992127d5ca.mgf,1,330,609210
5-ASA_tetraethylene glycol,mzspec:GNPS:MULTIPLEX-SYNTHESIS-LIBRARY-ALL-PARTITION-6:accession:CCMSLIB00016278770,0.02,mzspec:MSV000087905:peak/mzml/deltaEDDS-2M.mzML:scan:234,1,0.72,1,0,MSV000087905,NoID,temp/queries/a2/a293522d61d7490484ed35992127d5ca/a293522d61d7490484ed35992127d5ca.mgf,1,330,565061
5-ASA_tetraethylene glycol,mzspec:GNPS:MULTIPLEX-SYNTHESIS-LIBRARY-ALL-PARTITION-6:accession:CCMSLIB00016278770,0.02,mzspec:MSV000087905:ccms_peak/raw/deltaEDDS-2M.mzML:scan:234,1,0.72,1,0,MSV000087905,NoID,temp/queries/a2/a293522d61d7490484ed35992127d5ca/a293522d61d7490484ed35992127d5ca.mgf,1,330,565911
5-ASA_tetraethylene glycol,mzspec:GNPS:MULTIPLEX-SYNTHESIS-LIBRARY-ALL-PARTITION-6:accession:CCMSLIB00016278770,-0.02,mzspec:MSV000090341:ccms_peak/raw/AF5-LIST8-HCD60.mzML:scan:405,1,0.71,1,0,MSV000090341,NoID,temp/queries/a2/a293522d61d7490484ed35992127d5ca/a293522d61d7490484ed35992127d5ca.mgf,1,330,1647721
5-ASA_tetraethylene glycol,mzspec:GNPS:MULTIPLEX-SYNTHESIS-LIBRARY-ALL-PARTITION-6:accession:CCMSLIB00016278770,-0.02,mzspec:MSV000090341:peak/mzML/AF5-LIST8-HCD60.mzML:scan:405,1,0.71,1,0,MSV000090341,NoID,temp/queries/a2/a293522d61d7490484ed35992127d5ca/a293522d61d7490484ed35992127d5ca.mgf,1,330,1648075
5-ASA_tetraethylene glycol,mzspec:GNPS:MULTIPLEX-SYNTHESIS-LIBRARY-ALL-PARTITION-6:accession:CCMSLIB00016278770,0.02,mzspec:MSV000095784:peak/mzML/BOO23LVR13.mzML:scan:2171,1,0.71,1,0,MSV000095784,NoID,temp/queries/a2/a293522d61d7490484ed35992127d5ca/a293522d61d7490484ed35992127d5ca.mgf,1,330,7010
