compound_name,lib_usi,Delta Mass,USI,Charge,Cosine,Matching Peaks,Unit Delta Mass,Dataset,Status,Query Filename,Query Scan,Index UnitPM,Index IdxInUnitPM
5-ASA_trans-2-methyl-2-butenoic-acid,mzspec:GNPS:MULTIPLEX-SYNTHESIS-LIBRARY-ALL-PARTITION-6:accession:CCMSLIB00016279365,-0.0,mzspec:MSV000094393:peak/Salicylic_Fatty_acids_AP_55.mzML:scan:1031,1,0.81,7,0,MSV000094393,NoID,temp/queries/2c/2cef5b44744b4ecda45991afaa1ff27d/2cef5b44744b4ecda45991afaa1ff27d.mgf,1,236,780212
5-ASA_trans-2-methyl-2-butenoic-acid,mzspec:GNPS:MULTIPLEX-SYNTHESIS-LIBRARY-ALL-PARTITION-6:accession:CCMSLIB00016279365,-0.02,mzspec:MSV000092200:peak/M9_10_supernatant.mzML:scan:155,1,0.81,3,0,MSV000092200,NoID,temp/queries/2c/2cef5b44744b4ecda45991afaa1ff27d/2cef5b44744b4ecda45991afaa1ff27d.mgf,1,236,1688906
5-ASA_trans-2-methyl-2-butenoic-acid,mzspec:GNPS:MULTIPLEX-SYNTHESIS-LIBRARY-ALL-PARTITION-6:accession:CCMSLIB00016279365,-0.02,mzspec:MSV000090968:peak/PASTEN.mzXML:scan:262,1,0.8,4,0,MSV000090968,NoID,temp/queries/2c/2cef5b44744b4ecda45991afaa1ff27d/2cef5b44744b4ecda45991afaa1ff27d.mgf,1,236,598736
5-ASA_trans-2-methyl-2-butenoic-acid,mzspec:GNPS:MULTIPLEX-SYNTHESIS-LIBRARY-ALL-PARTITION-6:accession:CCMSLIB00016279365,-0.02,mzspec:MSV000090968:peak/PASMEX.mzXML:scan:264,1,0.79,4,0,MSV000090968,NoID,temp/queries/2c/2cef5b44744b4ecda45991afaa1ff27d/2cef5b44744b4ecda45991afaa1ff27d.mgf,1,236,598773
5-ASA_trans-2-methyl-2-butenoic-acid,mzspec:GNPS:MULTIPLEX-SYNTHESIS-LIBRARY-ALL-PARTITION-6:accession:CCMSLIB00016279365,-0.02,mzspec:ST002995:220505_MixCitoquininas_TOP5_1_pos.mzXML:scan:527,1,0.78,3,0,ST002995,NoID,temp/queries/2c/2cef5b44744b4ecda45991afaa1ff27d/2cef5b44744b4ecda45991afaa1ff27d.mgf,1,236,2566964
5-ASA_trans-2-methyl-2-butenoic-acid,mzspec:GNPS:MULTIPLEX-SYNTHESIS-LIBRARY-ALL-PARTITION-6:accession:CCMSLIB00016279365,-0.02,mzspec:MSV000090968:peak/PASSUB.mzXML:scan:262,1,0.78,3,0,MSV000090968,NoID,temp/queries/2c/2cef5b44744b4ecda45991afaa1ff27d/2cef5b44744b4ecda45991afaa1ff27d.mgf,1,236,598875
5-ASA_trans-2-methyl-2-butenoic-acid,mzspec:GNPS:MULTIPLEX-SYNTHESIS-LIBRARY-ALL-PARTITION-6:accession:CCMSLIB00016279365,-0.02,mzspec:ST003016:Sorbola_raw_pos/220923_MixCitoquininas_1ppm_TOP5_1_pos.mzXML:scan:491,1,0.77,3,0,ST003016,NoID,temp/queries/2c/2cef5b44744b4ecda45991afaa1ff27d/2cef5b44744b4ecda45991afaa1ff27d.mgf,1,236,2725914
5-ASA_trans-2-methyl-2-butenoic-acid,mzspec:GNPS:MULTIPLEX-SYNTHESIS-LIBRARY-ALL-PARTITION-6:accession:CCMSLIB00016279365,-0.02,mzspec:MSV000094385:ccms_peak/2024Library/NRC_20230408_EDTA1_t16_1uM_Axenic_3_48.mzML:scan:14939,1,0.77,3,0,MSV000094385,NoID,temp/queries/2c/2cef5b44744b4ecda45991afaa1ff27d/2cef5b44744b4ecda45991afaa1ff27d.mgf,1,236,298852
5-ASA_trans-2-methyl-2-butenoic-acid,mzspec:GNPS:MULTIPLEX-SYNTHESIS-LIBRARY-ALL-PARTITION-6:accession:CCMSLIB00016279365,-0.02,mzspec:ST003016:Sorbola_raw_pos/220923_MixCitoquininas_1ppm_TOP5_3_pos.mzXML:scan:504,1,0.77,3,0,ST003016,NoID,temp/queries/2c/2cef5b44744b4ecda45991afaa1ff27d/2cef5b44744b4ecda45991afaa1ff27d.mgf,1,236,2725859
5-ASA_trans-2-methyl-2-butenoic-acid,mzspec:GNPS:MULTIPLEX-SYNTHESIS-LIBRARY-ALL-PARTITION-6:accession:CCMSLIB00016279365,-0.02,mzspec:MSV000090968:peak/PASCOS.mzXML:scan:230,1,0.77,3,0,MSV000090968,NoID,temp/queries/2c/2cef5b44744b4ecda45991afaa1ff27d/2cef5b44744b4ecda45991afaa1ff27d.mgf,1,236,598783
5-ASA_trans-2-methyl-2-butenoic-acid,mzspec:GNPS:MULTIPLEX-SYNTHESIS-LIBRARY-ALL-PARTITION-6:accession:CCMSLIB00016279365,-0.02,mzspec:MSV000090968:peak/PASBIF.mzXML:scan:337,1,0.77,3,0,MSV000090968,NoID,temp/queries/2c/2cef5b44744b4ecda45991afaa1ff27d/2cef5b44744b4ecda45991afaa1ff27d.mgf,1,236,598746
5-ASA_trans-2-methyl-2-butenoic-acid,mzspec:GNPS:MULTIPLEX-SYNTHESIS-LIBRARY-ALL-PARTITION-6:accession:CCMSLIB00016279365,-0.0,mzspec:MSV000090968:peak/PASBIF.mzXML:scan:374,1,0.76,4,0,MSV000090968,NoID,temp/queries/2c/2cef5b44744b4ecda45991afaa1ff27d/2cef5b44744b4ecda45991afaa1ff27d.mgf,1,236,598747
5-ASA_trans-2-methyl-2-butenoic-acid,mzspec:GNPS:MULTIPLEX-SYNTHESIS-LIBRARY-ALL-PARTITION-6:accession:CCMSLIB00016279365,-0.02,mzspec:ST002995:220505_MixCitoquininas_TOP5_3_pos.mzXML:scan:588,1,0.76,3,0,ST002995,NoID,temp/queries/2c/2cef5b44744b4ecda45991afaa1ff27d/2cef5b44744b4ecda45991afaa1ff27d.mgf,1,236,2566949
5-ASA_trans-2-methyl-2-butenoic-acid,mzspec:GNPS:MULTIPLEX-SYNTHESIS-LIBRARY-ALL-PARTITION-6:accession:CCMSLIB00016279365,-0.02,mzspec:ST002995:220505_MixCitoquininas_TOP5_2_pos.mzXML:scan:544,1,0.76,3,0,ST002995,NoID,temp/queries/2c/2cef5b44744b4ecda45991afaa1ff27d/2cef5b44744b4ecda45991afaa1ff27d.mgf,1,236,2566977
5-ASA_trans-2-methyl-2-butenoic-acid,mzspec:GNPS:MULTIPLEX-SYNTHESIS-LIBRARY-ALL-PARTITION-6:accession:CCMSLIB00016279365,-0.02,mzspec:MSV000090968:peak/PASMEX.mzXML:scan:318,1,0.76,4,0,MSV000090968,NoID,temp/queries/2c/2cef5b44744b4ecda45991afaa1ff27d/2cef5b44744b4ecda45991afaa1ff27d.mgf,1,236,598774
5-ASA_trans-2-methyl-2-butenoic-acid,mzspec:GNPS:MULTIPLEX-SYNTHESIS-LIBRARY-ALL-PARTITION-6:accession:CCMSLIB00016279365,-0.02,mzspec:MSV000090968:peak/PASBIF.mzXML:scan:288,1,0.75,3,0,MSV000090968,NoID,temp/queries/2c/2cef5b44744b4ecda45991afaa1ff27d/2cef5b44744b4ecda45991afaa1ff27d.mgf,1,236,598745
5-ASA_trans-2-methyl-2-butenoic-acid,mzspec:GNPS:MULTIPLEX-SYNTHESIS-LIBRARY-ALL-PARTITION-6:accession:CCMSLIB00016279365,-0.02,mzspec:ST003016:Sorbola_raw_pos/220923_MixCitoquininas_1ppm_TOP5_2_pos.mzXML:scan:216,1,0.75,3,0,ST003016,NoID,temp/queries/2c/2cef5b44744b4ecda45991afaa1ff27d/2cef5b44744b4ecda45991afaa1ff27d.mgf,1,236,2725847
5-ASA_trans-2-methyl-2-butenoic-acid,mzspec:GNPS:MULTIPLEX-SYNTHESIS-LIBRARY-ALL-PARTITION-6:accession:CCMSLIB00016279365,-0.02,mzspec:ST003016:Sorbola_raw_pos/220923_MixCitoquininas_1ppm_TOP5_3_pos.mzXML:scan:216,1,0.75,3,0,ST003016,NoID,temp/queries/2c/2cef5b44744b4ecda45991afaa1ff27d/2cef5b44744b4ecda45991afaa1ff27d.mgf,1,236,2725858
5-ASA_trans-2-methyl-2-butenoic-acid,mzspec:GNPS:MULTIPLEX-SYNTHESIS-LIBRARY-ALL-PARTITION-6:accession:CCMSLIB00016279365,-0.02,mzspec:ST002995:220505_MixCitoquininas_TOP5_2_pos.mzXML:scan:479,1,0.75,3,0,ST002995,NoID,temp/queries/2c/2cef5b44744b4ecda45991afaa1ff27d/2cef5b44744b4ecda45991afaa1ff27d.mgf,1,236,2566976
5-ASA_trans-2-methyl-2-butenoic-acid,mzspec:GNPS:MULTIPLEX-SYNTHESIS-LIBRARY-ALL-PARTITION-6:accession:CCMSLIB00016279365,-0.02,mzspec:ST003016:Sorbola_raw_pos/220923_MixCitoquininas_1ppm_TOP5_1_pos.mzXML:scan:218,1,0.75,3,0,ST003016,NoID,temp/queries/2c/2cef5b44744b4ecda45991afaa1ff27d/2cef5b44744b4ecda45991afaa1ff27d.mgf,1,236,2725913
5-ASA_trans-2-methyl-2-butenoic-acid,mzspec:GNPS:MULTIPLEX-SYNTHESIS-LIBRARY-ALL-PARTITION-6:accession:CCMSLIB00016279365,-0.02,mzspec:MSV000090968:peak/PASBIF.mzXML:scan:389,1,0.73,3,0,MSV000090968,NoID,temp/queries/2c/2cef5b44744b4ecda45991afaa1ff27d/2cef5b44744b4ecda45991afaa1ff27d.mgf,1,236,598748
5-ASA_trans-2-methyl-2-butenoic-acid,mzspec:GNPS:MULTIPLEX-SYNTHESIS-LIBRARY-ALL-PARTITION-6:accession:CCMSLIB00016279365,-0.01,mzspec:MSV000096242:peak/mzml_20230620_rt_ms2_positive/20230620_pluskal_mce_1D2_D14_id_rt_ms2_positive.mzML:scan:488,1,0.72,3,0,MSV000096242,NoID,temp/queries/2c/2cef5b44744b4ecda45991afaa1ff27d/2cef5b44744b4ecda45991afaa1ff27d.mgf,1,236,216857
5-ASA_trans-2-methyl-2-butenoic-acid,mzspec:GNPS:MULTIPLEX-SYNTHESIS-LIBRARY-ALL-PARTITION-6:accession:CCMSLIB00016279365,-0.02,mzspec:MSV000096242:peak/mzml_20230620_rt_ms2_positive/20230620_pluskal_mce_1D2_O21_id_rt_ms2_positive.mzML:scan:144,1,0.71,2,0,MSV000096242,NoID,temp/queries/2c/2cef5b44744b4ecda45991afaa1ff27d/2cef5b44744b4ecda45991afaa1ff27d.mgf,1,236,216787
5-ASA_trans-2-methyl-2-butenoic-acid,mzspec:GNPS:MULTIPLEX-SYNTHESIS-LIBRARY-ALL-PARTITION-6:accession:CCMSLIB00016279365,-0.02,mzspec:MSV000081731:ccms_peak/170829_Irina_Pseudo_nitzschia_posMSMS/Pn_galaxiae_A_DOM_II.mzML:scan:241,1,0.7,2,0,MSV000081731,NoID,temp/queries/2c/2cef5b44744b4ecda45991afaa1ff27d/2cef5b44744b4ecda45991afaa1ff27d.mgf,1,236,1926492
