compound_name,lib_usi,Delta Mass,USI,Charge,Cosine,Matching Peaks,Unit Delta Mass,Dataset,Status,Query Filename,Query Scan,Index UnitPM,Index IdxInUnitPM
5-ASA_tridecanoic-acid,mzspec:GNPS:MULTIPLEX-SYNTHESIS-LIBRARY-ALL-PARTITION-6:accession:CCMSLIB00016278654,0.0,mzspec:MSV000082094:updates/2019-01-10_rhmills_712042dc/raw/Extract_blank_GA1_01_12088.mzXML:scan:3558,1,0.81,5,0,MSV000082094,NoID,temp/queries/7f/7f370e199c684a8cb16b3a3388a2ebe2/7f370e199c684a8cb16b3a3388a2ebe2.mgf,1,350,1340277
5-ASA_tridecanoic-acid,mzspec:GNPS:MULTIPLEX-SYNTHESIS-LIBRARY-ALL-PARTITION-6:accession:CCMSLIB00016278654,0.0,mzspec:MSV000082094:updates/2019-01-10_rhmills_712042dc/raw/Extract_blank_GA1_01_12088.mzXML:scan:3567,1,0.81,5,0,MSV000082094,NoID,temp/queries/7f/7f370e199c684a8cb16b3a3388a2ebe2/7f370e199c684a8cb16b3a3388a2ebe2.mgf,1,350,1340278
5-ASA_tridecanoic-acid,mzspec:GNPS:MULTIPLEX-SYNTHESIS-LIBRARY-ALL-PARTITION-6:accession:CCMSLIB00016278654,0.0,mzspec:MSV000082431:ccms_peak/blanks/Extract_blank_GA1_01_12088.mzML:scan:3558,1,0.81,5,0,MSV000082431,NoID,temp/queries/7f/7f370e199c684a8cb16b3a3388a2ebe2/7f370e199c684a8cb16b3a3388a2ebe2.mgf,1,350,890306
5-ASA_tridecanoic-acid,mzspec:GNPS:MULTIPLEX-SYNTHESIS-LIBRARY-ALL-PARTITION-6:accession:CCMSLIB00016278654,0.0,mzspec:MSV000082431:ccms_peak/blanks/Extract_blank_GA1_01_12088.mzML:scan:3567,1,0.81,5,0,MSV000082431,NoID,temp/queries/7f/7f370e199c684a8cb16b3a3388a2ebe2/7f370e199c684a8cb16b3a3388a2ebe2.mgf,1,350,890307
5-ASA_tridecanoic-acid,mzspec:GNPS:MULTIPLEX-SYNTHESIS-LIBRARY-ALL-PARTITION-6:accession:CCMSLIB00016278654,0.0,mzspec:MSV000082431:ccms_peak/blanks/Extract_blank_GA1_01_12086.mzML:scan:3557,1,0.75,4,0,MSV000082431,NoID,temp/queries/7f/7f370e199c684a8cb16b3a3388a2ebe2/7f370e199c684a8cb16b3a3388a2ebe2.mgf,1,350,890313
5-ASA_tridecanoic-acid,mzspec:GNPS:MULTIPLEX-SYNTHESIS-LIBRARY-ALL-PARTITION-6:accession:CCMSLIB00016278654,0.0,mzspec:MSV000082094:updates/2019-01-10_rhmills_712042dc/raw/Extract_blank_GA1_01_12086.mzXML:scan:3557,1,0.75,4,0,MSV000082094,NoID,temp/queries/7f/7f370e199c684a8cb16b3a3388a2ebe2/7f370e199c684a8cb16b3a3388a2ebe2.mgf,1,350,1340274
5-ASA_tridecanoic-acid,mzspec:GNPS:MULTIPLEX-SYNTHESIS-LIBRARY-ALL-PARTITION-6:accession:CCMSLIB00016278654,0.0,mzspec:MSV000082094:updates/2019-01-10_rhmills_712042dc/raw/Extract_blank_GA1_01_12086.mzXML:scan:3567,1,0.72,3,0,MSV000082094,NoID,temp/queries/7f/7f370e199c684a8cb16b3a3388a2ebe2/7f370e199c684a8cb16b3a3388a2ebe2.mgf,1,350,1340275
5-ASA_tridecanoic-acid,mzspec:GNPS:MULTIPLEX-SYNTHESIS-LIBRARY-ALL-PARTITION-6:accession:CCMSLIB00016278654,0.0,mzspec:MSV000082431:ccms_peak/blanks/Extract_blank_GA1_01_12086.mzML:scan:3567,1,0.72,3,0,MSV000082431,NoID,temp/queries/7f/7f370e199c684a8cb16b3a3388a2ebe2/7f370e199c684a8cb16b3a3388a2ebe2.mgf,1,350,890314
5-ASA_tridecanoic-acid,mzspec:GNPS:MULTIPLEX-SYNTHESIS-LIBRARY-ALL-PARTITION-6:accession:CCMSLIB00016278654,0.0,mzspec:MSV000082094:updates/2019-01-10_rhmills_712042dc/raw/Extract_blank_GA1_01_12087.mzXML:scan:3578,1,0.7,3,0,MSV000082094,NoID,temp/queries/7f/7f370e199c684a8cb16b3a3388a2ebe2/7f370e199c684a8cb16b3a3388a2ebe2.mgf,1,350,1340220
5-ASA_tridecanoic-acid,mzspec:GNPS:MULTIPLEX-SYNTHESIS-LIBRARY-ALL-PARTITION-6:accession:CCMSLIB00016278654,0.0,mzspec:MSV000082431:ccms_peak/blanks/Extract_blank_GA1_01_12087.mzML:scan:3578,1,0.7,3,0,MSV000082431,NoID,temp/queries/7f/7f370e199c684a8cb16b3a3388a2ebe2/7f370e199c684a8cb16b3a3388a2ebe2.mgf,1,350,890310
5-ASA_tridecanoic-acid,mzspec:GNPS:MULTIPLEX-SYNTHESIS-LIBRARY-ALL-PARTITION-6:accession:CCMSLIB00016278654,0.01,mzspec:MSV000092820:raw/083123_Matthaei_Herbarium_lowmz/2019_Herbarium_EA_150-450mz/Froelichia-floridana-ethylacetate-2019-Herbarium.mzML:scan:2019,1,0.7,1,0,MSV000092820,NoID,temp/queries/7f/7f370e199c684a8cb16b3a3388a2ebe2/7f370e199c684a8cb16b3a3388a2ebe2.mgf,1,350,322231
