compound_name,lib_usi,Delta Mass,USI,Charge,Cosine,Matching Peaks,Unit Delta Mass,Dataset,Status,Query Filename,Query Scan,Index UnitPM,Index IdxInUnitPM
5-ASA_tryptamine,mzspec:GNPS:MULTIPLEX-SYNTHESIS-LIBRARY-ALL-PARTITION-6:accession:CCMSLIB00016279131,-0.01,mzspec:MSV000083593:ccms_peak/mzXML/samples/Plate_01_BG9_01_21504.mzML:scan:222,1,0.75,2,0,MSV000083593,NoID,temp/queries/a6/a663f79419eb4967b9bfd9075df5d585/a663f79419eb4967b9bfd9075df5d585.mgf,1,296,142
5-ASA_tryptamine,mzspec:GNPS:MULTIPLEX-SYNTHESIS-LIBRARY-ALL-PARTITION-6:accession:CCMSLIB00016279131,-0.01,mzspec:MSV000093735:peak/Acryloyl_Mix_Org.mzML:scan:1435,1,0.73,1,0,MSV000093735,NoID,temp/queries/a6/a663f79419eb4967b9bfd9075df5d585/a663f79419eb4967b9bfd9075df5d585.mgf,1,296,1398984
5-ASA_tryptamine,mzspec:GNPS:MULTIPLEX-SYNTHESIS-LIBRARY-ALL-PARTITION-6:accession:CCMSLIB00016279131,-0.01,mzspec:MSV000093735:peak/Acryloyl_Mix_Org.mzML:scan:1471,1,0.73,1,0,MSV000093735,NoID,temp/queries/a6/a663f79419eb4967b9bfd9075df5d585/a663f79419eb4967b9bfd9075df5d585.mgf,1,296,1398985
5-ASA_tryptamine,mzspec:GNPS:MULTIPLEX-SYNTHESIS-LIBRARY-ALL-PARTITION-6:accession:CCMSLIB00016279131,0.0,mzspec:MSV000089524:ccms_peak/P1_batch6_DrLicona_300nguL_2uLiny_22nov2021.mzML:scan:4294967295,1,0.7,1,0,MSV000089524,NoID,temp/queries/a6/a663f79419eb4967b9bfd9075df5d585/a663f79419eb4967b9bfd9075df5d585.mgf,1,296,24394
5-ASA_tryptamine,mzspec:GNPS:MULTIPLEX-SYNTHESIS-LIBRARY-ALL-PARTITION-6:accession:CCMSLIB00016279131,0.0,mzspec:MSV000089524:raw/P1_batch6_DrLicona_300nguL_2uLiny_22nov2021.mzML:scan:4294967295,1,0.7,1,0,MSV000089524,NoID,temp/queries/a6/a663f79419eb4967b9bfd9075df5d585/a663f79419eb4967b9bfd9075df5d585.mgf,1,296,24340
