compound_name,lib_usi,Delta Mass,USI,Charge,Cosine,Matching Peaks,Unit Delta Mass,Dataset,Status,Query Filename,Query Scan,Index UnitPM,Index IdxInUnitPM
5-ASA_tyramine,mzspec:GNPS:MULTIPLEX-SYNTHESIS-LIBRARY-ALL-PARTITION-6:accession:CCMSLIB00016279587,0.0,mzspec:MTBLS3322:FILES/DERIVED_FILES/POS/pos_muscle_30d_1h_3.mzXML:scan:2576,1,0.8,3,0,MTBLS3322,NoID,temp/queries/f5/f54aeb4306ce4fce9d55b0c6280600c6/f54aeb4306ce4fce9d55b0c6280600c6.mgf,1,273,2321976
5-ASA_tyramine,mzspec:GNPS:MULTIPLEX-SYNTHESIS-LIBRARY-ALL-PARTITION-6:accession:CCMSLIB00016279587,0.01,mzspec:MSV000096609:peak/NASTE_MCap_mzML/HIMB_2024_47_M_2_5_T0_MIC.mzML:scan:3388,1,0.78,2,0,MSV000096609,NoID,temp/queries/f5/f54aeb4306ce4fce9d55b0c6280600c6/f54aeb4306ce4fce9d55b0c6280600c6.mgf,1,273,824022
5-ASA_tyramine,mzspec:GNPS:MULTIPLEX-SYNTHESIS-LIBRARY-ALL-PARTITION-6:accession:CCMSLIB00016279587,0.02,mzspec:MSV000082802:ccms_peak/mzXML_Data/Leucochoic_acid_01hr_B_GD5_01_15334.mzML:scan:4797,1,0.76,2,0,MSV000082802,NoID,temp/queries/f5/f54aeb4306ce4fce9d55b0c6280600c6/f54aeb4306ce4fce9d55b0c6280600c6.mgf,1,273,520328
5-ASA_tyramine,mzspec:GNPS:MULTIPLEX-SYNTHESIS-LIBRARY-ALL-PARTITION-6:accession:CCMSLIB00016279587,0.01,mzspec:MSV000092820:raw/083123_Matthaei_Herbarium_lowmz/2019_Matthaei_EA_150-450mz/Paeonia-Leaf-ethylacetate-2019.mzML:scan:1663,1,0.75,2,0,MSV000092820,NoID,temp/queries/f5/f54aeb4306ce4fce9d55b0c6280600c6/f54aeb4306ce4fce9d55b0c6280600c6.mgf,1,273,490271
5-ASA_tyramine,mzspec:GNPS:MULTIPLEX-SYNTHESIS-LIBRARY-ALL-PARTITION-6:accession:CCMSLIB00016279587,-0.0,mzspec:MSV000085119:ccms_peak/Malpighiaceae_NEG/Malpighiaceae_Plate5_NEG/P5_G3_BG3_01_54579.mzML:scan:770,1,0.74,3,0,MSV000085119,NoID,temp/queries/f5/f54aeb4306ce4fce9d55b0c6280600c6/f54aeb4306ce4fce9d55b0c6280600c6.mgf,1,273,694025
5-ASA_tyramine,mzspec:GNPS:MULTIPLEX-SYNTHESIS-LIBRARY-ALL-PARTITION-6:accession:CCMSLIB00016279587,-0.0,mzspec:MSV000088516:peak/200527_LP_MPLC31_a_pos_20200528080947.mzXML:scan:752,1,0.74,3,0,MSV000088516,NoID,temp/queries/f5/f54aeb4306ce4fce9d55b0c6280600c6/f54aeb4306ce4fce9d55b0c6280600c6.mgf,1,273,2042480
5-ASA_tyramine,mzspec:GNPS:MULTIPLEX-SYNTHESIS-LIBRARY-ALL-PARTITION-6:accession:CCMSLIB00016279587,0.01,mzspec:MSV000093430:peak/FVL2-GNPS-MZML/FVL7.mzML:scan:3078,1,0.74,2,0,MSV000093430,NoID,temp/queries/f5/f54aeb4306ce4fce9d55b0c6280600c6/f54aeb4306ce4fce9d55b0c6280600c6.mgf,1,273,1765333
5-ASA_tyramine,mzspec:GNPS:MULTIPLEX-SYNTHESIS-LIBRARY-ALL-PARTITION-6:accession:CCMSLIB00016279587,-0.0,mzspec:MSV000088516:peak/200527_LP_MPLC31_c_pos.mzXML:scan:804,1,0.73,3,0,MSV000088516,NoID,temp/queries/f5/f54aeb4306ce4fce9d55b0c6280600c6/f54aeb4306ce4fce9d55b0c6280600c6.mgf,1,273,2042570
5-ASA_tyramine,mzspec:GNPS:MULTIPLEX-SYNTHESIS-LIBRARY-ALL-PARTITION-6:accession:CCMSLIB00016279587,0.0,mzspec:MTBLS3322:FILES/DERIVED_FILES/POS/pos_head_3d_24h_10.mzXML:scan:2127,1,0.73,2,0,MTBLS3322,NoID,temp/queries/f5/f54aeb4306ce4fce9d55b0c6280600c6/f54aeb4306ce4fce9d55b0c6280600c6.mgf,1,273,2321666
5-ASA_tyramine,mzspec:GNPS:MULTIPLEX-SYNTHESIS-LIBRARY-ALL-PARTITION-6:accession:CCMSLIB00016279587,-0.0,mzspec:MTBLS3322:FILES/DERIVED_FILES/POS/pos_head_3d_24h_8.mzXML:scan:2119,1,0.73,2,0,MTBLS3322,NoID,temp/queries/f5/f54aeb4306ce4fce9d55b0c6280600c6/f54aeb4306ce4fce9d55b0c6280600c6.mgf,1,273,2323017
5-ASA_tyramine,mzspec:GNPS:MULTIPLEX-SYNTHESIS-LIBRARY-ALL-PARTITION-6:accession:CCMSLIB00016279587,-0.0,mzspec:ST000919:ST000919/MzXML/NEG/QE2_lm_5_Johnson-Shahin_1[NR]n-dd.mzXML:scan:3693,1,0.73,2,0,ST000919,NoID,temp/queries/f5/f54aeb4306ce4fce9d55b0c6280600c6/f54aeb4306ce4fce9d55b0c6280600c6.mgf,1,273,2253432
5-ASA_tyramine,mzspec:GNPS:MULTIPLEX-SYNTHESIS-LIBRARY-ALL-PARTITION-6:accession:CCMSLIB00016279587,-0.0,mzspec:MSV000085119:ccms_peak/Malpighiaceae_NEG/Malpighiaceae_Plate4_NEG/P4_A6_GA6_01_54394.mzML:scan:771,1,0.73,3,0,MSV000085119,NoID,temp/queries/f5/f54aeb4306ce4fce9d55b0c6280600c6/f54aeb4306ce4fce9d55b0c6280600c6.mgf,1,273,694335
5-ASA_tyramine,mzspec:GNPS:MULTIPLEX-SYNTHESIS-LIBRARY-ALL-PARTITION-6:accession:CCMSLIB00016279587,-0.0,mzspec:MSV000088516:peak/200527_LP_MPLC31_b_pos.mzXML:scan:716,1,0.73,3,0,MSV000088516,NoID,temp/queries/f5/f54aeb4306ce4fce9d55b0c6280600c6/f54aeb4306ce4fce9d55b0c6280600c6.mgf,1,273,2042455
5-ASA_tyramine,mzspec:GNPS:MULTIPLEX-SYNTHESIS-LIBRARY-ALL-PARTITION-6:accession:CCMSLIB00016279587,0.01,mzspec:MSV000092820:raw/083123_Matthaei_Herbarium_lowmz/2019_Matthaei_EA_150-450mz/Ptelea-trifoliata-Leaf-ethylacetate-2019.mzML:scan:1656,1,0.72,1,0,MSV000092820,NoID,temp/queries/f5/f54aeb4306ce4fce9d55b0c6280600c6/f54aeb4306ce4fce9d55b0c6280600c6.mgf,1,273,494823
5-ASA_tyramine,mzspec:GNPS:MULTIPLEX-SYNTHESIS-LIBRARY-ALL-PARTITION-6:accession:CCMSLIB00016279587,0.01,mzspec:MSV000092820:raw/083123_Matthaei_Herbarium_lowmz/2019_Matthaei_EA_150-450mz/Valeriana-officinalis-Leaf-ethylacetate-2019.mzML:scan:1658,1,0.72,1,0,MSV000092820,NoID,temp/queries/f5/f54aeb4306ce4fce9d55b0c6280600c6/f54aeb4306ce4fce9d55b0c6280600c6.mgf,1,273,492889
5-ASA_tyramine,mzspec:GNPS:MULTIPLEX-SYNTHESIS-LIBRARY-ALL-PARTITION-6:accession:CCMSLIB00016279587,0.01,mzspec:MSV000092820:raw/083123_Matthaei_Herbarium_lowmz/2019_Matthaei_EA_150-450mz/Platycodon-grandiflorus-Leaf-ethylacetate-2019.mzML:scan:1660,1,0.72,1,0,MSV000092820,NoID,temp/queries/f5/f54aeb4306ce4fce9d55b0c6280600c6/f54aeb4306ce4fce9d55b0c6280600c6.mgf,1,273,495582
5-ASA_tyramine,mzspec:GNPS:MULTIPLEX-SYNTHESIS-LIBRARY-ALL-PARTITION-6:accession:CCMSLIB00016279587,0.0,mzspec:ST001902:mzML_2757/KA-011.mzML:scan:1003,1,0.72,1,0,ST001902,NoID,temp/queries/f5/f54aeb4306ce4fce9d55b0c6280600c6/f54aeb4306ce4fce9d55b0c6280600c6.mgf,1,273,2157898
5-ASA_tyramine,mzspec:GNPS:MULTIPLEX-SYNTHESIS-LIBRARY-ALL-PARTITION-6:accession:CCMSLIB00016279587,0.0,mzspec:MTBLS3322:FILES/DERIVED_FILES/POS/pos_muscle_3d_6h_7.mzXML:scan:2559,1,0.72,2,0,MTBLS3322,NoID,temp/queries/f5/f54aeb4306ce4fce9d55b0c6280600c6/f54aeb4306ce4fce9d55b0c6280600c6.mgf,1,273,2319850
5-ASA_tyramine,mzspec:GNPS:MULTIPLEX-SYNTHESIS-LIBRARY-ALL-PARTITION-6:accession:CCMSLIB00016279587,-0.0,mzspec:MSV000088516:peak/200527_LP_MPLC30_b_pos.mzXML:scan:772,1,0.72,3,0,MSV000088516,NoID,temp/queries/f5/f54aeb4306ce4fce9d55b0c6280600c6/f54aeb4306ce4fce9d55b0c6280600c6.mgf,1,273,2042960
5-ASA_tyramine,mzspec:GNPS:MULTIPLEX-SYNTHESIS-LIBRARY-ALL-PARTITION-6:accession:CCMSLIB00016279587,-0.0,mzspec:MTBLS3322:FILES/DERIVED_FILES/POS/pos_head_3d_24h_6.mzXML:scan:2471,1,0.72,2,0,MTBLS3322,NoID,temp/queries/f5/f54aeb4306ce4fce9d55b0c6280600c6/f54aeb4306ce4fce9d55b0c6280600c6.mgf,1,273,2321337
5-ASA_tyramine,mzspec:GNPS:MULTIPLEX-SYNTHESIS-LIBRARY-ALL-PARTITION-6:accession:CCMSLIB00016279587,-0.0,mzspec:MTBLS3322:FILES/DERIVED_FILES/POS/pos_head_3d_24h_8.mzXML:scan:2142,1,0.72,2,0,MTBLS3322,NoID,temp/queries/f5/f54aeb4306ce4fce9d55b0c6280600c6/f54aeb4306ce4fce9d55b0c6280600c6.mgf,1,273,2323018
5-ASA_tyramine,mzspec:GNPS:MULTIPLEX-SYNTHESIS-LIBRARY-ALL-PARTITION-6:accession:CCMSLIB00016279587,0.0,mzspec:MTBLS3322:FILES/DERIVED_FILES/POS/pos_head_3d_24h_4.mzXML:scan:2343,1,0.72,2,0,MTBLS3322,NoID,temp/queries/f5/f54aeb4306ce4fce9d55b0c6280600c6/f54aeb4306ce4fce9d55b0c6280600c6.mgf,1,273,2322036
5-ASA_tyramine,mzspec:GNPS:MULTIPLEX-SYNTHESIS-LIBRARY-ALL-PARTITION-6:accession:CCMSLIB00016279587,0.0,mzspec:MTBLS3963:FILES/DERIVED_FILES/POS/QC-11_POS.mzML:scan:4294967295,1,0.71,1,0,MTBLS3963,NoID,temp/queries/f5/f54aeb4306ce4fce9d55b0c6280600c6/f54aeb4306ce4fce9d55b0c6280600c6.mgf,1,273,2332016
5-ASA_tyramine,mzspec:GNPS:MULTIPLEX-SYNTHESIS-LIBRARY-ALL-PARTITION-6:accession:CCMSLIB00016279587,0.01,mzspec:MSV000092820:raw/083123_Matthaei_Herbarium_lowmz/2019_Matthaei_EA_150-450mz/Ptelea-trifoliata-Leaf-ethylacetate-2019.mzML:scan:1666,1,0.71,1,0,MSV000092820,NoID,temp/queries/f5/f54aeb4306ce4fce9d55b0c6280600c6/f54aeb4306ce4fce9d55b0c6280600c6.mgf,1,273,494824
5-ASA_tyramine,mzspec:GNPS:MULTIPLEX-SYNTHESIS-LIBRARY-ALL-PARTITION-6:accession:CCMSLIB00016279587,-0.0,mzspec:MSV000088516:peak/200527_LP_MPLC30_a_pos.mzXML:scan:804,1,0.71,3,0,MSV000088516,NoID,temp/queries/f5/f54aeb4306ce4fce9d55b0c6280600c6/f54aeb4306ce4fce9d55b0c6280600c6.mgf,1,273,2041697
5-ASA_tyramine,mzspec:GNPS:MULTIPLEX-SYNTHESIS-LIBRARY-ALL-PARTITION-6:accession:CCMSLIB00016279587,-0.0,mzspec:MSV000088516:peak/200527_LP_MPLC30_c_pos.mzXML:scan:727,1,0.71,3,0,MSV000088516,NoID,temp/queries/f5/f54aeb4306ce4fce9d55b0c6280600c6/f54aeb4306ce4fce9d55b0c6280600c6.mgf,1,273,2041105
5-ASA_tyramine,mzspec:GNPS:MULTIPLEX-SYNTHESIS-LIBRARY-ALL-PARTITION-6:accession:CCMSLIB00016279587,0.01,mzspec:MSV000087728:ccms_peak/VGF_neg_with_QC_and_blanks_raw/VGF144_B10_neg.mzML:scan:1372,1,0.71,2,0,MSV000087728,NoID,temp/queries/f5/f54aeb4306ce4fce9d55b0c6280600c6/f54aeb4306ce4fce9d55b0c6280600c6.mgf,1,273,345280
5-ASA_tyramine,mzspec:GNPS:MULTIPLEX-SYNTHESIS-LIBRARY-ALL-PARTITION-6:accession:CCMSLIB00016279587,0.0,mzspec:MTBLS3322:FILES/DERIVED_FILES/POS/pos_head_3d_24h_10.mzXML:scan:2141,1,0.71,2,0,MTBLS3322,NoID,temp/queries/f5/f54aeb4306ce4fce9d55b0c6280600c6/f54aeb4306ce4fce9d55b0c6280600c6.mgf,1,273,2321667
5-ASA_tyramine,mzspec:GNPS:MULTIPLEX-SYNTHESIS-LIBRARY-ALL-PARTITION-6:accession:CCMSLIB00016279587,-0.0,mzspec:MTBLS3322:FILES/DERIVED_FILES/POS/pos_head_3d_24h_6.mzXML:scan:2475,1,0.71,2,0,MTBLS3322,NoID,temp/queries/f5/f54aeb4306ce4fce9d55b0c6280600c6/f54aeb4306ce4fce9d55b0c6280600c6.mgf,1,273,2321338
5-ASA_tyramine,mzspec:GNPS:MULTIPLEX-SYNTHESIS-LIBRARY-ALL-PARTITION-6:accession:CCMSLIB00016279587,0.0,mzspec:MTBLS3322:FILES/DERIVED_FILES/POS/pos_repro_head_3d_24h_8.mzXML:scan:1650,1,0.71,2,0,MTBLS3322,NoID,temp/queries/f5/f54aeb4306ce4fce9d55b0c6280600c6/f54aeb4306ce4fce9d55b0c6280600c6.mgf,1,273,2321100
5-ASA_tyramine,mzspec:GNPS:MULTIPLEX-SYNTHESIS-LIBRARY-ALL-PARTITION-6:accession:CCMSLIB00016279587,0.01,mzspec:MTBLS3322:FILES/DERIVED_FILES/POS/pos_head_3d_3h_8.mzXML:scan:2551,1,0.71,2,0,MTBLS3322,NoID,temp/queries/f5/f54aeb4306ce4fce9d55b0c6280600c6/f54aeb4306ce4fce9d55b0c6280600c6.mgf,1,273,2319786
5-ASA_tyramine,mzspec:GNPS:MULTIPLEX-SYNTHESIS-LIBRARY-ALL-PARTITION-6:accession:CCMSLIB00016279587,0.0,mzspec:MTBLS3322:FILES/DERIVED_FILES/POS/pos_repro_head_3d_24h_10.mzXML:scan:1887,1,0.71,2,0,MTBLS3322,NoID,temp/queries/f5/f54aeb4306ce4fce9d55b0c6280600c6/f54aeb4306ce4fce9d55b0c6280600c6.mgf,1,273,2321075
5-ASA_tyramine,mzspec:GNPS:MULTIPLEX-SYNTHESIS-LIBRARY-ALL-PARTITION-6:accession:CCMSLIB00016279587,0.0,mzspec:MTBLS3322:FILES/DERIVED_FILES/POS/pos_repro_head_3d_24h_6.mzXML:scan:1718,1,0.71,2,0,MTBLS3322,NoID,temp/queries/f5/f54aeb4306ce4fce9d55b0c6280600c6/f54aeb4306ce4fce9d55b0c6280600c6.mgf,1,273,2318871
5-ASA_tyramine,mzspec:GNPS:MULTIPLEX-SYNTHESIS-LIBRARY-ALL-PARTITION-6:accession:CCMSLIB00016279587,0.0,mzspec:MTBLS3322:FILES/DERIVED_FILES/POS/pos_repro_head_3d_24h_8.mzXML:scan:1720,1,0.71,2,0,MTBLS3322,NoID,temp/queries/f5/f54aeb4306ce4fce9d55b0c6280600c6/f54aeb4306ce4fce9d55b0c6280600c6.mgf,1,273,2321102
5-ASA_tyramine,mzspec:GNPS:MULTIPLEX-SYNTHESIS-LIBRARY-ALL-PARTITION-6:accession:CCMSLIB00016279587,0.01,mzspec:MSV000087728:ccms_peak/VGF_neg_with_QC_and_blanks_raw/VGF144_B10_neg.mzML:scan:1396,1,0.7,2,0,MSV000087728,NoID,temp/queries/f5/f54aeb4306ce4fce9d55b0c6280600c6/f54aeb4306ce4fce9d55b0c6280600c6.mgf,1,273,345281
5-ASA_tyramine,mzspec:GNPS:MULTIPLEX-SYNTHESIS-LIBRARY-ALL-PARTITION-6:accession:CCMSLIB00016279587,0.0,mzspec:MTBLS3322:FILES/DERIVED_FILES/POS/pos_head_3d_24h_7.mzXML:scan:2343,1,0.7,2,0,MTBLS3322,NoID,temp/queries/f5/f54aeb4306ce4fce9d55b0c6280600c6/f54aeb4306ce4fce9d55b0c6280600c6.mgf,1,273,2321624
5-ASA_tyramine,mzspec:GNPS:MULTIPLEX-SYNTHESIS-LIBRARY-ALL-PARTITION-6:accession:CCMSLIB00016279587,0.0,mzspec:MSV000085870:peak/peak/PH697119_neg_IDA.mzXML:scan:1886,1,0.7,2,0,MSV000085870,NoID,temp/queries/f5/f54aeb4306ce4fce9d55b0c6280600c6/f54aeb4306ce4fce9d55b0c6280600c6.mgf,1,273,965290
5-ASA_tyramine,mzspec:GNPS:MULTIPLEX-SYNTHESIS-LIBRARY-ALL-PARTITION-6:accession:CCMSLIB00016279587,0.0,mzspec:MTBLS417:FILES/PH697119_neg_IDA.mzXML:scan:1886,1,0.7,2,0,MTBLS417,NoID,temp/queries/f5/f54aeb4306ce4fce9d55b0c6280600c6/f54aeb4306ce4fce9d55b0c6280600c6.mgf,1,273,2338748
5-ASA_tyramine,mzspec:GNPS:MULTIPLEX-SYNTHESIS-LIBRARY-ALL-PARTITION-6:accession:CCMSLIB00016279587,0.0,mzspec:MTBLS3322:FILES/DERIVED_FILES/POS/pos_head_3d_1h_5.mzXML:scan:2209,1,0.7,1,0,MTBLS3322,NoID,temp/queries/f5/f54aeb4306ce4fce9d55b0c6280600c6/f54aeb4306ce4fce9d55b0c6280600c6.mgf,1,273,2323087
