compound_name,lib_usi,desc,timing
5-ASA_undecanedioic acid_5-aminosalicylic acid,mzspec:GNPS:MULTIPLEX-SYNTHESIS-LIBRARY-ALL-PARTITION-6:accession:CCMSLIB00016277556,prep,0.0008654594421386719
5-ASA_undecanedioic acid_5-aminosalicylic acid,mzspec:GNPS:MULTIPLEX-SYNTHESIS-LIBRARY-ALL-PARTITION-6:accession:CCMSLIB00016277556,Search,0.6309900283813477
5-ASA_undecanedioic acid_5-aminosalicylic acid,mzspec:GNPS:MULTIPLEX-SYNTHESIS-LIBRARY-ALL-PARTITION-6:accession:CCMSLIB00016277556,Parse Query,9.417533874511719e-05
5-ASA_undecanedioic acid_5-aminosalicylic acid,mzspec:GNPS:MULTIPLEX-SYNTHESIS-LIBRARY-ALL-PARTITION-6:accession:CCMSLIB00016277556,Parse Query 2,0.0012125968933105469
5-ASA_undecanedioic acid_5-aminosalicylic acid,mzspec:GNPS:MULTIPLEX-SYNTHESIS-LIBRARY-ALL-PARTITION-6:accession:CCMSLIB00016277556,Get DB Info,9.417533874511719e-05
5-ASA_undecanedioic acid_5-aminosalicylic acid,mzspec:GNPS:MULTIPLEX-SYNTHESIS-LIBRARY-ALL-PARTITION-6:accession:CCMSLIB00016277556,Demangle,0.004683971405029297
5-ASA_undecanedioic acid_5-aminosalicylic acid,mzspec:GNPS:MULTIPLEX-SYNTHESIS-LIBRARY-ALL-PARTITION-6:accession:CCMSLIB00016277556,Group,0.004805803298950195
5-ASA_undecanedioic acid_5-aminosalicylic acid,mzspec:GNPS:MULTIPLEX-SYNTHESIS-LIBRARY-ALL-PARTITION-6:accession:CCMSLIB00016277556,Enrich datasets,0.013509988784790039
