compound_name,lib_usi,Delta Mass,USI,Charge,Cosine,Matching Peaks,Unit Delta Mass,Dataset,Status,Query Filename,Query Scan,Index UnitPM,Index IdxInUnitPM
5-ASA_undecanoic-acid,mzspec:GNPS:MULTIPLEX-SYNTHESIS-LIBRARY-ALL-PARTITION-6:accession:CCMSLIB00016278998,0.0,mzspec:MSV000082221:ccms_peak/mzxml_files/samples/PLCL19999_RH9_01_28103.mzML:scan:1410,1,0.81,3,0,MSV000082221,NoID,temp/queries/e2/e2e2e9e6caeb444480a93d375e7513f5/e2e2e9e6caeb444480a93d375e7513f5.mgf,1,322,114331
5-ASA_undecanoic-acid,mzspec:GNPS:MULTIPLEX-SYNTHESIS-LIBRARY-ALL-PARTITION-6:accession:CCMSLIB00016278998,-0.02,mzspec:MSV000088535:peak/mzml_peptides_Lukas/17-20_BHI.mzML:scan:1397,1,0.8,4,0,MSV000088535,NoID,temp/queries/e2/e2e2e9e6caeb444480a93d375e7513f5/e2e2e9e6caeb444480a93d375e7513f5.mgf,1,322,817951
5-ASA_undecanoic-acid,mzspec:GNPS:MULTIPLEX-SYNTHESIS-LIBRARY-ALL-PARTITION-6:accession:CCMSLIB00016278998,-0.02,mzspec:MSV000088535:ccms_peak/Raw_peptide_Lukas/17-20_BHI.mzML:scan:1397,1,0.8,4,0,MSV000088535,NoID,temp/queries/e2/e2e2e9e6caeb444480a93d375e7513f5/e2e2e9e6caeb444480a93d375e7513f5.mgf,1,322,817967
5-ASA_undecanoic-acid,mzspec:GNPS:MULTIPLEX-SYNTHESIS-LIBRARY-ALL-PARTITION-6:accession:CCMSLIB00016278998,0.0,mzspec:MSV000081492:ccms_peak/Raw_Files/Samples_Treatment/dhmc_6_1.mzML:scan:2523,1,0.79,5,0,MSV000081492,NoID,temp/queries/e2/e2e2e9e6caeb444480a93d375e7513f5/e2e2e9e6caeb444480a93d375e7513f5.mgf,1,322,1048126
5-ASA_undecanoic-acid,mzspec:GNPS:MULTIPLEX-SYNTHESIS-LIBRARY-ALL-PARTITION-6:accession:CCMSLIB00016278998,-0.02,mzspec:MSV000088535:ccms_peak/Raw_peptide_Lukas/17-20_BM.mzML:scan:1508,1,0.78,3,0,MSV000088535,NoID,temp/queries/e2/e2e2e9e6caeb444480a93d375e7513f5/e2e2e9e6caeb444480a93d375e7513f5.mgf,1,322,818006
5-ASA_undecanoic-acid,mzspec:GNPS:MULTIPLEX-SYNTHESIS-LIBRARY-ALL-PARTITION-6:accession:CCMSLIB00016278998,-0.02,mzspec:MSV000088535:peak/mzml_peptides_Lukas/17-20_BM.mzML:scan:1508,1,0.78,3,0,MSV000088535,NoID,temp/queries/e2/e2e2e9e6caeb444480a93d375e7513f5/e2e2e9e6caeb444480a93d375e7513f5.mgf,1,322,817979
5-ASA_undecanoic-acid,mzspec:GNPS:MULTIPLEX-SYNTHESIS-LIBRARY-ALL-PARTITION-6:accession:CCMSLIB00016278998,-0.02,mzspec:MSV000088535:peak/mzml_peptides_Lukas/17-20_BM.mzML:scan:1562,1,0.77,3,0,MSV000088535,NoID,temp/queries/e2/e2e2e9e6caeb444480a93d375e7513f5/e2e2e9e6caeb444480a93d375e7513f5.mgf,1,322,817980
5-ASA_undecanoic-acid,mzspec:GNPS:MULTIPLEX-SYNTHESIS-LIBRARY-ALL-PARTITION-6:accession:CCMSLIB00016278998,-0.02,mzspec:MSV000088535:ccms_peak/Raw_peptide_Lukas/17-20_BM.mzML:scan:1562,1,0.77,3,0,MSV000088535,NoID,temp/queries/e2/e2e2e9e6caeb444480a93d375e7513f5/e2e2e9e6caeb444480a93d375e7513f5.mgf,1,322,818007
5-ASA_undecanoic-acid,mzspec:GNPS:MULTIPLEX-SYNTHESIS-LIBRARY-ALL-PARTITION-6:accession:CCMSLIB00016278998,-0.02,mzspec:MSV000088535:peak/mzml_peptides_Lukas/Peptide_1.mzML:scan:1453,1,0.77,3,0,MSV000088535,NoID,temp/queries/e2/e2e2e9e6caeb444480a93d375e7513f5/e2e2e9e6caeb444480a93d375e7513f5.mgf,1,322,817920
5-ASA_undecanoic-acid,mzspec:GNPS:MULTIPLEX-SYNTHESIS-LIBRARY-ALL-PARTITION-6:accession:CCMSLIB00016278998,-0.02,mzspec:MSV000088535:peak/mzml_peptides_Lukas/Peptide_3.mzML:scan:1455,1,0.77,3,0,MSV000088535,NoID,temp/queries/e2/e2e2e9e6caeb444480a93d375e7513f5/e2e2e9e6caeb444480a93d375e7513f5.mgf,1,322,818068
5-ASA_undecanoic-acid,mzspec:GNPS:MULTIPLEX-SYNTHESIS-LIBRARY-ALL-PARTITION-6:accession:CCMSLIB00016278998,-0.02,mzspec:MSV000088535:ccms_peak/Raw_peptide_Lukas/17-20_BHI.mzML:scan:1510,1,0.77,3,0,MSV000088535,NoID,temp/queries/e2/e2e2e9e6caeb444480a93d375e7513f5/e2e2e9e6caeb444480a93d375e7513f5.mgf,1,322,817969
5-ASA_undecanoic-acid,mzspec:GNPS:MULTIPLEX-SYNTHESIS-LIBRARY-ALL-PARTITION-6:accession:CCMSLIB00016278998,-0.02,mzspec:MSV000088535:peak/mzml_peptides_Lukas/17-20_BHI.mzML:scan:1510,1,0.77,3,0,MSV000088535,NoID,temp/queries/e2/e2e2e9e6caeb444480a93d375e7513f5/e2e2e9e6caeb444480a93d375e7513f5.mgf,1,322,817953
5-ASA_undecanoic-acid,mzspec:GNPS:MULTIPLEX-SYNTHESIS-LIBRARY-ALL-PARTITION-6:accession:CCMSLIB00016278998,-0.02,mzspec:MSV000088535:ccms_peak/Raw_peptide_Lukas/Delta_MG_5.mzML:scan:1496,1,0.77,4,0,MSV000088535,NoID,temp/queries/e2/e2e2e9e6caeb444480a93d375e7513f5/e2e2e9e6caeb444480a93d375e7513f5.mgf,1,322,817994
5-ASA_undecanoic-acid,mzspec:GNPS:MULTIPLEX-SYNTHESIS-LIBRARY-ALL-PARTITION-6:accession:CCMSLIB00016278998,-0.02,mzspec:MSV000088535:peak/mzml_peptides_Lukas/Delta_MG_5.mzML:scan:1496,1,0.77,4,0,MSV000088535,NoID,temp/queries/e2/e2e2e9e6caeb444480a93d375e7513f5/e2e2e9e6caeb444480a93d375e7513f5.mgf,1,322,818033
5-ASA_undecanoic-acid,mzspec:GNPS:MULTIPLEX-SYNTHESIS-LIBRARY-ALL-PARTITION-6:accession:CCMSLIB00016278998,-0.02,mzspec:MSV000088535:ccms_peak/Raw_peptide_Lukas/Peptide_3.mzML:scan:1455,1,0.77,3,0,MSV000088535,NoID,temp/queries/e2/e2e2e9e6caeb444480a93d375e7513f5/e2e2e9e6caeb444480a93d375e7513f5.mgf,1,322,817855
5-ASA_undecanoic-acid,mzspec:GNPS:MULTIPLEX-SYNTHESIS-LIBRARY-ALL-PARTITION-6:accession:CCMSLIB00016278998,-0.02,mzspec:MSV000088535:ccms_peak/Raw_peptide_Lukas/Peptide_1.mzML:scan:1453,1,0.77,3,0,MSV000088535,NoID,temp/queries/e2/e2e2e9e6caeb444480a93d375e7513f5/e2e2e9e6caeb444480a93d375e7513f5.mgf,1,322,817896
5-ASA_undecanoic-acid,mzspec:GNPS:MULTIPLEX-SYNTHESIS-LIBRARY-ALL-PARTITION-6:accession:CCMSLIB00016278998,0.0,mzspec:MSV000082221:ccms_peak/mzxml_files/samples/PLCL19999_RH9_01_28103.mzML:scan:1413,1,0.76,2,0,MSV000082221,NoID,temp/queries/e2/e2e2e9e6caeb444480a93d375e7513f5/e2e2e9e6caeb444480a93d375e7513f5.mgf,1,322,114332
5-ASA_undecanoic-acid,mzspec:GNPS:MULTIPLEX-SYNTHESIS-LIBRARY-ALL-PARTITION-6:accession:CCMSLIB00016278998,-0.02,mzspec:MSV000088535:ccms_peak/Raw_peptide_Lukas/Peptide_1-3.mzML:scan:1446,1,0.76,3,0,MSV000088535,NoID,temp/queries/e2/e2e2e9e6caeb444480a93d375e7513f5/e2e2e9e6caeb444480a93d375e7513f5.mgf,1,322,817934
5-ASA_undecanoic-acid,mzspec:GNPS:MULTIPLEX-SYNTHESIS-LIBRARY-ALL-PARTITION-6:accession:CCMSLIB00016278998,-0.02,mzspec:MSV000088535:peak/mzml_peptides_Lukas/Peptide_1-3.mzML:scan:1446,1,0.76,3,0,MSV000088535,NoID,temp/queries/e2/e2e2e9e6caeb444480a93d375e7513f5/e2e2e9e6caeb444480a93d375e7513f5.mgf,1,322,817863
5-ASA_undecanoic-acid,mzspec:GNPS:MULTIPLEX-SYNTHESIS-LIBRARY-ALL-PARTITION-6:accession:CCMSLIB00016278998,-0.02,mzspec:MSV000088535:ccms_peak/Raw_peptide_Lukas/17-20_BHI_x2.mzML:scan:1480,1,0.76,3,0,MSV000088535,NoID,temp/queries/e2/e2e2e9e6caeb444480a93d375e7513f5/e2e2e9e6caeb444480a93d375e7513f5.mgf,1,322,817887
5-ASA_undecanoic-acid,mzspec:GNPS:MULTIPLEX-SYNTHESIS-LIBRARY-ALL-PARTITION-6:accession:CCMSLIB00016278998,-0.02,mzspec:MSV000088535:peak/mzml_peptides_Lukas/17-20_BHI_x2.mzML:scan:1480,1,0.76,3,0,MSV000088535,NoID,temp/queries/e2/e2e2e9e6caeb444480a93d375e7513f5/e2e2e9e6caeb444480a93d375e7513f5.mgf,1,322,817960
5-ASA_undecanoic-acid,mzspec:GNPS:MULTIPLEX-SYNTHESIS-LIBRARY-ALL-PARTITION-6:accession:CCMSLIB00016278998,-0.02,mzspec:MSV000088535:ccms_peak/Raw_peptide_Lukas/Peptide_2.mzML:scan:1416,1,0.76,2,0,MSV000088535,NoID,temp/queries/e2/e2e2e9e6caeb444480a93d375e7513f5/e2e2e9e6caeb444480a93d375e7513f5.mgf,1,322,817903
5-ASA_undecanoic-acid,mzspec:GNPS:MULTIPLEX-SYNTHESIS-LIBRARY-ALL-PARTITION-6:accession:CCMSLIB00016278998,-0.02,mzspec:MSV000088535:peak/mzml_peptides_Lukas/Peptide_2.mzML:scan:1416,1,0.76,2,0,MSV000088535,NoID,temp/queries/e2/e2e2e9e6caeb444480a93d375e7513f5/e2e2e9e6caeb444480a93d375e7513f5.mgf,1,322,817872
5-ASA_undecanoic-acid,mzspec:GNPS:MULTIPLEX-SYNTHESIS-LIBRARY-ALL-PARTITION-6:accession:CCMSLIB00016278998,-0.02,mzspec:MSV000088535:peak/mzml_peptides_Lukas/17-20_BHI.mzML:scan:1340,1,0.75,3,0,MSV000088535,NoID,temp/queries/e2/e2e2e9e6caeb444480a93d375e7513f5/e2e2e9e6caeb444480a93d375e7513f5.mgf,1,322,817950
5-ASA_undecanoic-acid,mzspec:GNPS:MULTIPLEX-SYNTHESIS-LIBRARY-ALL-PARTITION-6:accession:CCMSLIB00016278998,-0.02,mzspec:MSV000088535:ccms_peak/Raw_peptide_Lukas/17-20_BHI.mzML:scan:1340,1,0.75,3,0,MSV000088535,NoID,temp/queries/e2/e2e2e9e6caeb444480a93d375e7513f5/e2e2e9e6caeb444480a93d375e7513f5.mgf,1,322,817966
5-ASA_undecanoic-acid,mzspec:GNPS:MULTIPLEX-SYNTHESIS-LIBRARY-ALL-PARTITION-6:accession:CCMSLIB00016278998,-0.02,mzspec:MSV000088535:peak/mzml_peptides_Lukas/Peptide_1-3.mzML:scan:1505,1,0.75,2,0,MSV000088535,NoID,temp/queries/e2/e2e2e9e6caeb444480a93d375e7513f5/e2e2e9e6caeb444480a93d375e7513f5.mgf,1,322,817864
5-ASA_undecanoic-acid,mzspec:GNPS:MULTIPLEX-SYNTHESIS-LIBRARY-ALL-PARTITION-6:accession:CCMSLIB00016278998,-0.02,mzspec:MSV000088535:peak/mzml_peptides_Lukas/Delta_Struc.mzML:scan:1446,1,0.75,2,0,MSV000088535,NoID,temp/queries/e2/e2e2e9e6caeb444480a93d375e7513f5/e2e2e9e6caeb444480a93d375e7513f5.mgf,1,322,818024
5-ASA_undecanoic-acid,mzspec:GNPS:MULTIPLEX-SYNTHESIS-LIBRARY-ALL-PARTITION-6:accession:CCMSLIB00016278998,-0.02,mzspec:MSV000088535:peak/mzml_peptides_Lukas/Peptide_2.mzML:scan:1481,1,0.75,2,0,MSV000088535,NoID,temp/queries/e2/e2e2e9e6caeb444480a93d375e7513f5/e2e2e9e6caeb444480a93d375e7513f5.mgf,1,322,817873
5-ASA_undecanoic-acid,mzspec:GNPS:MULTIPLEX-SYNTHESIS-LIBRARY-ALL-PARTITION-6:accession:CCMSLIB00016278998,-0.02,mzspec:MSV000088535:ccms_peak/Raw_peptide_Lukas/Delta_Struc.mzML:scan:1446,1,0.75,2,0,MSV000088535,NoID,temp/queries/e2/e2e2e9e6caeb444480a93d375e7513f5/e2e2e9e6caeb444480a93d375e7513f5.mgf,1,322,817944
5-ASA_undecanoic-acid,mzspec:GNPS:MULTIPLEX-SYNTHESIS-LIBRARY-ALL-PARTITION-6:accession:CCMSLIB00016278998,-0.02,mzspec:MSV000088535:peak/mzml_peptides_Lukas/17-20_BM.mzML:scan:1456,1,0.75,2,0,MSV000088535,NoID,temp/queries/e2/e2e2e9e6caeb444480a93d375e7513f5/e2e2e9e6caeb444480a93d375e7513f5.mgf,1,322,817978
5-ASA_undecanoic-acid,mzspec:GNPS:MULTIPLEX-SYNTHESIS-LIBRARY-ALL-PARTITION-6:accession:CCMSLIB00016278998,-0.02,mzspec:MSV000088535:ccms_peak/Raw_peptide_Lukas/Peptide_2.mzML:scan:1481,1,0.75,2,0,MSV000088535,NoID,temp/queries/e2/e2e2e9e6caeb444480a93d375e7513f5/e2e2e9e6caeb444480a93d375e7513f5.mgf,1,322,817904
5-ASA_undecanoic-acid,mzspec:GNPS:MULTIPLEX-SYNTHESIS-LIBRARY-ALL-PARTITION-6:accession:CCMSLIB00016278998,-0.02,mzspec:MSV000088535:ccms_peak/Raw_peptide_Lukas/17-20_BHI.mzML:scan:1452,1,0.75,2,0,MSV000088535,NoID,temp/queries/e2/e2e2e9e6caeb444480a93d375e7513f5/e2e2e9e6caeb444480a93d375e7513f5.mgf,1,322,817968
5-ASA_undecanoic-acid,mzspec:GNPS:MULTIPLEX-SYNTHESIS-LIBRARY-ALL-PARTITION-6:accession:CCMSLIB00016278998,-0.02,mzspec:MSV000088535:ccms_peak/Raw_peptide_Lukas/Delta_MG_5.mzML:scan:1432,1,0.75,2,0,MSV000088535,NoID,temp/queries/e2/e2e2e9e6caeb444480a93d375e7513f5/e2e2e9e6caeb444480a93d375e7513f5.mgf,1,322,817993
5-ASA_undecanoic-acid,mzspec:GNPS:MULTIPLEX-SYNTHESIS-LIBRARY-ALL-PARTITION-6:accession:CCMSLIB00016278998,-0.02,mzspec:MSV000088535:peak/mzml_peptides_Lukas/Delta_MG_6.mzML:scan:1482,1,0.75,2,0,MSV000088535,NoID,temp/queries/e2/e2e2e9e6caeb444480a93d375e7513f5/e2e2e9e6caeb444480a93d375e7513f5.mgf,1,322,818016
5-ASA_undecanoic-acid,mzspec:GNPS:MULTIPLEX-SYNTHESIS-LIBRARY-ALL-PARTITION-6:accession:CCMSLIB00016278998,-0.02,mzspec:MSV000088535:ccms_peak/Raw_peptide_Lukas/Delta_MG_6.mzML:scan:1408,1,0.75,2,0,MSV000088535,NoID,temp/queries/e2/e2e2e9e6caeb444480a93d375e7513f5/e2e2e9e6caeb444480a93d375e7513f5.mgf,1,322,817927
5-ASA_undecanoic-acid,mzspec:GNPS:MULTIPLEX-SYNTHESIS-LIBRARY-ALL-PARTITION-6:accession:CCMSLIB00016278998,-0.02,mzspec:MSV000088535:ccms_peak/Raw_peptide_Lukas/Peptide_1-3.mzML:scan:1505,1,0.75,2,0,MSV000088535,NoID,temp/queries/e2/e2e2e9e6caeb444480a93d375e7513f5/e2e2e9e6caeb444480a93d375e7513f5.mgf,1,322,817935
5-ASA_undecanoic-acid,mzspec:GNPS:MULTIPLEX-SYNTHESIS-LIBRARY-ALL-PARTITION-6:accession:CCMSLIB00016278998,-0.02,mzspec:MSV000088535:peak/mzml_peptides_Lukas/17-20_BHI.mzML:scan:1452,1,0.75,2,0,MSV000088535,NoID,temp/queries/e2/e2e2e9e6caeb444480a93d375e7513f5/e2e2e9e6caeb444480a93d375e7513f5.mgf,1,322,817952
5-ASA_undecanoic-acid,mzspec:GNPS:MULTIPLEX-SYNTHESIS-LIBRARY-ALL-PARTITION-6:accession:CCMSLIB00016278998,-0.02,mzspec:MSV000088535:ccms_peak/Raw_peptide_Lukas/17-20_BM.mzML:scan:1456,1,0.75,2,0,MSV000088535,NoID,temp/queries/e2/e2e2e9e6caeb444480a93d375e7513f5/e2e2e9e6caeb444480a93d375e7513f5.mgf,1,322,818005
5-ASA_undecanoic-acid,mzspec:GNPS:MULTIPLEX-SYNTHESIS-LIBRARY-ALL-PARTITION-6:accession:CCMSLIB00016278998,-0.02,mzspec:MSV000088535:ccms_peak/Raw_peptide_Lukas/Peptide_3.mzML:scan:1516,1,0.75,2,0,MSV000088535,NoID,temp/queries/e2/e2e2e9e6caeb444480a93d375e7513f5/e2e2e9e6caeb444480a93d375e7513f5.mgf,1,322,817856
5-ASA_undecanoic-acid,mzspec:GNPS:MULTIPLEX-SYNTHESIS-LIBRARY-ALL-PARTITION-6:accession:CCMSLIB00016278998,-0.02,mzspec:MSV000088535:ccms_peak/Raw_peptide_Lukas/Delta_MG_3.mzML:scan:1416,1,0.75,2,0,MSV000088535,NoID,temp/queries/e2/e2e2e9e6caeb444480a93d375e7513f5/e2e2e9e6caeb444480a93d375e7513f5.mgf,1,322,817880
5-ASA_undecanoic-acid,mzspec:GNPS:MULTIPLEX-SYNTHESIS-LIBRARY-ALL-PARTITION-6:accession:CCMSLIB00016278998,-0.02,mzspec:MSV000088535:peak/mzml_peptides_Lukas/Delta_MG_6.mzML:scan:1408,1,0.75,2,0,MSV000088535,NoID,temp/queries/e2/e2e2e9e6caeb444480a93d375e7513f5/e2e2e9e6caeb444480a93d375e7513f5.mgf,1,322,818015
5-ASA_undecanoic-acid,mzspec:GNPS:MULTIPLEX-SYNTHESIS-LIBRARY-ALL-PARTITION-6:accession:CCMSLIB00016278998,-0.02,mzspec:MSV000088535:peak/mzml_peptides_Lukas/Delta_MG_3.mzML:scan:1416,1,0.75,2,0,MSV000088535,NoID,temp/queries/e2/e2e2e9e6caeb444480a93d375e7513f5/e2e2e9e6caeb444480a93d375e7513f5.mgf,1,322,818054
5-ASA_undecanoic-acid,mzspec:GNPS:MULTIPLEX-SYNTHESIS-LIBRARY-ALL-PARTITION-6:accession:CCMSLIB00016278998,-0.02,mzspec:MSV000088535:peak/mzml_peptides_Lukas/Delta_MG_2.mzML:scan:1430,1,0.75,2,0,MSV000088535,NoID,temp/queries/e2/e2e2e9e6caeb444480a93d375e7513f5/e2e2e9e6caeb444480a93d375e7513f5.mgf,1,322,818078
5-ASA_undecanoic-acid,mzspec:GNPS:MULTIPLEX-SYNTHESIS-LIBRARY-ALL-PARTITION-6:accession:CCMSLIB00016278998,-0.02,mzspec:MSV000088535:peak/mzml_peptides_Lukas/Peptide_3.mzML:scan:1516,1,0.75,2,0,MSV000088535,NoID,temp/queries/e2/e2e2e9e6caeb444480a93d375e7513f5/e2e2e9e6caeb444480a93d375e7513f5.mgf,1,322,818069
5-ASA_undecanoic-acid,mzspec:GNPS:MULTIPLEX-SYNTHESIS-LIBRARY-ALL-PARTITION-6:accession:CCMSLIB00016278998,-0.02,mzspec:MSV000088535:ccms_peak/Raw_peptide_Lukas/Delta_MG_2.mzML:scan:1430,1,0.75,2,0,MSV000088535,NoID,temp/queries/e2/e2e2e9e6caeb444480a93d375e7513f5/e2e2e9e6caeb444480a93d375e7513f5.mgf,1,322,818087
5-ASA_undecanoic-acid,mzspec:GNPS:MULTIPLEX-SYNTHESIS-LIBRARY-ALL-PARTITION-6:accession:CCMSLIB00016278998,-0.02,mzspec:MSV000088535:ccms_peak/Raw_peptide_Lukas/Delta_MG_6.mzML:scan:1482,1,0.75,2,0,MSV000088535,NoID,temp/queries/e2/e2e2e9e6caeb444480a93d375e7513f5/e2e2e9e6caeb444480a93d375e7513f5.mgf,1,322,817928
5-ASA_undecanoic-acid,mzspec:GNPS:MULTIPLEX-SYNTHESIS-LIBRARY-ALL-PARTITION-6:accession:CCMSLIB00016278998,-0.02,mzspec:MSV000088535:peak/mzml_peptides_Lukas/Delta_MG_5.mzML:scan:1432,1,0.75,2,0,MSV000088535,NoID,temp/queries/e2/e2e2e9e6caeb444480a93d375e7513f5/e2e2e9e6caeb444480a93d375e7513f5.mgf,1,322,818032
5-ASA_undecanoic-acid,mzspec:GNPS:MULTIPLEX-SYNTHESIS-LIBRARY-ALL-PARTITION-6:accession:CCMSLIB00016278998,-0.02,mzspec:MSV000088535:ccms_peak/Raw_peptide_Lukas/Delta_MG_4.mzML:scan:1434,1,0.74,2,0,MSV000088535,NoID,temp/queries/e2/e2e2e9e6caeb444480a93d375e7513f5/e2e2e9e6caeb444480a93d375e7513f5.mgf,1,322,818061
5-ASA_undecanoic-acid,mzspec:GNPS:MULTIPLEX-SYNTHESIS-LIBRARY-ALL-PARTITION-6:accession:CCMSLIB00016278998,-0.02,mzspec:MSV000088535:peak/mzml_peptides_Lukas/Delta_MG_4.mzML:scan:1434,1,0.74,2,0,MSV000088535,NoID,temp/queries/e2/e2e2e9e6caeb444480a93d375e7513f5/e2e2e9e6caeb444480a93d375e7513f5.mgf,1,322,817911
5-ASA_undecanoic-acid,mzspec:GNPS:MULTIPLEX-SYNTHESIS-LIBRARY-ALL-PARTITION-6:accession:CCMSLIB00016278998,0.02,mzspec:MSV000095296:ccms_peak/negative_T28d/D066B.mzML:scan:4294967295,1,0.74,2,0,MSV000095296,NoID,temp/queries/e2/e2e2e9e6caeb444480a93d375e7513f5/e2e2e9e6caeb444480a93d375e7513f5.mgf,1,322,543515
5-ASA_undecanoic-acid,mzspec:GNPS:MULTIPLEX-SYNTHESIS-LIBRARY-ALL-PARTITION-6:accession:CCMSLIB00016278998,-0.02,mzspec:MSV000088535:peak/mzml_peptides_Lukas/Delta_MG_4.mzML:scan:1498,1,0.74,2,0,MSV000088535,NoID,temp/queries/e2/e2e2e9e6caeb444480a93d375e7513f5/e2e2e9e6caeb444480a93d375e7513f5.mgf,1,322,817912
5-ASA_undecanoic-acid,mzspec:GNPS:MULTIPLEX-SYNTHESIS-LIBRARY-ALL-PARTITION-6:accession:CCMSLIB00016278998,-0.02,mzspec:MSV000088535:ccms_peak/Raw_peptide_Lukas/Delta_MG_4.mzML:scan:1498,1,0.74,2,0,MSV000088535,NoID,temp/queries/e2/e2e2e9e6caeb444480a93d375e7513f5/e2e2e9e6caeb444480a93d375e7513f5.mgf,1,322,818062
5-ASA_undecanoic-acid,mzspec:GNPS:MULTIPLEX-SYNTHESIS-LIBRARY-ALL-PARTITION-6:accession:CCMSLIB00016278998,-0.02,mzspec:MSV000088535:peak/mzml_peptides_Lukas/Delta_MG_7.mzML:scan:1423,1,0.74,2,0,MSV000088535,NoID,temp/queries/e2/e2e2e9e6caeb444480a93d375e7513f5/e2e2e9e6caeb444480a93d375e7513f5.mgf,1,322,817989
5-ASA_undecanoic-acid,mzspec:GNPS:MULTIPLEX-SYNTHESIS-LIBRARY-ALL-PARTITION-6:accession:CCMSLIB00016278998,-0.02,mzspec:MSV000088535:ccms_peak/Raw_peptide_Lukas/Delta_MG_7.mzML:scan:1423,1,0.74,2,0,MSV000088535,NoID,temp/queries/e2/e2e2e9e6caeb444480a93d375e7513f5/e2e2e9e6caeb444480a93d375e7513f5.mgf,1,322,818044
5-ASA_undecanoic-acid,mzspec:GNPS:MULTIPLEX-SYNTHESIS-LIBRARY-ALL-PARTITION-6:accession:CCMSLIB00016278998,0.01,mzspec:MSV000092820:raw/083123_Matthaei_Herbarium_lowmz/2019_Matthaei_EA_150-450mz/Paeonia-Leaf-ethylacetate-2019.mzML:scan:1778,1,0.74,2,0,MSV000092820,NoID,temp/queries/e2/e2e2e9e6caeb444480a93d375e7513f5/e2e2e9e6caeb444480a93d375e7513f5.mgf,1,322,227883
5-ASA_undecanoic-acid,mzspec:GNPS:MULTIPLEX-SYNTHESIS-LIBRARY-ALL-PARTITION-6:accession:CCMSLIB00016278998,-0.02,mzspec:MSV000088535:peak/mzml_peptides_Lukas/Delta_Struc.mzML:scan:1382,1,0.74,2,0,MSV000088535,NoID,temp/queries/e2/e2e2e9e6caeb444480a93d375e7513f5/e2e2e9e6caeb444480a93d375e7513f5.mgf,1,322,818023
5-ASA_undecanoic-acid,mzspec:GNPS:MULTIPLEX-SYNTHESIS-LIBRARY-ALL-PARTITION-6:accession:CCMSLIB00016278998,-0.02,mzspec:MSV000088535:ccms_peak/Raw_peptide_Lukas/Delta_Struc.mzML:scan:1382,1,0.74,2,0,MSV000088535,NoID,temp/queries/e2/e2e2e9e6caeb444480a93d375e7513f5/e2e2e9e6caeb444480a93d375e7513f5.mgf,1,322,817943
5-ASA_undecanoic-acid,mzspec:GNPS:MULTIPLEX-SYNTHESIS-LIBRARY-ALL-PARTITION-6:accession:CCMSLIB00016278998,0.01,mzspec:MSV000081199:raw/TZ/ath028663_msconvert.mzXML:scan:3143,1,0.74,2,0,MSV000081199,NoID,temp/queries/e2/e2e2e9e6caeb444480a93d375e7513f5/e2e2e9e6caeb444480a93d375e7513f5.mgf,1,322,507174
5-ASA_undecanoic-acid,mzspec:GNPS:MULTIPLEX-SYNTHESIS-LIBRARY-ALL-PARTITION-6:accession:CCMSLIB00016278998,-0.02,mzspec:MSV000088535:peak/mzml_peptides_Lukas/Peptide_1.mzML:scan:1519,1,0.73,2,0,MSV000088535,NoID,temp/queries/e2/e2e2e9e6caeb444480a93d375e7513f5/e2e2e9e6caeb444480a93d375e7513f5.mgf,1,322,817921
5-ASA_undecanoic-acid,mzspec:GNPS:MULTIPLEX-SYNTHESIS-LIBRARY-ALL-PARTITION-6:accession:CCMSLIB00016278998,0.01,mzspec:MSV000092820:raw/083123_Matthaei_Herbarium_lowmz/2019_Matthaei_EA_150-450mz/Paeonia-Leaf-ethylacetate-2019.mzML:scan:1787,1,0.73,2,0,MSV000092820,NoID,temp/queries/e2/e2e2e9e6caeb444480a93d375e7513f5/e2e2e9e6caeb444480a93d375e7513f5.mgf,1,322,227884
5-ASA_undecanoic-acid,mzspec:GNPS:MULTIPLEX-SYNTHESIS-LIBRARY-ALL-PARTITION-6:accession:CCMSLIB00016278998,-0.02,mzspec:MSV000088535:ccms_peak/Raw_peptide_Lukas/Peptide_1-3.mzML:scan:1555,1,0.73,2,0,MSV000088535,NoID,temp/queries/e2/e2e2e9e6caeb444480a93d375e7513f5/e2e2e9e6caeb444480a93d375e7513f5.mgf,1,322,817936
5-ASA_undecanoic-acid,mzspec:GNPS:MULTIPLEX-SYNTHESIS-LIBRARY-ALL-PARTITION-6:accession:CCMSLIB00016278998,-0.02,mzspec:MSV000088535:peak/mzml_peptides_Lukas/Peptide_1-3.mzML:scan:1555,1,0.73,2,0,MSV000088535,NoID,temp/queries/e2/e2e2e9e6caeb444480a93d375e7513f5/e2e2e9e6caeb444480a93d375e7513f5.mgf,1,322,817865
5-ASA_undecanoic-acid,mzspec:GNPS:MULTIPLEX-SYNTHESIS-LIBRARY-ALL-PARTITION-6:accession:CCMSLIB00016278998,-0.02,mzspec:MSV000088535:ccms_peak/Raw_peptide_Lukas/Peptide_1.mzML:scan:1519,1,0.73,2,0,MSV000088535,NoID,temp/queries/e2/e2e2e9e6caeb444480a93d375e7513f5/e2e2e9e6caeb444480a93d375e7513f5.mgf,1,322,817897
5-ASA_undecanoic-acid,mzspec:GNPS:MULTIPLEX-SYNTHESIS-LIBRARY-ALL-PARTITION-6:accession:CCMSLIB00016278998,-0.02,mzspec:MSV000088535:peak/mzml_peptides_Lukas/17-20_BHI_x2.mzML:scan:1539,1,0.72,2,0,MSV000088535,NoID,temp/queries/e2/e2e2e9e6caeb444480a93d375e7513f5/e2e2e9e6caeb444480a93d375e7513f5.mgf,1,322,817961
5-ASA_undecanoic-acid,mzspec:GNPS:MULTIPLEX-SYNTHESIS-LIBRARY-ALL-PARTITION-6:accession:CCMSLIB00016278998,-0.02,mzspec:MSV000088535:ccms_peak/Raw_peptide_Lukas/17-20_BHI_x2.mzML:scan:1539,1,0.72,2,0,MSV000088535,NoID,temp/queries/e2/e2e2e9e6caeb444480a93d375e7513f5/e2e2e9e6caeb444480a93d375e7513f5.mgf,1,322,817888
5-ASA_undecanoic-acid,mzspec:GNPS:MULTIPLEX-SYNTHESIS-LIBRARY-ALL-PARTITION-6:accession:CCMSLIB00016278998,-0.02,mzspec:MSV000088535:ccms_peak/Raw_peptide_Lukas/17-20_BHI_x2.mzML:scan:1368,1,0.71,2,0,MSV000088535,NoID,temp/queries/e2/e2e2e9e6caeb444480a93d375e7513f5/e2e2e9e6caeb444480a93d375e7513f5.mgf,1,322,817885
5-ASA_undecanoic-acid,mzspec:GNPS:MULTIPLEX-SYNTHESIS-LIBRARY-ALL-PARTITION-6:accession:CCMSLIB00016278998,-0.02,mzspec:MSV000088535:peak/mzml_peptides_Lukas/Delta_MG_2.mzML:scan:1496,1,0.71,1,0,MSV000088535,NoID,temp/queries/e2/e2e2e9e6caeb444480a93d375e7513f5/e2e2e9e6caeb444480a93d375e7513f5.mgf,1,322,818079
5-ASA_undecanoic-acid,mzspec:GNPS:MULTIPLEX-SYNTHESIS-LIBRARY-ALL-PARTITION-6:accession:CCMSLIB00016278998,-0.02,mzspec:MSV000088535:ccms_peak/Raw_peptide_Lukas/Delta_MG_2.mzML:scan:1496,1,0.71,1,0,MSV000088535,NoID,temp/queries/e2/e2e2e9e6caeb444480a93d375e7513f5/e2e2e9e6caeb444480a93d375e7513f5.mgf,1,322,818088
5-ASA_undecanoic-acid,mzspec:GNPS:MULTIPLEX-SYNTHESIS-LIBRARY-ALL-PARTITION-6:accession:CCMSLIB00016278998,0.01,mzspec:MSV000095784:peak/mzML/BOO23LVR3.mzML:scan:1804,1,0.71,2,0,MSV000095784,NoID,temp/queries/e2/e2e2e9e6caeb444480a93d375e7513f5/e2e2e9e6caeb444480a93d375e7513f5.mgf,1,322,1601
5-ASA_undecanoic-acid,mzspec:GNPS:MULTIPLEX-SYNTHESIS-LIBRARY-ALL-PARTITION-6:accession:CCMSLIB00016278998,0.01,mzspec:MSV000081199:raw/TZ/ath028511_msconvert.mzXML:scan:2445,1,0.71,1,0,MSV000081199,NoID,temp/queries/e2/e2e2e9e6caeb444480a93d375e7513f5/e2e2e9e6caeb444480a93d375e7513f5.mgf,1,322,507468
5-ASA_undecanoic-acid,mzspec:GNPS:MULTIPLEX-SYNTHESIS-LIBRARY-ALL-PARTITION-6:accession:CCMSLIB00016278998,-0.02,mzspec:MSV000088535:peak/mzml_peptides_Lukas/17-20_BHI_x2.mzML:scan:1368,1,0.71,2,0,MSV000088535,NoID,temp/queries/e2/e2e2e9e6caeb444480a93d375e7513f5/e2e2e9e6caeb444480a93d375e7513f5.mgf,1,322,817958
5-ASA_undecanoic-acid,mzspec:GNPS:MULTIPLEX-SYNTHESIS-LIBRARY-ALL-PARTITION-6:accession:CCMSLIB00016278998,-0.02,mzspec:MSV000084101:ccms_peak/Plant_simple_subset/G72511_1x_10ul_BD9_01_20293.mzML:scan:1050,1,0.7,2,0,MSV000084101,NoID,temp/queries/e2/e2e2e9e6caeb444480a93d375e7513f5/e2e2e9e6caeb444480a93d375e7513f5.mgf,1,322,80546
5-ASA_undecanoic-acid,mzspec:GNPS:MULTIPLEX-SYNTHESIS-LIBRARY-ALL-PARTITION-6:accession:CCMSLIB00016278998,-0.02,mzspec:MSV000083010:ccms_peak/Samples/G72511_1x_10ul_BD9_01_20293.mzML:scan:1050,1,0.7,2,0,MSV000083010,NoID,temp/queries/e2/e2e2e9e6caeb444480a93d375e7513f5/e2e2e9e6caeb444480a93d375e7513f5.mgf,1,322,384184
5-ASA_undecanoic-acid,mzspec:GNPS:MULTIPLEX-SYNTHESIS-LIBRARY-ALL-PARTITION-6:accession:CCMSLIB00016278998,-0.02,mzspec:MSV000084900:ccms_peak/Global_Foodomics_composite_data_2020/MSV000083010_core/G72511_1x_10ul_BD9_01_20293.mzML:scan:1050,1,0.7,2,0,MSV000084900,NoID,temp/queries/e2/e2e2e9e6caeb444480a93d375e7513f5/e2e2e9e6caeb444480a93d375e7513f5.mgf,1,322,501414
5-ASA_undecanoic-acid,mzspec:GNPS:MULTIPLEX-SYNTHESIS-LIBRARY-ALL-PARTITION-6:accession:CCMSLIB00016278998,-0.02,mzspec:MSV000084734:ccms_peak/files/Plant_simple_subset/files/G72511_1x_10ul_BD9_01_20293.mzML:scan:1050,1,0.7,2,0,MSV000084734,NoID,temp/queries/e2/e2e2e9e6caeb444480a93d375e7513f5/e2e2e9e6caeb444480a93d375e7513f5.mgf,1,322,711661
5-ASA_undecanoic-acid,mzspec:GNPS:MULTIPLEX-SYNTHESIS-LIBRARY-ALL-PARTITION-6:accession:CCMSLIB00016278998,-0.02,mzspec:MSV000082074:ccms_peak/Samples/G72511_1x_10ul_BD9_01_20293.mzML:scan:1050,1,0.7,2,0,MSV000082074,NoID,temp/queries/e2/e2e2e9e6caeb444480a93d375e7513f5/e2e2e9e6caeb444480a93d375e7513f5.mgf,1,322,1109654
5-ASA_undecanoic-acid,mzspec:GNPS:MULTIPLEX-SYNTHESIS-LIBRARY-ALL-PARTITION-6:accession:CCMSLIB00016278998,-0.02,mzspec:MSV000081682:ccms_peak/data_mzxml/Samples/G72511_1x_10ul_BD9_01_20293.mzML:scan:1050,1,0.7,2,0,MSV000081682,NoID,temp/queries/e2/e2e2e9e6caeb444480a93d375e7513f5/e2e2e9e6caeb444480a93d375e7513f5.mgf,1,322,1118196
