compound_name,lib_usi,desc,timing
Ibuprofen_amlodipine,mzspec:GNPS:MULTIPLEX-SYNTHESIS-LIBRARY-ALL-PARTITION-6:accession:CCMSLIB00016274269,prep,0.0009124279022216797
Ibuprofen_amlodipine,mzspec:GNPS:MULTIPLEX-SYNTHESIS-LIBRARY-ALL-PARTITION-6:accession:CCMSLIB00016274269,Search,0.6395542621612549
Ibuprofen_amlodipine,mzspec:GNPS:MULTIPLEX-SYNTHESIS-LIBRARY-ALL-PARTITION-6:accession:CCMSLIB00016274269,Parse Query,0.00010943412780761719
Ibuprofen_amlodipine,mzspec:GNPS:MULTIPLEX-SYNTHESIS-LIBRARY-ALL-PARTITION-6:accession:CCMSLIB00016274269,Parse Query 2,0.002653837203979492
Ibuprofen_amlodipine,mzspec:GNPS:MULTIPLEX-SYNTHESIS-LIBRARY-ALL-PARTITION-6:accession:CCMSLIB00016274269,Get DB Info,9.131431579589844e-05
Ibuprofen_amlodipine,mzspec:GNPS:MULTIPLEX-SYNTHESIS-LIBRARY-ALL-PARTITION-6:accession:CCMSLIB00016274269,Demangle,0.006771087646484375
Ibuprofen_amlodipine,mzspec:GNPS:MULTIPLEX-SYNTHESIS-LIBRARY-ALL-PARTITION-6:accession:CCMSLIB00016274269,Group,0.006379604339599609
Ibuprofen_amlodipine,mzspec:GNPS:MULTIPLEX-SYNTHESIS-LIBRARY-ALL-PARTITION-6:accession:CCMSLIB00016274269,Enrich datasets,0.42698192596435547
