compound_name,lib_usi,Delta Mass,USI,Charge,Cosine,Matching Peaks,Unit Delta Mass,Dataset,Status,Query Filename,Query Scan,Index UnitPM,Index IdxInUnitPM
Ibuprofen_cadaverine,mzspec:GNPS:MULTIPLEX-SYNTHESIS-LIBRARY-ALL-PARTITION-6:accession:CCMSLIB00016273697,0.0,mzspec:MSV000094559:updates/2024-12-18_apatan_535e183c/raw/12042024/mzML/AP_2017.mzML:scan:1306,1,0.96,5,0,MSV000094559,NoID,temp/queries/bc/bc521661629d47af928599b85e5dcf9a/bc521661629d47af928599b85e5dcf9a.mgf,1,291,1124114
Ibuprofen_cadaverine,mzspec:GNPS:MULTIPLEX-SYNTHESIS-LIBRARY-ALL-PARTITION-6:accession:CCMSLIB00016273697,0.0,mzspec:MSV000094559:updates/2024-12-18_apatan_535e183c/raw/12042024/mzML/AP_2017.mzML:scan:1366,1,0.95,5,0,MSV000094559,NoID,temp/queries/bc/bc521661629d47af928599b85e5dcf9a/bc521661629d47af928599b85e5dcf9a.mgf,1,291,1124116
Ibuprofen_cadaverine,mzspec:GNPS:MULTIPLEX-SYNTHESIS-LIBRARY-ALL-PARTITION-6:accession:CCMSLIB00016273697,0.0,mzspec:MSV000094559:updates/2025-03-18_apatan_fc71856c/raw/03152025_jhonsnow/mzML/Hu_1215.mzML:scan:2293,1,0.95,6,0,MSV000094559,NoID,temp/queries/bc/bc521661629d47af928599b85e5dcf9a/bc521661629d47af928599b85e5dcf9a.mgf,1,291,1123193
Ibuprofen_cadaverine,mzspec:GNPS:MULTIPLEX-SYNTHESIS-LIBRARY-ALL-PARTITION-6:accession:CCMSLIB00016273697,0.0,mzspec:MSV000094559:updates/2025-03-18_apatan_fc71856c/raw/03152025_jhonsnow/mzML/Hu_1208.mzML:scan:2538,1,0.95,6,0,MSV000094559,NoID,temp/queries/bc/bc521661629d47af928599b85e5dcf9a/bc521661629d47af928599b85e5dcf9a.mgf,1,291,1122907
Ibuprofen_cadaverine,mzspec:GNPS:MULTIPLEX-SYNTHESIS-LIBRARY-ALL-PARTITION-6:accession:CCMSLIB00016273697,0.0,mzspec:MSV000094559:updates/2025-03-18_apatan_fc71856c/raw/03152025_jhonsnow/mzML/Hu_1214.mzML:scan:2942,1,0.95,6,0,MSV000094559,NoID,temp/queries/bc/bc521661629d47af928599b85e5dcf9a/bc521661629d47af928599b85e5dcf9a.mgf,1,291,1125203
Ibuprofen_cadaverine,mzspec:GNPS:MULTIPLEX-SYNTHESIS-LIBRARY-ALL-PARTITION-6:accession:CCMSLIB00016273697,0.0,mzspec:MSV000094559:updates/2025-03-18_apatan_fc71856c/raw/03152025_jhonsnow/mzML/Hu_1318.mzML:scan:2268,1,0.95,6,0,MSV000094559,NoID,temp/queries/bc/bc521661629d47af928599b85e5dcf9a/bc521661629d47af928599b85e5dcf9a.mgf,1,291,1122786
Ibuprofen_cadaverine,mzspec:GNPS:MULTIPLEX-SYNTHESIS-LIBRARY-ALL-PARTITION-6:accession:CCMSLIB00016273697,0.0,mzspec:MSV000094559:updates/2025-03-18_apatan_fc71856c/raw/03152025_jhonsnow/mzML/Hu_1217.mzML:scan:1784,1,0.95,6,0,MSV000094559,NoID,temp/queries/bc/bc521661629d47af928599b85e5dcf9a/bc521661629d47af928599b85e5dcf9a.mgf,1,291,1122968
Ibuprofen_cadaverine,mzspec:GNPS:MULTIPLEX-SYNTHESIS-LIBRARY-ALL-PARTITION-6:accession:CCMSLIB00016273697,0.0,mzspec:MSV000094559:updates/2025-03-18_apatan_fc71856c/raw/03152025_jhonsnow/mzML/Hu_1210.mzML:scan:2515,1,0.95,6,0,MSV000094559,NoID,temp/queries/bc/bc521661629d47af928599b85e5dcf9a/bc521661629d47af928599b85e5dcf9a.mgf,1,291,1125307
Ibuprofen_cadaverine,mzspec:GNPS:MULTIPLEX-SYNTHESIS-LIBRARY-ALL-PARTITION-6:accession:CCMSLIB00016273697,0.0,mzspec:MSV000094559:updates/2025-03-18_apatan_fc71856c/raw/03152025_jhonsnow/mzML/Hu_1203.mzML:scan:1497,1,0.95,6,0,MSV000094559,NoID,temp/queries/bc/bc521661629d47af928599b85e5dcf9a/bc521661629d47af928599b85e5dcf9a.mgf,1,291,1124918
Ibuprofen_cadaverine,mzspec:GNPS:MULTIPLEX-SYNTHESIS-LIBRARY-ALL-PARTITION-6:accession:CCMSLIB00016273697,0.0,mzspec:MSV000094559:updates/2025-03-18_apatan_fc71856c/raw/03152025_jhonsnow/mzML/Hu_1225.mzML:scan:2359,1,0.95,7,0,MSV000094559,NoID,temp/queries/bc/bc521661629d47af928599b85e5dcf9a/bc521661629d47af928599b85e5dcf9a.mgf,1,291,1124981
Ibuprofen_cadaverine,mzspec:GNPS:MULTIPLEX-SYNTHESIS-LIBRARY-ALL-PARTITION-6:accession:CCMSLIB00016273697,0.0,mzspec:MSV000094559:updates/2025-03-18_apatan_fc71856c/raw/03152025_jhonsnow/mzML/Hu_1223.mzML:scan:2860,1,0.94,6,0,MSV000094559,NoID,temp/queries/bc/bc521661629d47af928599b85e5dcf9a/bc521661629d47af928599b85e5dcf9a.mgf,1,291,1126219
Ibuprofen_cadaverine,mzspec:GNPS:MULTIPLEX-SYNTHESIS-LIBRARY-ALL-PARTITION-6:accession:CCMSLIB00016273697,0.0,mzspec:MSV000094559:updates/2024-12-18_apatan_535e183c/raw/12042024/mzML/AP_2140.mzML:scan:1384,1,0.94,5,0,MSV000094559,NoID,temp/queries/bc/bc521661629d47af928599b85e5dcf9a/bc521661629d47af928599b85e5dcf9a.mgf,1,291,1124786
Ibuprofen_cadaverine,mzspec:GNPS:MULTIPLEX-SYNTHESIS-LIBRARY-ALL-PARTITION-6:accession:CCMSLIB00016273697,0.0,mzspec:MSV000094559:updates/2025-03-18_apatan_fc71856c/raw/03152025_jhonsnow/mzML/Hu_1165.mzML:scan:1502,1,0.94,6,0,MSV000094559,NoID,temp/queries/bc/bc521661629d47af928599b85e5dcf9a/bc521661629d47af928599b85e5dcf9a.mgf,1,291,1123489
Ibuprofen_cadaverine,mzspec:GNPS:MULTIPLEX-SYNTHESIS-LIBRARY-ALL-PARTITION-6:accession:CCMSLIB00016273697,0.0,mzspec:MSV000094559:updates/2025-03-18_apatan_fc71856c/raw/03152025_jhonsnow/mzML/Hu_1253.mzML:scan:2271,1,0.94,6,0,MSV000094559,NoID,temp/queries/bc/bc521661629d47af928599b85e5dcf9a/bc521661629d47af928599b85e5dcf9a.mgf,1,291,1125717
Ibuprofen_cadaverine,mzspec:GNPS:MULTIPLEX-SYNTHESIS-LIBRARY-ALL-PARTITION-6:accession:CCMSLIB00016273697,0.0,mzspec:MSV000094559:updates/2025-03-18_apatan_fc71856c/raw/03152025_jhonsnow/mzML/Hu_1217.mzML:scan:2378,1,0.94,6,0,MSV000094559,NoID,temp/queries/bc/bc521661629d47af928599b85e5dcf9a/bc521661629d47af928599b85e5dcf9a.mgf,1,291,1122969
Ibuprofen_cadaverine,mzspec:GNPS:MULTIPLEX-SYNTHESIS-LIBRARY-ALL-PARTITION-6:accession:CCMSLIB00016273697,0.0,mzspec:MSV000094559:updates/2025-03-18_apatan_fc71856c/raw/03152025_jhonsnow/mzML/Hu_1206.mzML:scan:1495,1,0.94,5,0,MSV000094559,NoID,temp/queries/bc/bc521661629d47af928599b85e5dcf9a/bc521661629d47af928599b85e5dcf9a.mgf,1,291,1126268
Ibuprofen_cadaverine,mzspec:GNPS:MULTIPLEX-SYNTHESIS-LIBRARY-ALL-PARTITION-6:accession:CCMSLIB00016273697,0.0,mzspec:MSV000094559:updates/2025-03-18_apatan_fc71856c/raw/03152025_jhonsnow/mzML/Hu_1211.mzML:scan:1594,1,0.94,6,0,MSV000094559,NoID,temp/queries/bc/bc521661629d47af928599b85e5dcf9a/bc521661629d47af928599b85e5dcf9a.mgf,1,291,1122754
Ibuprofen_cadaverine,mzspec:GNPS:MULTIPLEX-SYNTHESIS-LIBRARY-ALL-PARTITION-6:accession:CCMSLIB00016273697,0.0,mzspec:MSV000094559:updates/2025-03-18_apatan_fc71856c/raw/03152025_jhonsnow/mzML/Hu_1245.mzML:scan:1481,1,0.94,5,0,MSV000094559,NoID,temp/queries/bc/bc521661629d47af928599b85e5dcf9a/bc521661629d47af928599b85e5dcf9a.mgf,1,291,1122357
Ibuprofen_cadaverine,mzspec:GNPS:MULTIPLEX-SYNTHESIS-LIBRARY-ALL-PARTITION-6:accession:CCMSLIB00016273697,0.0,mzspec:MSV000094559:updates/2025-03-18_apatan_fc71856c/raw/03152025_jhonsnow/mzML/Hu_1214.mzML:scan:2479,1,0.94,6,0,MSV000094559,NoID,temp/queries/bc/bc521661629d47af928599b85e5dcf9a/bc521661629d47af928599b85e5dcf9a.mgf,1,291,1125202
Ibuprofen_cadaverine,mzspec:GNPS:MULTIPLEX-SYNTHESIS-LIBRARY-ALL-PARTITION-6:accession:CCMSLIB00016273697,0.0,mzspec:MSV000094559:updates/2025-03-18_apatan_fc71856c/raw/03152025_jhonsnow/mzML/Hu_1244.mzML:scan:2274,1,0.94,6,0,MSV000094559,NoID,temp/queries/bc/bc521661629d47af928599b85e5dcf9a/bc521661629d47af928599b85e5dcf9a.mgf,1,291,1126260
Ibuprofen_cadaverine,mzspec:GNPS:MULTIPLEX-SYNTHESIS-LIBRARY-ALL-PARTITION-6:accession:CCMSLIB00016273697,0.0,mzspec:MSV000094559:updates/2025-03-18_apatan_fc71856c/raw/03152025_jhonsnow/mzML/Hu_1205.mzML:scan:2354,1,0.94,6,0,MSV000094559,NoID,temp/queries/bc/bc521661629d47af928599b85e5dcf9a/bc521661629d47af928599b85e5dcf9a.mgf,1,291,1124069
Ibuprofen_cadaverine,mzspec:GNPS:MULTIPLEX-SYNTHESIS-LIBRARY-ALL-PARTITION-6:accession:CCMSLIB00016273697,0.0,mzspec:MSV000094559:updates/2025-03-18_apatan_fc71856c/raw/03152025_jhonsnow/mzML/Hu_1331.mzML:scan:1519,1,0.94,5,0,MSV000094559,NoID,temp/queries/bc/bc521661629d47af928599b85e5dcf9a/bc521661629d47af928599b85e5dcf9a.mgf,1,291,1122909
Ibuprofen_cadaverine,mzspec:GNPS:MULTIPLEX-SYNTHESIS-LIBRARY-ALL-PARTITION-6:accession:CCMSLIB00016273697,0.0,mzspec:MSV000094559:updates/2025-03-18_apatan_fc71856c/raw/03152025_jhonsnow/mzML/Hu_1252.mzML:scan:2283,1,0.94,6,0,MSV000094559,NoID,temp/queries/bc/bc521661629d47af928599b85e5dcf9a/bc521661629d47af928599b85e5dcf9a.mgf,1,291,1125389
Ibuprofen_cadaverine,mzspec:GNPS:MULTIPLEX-SYNTHESIS-LIBRARY-ALL-PARTITION-6:accession:CCMSLIB00016273697,0.0,mzspec:MSV000094559:updates/2025-03-18_apatan_fc71856c/raw/03152025_jhonsnow/mzML/Hu_1160.mzML:scan:1487,1,0.93,6,0,MSV000094559,NoID,temp/queries/bc/bc521661629d47af928599b85e5dcf9a/bc521661629d47af928599b85e5dcf9a.mgf,1,291,1123701
Ibuprofen_cadaverine,mzspec:GNPS:MULTIPLEX-SYNTHESIS-LIBRARY-ALL-PARTITION-6:accession:CCMSLIB00016273697,0.0,mzspec:MSV000094559:updates/2025-03-18_apatan_fc71856c/raw/03152025_jhonsnow/mzML/Hu_1213.mzML:scan:2328,1,0.93,5,0,MSV000094559,NoID,temp/queries/bc/bc521661629d47af928599b85e5dcf9a/bc521661629d47af928599b85e5dcf9a.mgf,1,291,1122841
Ibuprofen_cadaverine,mzspec:GNPS:MULTIPLEX-SYNTHESIS-LIBRARY-ALL-PARTITION-6:accession:CCMSLIB00016273697,0.0,mzspec:MSV000094559:updates/2025-03-18_apatan_fc71856c/raw/03152025_jhonsnow/mzML/Hu_1247.mzML:scan:2254,1,0.93,6,0,MSV000094559,NoID,temp/queries/bc/bc521661629d47af928599b85e5dcf9a/bc521661629d47af928599b85e5dcf9a.mgf,1,291,1123161
Ibuprofen_cadaverine,mzspec:GNPS:MULTIPLEX-SYNTHESIS-LIBRARY-ALL-PARTITION-6:accession:CCMSLIB00016273697,0.0,mzspec:MSV000094559:updates/2025-03-18_apatan_fc71856c/raw/03152025_jhonsnow/mzML/Hu_1255.mzML:scan:1474,1,0.93,6,0,MSV000094559,NoID,temp/queries/bc/bc521661629d47af928599b85e5dcf9a/bc521661629d47af928599b85e5dcf9a.mgf,1,291,1122449
Ibuprofen_cadaverine,mzspec:GNPS:MULTIPLEX-SYNTHESIS-LIBRARY-ALL-PARTITION-6:accession:CCMSLIB00016273697,0.0,mzspec:MSV000094559:updates/2025-03-18_apatan_fc71856c/raw/03152025_jhonsnow/mzML/Hu_1226.mzML:scan:2275,1,0.93,5,0,MSV000094559,NoID,temp/queries/bc/bc521661629d47af928599b85e5dcf9a/bc521661629d47af928599b85e5dcf9a.mgf,1,291,1122807
Ibuprofen_cadaverine,mzspec:GNPS:MULTIPLEX-SYNTHESIS-LIBRARY-ALL-PARTITION-6:accession:CCMSLIB00016273697,0.0,mzspec:MSV000094559:updates/2025-03-18_apatan_fc71856c/raw/03152025_jhonsnow/mzML/Hu_1315.mzML:scan:1457,1,0.93,5,0,MSV000094559,NoID,temp/queries/bc/bc521661629d47af928599b85e5dcf9a/bc521661629d47af928599b85e5dcf9a.mgf,1,291,1125434
Ibuprofen_cadaverine,mzspec:GNPS:MULTIPLEX-SYNTHESIS-LIBRARY-ALL-PARTITION-6:accession:CCMSLIB00016273697,0.0,mzspec:MSV000094559:updates/2025-03-18_apatan_fc71856c/raw/03152025_jhonsnow/mzML/Hu_1216.mzML:scan:2386,1,0.93,5,0,MSV000094559,NoID,temp/queries/bc/bc521661629d47af928599b85e5dcf9a/bc521661629d47af928599b85e5dcf9a.mgf,1,291,1125569
Ibuprofen_cadaverine,mzspec:GNPS:MULTIPLEX-SYNTHESIS-LIBRARY-ALL-PARTITION-6:accession:CCMSLIB00016273697,0.0,mzspec:MSV000094559:updates/2025-03-18_apatan_fc71856c/raw/03152025_jhonsnow/mzML/Hu_1256.mzML:scan:2234,1,0.93,6,0,MSV000094559,NoID,temp/queries/bc/bc521661629d47af928599b85e5dcf9a/bc521661629d47af928599b85e5dcf9a.mgf,1,291,1125795
Ibuprofen_cadaverine,mzspec:GNPS:MULTIPLEX-SYNTHESIS-LIBRARY-ALL-PARTITION-6:accession:CCMSLIB00016273697,0.0,mzspec:MSV000094559:updates/2025-03-18_apatan_fc71856c/raw/03152025_jhonsnow/mzML/Hu_1318.mzML:scan:1468,1,0.93,5,0,MSV000094559,NoID,temp/queries/bc/bc521661629d47af928599b85e5dcf9a/bc521661629d47af928599b85e5dcf9a.mgf,1,291,1122785
Ibuprofen_cadaverine,mzspec:GNPS:MULTIPLEX-SYNTHESIS-LIBRARY-ALL-PARTITION-6:accession:CCMSLIB00016273697,0.0,mzspec:MSV000094559:updates/2025-03-18_apatan_fc71856c/raw/03152025_jhonsnow/mzML/Hu_1207.mzML:scan:2536,1,0.93,6,0,MSV000094559,NoID,temp/queries/bc/bc521661629d47af928599b85e5dcf9a/bc521661629d47af928599b85e5dcf9a.mgf,1,291,1124050
Ibuprofen_cadaverine,mzspec:GNPS:MULTIPLEX-SYNTHESIS-LIBRARY-ALL-PARTITION-6:accession:CCMSLIB00016273697,0.0,mzspec:MSV000094559:updates/2025-03-18_apatan_fc71856c/raw/03152025_jhonsnow/mzML/Hu_1244.mzML:scan:1499,1,0.93,5,0,MSV000094559,NoID,temp/queries/bc/bc521661629d47af928599b85e5dcf9a/bc521661629d47af928599b85e5dcf9a.mgf,1,291,1126259
Ibuprofen_cadaverine,mzspec:GNPS:MULTIPLEX-SYNTHESIS-LIBRARY-ALL-PARTITION-6:accession:CCMSLIB00016273697,0.0,mzspec:MSV000094559:updates/2025-03-18_apatan_fc71856c/raw/03152025_jhonsnow/mzML/Hu_1345.mzML:scan:1503,1,0.93,5,0,MSV000094559,NoID,temp/queries/bc/bc521661629d47af928599b85e5dcf9a/bc521661629d47af928599b85e5dcf9a.mgf,1,291,1122334
Ibuprofen_cadaverine,mzspec:GNPS:MULTIPLEX-SYNTHESIS-LIBRARY-ALL-PARTITION-6:accession:CCMSLIB00016273697,0.0,mzspec:MSV000094559:updates/2025-03-18_apatan_fc71856c/raw/03152025_jhonsnow/mzML/Hu_1346.mzML:scan:2236,1,0.93,5,0,MSV000094559,NoID,temp/queries/bc/bc521661629d47af928599b85e5dcf9a/bc521661629d47af928599b85e5dcf9a.mgf,1,291,1122316
Ibuprofen_cadaverine,mzspec:GNPS:MULTIPLEX-SYNTHESIS-LIBRARY-ALL-PARTITION-6:accession:CCMSLIB00016273697,0.0,mzspec:MSV000094559:updates/2025-03-18_apatan_fc71856c/raw/03152025_jhonsnow/mzML/Hu_1253.mzML:scan:1462,1,0.93,5,0,MSV000094559,NoID,temp/queries/bc/bc521661629d47af928599b85e5dcf9a/bc521661629d47af928599b85e5dcf9a.mgf,1,291,1125716
Ibuprofen_cadaverine,mzspec:GNPS:MULTIPLEX-SYNTHESIS-LIBRARY-ALL-PARTITION-6:accession:CCMSLIB00016273697,0.0,mzspec:MSV000094559:updates/2025-03-18_apatan_fc71856c/raw/03152025_jhonsnow/mzML/Hu_1197.mzML:scan:1501,1,0.93,5,0,MSV000094559,NoID,temp/queries/bc/bc521661629d47af928599b85e5dcf9a/bc521661629d47af928599b85e5dcf9a.mgf,1,291,1122850
Ibuprofen_cadaverine,mzspec:GNPS:MULTIPLEX-SYNTHESIS-LIBRARY-ALL-PARTITION-6:accession:CCMSLIB00016273697,0.0,mzspec:MSV000094559:updates/2025-03-18_apatan_fc71856c/raw/03152025_jhonsnow/mzML/Hu_1209.mzML:scan:1502,1,0.93,5,0,MSV000094559,NoID,temp/queries/bc/bc521661629d47af928599b85e5dcf9a/bc521661629d47af928599b85e5dcf9a.mgf,1,291,1124404
Ibuprofen_cadaverine,mzspec:GNPS:MULTIPLEX-SYNTHESIS-LIBRARY-ALL-PARTITION-6:accession:CCMSLIB00016273697,0.0,mzspec:MSV000094559:updates/2025-03-18_apatan_fc71856c/raw/03152025_jhonsnow/mzML/Hu_1338.mzML:scan:2256,1,0.93,5,0,MSV000094559,NoID,temp/queries/bc/bc521661629d47af928599b85e5dcf9a/bc521661629d47af928599b85e5dcf9a.mgf,1,291,1125081
Ibuprofen_cadaverine,mzspec:GNPS:MULTIPLEX-SYNTHESIS-LIBRARY-ALL-PARTITION-6:accession:CCMSLIB00016273697,-0.0,mzspec:MSV000094559:updates/2024-12-18_apatan_535e183c/raw/12042024/mzML/AP_2100.mzML:scan:1318,1,0.93,5,0,MSV000094559,NoID,temp/queries/bc/bc521661629d47af928599b85e5dcf9a/bc521661629d47af928599b85e5dcf9a.mgf,1,291,1126325
Ibuprofen_cadaverine,mzspec:GNPS:MULTIPLEX-SYNTHESIS-LIBRARY-ALL-PARTITION-6:accession:CCMSLIB00016273697,0.0,mzspec:MSV000094559:updates/2025-03-18_apatan_fc71856c/raw/03152025_jhonsnow/mzML/Hu_1330.mzML:scan:2266,1,0.93,5,0,MSV000094559,NoID,temp/queries/bc/bc521661629d47af928599b85e5dcf9a/bc521661629d47af928599b85e5dcf9a.mgf,1,291,1126331
Ibuprofen_cadaverine,mzspec:GNPS:MULTIPLEX-SYNTHESIS-LIBRARY-ALL-PARTITION-6:accession:CCMSLIB00016273697,0.0,mzspec:MSV000094559:updates/2025-03-18_apatan_fc71856c/raw/03152025_jhonsnow/mzML/Hu_1257.mzML:scan:2226,1,0.93,5,0,MSV000094559,NoID,temp/queries/bc/bc521661629d47af928599b85e5dcf9a/bc521661629d47af928599b85e5dcf9a.mgf,1,291,1126473
Ibuprofen_cadaverine,mzspec:GNPS:MULTIPLEX-SYNTHESIS-LIBRARY-ALL-PARTITION-6:accession:CCMSLIB00016273697,0.0,mzspec:MSV000094559:updates/2025-03-18_apatan_fc71856c/raw/03152025_jhonsnow/mzML/Hu_1246.mzML:scan:1465,1,0.93,5,0,MSV000094559,NoID,temp/queries/bc/bc521661629d47af928599b85e5dcf9a/bc521661629d47af928599b85e5dcf9a.mgf,1,291,1123944
Ibuprofen_cadaverine,mzspec:GNPS:MULTIPLEX-SYNTHESIS-LIBRARY-ALL-PARTITION-6:accession:CCMSLIB00016273697,0.0,mzspec:MSV000094559:updates/2024-12-18_apatan_535e183c/raw/12042024/mzML/AP_2065.mzML:scan:1506,1,0.93,5,0,MSV000094559,NoID,temp/queries/bc/bc521661629d47af928599b85e5dcf9a/bc521661629d47af928599b85e5dcf9a.mgf,1,291,1125957
Ibuprofen_cadaverine,mzspec:GNPS:MULTIPLEX-SYNTHESIS-LIBRARY-ALL-PARTITION-6:accession:CCMSLIB00016273697,0.0,mzspec:MSV000094559:updates/2025-03-18_apatan_fc71856c/raw/03152025_jhonsnow/mzML/Hu_1316.mzML:scan:1447,1,0.93,5,0,MSV000094559,NoID,temp/queries/bc/bc521661629d47af928599b85e5dcf9a/bc521661629d47af928599b85e5dcf9a.mgf,1,291,1125478
Ibuprofen_cadaverine,mzspec:GNPS:MULTIPLEX-SYNTHESIS-LIBRARY-ALL-PARTITION-6:accession:CCMSLIB00016273697,0.0,mzspec:MSV000094559:updates/2025-03-18_apatan_fc71856c/raw/03152025_jhonsnow/mzML/Hu_1226.mzML:scan:1509,1,0.93,5,0,MSV000094559,NoID,temp/queries/bc/bc521661629d47af928599b85e5dcf9a/bc521661629d47af928599b85e5dcf9a.mgf,1,291,1122806
Ibuprofen_cadaverine,mzspec:GNPS:MULTIPLEX-SYNTHESIS-LIBRARY-ALL-PARTITION-6:accession:CCMSLIB00016273697,0.0,mzspec:MSV000094559:updates/2025-03-18_apatan_fc71856c/raw/03152025_jhonsnow/mzML/Hu_1349.mzML:scan:1499,1,0.93,5,0,MSV000094559,NoID,temp/queries/bc/bc521661629d47af928599b85e5dcf9a/bc521661629d47af928599b85e5dcf9a.mgf,1,291,1125700
Ibuprofen_cadaverine,mzspec:GNPS:MULTIPLEX-SYNTHESIS-LIBRARY-ALL-PARTITION-6:accession:CCMSLIB00016273697,0.0,mzspec:MSV000094559:updates/2025-03-18_apatan_fc71856c/raw/03152025_jhonsnow/mzML/Hu_1212.mzML:scan:2431,1,0.93,5,0,MSV000094559,NoID,temp/queries/bc/bc521661629d47af928599b85e5dcf9a/bc521661629d47af928599b85e5dcf9a.mgf,1,291,1126312
Ibuprofen_cadaverine,mzspec:GNPS:MULTIPLEX-SYNTHESIS-LIBRARY-ALL-PARTITION-6:accession:CCMSLIB00016273697,0.0,mzspec:MSV000094559:updates/2025-03-18_apatan_fc71856c/raw/03152025_jhonsnow/mzML/Hu_1224.mzML:scan:2742,1,0.93,5,0,MSV000094559,NoID,temp/queries/bc/bc521661629d47af928599b85e5dcf9a/bc521661629d47af928599b85e5dcf9a.mgf,1,291,1122836
Ibuprofen_cadaverine,mzspec:GNPS:MULTIPLEX-SYNTHESIS-LIBRARY-ALL-PARTITION-6:accession:CCMSLIB00016273697,0.0,mzspec:MSV000094559:updates/2025-03-18_apatan_fc71856c/raw/03152025_jhonsnow/mzML/Hu_1332.mzML:scan:1504,1,0.93,5,0,MSV000094559,NoID,temp/queries/bc/bc521661629d47af928599b85e5dcf9a/bc521661629d47af928599b85e5dcf9a.mgf,1,291,1122536
Ibuprofen_cadaverine,mzspec:GNPS:MULTIPLEX-SYNTHESIS-LIBRARY-ALL-PARTITION-6:accession:CCMSLIB00016273697,0.0,mzspec:MSV000094559:updates/2025-03-18_apatan_fc71856c/raw/03152025_jhonsnow/mzML/Hu_1172.mzML:scan:1681,1,0.93,5,0,MSV000094559,NoID,temp/queries/bc/bc521661629d47af928599b85e5dcf9a/bc521661629d47af928599b85e5dcf9a.mgf,1,291,1123779
Ibuprofen_cadaverine,mzspec:GNPS:MULTIPLEX-SYNTHESIS-LIBRARY-ALL-PARTITION-6:accession:CCMSLIB00016273697,0.0,mzspec:MSV000094559:updates/2025-03-18_apatan_fc71856c/raw/03152025_jhonsnow/mzML/Hu_1249.mzML:scan:1476,1,0.93,5,0,MSV000094559,NoID,temp/queries/bc/bc521661629d47af928599b85e5dcf9a/bc521661629d47af928599b85e5dcf9a.mgf,1,291,1122993
Ibuprofen_cadaverine,mzspec:GNPS:MULTIPLEX-SYNTHESIS-LIBRARY-ALL-PARTITION-6:accession:CCMSLIB00016273697,0.0,mzspec:MSV000094559:updates/2025-03-18_apatan_fc71856c/raw/03152025_jhonsnow/mzML/Hu_1247.mzML:scan:1477,1,0.93,5,0,MSV000094559,NoID,temp/queries/bc/bc521661629d47af928599b85e5dcf9a/bc521661629d47af928599b85e5dcf9a.mgf,1,291,1123159
Ibuprofen_cadaverine,mzspec:GNPS:MULTIPLEX-SYNTHESIS-LIBRARY-ALL-PARTITION-6:accession:CCMSLIB00016273697,0.0,mzspec:MSV000094559:updates/2025-03-18_apatan_fc71856c/raw/03152025_jhonsnow/mzML/Hu_1215.mzML:scan:1532,1,0.93,5,0,MSV000094559,NoID,temp/queries/bc/bc521661629d47af928599b85e5dcf9a/bc521661629d47af928599b85e5dcf9a.mgf,1,291,1123192
Ibuprofen_cadaverine,mzspec:GNPS:MULTIPLEX-SYNTHESIS-LIBRARY-ALL-PARTITION-6:accession:CCMSLIB00016273697,0.0,mzspec:MSV000094559:updates/2025-03-18_apatan_fc71856c/raw/03152025_jhonsnow/mzML/Hu_1204.mzML:scan:1491,1,0.93,5,0,MSV000094559,NoID,temp/queries/bc/bc521661629d47af928599b85e5dcf9a/bc521661629d47af928599b85e5dcf9a.mgf,1,291,1122902
Ibuprofen_cadaverine,mzspec:GNPS:MULTIPLEX-SYNTHESIS-LIBRARY-ALL-PARTITION-6:accession:CCMSLIB00016273697,0.0,mzspec:MSV000094559:updates/2024-12-18_apatan_535e183c/raw/12042024/mzML/AP_2143.mzML:scan:1297,1,0.93,5,0,MSV000094559,NoID,temp/queries/bc/bc521661629d47af928599b85e5dcf9a/bc521661629d47af928599b85e5dcf9a.mgf,1,291,1122973
Ibuprofen_cadaverine,mzspec:GNPS:MULTIPLEX-SYNTHESIS-LIBRARY-ALL-PARTITION-6:accession:CCMSLIB00016273697,0.0,mzspec:MSV000094559:updates/2025-03-18_apatan_fc71856c/raw/03152025_jhonsnow/mzML/Hu_1208.mzML:scan:2034,1,0.93,5,0,MSV000094559,NoID,temp/queries/bc/bc521661629d47af928599b85e5dcf9a/bc521661629d47af928599b85e5dcf9a.mgf,1,291,1122906
Ibuprofen_cadaverine,mzspec:GNPS:MULTIPLEX-SYNTHESIS-LIBRARY-ALL-PARTITION-6:accession:CCMSLIB00016273697,0.0,mzspec:MSV000094559:updates/2024-12-18_apatan_535e183c/raw/12042024/mzML/AP_2140.mzML:scan:1310,1,0.92,5,0,MSV000094559,NoID,temp/queries/bc/bc521661629d47af928599b85e5dcf9a/bc521661629d47af928599b85e5dcf9a.mgf,1,291,1124785
Ibuprofen_cadaverine,mzspec:GNPS:MULTIPLEX-SYNTHESIS-LIBRARY-ALL-PARTITION-6:accession:CCMSLIB00016273697,0.0,mzspec:MSV000094559:updates/2025-03-18_apatan_fc71856c/raw/03152025_jhonsnow/mzML/Hu_1201.mzML:scan:1497,1,0.92,5,0,MSV000094559,NoID,temp/queries/bc/bc521661629d47af928599b85e5dcf9a/bc521661629d47af928599b85e5dcf9a.mgf,1,291,1123526
Ibuprofen_cadaverine,mzspec:GNPS:MULTIPLEX-SYNTHESIS-LIBRARY-ALL-PARTITION-6:accession:CCMSLIB00016273697,0.0,mzspec:MSV000094559:updates/2025-03-18_apatan_fc71856c/raw/03152025_jhonsnow/mzML/Hu_1335.mzML:scan:1501,1,0.92,5,0,MSV000094559,NoID,temp/queries/bc/bc521661629d47af928599b85e5dcf9a/bc521661629d47af928599b85e5dcf9a.mgf,1,291,1125985
Ibuprofen_cadaverine,mzspec:GNPS:MULTIPLEX-SYNTHESIS-LIBRARY-ALL-PARTITION-6:accession:CCMSLIB00016273697,0.0,mzspec:MSV000094559:updates/2025-03-18_apatan_fc71856c/raw/03152025_jhonsnow/mzML/Hu_1334.mzML:scan:1496,1,0.92,5,0,MSV000094559,NoID,temp/queries/bc/bc521661629d47af928599b85e5dcf9a/bc521661629d47af928599b85e5dcf9a.mgf,1,291,1125797
Ibuprofen_cadaverine,mzspec:GNPS:MULTIPLEX-SYNTHESIS-LIBRARY-ALL-PARTITION-6:accession:CCMSLIB00016273697,0.0,mzspec:MSV000094559:updates/2025-03-18_apatan_fc71856c/raw/03152025_jhonsnow/mzML/Hu_1256.mzML:scan:1460,1,0.92,5,0,MSV000094559,NoID,temp/queries/bc/bc521661629d47af928599b85e5dcf9a/bc521661629d47af928599b85e5dcf9a.mgf,1,291,1125794
Ibuprofen_cadaverine,mzspec:GNPS:MULTIPLEX-SYNTHESIS-LIBRARY-ALL-PARTITION-6:accession:CCMSLIB00016273697,-0.0,mzspec:MSV000094559:updates/2024-12-18_apatan_535e183c/raw/12042024/mzML/AP_2095.mzML:scan:1259,1,0.92,5,0,MSV000094559,NoID,temp/queries/bc/bc521661629d47af928599b85e5dcf9a/bc521661629d47af928599b85e5dcf9a.mgf,1,291,1125691
Ibuprofen_cadaverine,mzspec:GNPS:MULTIPLEX-SYNTHESIS-LIBRARY-ALL-PARTITION-6:accession:CCMSLIB00016273697,0.0,mzspec:MSV000094559:updates/2025-03-18_apatan_fc71856c/raw/03152025_jhonsnow/mzML/Hu_1250.mzML:scan:1472,1,0.92,5,0,MSV000094559,NoID,temp/queries/bc/bc521661629d47af928599b85e5dcf9a/bc521661629d47af928599b85e5dcf9a.mgf,1,291,1125301
Ibuprofen_cadaverine,mzspec:GNPS:MULTIPLEX-SYNTHESIS-LIBRARY-ALL-PARTITION-6:accession:CCMSLIB00016273697,0.0,mzspec:MSV000094559:updates/2025-03-18_apatan_fc71856c/raw/03152025_jhonsnow/mzML/Hu_1252.mzML:scan:1484,1,0.92,5,0,MSV000094559,NoID,temp/queries/bc/bc521661629d47af928599b85e5dcf9a/bc521661629d47af928599b85e5dcf9a.mgf,1,291,1125388
Ibuprofen_cadaverine,mzspec:GNPS:MULTIPLEX-SYNTHESIS-LIBRARY-ALL-PARTITION-6:accession:CCMSLIB00016273697,0.0,mzspec:MSV000094559:updates/2025-03-18_apatan_fc71856c/raw/03152025_jhonsnow/mzML/Hu_1313.mzML:scan:1628,1,0.92,5,0,MSV000094559,NoID,temp/queries/bc/bc521661629d47af928599b85e5dcf9a/bc521661629d47af928599b85e5dcf9a.mgf,1,291,1125417
Ibuprofen_cadaverine,mzspec:GNPS:MULTIPLEX-SYNTHESIS-LIBRARY-ALL-PARTITION-6:accession:CCMSLIB00016273697,0.0,mzspec:MSV000094559:updates/2025-03-18_apatan_fc71856c/raw/03152025_jhonsnow/mzML/Hu_1315.mzML:scan:2236,1,0.92,6,0,MSV000094559,NoID,temp/queries/bc/bc521661629d47af928599b85e5dcf9a/bc521661629d47af928599b85e5dcf9a.mgf,1,291,1125435
Ibuprofen_cadaverine,mzspec:GNPS:MULTIPLEX-SYNTHESIS-LIBRARY-ALL-PARTITION-6:accession:CCMSLIB00016273697,0.0,mzspec:MSV000094559:updates/2024-12-18_apatan_535e183c/raw/12042024/mzML/AP_2102.mzML:scan:1266,1,0.92,5,0,MSV000094559,NoID,temp/queries/bc/bc521661629d47af928599b85e5dcf9a/bc521661629d47af928599b85e5dcf9a.mgf,1,291,1125186
Ibuprofen_cadaverine,mzspec:GNPS:MULTIPLEX-SYNTHESIS-LIBRARY-ALL-PARTITION-6:accession:CCMSLIB00016273697,0.0,mzspec:MSV000094559:updates/2025-03-18_apatan_fc71856c/raw/03152025_jhonsnow/mzML/Hu_1251.mzML:scan:1467,1,0.92,5,0,MSV000094559,NoID,temp/queries/bc/bc521661629d47af928599b85e5dcf9a/bc521661629d47af928599b85e5dcf9a.mgf,1,291,1125255
Ibuprofen_cadaverine,mzspec:GNPS:MULTIPLEX-SYNTHESIS-LIBRARY-ALL-PARTITION-6:accession:CCMSLIB00016273697,0.0,mzspec:MSV000094559:updates/2025-03-18_apatan_fc71856c/raw/03152025_jhonsnow/mzML/Hu_1338.mzML:scan:1487,1,0.92,5,0,MSV000094559,NoID,temp/queries/bc/bc521661629d47af928599b85e5dcf9a/bc521661629d47af928599b85e5dcf9a.mgf,1,291,1125080
Ibuprofen_cadaverine,mzspec:GNPS:MULTIPLEX-SYNTHESIS-LIBRARY-ALL-PARTITION-6:accession:CCMSLIB00016273697,0.0,mzspec:MSV000094559:updates/2025-03-18_apatan_fc71856c/raw/03152025_jhonsnow/mzML/Hu_1333.mzML:scan:1497,1,0.92,5,0,MSV000094559,NoID,temp/queries/bc/bc521661629d47af928599b85e5dcf9a/bc521661629d47af928599b85e5dcf9a.mgf,1,291,1124531
Ibuprofen_cadaverine,mzspec:GNPS:MULTIPLEX-SYNTHESIS-LIBRARY-ALL-PARTITION-6:accession:CCMSLIB00016273697,0.0,mzspec:MSV000094559:updates/2025-03-18_apatan_fc71856c/raw/03152025_jhonsnow/mzML/Hu_1212.mzML:scan:1759,1,0.92,5,0,MSV000094559,NoID,temp/queries/bc/bc521661629d47af928599b85e5dcf9a/bc521661629d47af928599b85e5dcf9a.mgf,1,291,1126311
Ibuprofen_cadaverine,mzspec:GNPS:MULTIPLEX-SYNTHESIS-LIBRARY-ALL-PARTITION-6:accession:CCMSLIB00016273697,0.0,mzspec:MSV000094559:updates/2025-03-18_apatan_fc71856c/raw/03152025_jhonsnow/mzML/Hu_1330.mzML:scan:1492,1,0.92,5,0,MSV000094559,NoID,temp/queries/bc/bc521661629d47af928599b85e5dcf9a/bc521661629d47af928599b85e5dcf9a.mgf,1,291,1126330
Ibuprofen_cadaverine,mzspec:GNPS:MULTIPLEX-SYNTHESIS-LIBRARY-ALL-PARTITION-6:accession:CCMSLIB00016273697,0.0,mzspec:MSV000094559:updates/2025-03-18_apatan_fc71856c/raw/03152025_jhonsnow/mzML/Hu_1161.mzML:scan:1484,1,0.92,5,0,MSV000094559,NoID,temp/queries/bc/bc521661629d47af928599b85e5dcf9a/bc521661629d47af928599b85e5dcf9a.mgf,1,291,1126399
Ibuprofen_cadaverine,mzspec:GNPS:MULTIPLEX-SYNTHESIS-LIBRARY-ALL-PARTITION-6:accession:CCMSLIB00016273697,-0.0,mzspec:MSV000094559:updates/2024-12-18_apatan_535e183c/raw/12042024/mzML/AP_2098.mzML:scan:1271,1,0.92,5,0,MSV000094559,NoID,temp/queries/bc/bc521661629d47af928599b85e5dcf9a/bc521661629d47af928599b85e5dcf9a.mgf,1,291,1125034
Ibuprofen_cadaverine,mzspec:GNPS:MULTIPLEX-SYNTHESIS-LIBRARY-ALL-PARTITION-6:accession:CCMSLIB00016273697,0.0,mzspec:MSV000094559:updates/2025-03-18_apatan_fc71856c/raw/03152025_jhonsnow/mzML/Hu_1171.mzML:scan:1481,1,0.92,5,0,MSV000094559,NoID,temp/queries/bc/bc521661629d47af928599b85e5dcf9a/bc521661629d47af928599b85e5dcf9a.mgf,1,291,1124243
Ibuprofen_cadaverine,mzspec:GNPS:MULTIPLEX-SYNTHESIS-LIBRARY-ALL-PARTITION-6:accession:CCMSLIB00016273697,0.0,mzspec:MSV000094559:updates/2024-12-18_apatan_535e183c/raw/12042024/mzML/AP_2017.mzML:scan:1955,1,0.92,5,0,MSV000094559,NoID,temp/queries/bc/bc521661629d47af928599b85e5dcf9a/bc521661629d47af928599b85e5dcf9a.mgf,1,291,1124120
Ibuprofen_cadaverine,mzspec:GNPS:MULTIPLEX-SYNTHESIS-LIBRARY-ALL-PARTITION-6:accession:CCMSLIB00016273697,0.0,mzspec:MSV000094559:updates/2024-12-18_apatan_535e183c/raw/12042024/mzML/AP_2017.mzML:scan:1229,1,0.92,5,0,MSV000094559,NoID,temp/queries/bc/bc521661629d47af928599b85e5dcf9a/bc521661629d47af928599b85e5dcf9a.mgf,1,291,1124112
Ibuprofen_cadaverine,mzspec:GNPS:MULTIPLEX-SYNTHESIS-LIBRARY-ALL-PARTITION-6:accession:CCMSLIB00016273697,0.0,mzspec:MSV000094559:updates/2025-03-18_apatan_fc71856c/raw/03152025_jhonsnow/mzML/Hu_1207.mzML:scan:2026,1,0.92,5,0,MSV000094559,NoID,temp/queries/bc/bc521661629d47af928599b85e5dcf9a/bc521661629d47af928599b85e5dcf9a.mgf,1,291,1124049
Ibuprofen_cadaverine,mzspec:GNPS:MULTIPLEX-SYNTHESIS-LIBRARY-ALL-PARTITION-6:accession:CCMSLIB00016273697,-0.0,mzspec:MSV000094559:updates/2024-12-18_apatan_535e183c/raw/12042024/mzML/AP_2092.mzML:scan:1290,1,0.92,5,0,MSV000094559,NoID,temp/queries/bc/bc521661629d47af928599b85e5dcf9a/bc521661629d47af928599b85e5dcf9a.mgf,1,291,1123973
Ibuprofen_cadaverine,mzspec:GNPS:MULTIPLEX-SYNTHESIS-LIBRARY-ALL-PARTITION-6:accession:CCMSLIB00016273697,0.0,mzspec:MSV000094559:updates/2025-03-18_apatan_fc71856c/raw/03152025_jhonsnow/mzML/Hu_1348.mzML:scan:2253,1,0.92,5,0,MSV000094559,NoID,temp/queries/bc/bc521661629d47af928599b85e5dcf9a/bc521661629d47af928599b85e5dcf9a.mgf,1,291,1124453
Ibuprofen_cadaverine,mzspec:GNPS:MULTIPLEX-SYNTHESIS-LIBRARY-ALL-PARTITION-6:accession:CCMSLIB00016273697,0.0,mzspec:MSV000094559:updates/2025-03-18_apatan_fc71856c/raw/03152025_jhonsnow/mzML/Hu_1348.mzML:scan:1479,1,0.92,5,0,MSV000094559,NoID,temp/queries/bc/bc521661629d47af928599b85e5dcf9a/bc521661629d47af928599b85e5dcf9a.mgf,1,291,1124452
Ibuprofen_cadaverine,mzspec:GNPS:MULTIPLEX-SYNTHESIS-LIBRARY-ALL-PARTITION-6:accession:CCMSLIB00016273697,0.0,mzspec:MSV000094559:updates/2024-12-18_apatan_535e183c/raw/12042024/mzML/AP_2097.mzML:scan:1275,1,0.92,5,0,MSV000094559,NoID,temp/queries/bc/bc521661629d47af928599b85e5dcf9a/bc521661629d47af928599b85e5dcf9a.mgf,1,291,1124411
Ibuprofen_cadaverine,mzspec:GNPS:MULTIPLEX-SYNTHESIS-LIBRARY-ALL-PARTITION-6:accession:CCMSLIB00016273697,0.0,mzspec:MSV000094559:updates/2025-03-18_apatan_fc71856c/raw/03152025_jhonsnow/mzML/Hu_1223.mzML:scan:3178,1,0.92,6,0,MSV000094559,NoID,temp/queries/bc/bc521661629d47af928599b85e5dcf9a/bc521661629d47af928599b85e5dcf9a.mgf,1,291,1126220
Ibuprofen_cadaverine,mzspec:GNPS:MULTIPLEX-SYNTHESIS-LIBRARY-ALL-PARTITION-6:accession:CCMSLIB00016273697,0.0,mzspec:MSV000094559:updates/2025-03-18_apatan_fc71856c/raw/03152025_jhonsnow/mzML/Hu_1257.mzML:scan:2863,1,0.92,5,0,MSV000094559,NoID,temp/queries/bc/bc521661629d47af928599b85e5dcf9a/bc521661629d47af928599b85e5dcf9a.mgf,1,291,1126474
Ibuprofen_cadaverine,mzspec:GNPS:MULTIPLEX-SYNTHESIS-LIBRARY-ALL-PARTITION-6:accession:CCMSLIB00016273697,0.0,mzspec:MSV000094559:updates/2024-12-18_apatan_535e183c/raw/12042024/mzML/AP_2142.mzML:scan:1303,1,0.92,5,0,MSV000094559,NoID,temp/queries/bc/bc521661629d47af928599b85e5dcf9a/bc521661629d47af928599b85e5dcf9a.mgf,1,291,1123605
Ibuprofen_cadaverine,mzspec:GNPS:MULTIPLEX-SYNTHESIS-LIBRARY-ALL-PARTITION-6:accession:CCMSLIB00016273697,0.0,mzspec:MSV000094559:updates/2025-03-18_apatan_fc71856c/raw/03152025_jhonsnow/mzML/Hu_1200.mzML:scan:1511,1,0.92,5,0,MSV000094559,NoID,temp/queries/bc/bc521661629d47af928599b85e5dcf9a/bc521661629d47af928599b85e5dcf9a.mgf,1,291,1123601
Ibuprofen_cadaverine,mzspec:GNPS:MULTIPLEX-SYNTHESIS-LIBRARY-ALL-PARTITION-6:accession:CCMSLIB00016273697,0.0,mzspec:MSV000094559:updates/2025-03-18_apatan_fc71856c/raw/03152025_jhonsnow/mzML/Hu_1337.mzML:scan:1512,1,0.92,5,0,MSV000094559,NoID,temp/queries/bc/bc521661629d47af928599b85e5dcf9a/bc521661629d47af928599b85e5dcf9a.mgf,1,291,1123416
Ibuprofen_cadaverine,mzspec:GNPS:MULTIPLEX-SYNTHESIS-LIBRARY-ALL-PARTITION-6:accession:CCMSLIB00016273697,0.0,mzspec:MSV000094559:updates/2025-03-18_apatan_fc71856c/raw/03152025_jhonsnow/mzML/Hu_1209.mzML:scan:2277,1,0.92,5,0,MSV000094559,NoID,temp/queries/bc/bc521661629d47af928599b85e5dcf9a/bc521661629d47af928599b85e5dcf9a.mgf,1,291,1124405
Ibuprofen_cadaverine,mzspec:GNPS:MULTIPLEX-SYNTHESIS-LIBRARY-ALL-PARTITION-6:accession:CCMSLIB00016273697,0.0,mzspec:MSV000094559:updates/2025-03-18_apatan_fc71856c/raw/03152025_jhonsnow/mzML/Hu_1214.mzML:scan:2417,1,0.92,5,0,MSV000094559,NoID,temp/queries/bc/bc521661629d47af928599b85e5dcf9a/bc521661629d47af928599b85e5dcf9a.mgf,1,291,1125201
Ibuprofen_cadaverine,mzspec:GNPS:MULTIPLEX-SYNTHESIS-LIBRARY-ALL-PARTITION-6:accession:CCMSLIB00016273697,0.0,mzspec:MSV000094559:updates/2025-03-18_apatan_fc71856c/raw/03152025_jhonsnow/mzML/Hu_1250.mzML:scan:2264,1,0.92,5,0,MSV000094559,NoID,temp/queries/bc/bc521661629d47af928599b85e5dcf9a/bc521661629d47af928599b85e5dcf9a.mgf,1,291,1125302
Ibuprofen_cadaverine,mzspec:GNPS:MULTIPLEX-SYNTHESIS-LIBRARY-ALL-PARTITION-6:accession:CCMSLIB00016273697,0.0,mzspec:MSV000094559:updates/2025-03-18_apatan_fc71856c/raw/03152025_jhonsnow/mzML/Hu_1249.mzML:scan:2262,1,0.92,6,0,MSV000094559,NoID,temp/queries/bc/bc521661629d47af928599b85e5dcf9a/bc521661629d47af928599b85e5dcf9a.mgf,1,291,1122994
Ibuprofen_cadaverine,mzspec:GNPS:MULTIPLEX-SYNTHESIS-LIBRARY-ALL-PARTITION-6:accession:CCMSLIB00016273697,0.0,mzspec:MSV000094559:updates/2025-03-18_apatan_fc71856c/raw/03152025_jhonsnow/mzML/Hu_1162.mzML:scan:1498,1,0.92,5,0,MSV000094559,NoID,temp/queries/bc/bc521661629d47af928599b85e5dcf9a/bc521661629d47af928599b85e5dcf9a.mgf,1,291,1123014
Ibuprofen_cadaverine,mzspec:GNPS:MULTIPLEX-SYNTHESIS-LIBRARY-ALL-PARTITION-6:accession:CCMSLIB00016273697,0.0,mzspec:MSV000094559:updates/2025-03-18_apatan_fc71856c/raw/03152025_jhonsnow/mzML/Hu_1243.mzML:scan:1471,1,0.92,5,0,MSV000094559,NoID,temp/queries/bc/bc521661629d47af928599b85e5dcf9a/bc521661629d47af928599b85e5dcf9a.mgf,1,291,1122458
Ibuprofen_cadaverine,mzspec:GNPS:MULTIPLEX-SYNTHESIS-LIBRARY-ALL-PARTITION-6:accession:CCMSLIB00016273697,0.0,mzspec:MSV000094559:updates/2025-03-18_apatan_fc71856c/raw/03152025_jhonsnow/mzML/Hu_1345.mzML:scan:2276,1,0.92,5,0,MSV000094559,NoID,temp/queries/bc/bc521661629d47af928599b85e5dcf9a/bc521661629d47af928599b85e5dcf9a.mgf,1,291,1122335
Ibuprofen_cadaverine,mzspec:GNPS:MULTIPLEX-SYNTHESIS-LIBRARY-ALL-PARTITION-6:accession:CCMSLIB00016273697,0.0,mzspec:MSV000094559:updates/2025-03-18_apatan_fc71856c/raw/03152025_jhonsnow/mzML/Hu_1346.mzML:scan:1461,1,0.92,5,0,MSV000094559,NoID,temp/queries/bc/bc521661629d47af928599b85e5dcf9a/bc521661629d47af928599b85e5dcf9a.mgf,1,291,1122315
Ibuprofen_cadaverine,mzspec:GNPS:MULTIPLEX-SYNTHESIS-LIBRARY-ALL-PARTITION-6:accession:CCMSLIB00016273697,0.0,mzspec:MSV000094559:updates/2024-12-18_apatan_535e183c/raw/12042024/mzML/AP_2017.mzML:scan:1424,1,0.92,5,0,MSV000094559,NoID,temp/queries/bc/bc521661629d47af928599b85e5dcf9a/bc521661629d47af928599b85e5dcf9a.mgf,1,291,1124118
Ibuprofen_cadaverine,mzspec:GNPS:MULTIPLEX-SYNTHESIS-LIBRARY-ALL-PARTITION-6:accession:CCMSLIB00016273697,-0.0,mzspec:MSV000094559:updates/2024-12-18_apatan_535e183c/raw/12042024/mzML/AP_2096.mzML:scan:1273,1,0.92,5,0,MSV000094559,NoID,temp/queries/bc/bc521661629d47af928599b85e5dcf9a/bc521661629d47af928599b85e5dcf9a.mgf,1,291,1124543
Ibuprofen_cadaverine,mzspec:GNPS:MULTIPLEX-SYNTHESIS-LIBRARY-ALL-PARTITION-6:accession:CCMSLIB00016273697,0.0,mzspec:MSV000094559:updates/2025-03-18_apatan_fc71856c/raw/03152025_jhonsnow/mzML/Hu_1211.mzML:scan:2302,1,0.92,5,0,MSV000094559,NoID,temp/queries/bc/bc521661629d47af928599b85e5dcf9a/bc521661629d47af928599b85e5dcf9a.mgf,1,291,1122755
Ibuprofen_cadaverine,mzspec:GNPS:MULTIPLEX-SYNTHESIS-LIBRARY-ALL-PARTITION-6:accession:CCMSLIB00016273697,0.0,mzspec:MSV000094559:updates/2024-12-18_apatan_535e183c/raw/12042024/mzML/AP_2093.mzML:scan:1281,1,0.92,5,0,MSV000094559,NoID,temp/queries/bc/bc521661629d47af928599b85e5dcf9a/bc521661629d47af928599b85e5dcf9a.mgf,1,291,1126186
Ibuprofen_cadaverine,mzspec:GNPS:MULTIPLEX-SYNTHESIS-LIBRARY-ALL-PARTITION-6:accession:CCMSLIB00016273697,0.0,mzspec:MSV000094559:updates/2025-03-18_apatan_fc71856c/raw/03152025_jhonsnow/mzML/Hu_1335.mzML:scan:2276,1,0.92,5,0,MSV000094559,NoID,temp/queries/bc/bc521661629d47af928599b85e5dcf9a/bc521661629d47af928599b85e5dcf9a.mgf,1,291,1125986
Ibuprofen_cadaverine,mzspec:GNPS:MULTIPLEX-SYNTHESIS-LIBRARY-ALL-PARTITION-6:accession:CCMSLIB00016273697,0.0,mzspec:MSV000094559:updates/2025-03-18_apatan_fc71856c/raw/03152025_jhonsnow/mzML/Hu_1319.mzML:scan:2217,1,0.92,5,0,MSV000094559,NoID,temp/queries/bc/bc521661629d47af928599b85e5dcf9a/bc521661629d47af928599b85e5dcf9a.mgf,1,291,1122310
Ibuprofen_cadaverine,mzspec:GNPS:MULTIPLEX-SYNTHESIS-LIBRARY-ALL-PARTITION-6:accession:CCMSLIB00016273697,0.0,mzspec:MSV000094559:updates/2024-12-18_apatan_535e183c/raw/12042024/mzML/AP_2141.mzML:scan:1296,1,0.92,5,0,MSV000094559,NoID,temp/queries/bc/bc521661629d47af928599b85e5dcf9a/bc521661629d47af928599b85e5dcf9a.mgf,1,291,1126159
Ibuprofen_cadaverine,mzspec:GNPS:MULTIPLEX-SYNTHESIS-LIBRARY-ALL-PARTITION-6:accession:CCMSLIB00016273697,0.0,mzspec:MSV000094559:updates/2025-03-18_apatan_fc71856c/raw/03152025_jhonsnow/mzML/Hu_1198.mzML:scan:2226,1,0.92,5,0,MSV000094559,NoID,temp/queries/bc/bc521661629d47af928599b85e5dcf9a/bc521661629d47af928599b85e5dcf9a.mgf,1,291,1122672
Ibuprofen_cadaverine,mzspec:GNPS:MULTIPLEX-SYNTHESIS-LIBRARY-ALL-PARTITION-6:accession:CCMSLIB00016273697,0.0,mzspec:MSV000094559:updates/2025-03-18_apatan_fc71856c/raw/03152025_jhonsnow/mzML/Hu_1243.mzML:scan:2245,1,0.92,5,0,MSV000094559,NoID,temp/queries/bc/bc521661629d47af928599b85e5dcf9a/bc521661629d47af928599b85e5dcf9a.mgf,1,291,1122459
Ibuprofen_cadaverine,mzspec:GNPS:MULTIPLEX-SYNTHESIS-LIBRARY-ALL-PARTITION-6:accession:CCMSLIB00016273697,0.0,mzspec:MSV000094559:updates/2025-03-18_apatan_fc71856c/raw/03152025_jhonsnow/mzML/Hu_1245.mzML:scan:2268,1,0.92,6,0,MSV000094559,NoID,temp/queries/bc/bc521661629d47af928599b85e5dcf9a/bc521661629d47af928599b85e5dcf9a.mgf,1,291,1122358
Ibuprofen_cadaverine,mzspec:GNPS:MULTIPLEX-SYNTHESIS-LIBRARY-ALL-PARTITION-6:accession:CCMSLIB00016273697,0.0,mzspec:MSV000094559:updates/2025-03-18_apatan_fc71856c/raw/03152025_jhonsnow/mzML/Hu_1254.mzML:scan:2307,1,0.92,5,0,MSV000094559,NoID,temp/queries/bc/bc521661629d47af928599b85e5dcf9a/bc521661629d47af928599b85e5dcf9a.mgf,1,291,1123241
Ibuprofen_cadaverine,mzspec:GNPS:MULTIPLEX-SYNTHESIS-LIBRARY-ALL-PARTITION-6:accession:CCMSLIB00016273697,0.0,mzspec:MSV000094559:updates/2025-03-18_apatan_fc71856c/raw/03152025_jhonsnow/mzML/Hu_1201.mzML:scan:2289,1,0.92,5,0,MSV000094559,NoID,temp/queries/bc/bc521661629d47af928599b85e5dcf9a/bc521661629d47af928599b85e5dcf9a.mgf,1,291,1123527
Ibuprofen_cadaverine,mzspec:GNPS:MULTIPLEX-SYNTHESIS-LIBRARY-ALL-PARTITION-6:accession:CCMSLIB00016273697,0.0,mzspec:MSV000094559:updates/2025-03-18_apatan_fc71856c/raw/03152025_jhonsnow/mzML/Hu_1248.mzML:scan:2261,1,0.92,5,0,MSV000094559,NoID,temp/queries/bc/bc521661629d47af928599b85e5dcf9a/bc521661629d47af928599b85e5dcf9a.mgf,1,291,1123847
Ibuprofen_cadaverine,mzspec:GNPS:MULTIPLEX-SYNTHESIS-LIBRARY-ALL-PARTITION-6:accession:CCMSLIB00016273697,0.0,mzspec:MSV000094559:updates/2025-03-18_apatan_fc71856c/raw/03152025_jhonsnow/mzML/Hu_1314.mzML:scan:1464,1,0.92,5,0,MSV000094559,NoID,temp/queries/bc/bc521661629d47af928599b85e5dcf9a/bc521661629d47af928599b85e5dcf9a.mgf,1,291,1123341
Ibuprofen_cadaverine,mzspec:GNPS:MULTIPLEX-SYNTHESIS-LIBRARY-ALL-PARTITION-6:accession:CCMSLIB00016273697,0.0,mzspec:MSV000094559:updates/2025-03-18_apatan_fc71856c/raw/03152025_jhonsnow/mzML/Hu_1317.mzML:scan:2259,1,0.92,5,0,MSV000094559,NoID,temp/queries/bc/bc521661629d47af928599b85e5dcf9a/bc521661629d47af928599b85e5dcf9a.mgf,1,291,1122770
Ibuprofen_cadaverine,mzspec:GNPS:MULTIPLEX-SYNTHESIS-LIBRARY-ALL-PARTITION-6:accession:CCMSLIB00016273697,0.0,mzspec:MSV000094559:updates/2025-03-18_apatan_fc71856c/raw/03152025_jhonsnow/mzML/Hu_1331.mzML:scan:2306,1,0.92,5,0,MSV000094559,NoID,temp/queries/bc/bc521661629d47af928599b85e5dcf9a/bc521661629d47af928599b85e5dcf9a.mgf,1,291,1122910
Ibuprofen_cadaverine,mzspec:GNPS:MULTIPLEX-SYNTHESIS-LIBRARY-ALL-PARTITION-6:accession:CCMSLIB00016273697,0.0,mzspec:MSV000094559:updates/2025-03-18_apatan_fc71856c/raw/03152025_jhonsnow/mzML/Hu_1197.mzML:scan:2280,1,0.92,5,0,MSV000094559,NoID,temp/queries/bc/bc521661629d47af928599b85e5dcf9a/bc521661629d47af928599b85e5dcf9a.mgf,1,291,1122852
Ibuprofen_cadaverine,mzspec:GNPS:MULTIPLEX-SYNTHESIS-LIBRARY-ALL-PARTITION-6:accession:CCMSLIB00016273697,0.0,mzspec:MSV000094559:updates/2025-03-18_apatan_fc71856c/raw/03152025_jhonsnow/mzML/Hu_1199.mzML:scan:2384,1,0.92,5,0,MSV000094559,NoID,temp/queries/bc/bc521661629d47af928599b85e5dcf9a/bc521661629d47af928599b85e5dcf9a.mgf,1,291,1124794
Ibuprofen_cadaverine,mzspec:GNPS:MULTIPLEX-SYNTHESIS-LIBRARY-ALL-PARTITION-6:accession:CCMSLIB00016273697,0.0,mzspec:MSV000094559:updates/2025-03-18_apatan_fc71856c/raw/03152025_jhonsnow/mzML/Hu_1248.mzML:scan:1481,1,0.92,5,0,MSV000094559,NoID,temp/queries/bc/bc521661629d47af928599b85e5dcf9a/bc521661629d47af928599b85e5dcf9a.mgf,1,291,1123846
Ibuprofen_cadaverine,mzspec:GNPS:MULTIPLEX-SYNTHESIS-LIBRARY-ALL-PARTITION-6:accession:CCMSLIB00016273697,-0.0,mzspec:MSV000094559:updates/2024-12-18_apatan_535e183c/raw/12042024/mzML/AP_2094.mzML:scan:1287,1,0.92,5,0,MSV000094559,NoID,temp/queries/bc/bc521661629d47af928599b85e5dcf9a/bc521661629d47af928599b85e5dcf9a.mgf,1,291,1122516
Ibuprofen_cadaverine,mzspec:GNPS:MULTIPLEX-SYNTHESIS-LIBRARY-ALL-PARTITION-6:accession:CCMSLIB00016273697,0.0,mzspec:MSV000094559:updates/2025-03-18_apatan_fc71856c/raw/03152025_jhonsnow/mzML/Hu_1246.mzML:scan:2245,1,0.92,6,0,MSV000094559,NoID,temp/queries/bc/bc521661629d47af928599b85e5dcf9a/bc521661629d47af928599b85e5dcf9a.mgf,1,291,1123945
Ibuprofen_cadaverine,mzspec:GNPS:MULTIPLEX-SYNTHESIS-LIBRARY-ALL-PARTITION-6:accession:CCMSLIB00016273697,0.0,mzspec:MSV000094559:updates/2024-12-18_apatan_535e183c/raw/12042024/mzML/AP_2099.mzML:scan:1271,1,0.92,5,0,MSV000094559,NoID,temp/queries/bc/bc521661629d47af928599b85e5dcf9a/bc521661629d47af928599b85e5dcf9a.mgf,1,291,1122792
Ibuprofen_cadaverine,mzspec:GNPS:MULTIPLEX-SYNTHESIS-LIBRARY-ALL-PARTITION-6:accession:CCMSLIB00016273697,0.0,mzspec:MSV000094559:updates/2025-03-18_apatan_fc71856c/raw/03152025_jhonsnow/mzML/Hu_1317.mzML:scan:1461,1,0.92,5,0,MSV000094559,NoID,temp/queries/bc/bc521661629d47af928599b85e5dcf9a/bc521661629d47af928599b85e5dcf9a.mgf,1,291,1122769
Ibuprofen_cadaverine,mzspec:GNPS:MULTIPLEX-SYNTHESIS-LIBRARY-ALL-PARTITION-6:accession:CCMSLIB00016273697,0.0,mzspec:MSV000094559:updates/2024-12-18_apatan_535e183c/raw/12042024/mzML/AP_2091.mzML:scan:1270,1,0.92,5,0,MSV000094559,NoID,temp/queries/bc/bc521661629d47af928599b85e5dcf9a/bc521661629d47af928599b85e5dcf9a.mgf,1,291,1122800
Ibuprofen_cadaverine,mzspec:GNPS:MULTIPLEX-SYNTHESIS-LIBRARY-ALL-PARTITION-6:accession:CCMSLIB00016273697,0.0,mzspec:MSV000094559:updates/2025-03-18_apatan_fc71856c/raw/03152025_jhonsnow/mzML/Hu_1213.mzML:scan:1564,1,0.92,5,0,MSV000094559,NoID,temp/queries/bc/bc521661629d47af928599b85e5dcf9a/bc521661629d47af928599b85e5dcf9a.mgf,1,291,1122840
Ibuprofen_cadaverine,mzspec:GNPS:MULTIPLEX-SYNTHESIS-LIBRARY-ALL-PARTITION-6:accession:CCMSLIB00016273697,0.0,mzspec:MSV000094559:updates/2025-03-18_apatan_fc71856c/raw/03152025_jhonsnow/mzML/Hu_1163.mzML:scan:1496,1,0.92,5,0,MSV000094559,NoID,temp/queries/bc/bc521661629d47af928599b85e5dcf9a/bc521661629d47af928599b85e5dcf9a.mgf,1,291,1122913
Ibuprofen_cadaverine,mzspec:GNPS:MULTIPLEX-SYNTHESIS-LIBRARY-ALL-PARTITION-6:accession:CCMSLIB00016273697,0.0,mzspec:MSV000094559:updates/2025-03-18_apatan_fc71856c/raw/03152025_jhonsnow/mzML/Hu_1336.mzML:scan:1503,1,0.92,5,0,MSV000094559,NoID,temp/queries/bc/bc521661629d47af928599b85e5dcf9a/bc521661629d47af928599b85e5dcf9a.mgf,1,291,1122946
Ibuprofen_cadaverine,mzspec:GNPS:MULTIPLEX-SYNTHESIS-LIBRARY-ALL-PARTITION-6:accession:CCMSLIB00016273697,0.0,mzspec:MSV000094559:updates/2025-03-18_apatan_fc71856c/raw/03152025_jhonsnow/mzML/Hu_1163.mzML:scan:2272,1,0.91,5,0,MSV000094559,NoID,temp/queries/bc/bc521661629d47af928599b85e5dcf9a/bc521661629d47af928599b85e5dcf9a.mgf,1,291,1122914
Ibuprofen_cadaverine,mzspec:GNPS:MULTIPLEX-SYNTHESIS-LIBRARY-ALL-PARTITION-6:accession:CCMSLIB00016273697,0.0,mzspec:MSV000094559:updates/2025-03-18_apatan_fc71856c/raw/03152025_jhonsnow/mzML/Hu_1198.mzML:scan:1463,1,0.91,5,0,MSV000094559,NoID,temp/queries/bc/bc521661629d47af928599b85e5dcf9a/bc521661629d47af928599b85e5dcf9a.mgf,1,291,1122671
Ibuprofen_cadaverine,mzspec:GNPS:MULTIPLEX-SYNTHESIS-LIBRARY-ALL-PARTITION-6:accession:CCMSLIB00016273697,0.0,mzspec:MSV000094559:updates/2025-03-18_apatan_fc71856c/raw/03152025_jhonsnow/mzML/Hu_1332.mzML:scan:2278,1,0.91,5,0,MSV000094559,NoID,temp/queries/bc/bc521661629d47af928599b85e5dcf9a/bc521661629d47af928599b85e5dcf9a.mgf,1,291,1122537
Ibuprofen_cadaverine,mzspec:GNPS:MULTIPLEX-SYNTHESIS-LIBRARY-ALL-PARTITION-6:accession:CCMSLIB00016273697,0.0,mzspec:MSV000094559:updates/2025-03-18_apatan_fc71856c/raw/03152025_jhonsnow/mzML/Hu_1336.mzML:scan:2288,1,0.91,5,0,MSV000094559,NoID,temp/queries/bc/bc521661629d47af928599b85e5dcf9a/bc521661629d47af928599b85e5dcf9a.mgf,1,291,1122950
Ibuprofen_cadaverine,mzspec:GNPS:MULTIPLEX-SYNTHESIS-LIBRARY-ALL-PARTITION-6:accession:CCMSLIB00016273697,0.0,mzspec:MSV000094559:updates/2024-12-18_apatan_535e183c/raw/12042024/mzML/AP_2143.mzML:scan:2036,1,0.91,6,0,MSV000094559,NoID,temp/queries/bc/bc521661629d47af928599b85e5dcf9a/bc521661629d47af928599b85e5dcf9a.mgf,1,291,1122975
Ibuprofen_cadaverine,mzspec:GNPS:MULTIPLEX-SYNTHESIS-LIBRARY-ALL-PARTITION-6:accession:CCMSLIB00016273697,0.0,mzspec:MSV000094559:updates/2025-03-18_apatan_fc71856c/raw/03152025_jhonsnow/mzML/Hu_1206.mzML:scan:2269,1,0.91,5,0,MSV000094559,NoID,temp/queries/bc/bc521661629d47af928599b85e5dcf9a/bc521661629d47af928599b85e5dcf9a.mgf,1,291,1126269
Ibuprofen_cadaverine,mzspec:GNPS:MULTIPLEX-SYNTHESIS-LIBRARY-ALL-PARTITION-6:accession:CCMSLIB00016273697,0.0,mzspec:MSV000094559:updates/2025-03-18_apatan_fc71856c/raw/03152025_jhonsnow/mzML/Hu_1203.mzML:scan:2301,1,0.91,5,0,MSV000094559,NoID,temp/queries/bc/bc521661629d47af928599b85e5dcf9a/bc521661629d47af928599b85e5dcf9a.mgf,1,291,1124919
Ibuprofen_cadaverine,mzspec:GNPS:MULTIPLEX-SYNTHESIS-LIBRARY-ALL-PARTITION-6:accession:CCMSLIB00016273697,0.0,mzspec:MSV000094559:updates/2025-03-18_apatan_fc71856c/raw/03152025_jhonsnow/mzML/Hu_1255.mzML:scan:2248,1,0.91,5,0,MSV000094559,NoID,temp/queries/bc/bc521661629d47af928599b85e5dcf9a/bc521661629d47af928599b85e5dcf9a.mgf,1,291,1122450
Ibuprofen_cadaverine,mzspec:GNPS:MULTIPLEX-SYNTHESIS-LIBRARY-ALL-PARTITION-6:accession:CCMSLIB00016273697,0.0,mzspec:MSV000094559:updates/2025-03-18_apatan_fc71856c/raw/03152025_jhonsnow/mzML/Hu_1161.mzML:scan:2258,1,0.91,5,0,MSV000094559,NoID,temp/queries/bc/bc521661629d47af928599b85e5dcf9a/bc521661629d47af928599b85e5dcf9a.mgf,1,291,1126400
Ibuprofen_cadaverine,mzspec:GNPS:MULTIPLEX-SYNTHESIS-LIBRARY-ALL-PARTITION-6:accession:CCMSLIB00016273697,0.0,mzspec:MSV000094559:updates/2025-03-18_apatan_fc71856c/raw/03152025_jhonsnow/mzML/Hu_1200.mzML:scan:2298,1,0.91,5,0,MSV000094559,NoID,temp/queries/bc/bc521661629d47af928599b85e5dcf9a/bc521661629d47af928599b85e5dcf9a.mgf,1,291,1123602
Ibuprofen_cadaverine,mzspec:GNPS:MULTIPLEX-SYNTHESIS-LIBRARY-ALL-PARTITION-6:accession:CCMSLIB00016273697,0.0,mzspec:MSV000094559:updates/2025-03-18_apatan_fc71856c/raw/03152025_jhonsnow/mzML/Hu_1175.mzML:scan:1491,1,0.91,5,0,MSV000094559,NoID,temp/queries/bc/bc521661629d47af928599b85e5dcf9a/bc521661629d47af928599b85e5dcf9a.mgf,1,291,1126190
Ibuprofen_cadaverine,mzspec:GNPS:MULTIPLEX-SYNTHESIS-LIBRARY-ALL-PARTITION-6:accession:CCMSLIB00016273697,0.0,mzspec:MSV000094559:updates/2025-03-18_apatan_fc71856c/raw/03152025_jhonsnow/mzML/Hu_1316.mzML:scan:2215,1,0.91,5,0,MSV000094559,NoID,temp/queries/bc/bc521661629d47af928599b85e5dcf9a/bc521661629d47af928599b85e5dcf9a.mgf,1,291,1125479
Ibuprofen_cadaverine,mzspec:GNPS:MULTIPLEX-SYNTHESIS-LIBRARY-ALL-PARTITION-6:accession:CCMSLIB00016273697,0.0,mzspec:MSV000094559:updates/2025-03-18_apatan_fc71856c/raw/03152025_jhonsnow/mzML/Hu_1216.mzML:scan:1680,1,0.91,5,0,MSV000094559,NoID,temp/queries/bc/bc521661629d47af928599b85e5dcf9a/bc521661629d47af928599b85e5dcf9a.mgf,1,291,1125568
Ibuprofen_cadaverine,mzspec:GNPS:MULTIPLEX-SYNTHESIS-LIBRARY-ALL-PARTITION-6:accession:CCMSLIB00016273697,0.0,mzspec:MSV000094559:updates/2025-03-18_apatan_fc71856c/raw/03152025_jhonsnow/mzML/Hu_1339.mzML:scan:1508,1,0.91,5,0,MSV000094559,NoID,temp/queries/bc/bc521661629d47af928599b85e5dcf9a/bc521661629d47af928599b85e5dcf9a.mgf,1,291,1126144
Ibuprofen_cadaverine,mzspec:GNPS:MULTIPLEX-SYNTHESIS-LIBRARY-ALL-PARTITION-6:accession:CCMSLIB00016273697,0.0,mzspec:MSV000094559:updates/2025-03-18_apatan_fc71856c/raw/03152025_jhonsnow/mzML/Hu_1319.mzML:scan:1448,1,0.91,5,0,MSV000094559,NoID,temp/queries/bc/bc521661629d47af928599b85e5dcf9a/bc521661629d47af928599b85e5dcf9a.mgf,1,291,1122309
Ibuprofen_cadaverine,mzspec:GNPS:MULTIPLEX-SYNTHESIS-LIBRARY-ALL-PARTITION-6:accession:CCMSLIB00016273697,0.0,mzspec:MSV000094559:updates/2025-03-18_apatan_fc71856c/raw/03152025_jhonsnow/mzML/Hu_1162.mzML:scan:2277,1,0.91,5,0,MSV000094559,NoID,temp/queries/bc/bc521661629d47af928599b85e5dcf9a/bc521661629d47af928599b85e5dcf9a.mgf,1,291,1123016
Ibuprofen_cadaverine,mzspec:GNPS:MULTIPLEX-SYNTHESIS-LIBRARY-ALL-PARTITION-6:accession:CCMSLIB00016273697,0.0,mzspec:MSV000094559:updates/2025-03-18_apatan_fc71856c/raw/03152025_jhonsnow/mzML/Hu_1165.mzML:scan:2323,1,0.91,5,0,MSV000094559,NoID,temp/queries/bc/bc521661629d47af928599b85e5dcf9a/bc521661629d47af928599b85e5dcf9a.mgf,1,291,1123490
Ibuprofen_cadaverine,mzspec:GNPS:MULTIPLEX-SYNTHESIS-LIBRARY-ALL-PARTITION-6:accession:CCMSLIB00016273697,0.0,mzspec:MSV000094559:updates/2025-03-18_apatan_fc71856c/raw/03152025_jhonsnow/mzML/Hu_1171.mzML:scan:2249,1,0.91,5,0,MSV000094559,NoID,temp/queries/bc/bc521661629d47af928599b85e5dcf9a/bc521661629d47af928599b85e5dcf9a.mgf,1,291,1124246
Ibuprofen_cadaverine,mzspec:GNPS:MULTIPLEX-SYNTHESIS-LIBRARY-ALL-PARTITION-6:accession:CCMSLIB00016273697,0.0,mzspec:MSV000094559:updates/2025-03-18_apatan_fc71856c/raw/03152025_jhonsnow/mzML/Hu_1164.mzML:scan:1502,1,0.91,5,0,MSV000094559,NoID,temp/queries/bc/bc521661629d47af928599b85e5dcf9a/bc521661629d47af928599b85e5dcf9a.mgf,1,291,1125765
Ibuprofen_cadaverine,mzspec:GNPS:MULTIPLEX-SYNTHESIS-LIBRARY-ALL-PARTITION-6:accession:CCMSLIB00016273697,0.0,mzspec:MSV000094559:updates/2025-03-18_apatan_fc71856c/raw/03152025_jhonsnow/mzML/Hu_1333.mzML:scan:2273,1,0.91,5,0,MSV000094559,NoID,temp/queries/bc/bc521661629d47af928599b85e5dcf9a/bc521661629d47af928599b85e5dcf9a.mgf,1,291,1124532
Ibuprofen_cadaverine,mzspec:GNPS:MULTIPLEX-SYNTHESIS-LIBRARY-ALL-PARTITION-6:accession:CCMSLIB00016273697,0.0,mzspec:MSV000094559:updates/2025-03-18_apatan_fc71856c/raw/03152025_jhonsnow/mzML/Hu_1210.mzML:scan:1998,1,0.91,5,0,MSV000094559,NoID,temp/queries/bc/bc521661629d47af928599b85e5dcf9a/bc521661629d47af928599b85e5dcf9a.mgf,1,291,1125306
Ibuprofen_cadaverine,mzspec:GNPS:MULTIPLEX-SYNTHESIS-LIBRARY-ALL-PARTITION-6:accession:CCMSLIB00016273697,0.0,mzspec:MSV000094559:updates/2025-03-18_apatan_fc71856c/raw/03152025_jhonsnow/mzML/Hu_1339.mzML:scan:2295,1,0.91,5,0,MSV000094559,NoID,temp/queries/bc/bc521661629d47af928599b85e5dcf9a/bc521661629d47af928599b85e5dcf9a.mgf,1,291,1126145
Ibuprofen_cadaverine,mzspec:GNPS:MULTIPLEX-SYNTHESIS-LIBRARY-ALL-PARTITION-6:accession:CCMSLIB00016273697,0.0,mzspec:MSV000094559:updates/2025-03-18_apatan_fc71856c/raw/03152025_jhonsnow/mzML/Hu_1347.mzML:scan:2252,1,0.91,5,0,MSV000094559,NoID,temp/queries/bc/bc521661629d47af928599b85e5dcf9a/bc521661629d47af928599b85e5dcf9a.mgf,1,291,1125929
Ibuprofen_cadaverine,mzspec:GNPS:MULTIPLEX-SYNTHESIS-LIBRARY-ALL-PARTITION-6:accession:CCMSLIB00016273697,0.0,mzspec:MSV000094559:updates/2025-03-18_apatan_fc71856c/raw/03152025_jhonsnow/mzML/Hu_1347.mzML:scan:1479,1,0.91,5,0,MSV000094559,NoID,temp/queries/bc/bc521661629d47af928599b85e5dcf9a/bc521661629d47af928599b85e5dcf9a.mgf,1,291,1125927
Ibuprofen_cadaverine,mzspec:GNPS:MULTIPLEX-SYNTHESIS-LIBRARY-ALL-PARTITION-6:accession:CCMSLIB00016273697,0.0,mzspec:MSV000094559:updates/2025-03-18_apatan_fc71856c/raw/03152025_jhonsnow/mzML/Hu_1334.mzML:scan:2282,1,0.91,5,0,MSV000094559,NoID,temp/queries/bc/bc521661629d47af928599b85e5dcf9a/bc521661629d47af928599b85e5dcf9a.mgf,1,291,1125798
Ibuprofen_cadaverine,mzspec:GNPS:MULTIPLEX-SYNTHESIS-LIBRARY-ALL-PARTITION-6:accession:CCMSLIB00016273697,-0.0,mzspec:MSV000094559:updates/2024-12-18_apatan_366c37f7/raw/10172024/AP_1800.mzML:scan:1339,1,0.9,5,0,MSV000094559,NoID,temp/queries/bc/bc521661629d47af928599b85e5dcf9a/bc521661629d47af928599b85e5dcf9a.mgf,1,291,1125259
Ibuprofen_cadaverine,mzspec:GNPS:MULTIPLEX-SYNTHESIS-LIBRARY-ALL-PARTITION-6:accession:CCMSLIB00016273697,0.0,mzspec:MSV000094559:updates/2025-03-18_apatan_fc71856c/raw/03152025_jhonsnow/mzML/Hu_1204.mzML:scan:2271,1,0.9,5,0,MSV000094559,NoID,temp/queries/bc/bc521661629d47af928599b85e5dcf9a/bc521661629d47af928599b85e5dcf9a.mgf,1,291,1122903
Ibuprofen_cadaverine,mzspec:GNPS:MULTIPLEX-SYNTHESIS-LIBRARY-ALL-PARTITION-6:accession:CCMSLIB00016273697,0.0,mzspec:MSV000094559:updates/2025-03-18_apatan_fc71856c/raw/03152025_jhonsnow/mzML/Hu_1349.mzML:scan:2293,1,0.9,5,0,MSV000094559,NoID,temp/queries/bc/bc521661629d47af928599b85e5dcf9a/bc521661629d47af928599b85e5dcf9a.mgf,1,291,1125702
Ibuprofen_cadaverine,mzspec:GNPS:MULTIPLEX-SYNTHESIS-LIBRARY-ALL-PARTITION-6:accession:CCMSLIB00016273697,0.0,mzspec:MSV000094559:updates/2025-03-18_apatan_fc71856c/raw/03152025_jhonsnow/mzML/Hu_1202.mzML:scan:1534,1,0.89,5,0,MSV000094559,NoID,temp/queries/bc/bc521661629d47af928599b85e5dcf9a/bc521661629d47af928599b85e5dcf9a.mgf,1,291,1123233
Ibuprofen_cadaverine,mzspec:GNPS:MULTIPLEX-SYNTHESIS-LIBRARY-ALL-PARTITION-6:accession:CCMSLIB00016273697,0.0,mzspec:MSV000094559:updates/2024-12-18_apatan_535e183c/raw/12042024/mzML/AP_2141.mzML:scan:2019,1,0.89,5,0,MSV000094559,NoID,temp/queries/bc/bc521661629d47af928599b85e5dcf9a/bc521661629d47af928599b85e5dcf9a.mgf,1,291,1126162
Ibuprofen_cadaverine,mzspec:GNPS:MULTIPLEX-SYNTHESIS-LIBRARY-ALL-PARTITION-6:accession:CCMSLIB00016273697,0.0,mzspec:MSV000094559:updates/2025-03-18_apatan_fc71856c/raw/03152025_jhonsnow/mzML/Hu_1314.mzML:scan:2261,1,0.89,5,0,MSV000094559,NoID,temp/queries/bc/bc521661629d47af928599b85e5dcf9a/bc521661629d47af928599b85e5dcf9a.mgf,1,291,1123342
Ibuprofen_cadaverine,mzspec:GNPS:MULTIPLEX-SYNTHESIS-LIBRARY-ALL-PARTITION-6:accession:CCMSLIB00016273697,0.0,mzspec:MSV000094559:updates/2025-03-18_apatan_fc71856c/raw/03152025_jhonsnow/mzML/Hu_1251.mzML:scan:2246,1,0.88,5,0,MSV000094559,NoID,temp/queries/bc/bc521661629d47af928599b85e5dcf9a/bc521661629d47af928599b85e5dcf9a.mgf,1,291,1125257
Ibuprofen_cadaverine,mzspec:GNPS:MULTIPLEX-SYNTHESIS-LIBRARY-ALL-PARTITION-6:accession:CCMSLIB00016273697,0.0,mzspec:MSV000094559:updates/2025-03-18_apatan_fc71856c/raw/03152025_jhonsnow/mzML/Hu_1337.mzML:scan:2286,1,0.88,5,0,MSV000094559,NoID,temp/queries/bc/bc521661629d47af928599b85e5dcf9a/bc521661629d47af928599b85e5dcf9a.mgf,1,291,1123417
Ibuprofen_cadaverine,mzspec:GNPS:MULTIPLEX-SYNTHESIS-LIBRARY-ALL-PARTITION-6:accession:CCMSLIB00016273697,0.0,mzspec:MSV000094559:updates/2025-03-18_apatan_fc71856c/raw/03152025_jhonsnow/mzML/Hu_1160.mzML:scan:2250,1,0.88,4,0,MSV000094559,NoID,temp/queries/bc/bc521661629d47af928599b85e5dcf9a/bc521661629d47af928599b85e5dcf9a.mgf,1,291,1123702
Ibuprofen_cadaverine,mzspec:GNPS:MULTIPLEX-SYNTHESIS-LIBRARY-ALL-PARTITION-6:accession:CCMSLIB00016273697,0.0,mzspec:MSV000094559:updates/2025-03-18_apatan_fc71856c/raw/03152025_jhonsnow/mzML/Hu_1224.mzML:scan:1914,1,0.88,4,0,MSV000094559,NoID,temp/queries/bc/bc521661629d47af928599b85e5dcf9a/bc521661629d47af928599b85e5dcf9a.mgf,1,291,1122833
Ibuprofen_cadaverine,mzspec:GNPS:MULTIPLEX-SYNTHESIS-LIBRARY-ALL-PARTITION-6:accession:CCMSLIB00016273697,0.0,mzspec:MSV000094559:updates/2025-03-18_apatan_fc71856c/raw/03152025_jhonsnow/mzML/Hu_1225.mzML:scan:1753,1,0.88,4,0,MSV000094559,NoID,temp/queries/bc/bc521661629d47af928599b85e5dcf9a/bc521661629d47af928599b85e5dcf9a.mgf,1,291,1124980
Ibuprofen_cadaverine,mzspec:GNPS:MULTIPLEX-SYNTHESIS-LIBRARY-ALL-PARTITION-6:accession:CCMSLIB00016273697,0.0,mzspec:MSV000094559:updates/2025-03-18_apatan_fc71856c/raw/03152025_jhonsnow/mzML/Hu_1164.mzML:scan:2282,1,0.88,5,0,MSV000094559,NoID,temp/queries/bc/bc521661629d47af928599b85e5dcf9a/bc521661629d47af928599b85e5dcf9a.mgf,1,291,1125766
Ibuprofen_cadaverine,mzspec:GNPS:MULTIPLEX-SYNTHESIS-LIBRARY-ALL-PARTITION-6:accession:CCMSLIB00016273697,0.0,mzspec:MSV000094559:updates/2025-03-18_apatan_fc71856c/raw/03152025_jhonsnow/mzML/Hu_1175.mzML:scan:2276,1,0.87,5,0,MSV000094559,NoID,temp/queries/bc/bc521661629d47af928599b85e5dcf9a/bc521661629d47af928599b85e5dcf9a.mgf,1,291,1126191
Ibuprofen_cadaverine,mzspec:GNPS:MULTIPLEX-SYNTHESIS-LIBRARY-ALL-PARTITION-6:accession:CCMSLIB00016273697,0.0,mzspec:MSV000094559:updates/2024-12-18_apatan_535e183c/raw/12042024/mzML/AP_2142.mzML:scan:2033,1,0.87,6,0,MSV000094559,NoID,temp/queries/bc/bc521661629d47af928599b85e5dcf9a/bc521661629d47af928599b85e5dcf9a.mgf,1,291,1123608
Ibuprofen_cadaverine,mzspec:GNPS:MULTIPLEX-SYNTHESIS-LIBRARY-ALL-PARTITION-6:accession:CCMSLIB00016273697,0.0,mzspec:MSV000094559:updates/2025-03-18_apatan_fc71856c/raw/03152025_jhonsnow/mzML/Hu_1173.mzML:scan:1474,1,0.86,6,0,MSV000094559,NoID,temp/queries/bc/bc521661629d47af928599b85e5dcf9a/bc521661629d47af928599b85e5dcf9a.mgf,1,291,1123040
Ibuprofen_cadaverine,mzspec:GNPS:MULTIPLEX-SYNTHESIS-LIBRARY-ALL-PARTITION-6:accession:CCMSLIB00016273697,-0.0,mzspec:MSV000094559:updates/2024-12-18_apatan_366c37f7/raw/10172024/AP_1795.mzML:scan:1358,1,0.85,5,0,MSV000094559,NoID,temp/queries/bc/bc521661629d47af928599b85e5dcf9a/bc521661629d47af928599b85e5dcf9a.mgf,1,291,1125868
Ibuprofen_cadaverine,mzspec:GNPS:MULTIPLEX-SYNTHESIS-LIBRARY-ALL-PARTITION-6:accession:CCMSLIB00016273697,0.0,mzspec:MSV000094559:updates/2025-03-18_apatan_fc71856c/raw/03152025_jhonsnow/mzML/Hu_1174.mzML:scan:2369,1,0.85,6,0,MSV000094559,NoID,temp/queries/bc/bc521661629d47af928599b85e5dcf9a/bc521661629d47af928599b85e5dcf9a.mgf,1,291,1122443
Ibuprofen_cadaverine,mzspec:GNPS:MULTIPLEX-SYNTHESIS-LIBRARY-ALL-PARTITION-6:accession:CCMSLIB00016273697,0.01,mzspec:MSV000082432:ccms_peak/Plate 2_mzXML/2E1__ V2_ RJaw_ D1H4_ W5_BE1_01_11403.mzML:scan:3608,1,0.84,2,0,MSV000082432,NoID,temp/queries/bc/bc521661629d47af928599b85e5dcf9a/bc521661629d47af928599b85e5dcf9a.mgf,1,291,528807
Ibuprofen_cadaverine,mzspec:GNPS:MULTIPLEX-SYNTHESIS-LIBRARY-ALL-PARTITION-6:accession:CCMSLIB00016273697,0.0,mzspec:MSV000094559:updates/2025-03-18_apatan_fc71856c/raw/03152025_jhonsnow/mzML/Hu_1202.mzML:scan:2368,1,0.84,4,0,MSV000094559,NoID,temp/queries/bc/bc521661629d47af928599b85e5dcf9a/bc521661629d47af928599b85e5dcf9a.mgf,1,291,1123234
Ibuprofen_cadaverine,mzspec:GNPS:MULTIPLEX-SYNTHESIS-LIBRARY-ALL-PARTITION-6:accession:CCMSLIB00016273697,0.0,mzspec:MSV000094559:updates/2025-03-18_apatan_fc71856c/raw/03152025_jhonsnow/mzML/Hu_1223.mzML:scan:2796,1,0.83,4,0,MSV000094559,NoID,temp/queries/bc/bc521661629d47af928599b85e5dcf9a/bc521661629d47af928599b85e5dcf9a.mgf,1,291,1126218
Ibuprofen_cadaverine,mzspec:GNPS:MULTIPLEX-SYNTHESIS-LIBRARY-ALL-PARTITION-6:accession:CCMSLIB00016273697,0.0,mzspec:MSV000094559:updates/2024-12-18_apatan_535e183c/raw/12042024/mzML/AP_2100.mzML:scan:2093,1,0.79,5,0,MSV000094559,NoID,temp/queries/bc/bc521661629d47af928599b85e5dcf9a/bc521661629d47af928599b85e5dcf9a.mgf,1,291,1126327
Ibuprofen_cadaverine,mzspec:GNPS:MULTIPLEX-SYNTHESIS-LIBRARY-ALL-PARTITION-6:accession:CCMSLIB00016273697,-0.02,mzspec:MSV000088283:peak/C18_pos/Ascentis_pos_12_35_EMR_04_37_CM-EMR_04_37_CM.mzML:scan:4294967295,1,0.78,1,0,MSV000088283,NoID,temp/queries/bc/bc521661629d47af928599b85e5dcf9a/bc521661629d47af928599b85e5dcf9a.mgf,1,291,549717
Ibuprofen_cadaverine,mzspec:GNPS:MULTIPLEX-SYNTHESIS-LIBRARY-ALL-PARTITION-6:accession:CCMSLIB00016273697,0.0,mzspec:MSV000094559:updates/2025-03-18_apatan_fc71856c/raw/03152025_jhonsnow/mzML/Hu_1174.mzML:scan:1734,1,0.78,4,0,MSV000094559,NoID,temp/queries/bc/bc521661629d47af928599b85e5dcf9a/bc521661629d47af928599b85e5dcf9a.mgf,1,291,1122442
Ibuprofen_cadaverine,mzspec:GNPS:MULTIPLEX-SYNTHESIS-LIBRARY-ALL-PARTITION-6:accession:CCMSLIB00016273697,-0.02,mzspec:MSV000088283:ccms_peak/C18_pos/Ascentis_pos_12_72_EMR_04_N-27_PA-EMR_04_N-27_PA.mzML:scan:4294967295,1,0.78,1,0,MSV000088283,NoID,temp/queries/bc/bc521661629d47af928599b85e5dcf9a/bc521661629d47af928599b85e5dcf9a.mgf,1,291,549604
Ibuprofen_cadaverine,mzspec:GNPS:MULTIPLEX-SYNTHESIS-LIBRARY-ALL-PARTITION-6:accession:CCMSLIB00016273697,-0.02,mzspec:MSV000088283:ccms_peak/C18_pos/Ascentis_pos_12_35_EMR_04_37_CM-EMR_04_37_CM.mzML:scan:4294967295,1,0.78,1,0,MSV000088283,NoID,temp/queries/bc/bc521661629d47af928599b85e5dcf9a/bc521661629d47af928599b85e5dcf9a.mgf,1,291,549481
Ibuprofen_cadaverine,mzspec:GNPS:MULTIPLEX-SYNTHESIS-LIBRARY-ALL-PARTITION-6:accession:CCMSLIB00016273697,-0.02,mzspec:MSV000088283:peak/C18_pos/Ascentis_pos_12_72_EMR_04_N-27_PA-EMR_04_N-27_PA.mzML:scan:4294967295,1,0.78,1,0,MSV000088283,NoID,temp/queries/bc/bc521661629d47af928599b85e5dcf9a/bc521661629d47af928599b85e5dcf9a.mgf,1,291,551209
Ibuprofen_cadaverine,mzspec:GNPS:MULTIPLEX-SYNTHESIS-LIBRARY-ALL-PARTITION-6:accession:CCMSLIB00016273697,0.0,mzspec:MSV000094559:updates/2024-12-18_apatan_535e183c/raw/12042024/mzML/AP_2017.mzML:scan:2862,1,0.78,3,0,MSV000094559,NoID,temp/queries/bc/bc521661629d47af928599b85e5dcf9a/bc521661629d47af928599b85e5dcf9a.mgf,1,291,1124123
Ibuprofen_cadaverine,mzspec:GNPS:MULTIPLEX-SYNTHESIS-LIBRARY-ALL-PARTITION-6:accession:CCMSLIB00016273697,-0.02,mzspec:MSV000088283:ccms_peak/C18_pos/Ascentis_pos_56_07_Pool_Ascentis_pos-Pool.mzML:scan:4294967295,1,0.77,2,0,MSV000088283,NoID,temp/queries/bc/bc521661629d47af928599b85e5dcf9a/bc521661629d47af928599b85e5dcf9a.mgf,1,291,549173
Ibuprofen_cadaverine,mzspec:GNPS:MULTIPLEX-SYNTHESIS-LIBRARY-ALL-PARTITION-6:accession:CCMSLIB00016273697,-0.02,mzspec:MSV000088283:peak/C18_pos/Ascentis_pos_56_07_Pool_Ascentis_pos-Pool.mzML:scan:4294967295,1,0.77,2,0,MSV000088283,NoID,temp/queries/bc/bc521661629d47af928599b85e5dcf9a/bc521661629d47af928599b85e5dcf9a.mgf,1,291,550895
Ibuprofen_cadaverine,mzspec:GNPS:MULTIPLEX-SYNTHESIS-LIBRARY-ALL-PARTITION-6:accession:CCMSLIB00016273697,-0.02,mzspec:MSV000088283:peak/C18_pos/Ascentis_pos_56_65_EMR_04_72_RB_Ascentis_pos-EMR_04_72_RB.mzML:scan:4294967295,1,0.77,1,0,MSV000088283,NoID,temp/queries/bc/bc521661629d47af928599b85e5dcf9a/bc521661629d47af928599b85e5dcf9a.mgf,1,291,550801
Ibuprofen_cadaverine,mzspec:GNPS:MULTIPLEX-SYNTHESIS-LIBRARY-ALL-PARTITION-6:accession:CCMSLIB00016273697,-0.02,mzspec:MSV000088283:ccms_peak/C18_pos/Ascentis_pos_56_65_EMR_04_72_RB_Ascentis_pos-EMR_04_72_RB.mzML:scan:4294967295,1,0.77,1,0,MSV000088283,NoID,temp/queries/bc/bc521661629d47af928599b85e5dcf9a/bc521661629d47af928599b85e5dcf9a.mgf,1,291,550604
Ibuprofen_cadaverine,mzspec:GNPS:MULTIPLEX-SYNTHESIS-LIBRARY-ALL-PARTITION-6:accession:CCMSLIB00016273697,-0.01,mzspec:MTBLS1968:FILES/DERIVED_FILES/pos_R84_Dold_S7_0111_D24_MSMS_BC3_01_15733.mzML:scan:5007,1,0.75,1,0,MTBLS1968,NoID,temp/queries/bc/bc521661629d47af928599b85e5dcf9a/bc521661629d47af928599b85e5dcf9a.mgf,1,291,2746572
Ibuprofen_cadaverine,mzspec:GNPS:MULTIPLEX-SYNTHESIS-LIBRARY-ALL-PARTITION-6:accession:CCMSLIB00016273697,0.0,mzspec:MSV000094559:updates/2024-12-18_apatan_535e183c/raw/12042024/mzML/AP_2091.mzML:scan:1328,1,0.75,3,0,MSV000094559,NoID,temp/queries/bc/bc521661629d47af928599b85e5dcf9a/bc521661629d47af928599b85e5dcf9a.mgf,1,291,1122801
Ibuprofen_cadaverine,mzspec:GNPS:MULTIPLEX-SYNTHESIS-LIBRARY-ALL-PARTITION-6:accession:CCMSLIB00016273697,0.0,mzspec:MSV000094559:updates/2024-12-18_apatan_535e183c/raw/12042024/mzML/AP_2097.mzML:scan:2043,1,0.75,4,0,MSV000094559,NoID,temp/queries/bc/bc521661629d47af928599b85e5dcf9a/bc521661629d47af928599b85e5dcf9a.mgf,1,291,1124412
Ibuprofen_cadaverine,mzspec:GNPS:MULTIPLEX-SYNTHESIS-LIBRARY-ALL-PARTITION-6:accession:CCMSLIB00016273697,0.01,mzspec:MSV000079628:ccms_peak/samples/20160321-JWFH14-2_P2-B-5_01_33807.mzXML:scan:2119,1,0.75,2,0,MSV000079628,NoID,temp/queries/bc/bc521661629d47af928599b85e5dcf9a/bc521661629d47af928599b85e5dcf9a.mgf,1,291,1990827
Ibuprofen_cadaverine,mzspec:GNPS:MULTIPLEX-SYNTHESIS-LIBRARY-ALL-PARTITION-6:accession:CCMSLIB00016273697,0.02,mzspec:MSV000088283:ccms_peak/C18_pos/Ascentis_pos_34_09_EMR_04_20_JP_Ascentis_pos-EMR_04_20_JP.mzML:scan:4294967295,1,0.75,1,0,MSV000088283,NoID,temp/queries/bc/bc521661629d47af928599b85e5dcf9a/bc521661629d47af928599b85e5dcf9a.mgf,1,291,550393
Ibuprofen_cadaverine,mzspec:GNPS:MULTIPLEX-SYNTHESIS-LIBRARY-ALL-PARTITION-6:accession:CCMSLIB00016273697,0.02,mzspec:MSV000088283:peak/C18_pos/Ascentis_pos_34_09_EMR_04_20_JP_Ascentis_pos-EMR_04_20_JP.mzML:scan:4294967295,1,0.75,1,0,MSV000088283,NoID,temp/queries/bc/bc521661629d47af928599b85e5dcf9a/bc521661629d47af928599b85e5dcf9a.mgf,1,291,550745
Ibuprofen_cadaverine,mzspec:GNPS:MULTIPLEX-SYNTHESIS-LIBRARY-ALL-PARTITION-6:accession:CCMSLIB00016273697,-0.02,mzspec:MSV000088283:ccms_peak/C18_pos/Ascentis_pos_56_32_Pool_Ascentis_pos-Pool.mzML:scan:4294967295,1,0.74,1,0,MSV000088283,NoID,temp/queries/bc/bc521661629d47af928599b85e5dcf9a/bc521661629d47af928599b85e5dcf9a.mgf,1,291,551325
Ibuprofen_cadaverine,mzspec:GNPS:MULTIPLEX-SYNTHESIS-LIBRARY-ALL-PARTITION-6:accession:CCMSLIB00016273697,-0.02,mzspec:MSV000088283:peak/C18_pos/Ascentis_pos_56_32_Pool_Ascentis_pos-Pool.mzML:scan:4294967295,1,0.74,1,0,MSV000088283,NoID,temp/queries/bc/bc521661629d47af928599b85e5dcf9a/bc521661629d47af928599b85e5dcf9a.mgf,1,291,550012
Ibuprofen_cadaverine,mzspec:GNPS:MULTIPLEX-SYNTHESIS-LIBRARY-ALL-PARTITION-6:accession:CCMSLIB00016273697,-0.02,mzspec:MSV000088283:peak/C18_pos/Ascentis_pos_56_58_EMR_04_75_DM_Ascentis_pos-EMR_04_75_DM.mzML:scan:4294967295,1,0.73,1,0,MSV000088283,NoID,temp/queries/bc/bc521661629d47af928599b85e5dcf9a/bc521661629d47af928599b85e5dcf9a.mgf,1,291,551117
Ibuprofen_cadaverine,mzspec:GNPS:MULTIPLEX-SYNTHESIS-LIBRARY-ALL-PARTITION-6:accession:CCMSLIB00016273697,-0.02,mzspec:MSV000088283:ccms_peak/C18_pos/Ascentis_pos_56_58_EMR_04_75_DM_Ascentis_pos-EMR_04_75_DM.mzML:scan:4294967295,1,0.73,1,0,MSV000088283,NoID,temp/queries/bc/bc521661629d47af928599b85e5dcf9a/bc521661629d47af928599b85e5dcf9a.mgf,1,291,550268
Ibuprofen_cadaverine,mzspec:GNPS:MULTIPLEX-SYNTHESIS-LIBRARY-ALL-PARTITION-6:accession:CCMSLIB00016273697,-0.01,mzspec:MTBLS1968:FILES/DERIVED_FILES/pos_L60_Ccam_T21_0917_D8_MSMS_BC3_01_15844.mzML:scan:5007,1,0.72,1,0,MTBLS1968,NoID,temp/queries/bc/bc521661629d47af928599b85e5dcf9a/bc521661629d47af928599b85e5dcf9a.mgf,1,291,2746582
Ibuprofen_cadaverine,mzspec:GNPS:MULTIPLEX-SYNTHESIS-LIBRARY-ALL-PARTITION-6:accession:CCMSLIB00016273697,0.0,mzspec:MSV000094559:updates/2025-03-18_apatan_fc71856c/raw/03152025_jhonsnow/mzML/Hu_1173.mzML:scan:2242,1,0.72,4,0,MSV000094559,NoID,temp/queries/bc/bc521661629d47af928599b85e5dcf9a/bc521661629d47af928599b85e5dcf9a.mgf,1,291,1123042
Ibuprofen_cadaverine,mzspec:GNPS:MULTIPLEX-SYNTHESIS-LIBRARY-ALL-PARTITION-6:accession:CCMSLIB00016273697,-0.01,mzspec:MTBLS1968:FILES/DERIVED_FILES/pos_R50_Dold_J27_1408_D4_MSMS_BE7_01_15759.mzML:scan:5005,1,0.71,1,0,MTBLS1968,NoID,temp/queries/bc/bc521661629d47af928599b85e5dcf9a/bc521661629d47af928599b85e5dcf9a.mgf,1,291,2746942
Ibuprofen_cadaverine,mzspec:GNPS:MULTIPLEX-SYNTHESIS-LIBRARY-ALL-PARTITION-6:accession:CCMSLIB00016273697,0.0,mzspec:MSV000094559:updates/2024-12-18_apatan_535e183c/raw/12042024/mzML/AP_2011.mzML:scan:2831,1,0.71,3,0,MSV000094559,NoID,temp/queries/bc/bc521661629d47af928599b85e5dcf9a/bc521661629d47af928599b85e5dcf9a.mgf,1,291,1126030
Ibuprofen_cadaverine,mzspec:GNPS:MULTIPLEX-SYNTHESIS-LIBRARY-ALL-PARTITION-6:accession:CCMSLIB00016273697,-0.01,mzspec:MTBLS1968:FILES/DERIVED_FILES/pos_R50_Dold_J27_1408_D4_MSMS_BE7_01_15759.mzML:scan:5010,1,0.7,1,0,MTBLS1968,NoID,temp/queries/bc/bc521661629d47af928599b85e5dcf9a/bc521661629d47af928599b85e5dcf9a.mgf,1,291,2746943
Ibuprofen_cadaverine,mzspec:GNPS:MULTIPLEX-SYNTHESIS-LIBRARY-ALL-PARTITION-6:accession:CCMSLIB00016273697,-0.01,mzspec:MTBLS1968:FILES/DERIVED_FILES/pos_L8_Cgla_Q24_0205_D1_MSMS_GA8_01_15882.mzML:scan:5007,1,0.7,1,0,MTBLS1968,NoID,temp/queries/bc/bc521661629d47af928599b85e5dcf9a/bc521661629d47af928599b85e5dcf9a.mgf,1,291,2746468
Ibuprofen_cadaverine,mzspec:GNPS:MULTIPLEX-SYNTHESIS-LIBRARY-ALL-PARTITION-6:accession:CCMSLIB00016273697,0.0,mzspec:MSV000094559:updates/2024-12-18_apatan_535e183c/raw/12042024/mzML/AP_2017.mzML:scan:2985,1,0.7,3,0,MSV000094559,NoID,temp/queries/bc/bc521661629d47af928599b85e5dcf9a/bc521661629d47af928599b85e5dcf9a.mgf,1,291,1124124
