compound_name,lib_usi,desc,timing
Ibuprofen_dopamine,mzspec:GNPS:MULTIPLEX-SYNTHESIS-LIBRARY-ALL-PARTITION-6:accession:CCMSLIB00016273887,prep,0.000720977783203125
Ibuprofen_dopamine,mzspec:GNPS:MULTIPLEX-SYNTHESIS-LIBRARY-ALL-PARTITION-6:accession:CCMSLIB00016273887,Search,0.7494444847106934
Ibuprofen_dopamine,mzspec:GNPS:MULTIPLEX-SYNTHESIS-LIBRARY-ALL-PARTITION-6:accession:CCMSLIB00016273887,Parse Query,0.00015354156494140625
Ibuprofen_dopamine,mzspec:GNPS:MULTIPLEX-SYNTHESIS-LIBRARY-ALL-PARTITION-6:accession:CCMSLIB00016273887,Parse Query 2,0.001300811767578125
Ibuprofen_dopamine,mzspec:GNPS:MULTIPLEX-SYNTHESIS-LIBRARY-ALL-PARTITION-6:accession:CCMSLIB00016273887,Get DB Info,0.00012540817260742188
Ibuprofen_dopamine,mzspec:GNPS:MULTIPLEX-SYNTHESIS-LIBRARY-ALL-PARTITION-6:accession:CCMSLIB00016273887,Demangle,0.004802703857421875
Ibuprofen_dopamine,mzspec:GNPS:MULTIPLEX-SYNTHESIS-LIBRARY-ALL-PARTITION-6:accession:CCMSLIB00016273887,Group,0.004919290542602539
Ibuprofen_dopamine,mzspec:GNPS:MULTIPLEX-SYNTHESIS-LIBRARY-ALL-PARTITION-6:accession:CCMSLIB00016273887,Enrich datasets,0.011304140090942383
