compound_name,lib_usi,desc,timing
Ibuprofen_furosemide,mzspec:GNPS:MULTIPLEX-SYNTHESIS-LIBRARY-ALL-PARTITION-6:accession:CCMSLIB00016273488,prep,0.0008947849273681641
Ibuprofen_furosemide,mzspec:GNPS:MULTIPLEX-SYNTHESIS-LIBRARY-ALL-PARTITION-6:accession:CCMSLIB00016273488,Search,0.6999890804290771
Ibuprofen_furosemide,mzspec:GNPS:MULTIPLEX-SYNTHESIS-LIBRARY-ALL-PARTITION-6:accession:CCMSLIB00016273488,Parse Query,9.131431579589844e-05
Ibuprofen_furosemide,mzspec:GNPS:MULTIPLEX-SYNTHESIS-LIBRARY-ALL-PARTITION-6:accession:CCMSLIB00016273488,Parse Query 2,0.0012993812561035156
Ibuprofen_furosemide,mzspec:GNPS:MULTIPLEX-SYNTHESIS-LIBRARY-ALL-PARTITION-6:accession:CCMSLIB00016273488,Get DB Info,8.988380432128906e-05
Ibuprofen_furosemide,mzspec:GNPS:MULTIPLEX-SYNTHESIS-LIBRARY-ALL-PARTITION-6:accession:CCMSLIB00016273488,Demangle,0.005005598068237305
Ibuprofen_furosemide,mzspec:GNPS:MULTIPLEX-SYNTHESIS-LIBRARY-ALL-PARTITION-6:accession:CCMSLIB00016273488,Group,0.005330085754394531
Ibuprofen_furosemide,mzspec:GNPS:MULTIPLEX-SYNTHESIS-LIBRARY-ALL-PARTITION-6:accession:CCMSLIB00016273488,Enrich datasets,0.011420249938964844
