compound_name,lib_usi,Delta Mass,USI,Charge,Cosine,Matching Peaks,Unit Delta Mass,Dataset,Status,Query Filename,Query Scan,Index UnitPM,Index IdxInUnitPM
Ibuprofen_glycine,mzspec:GNPS:MULTIPLEX-SYNTHESIS-LIBRARY-ALL-PARTITION-6:accession:CCMSLIB00016273783,0.0,mzspec:MSV000094559:updates/2025-03-18_apatan_fc71856c/raw/03152025_jhonsnow/mzML/Hu_1317.mzML:scan:2385,1,1.0,5,0,MSV000094559,NoID,temp/queries/52/52aa2e45004a40fe945c369de20709a3/52aa2e45004a40fe945c369de20709a3.mgf,1,264,465319
Ibuprofen_glycine,mzspec:GNPS:MULTIPLEX-SYNTHESIS-LIBRARY-ALL-PARTITION-6:accession:CCMSLIB00016273783,0.0,mzspec:MSV000094559:updates/2025-03-18_apatan_fc71856c/raw/03152025_jhonsnow/mzML/Hu_1255.mzML:scan:2392,1,1.0,6,0,MSV000094559,NoID,temp/queries/52/52aa2e45004a40fe945c369de20709a3/52aa2e45004a40fe945c369de20709a3.mgf,1,264,465094
Ibuprofen_glycine,mzspec:GNPS:MULTIPLEX-SYNTHESIS-LIBRARY-ALL-PARTITION-6:accession:CCMSLIB00016273783,0.0,mzspec:MSV000094559:updates/2025-03-18_apatan_fc71856c/raw/03152025_jhonsnow/mzML/Hu_1199.mzML:scan:2509,1,0.99,5,0,MSV000094559,NoID,temp/queries/52/52aa2e45004a40fe945c369de20709a3/52aa2e45004a40fe945c369de20709a3.mgf,1,264,466564
Ibuprofen_glycine,mzspec:GNPS:MULTIPLEX-SYNTHESIS-LIBRARY-ALL-PARTITION-6:accession:CCMSLIB00016273783,0.0,mzspec:MSV000094559:updates/2025-03-18_apatan_fc71856c/raw/03152025_jhonsnow/mzML/Hu_1314.mzML:scan:2407,1,0.99,5,0,MSV000094559,NoID,temp/queries/52/52aa2e45004a40fe945c369de20709a3/52aa2e45004a40fe945c369de20709a3.mgf,1,264,465704
Ibuprofen_glycine,mzspec:GNPS:MULTIPLEX-SYNTHESIS-LIBRARY-ALL-PARTITION-6:accession:CCMSLIB00016273783,0.0,mzspec:MSV000094559:updates/2025-03-18_apatan_fc71856c/raw/03152025_jhonsnow/mzML/Hu_1319.mzML:scan:2358,1,0.99,5,0,MSV000094559,NoID,temp/queries/52/52aa2e45004a40fe945c369de20709a3/52aa2e45004a40fe945c369de20709a3.mgf,1,264,464978
Ibuprofen_glycine,mzspec:GNPS:MULTIPLEX-SYNTHESIS-LIBRARY-ALL-PARTITION-6:accession:CCMSLIB00016273783,0.0,mzspec:MSV000094559:updates/2025-03-18_apatan_fc71856c/raw/03152025_jhonsnow/mzML/Hu_1333.mzML:scan:2425,1,0.99,5,0,MSV000094559,NoID,temp/queries/52/52aa2e45004a40fe945c369de20709a3/52aa2e45004a40fe945c369de20709a3.mgf,1,264,466409
Ibuprofen_glycine,mzspec:GNPS:MULTIPLEX-SYNTHESIS-LIBRARY-ALL-PARTITION-6:accession:CCMSLIB00016273783,0.0,mzspec:MSV000094559:updates/2024-12-18_apatan_535e183c/raw/12042024/mzML/AP_2017.mzML:scan:2848,1,0.99,6,0,MSV000094559,NoID,temp/queries/52/52aa2e45004a40fe945c369de20709a3/52aa2e45004a40fe945c369de20709a3.mgf,1,264,466136
Ibuprofen_glycine,mzspec:GNPS:MULTIPLEX-SYNTHESIS-LIBRARY-ALL-PARTITION-6:accession:CCMSLIB00016273783,0.0,mzspec:MSV000094559:updates/2025-03-18_apatan_fc71856c/raw/03152025_jhonsnow/mzML/Hu_1315.mzML:scan:2382,1,0.97,4,0,MSV000094559,NoID,temp/queries/52/52aa2e45004a40fe945c369de20709a3/52aa2e45004a40fe945c369de20709a3.mgf,1,264,466992
Ibuprofen_glycine,mzspec:GNPS:MULTIPLEX-SYNTHESIS-LIBRARY-ALL-PARTITION-6:accession:CCMSLIB00016273783,0.0,mzspec:MSV000096359:peak/Burnett_RisePlus_Allmzml/P9_B7_364302378.mzML:scan:2087,1,0.96,6,0,MSV000096359,NoID,temp/queries/52/52aa2e45004a40fe945c369de20709a3/52aa2e45004a40fe945c369de20709a3.mgf,1,264,413964
Ibuprofen_glycine,mzspec:GNPS:MULTIPLEX-SYNTHESIS-LIBRARY-ALL-PARTITION-6:accession:CCMSLIB00016273783,0.0,mzspec:MSV000096359:ccms_peak/RAW/8_9/P9_B7_364302378.mzML:scan:2087,1,0.96,6,0,MSV000096359,NoID,temp/queries/52/52aa2e45004a40fe945c369de20709a3/52aa2e45004a40fe945c369de20709a3.mgf,1,264,411812
Ibuprofen_glycine,mzspec:GNPS:MULTIPLEX-SYNTHESIS-LIBRARY-ALL-PARTITION-6:accession:CCMSLIB00016273783,0.0,mzspec:MSV000096359:peak/Burnett_RisePlus_Allmzml/P7_H2_364433208.mzML:scan:2024,1,0.95,6,0,MSV000096359,NoID,temp/queries/52/52aa2e45004a40fe945c369de20709a3/52aa2e45004a40fe945c369de20709a3.mgf,1,264,411723
Ibuprofen_glycine,mzspec:GNPS:MULTIPLEX-SYNTHESIS-LIBRARY-ALL-PARTITION-6:accession:CCMSLIB00016273783,0.0,mzspec:MSV000096359:ccms_peak/RAW/5_6_7/P7_H2_364433208.mzML:scan:2024,1,0.95,6,0,MSV000096359,NoID,temp/queries/52/52aa2e45004a40fe945c369de20709a3/52aa2e45004a40fe945c369de20709a3.mgf,1,264,411911
Ibuprofen_glycine,mzspec:GNPS:MULTIPLEX-SYNTHESIS-LIBRARY-ALL-PARTITION-6:accession:CCMSLIB00016273783,0.0,mzspec:MSV000096359:ccms_peak/RAW/5_6_7/P6_E2_364302431.mzML:scan:2172,1,0.95,6,0,MSV000096359,NoID,temp/queries/52/52aa2e45004a40fe945c369de20709a3/52aa2e45004a40fe945c369de20709a3.mgf,1,264,411852
Ibuprofen_glycine,mzspec:GNPS:MULTIPLEX-SYNTHESIS-LIBRARY-ALL-PARTITION-6:accession:CCMSLIB00016273783,0.0,mzspec:MSV000096359:peak/Burnett_RisePlus_Allmzml/P6_E2_364302431.mzML:scan:2172,1,0.95,6,0,MSV000096359,NoID,temp/queries/52/52aa2e45004a40fe945c369de20709a3/52aa2e45004a40fe945c369de20709a3.mgf,1,264,414614
Ibuprofen_glycine,mzspec:GNPS:MULTIPLEX-SYNTHESIS-LIBRARY-ALL-PARTITION-6:accession:CCMSLIB00016273783,0.0,mzspec:MSV000096359:peak/Burnett_RisePlus_Allmzml/P9_E8_364302383.mzML:scan:2070,1,0.95,6,0,MSV000096359,NoID,temp/queries/52/52aa2e45004a40fe945c369de20709a3/52aa2e45004a40fe945c369de20709a3.mgf,1,264,413828
Ibuprofen_glycine,mzspec:GNPS:MULTIPLEX-SYNTHESIS-LIBRARY-ALL-PARTITION-6:accession:CCMSLIB00016273783,0.0,mzspec:MSV000096359:ccms_peak/RAW/8_9/P9_E8_364302383.mzML:scan:2070,1,0.95,6,0,MSV000096359,NoID,temp/queries/52/52aa2e45004a40fe945c369de20709a3/52aa2e45004a40fe945c369de20709a3.mgf,1,264,408885
Ibuprofen_glycine,mzspec:GNPS:MULTIPLEX-SYNTHESIS-LIBRARY-ALL-PARTITION-6:accession:CCMSLIB00016273783,0.0,mzspec:MSV000096359:ccms_peak/RAW/5_6_7/P7_G8_364433190.mzML:scan:2170,1,0.94,6,0,MSV000096359,NoID,temp/queries/52/52aa2e45004a40fe945c369de20709a3/52aa2e45004a40fe945c369de20709a3.mgf,1,264,412434
Ibuprofen_glycine,mzspec:GNPS:MULTIPLEX-SYNTHESIS-LIBRARY-ALL-PARTITION-6:accession:CCMSLIB00016273783,0.0,mzspec:MSV000096359:peak/Burnett_RisePlus_Allmzml/P3_H1_364172683.mzML:scan:2120,1,0.94,6,0,MSV000096359,NoID,temp/queries/52/52aa2e45004a40fe945c369de20709a3/52aa2e45004a40fe945c369de20709a3.mgf,1,264,412625
Ibuprofen_glycine,mzspec:GNPS:MULTIPLEX-SYNTHESIS-LIBRARY-ALL-PARTITION-6:accession:CCMSLIB00016273783,0.0,mzspec:MSV000096359:ccms_peak/RAW/2_3_4/P4_G10_364302400.mzML:scan:2113,1,0.94,5,0,MSV000096359,NoID,temp/queries/52/52aa2e45004a40fe945c369de20709a3/52aa2e45004a40fe945c369de20709a3.mgf,1,264,413641
Ibuprofen_glycine,mzspec:GNPS:MULTIPLEX-SYNTHESIS-LIBRARY-ALL-PARTITION-6:accession:CCMSLIB00016273783,0.0,mzspec:MSV000096359:ccms_peak/RAW/2_3_4/P2_D9_364172752.mzML:scan:2131,1,0.94,6,0,MSV000096359,NoID,temp/queries/52/52aa2e45004a40fe945c369de20709a3/52aa2e45004a40fe945c369de20709a3.mgf,1,264,411374
Ibuprofen_glycine,mzspec:GNPS:MULTIPLEX-SYNTHESIS-LIBRARY-ALL-PARTITION-6:accession:CCMSLIB00016273783,0.0,mzspec:MSV000096359:peak/Burnett_RisePlus_Allmzml/P7_G8_364433190.mzML:scan:2170,1,0.94,6,0,MSV000096359,NoID,temp/queries/52/52aa2e45004a40fe945c369de20709a3/52aa2e45004a40fe945c369de20709a3.mgf,1,264,408664
Ibuprofen_glycine,mzspec:GNPS:MULTIPLEX-SYNTHESIS-LIBRARY-ALL-PARTITION-6:accession:CCMSLIB00016273783,0.0,mzspec:MSV000096359:ccms_peak/RAW/2_3_4/P3_H1_364172683.mzML:scan:2120,1,0.94,6,0,MSV000096359,NoID,temp/queries/52/52aa2e45004a40fe945c369de20709a3/52aa2e45004a40fe945c369de20709a3.mgf,1,264,409069
Ibuprofen_glycine,mzspec:GNPS:MULTIPLEX-SYNTHESIS-LIBRARY-ALL-PARTITION-6:accession:CCMSLIB00016273783,0.0,mzspec:MSV000096359:ccms_peak/RAW/2_3_4/P3_C3_364172688.mzML:scan:2139,1,0.94,5,0,MSV000096359,NoID,temp/queries/52/52aa2e45004a40fe945c369de20709a3/52aa2e45004a40fe945c369de20709a3.mgf,1,264,412673
Ibuprofen_glycine,mzspec:GNPS:MULTIPLEX-SYNTHESIS-LIBRARY-ALL-PARTITION-6:accession:CCMSLIB00016273783,0.0,mzspec:MSV000096359:peak/Burnett_RisePlus_Allmzml/P2_D9_364172752.mzML:scan:2131,1,0.94,6,0,MSV000096359,NoID,temp/queries/52/52aa2e45004a40fe945c369de20709a3/52aa2e45004a40fe945c369de20709a3.mgf,1,264,414172
Ibuprofen_glycine,mzspec:GNPS:MULTIPLEX-SYNTHESIS-LIBRARY-ALL-PARTITION-6:accession:CCMSLIB00016273783,0.0,mzspec:MSV000096359:ccms_peak/RAW/2_3_4/P3_B4_364172702.mzML:scan:2140,1,0.94,6,0,MSV000096359,NoID,temp/queries/52/52aa2e45004a40fe945c369de20709a3/52aa2e45004a40fe945c369de20709a3.mgf,1,264,414607
Ibuprofen_glycine,mzspec:GNPS:MULTIPLEX-SYNTHESIS-LIBRARY-ALL-PARTITION-6:accession:CCMSLIB00016273783,0.0,mzspec:MSV000096359:peak/Burnett_RisePlus_Allmzml/P5_H7_364173105.mzML:scan:2132,1,0.94,5,0,MSV000096359,NoID,temp/queries/52/52aa2e45004a40fe945c369de20709a3/52aa2e45004a40fe945c369de20709a3.mgf,1,264,410352
Ibuprofen_glycine,mzspec:GNPS:MULTIPLEX-SYNTHESIS-LIBRARY-ALL-PARTITION-6:accession:CCMSLIB00016273783,0.0,mzspec:MSV000082261:ccms_peak/raw_files/samples/11129_NT1D003_JJK_Ur.mzML:scan:2026,1,0.94,4,0,MSV000082261,NoID,temp/queries/52/52aa2e45004a40fe945c369de20709a3/52aa2e45004a40fe945c369de20709a3.mgf,1,264,420823
Ibuprofen_glycine,mzspec:GNPS:MULTIPLEX-SYNTHESIS-LIBRARY-ALL-PARTITION-6:accession:CCMSLIB00016273783,0.0,mzspec:MSV000084112:ccms_peak/Urine_Data/11129_NT1D003_JJK_Ur.mzML:scan:2026,1,0.94,4,0,MSV000084112,NoID,temp/queries/52/52aa2e45004a40fe945c369de20709a3/52aa2e45004a40fe945c369de20709a3.mgf,1,264,826134
Ibuprofen_glycine,mzspec:GNPS:MULTIPLEX-SYNTHESIS-LIBRARY-ALL-PARTITION-6:accession:CCMSLIB00016273783,0.0,mzspec:MSV000096359:peak/Burnett_RisePlus_Allmzml/P3_C3_364172688.mzML:scan:2139,1,0.94,5,0,MSV000096359,NoID,temp/queries/52/52aa2e45004a40fe945c369de20709a3/52aa2e45004a40fe945c369de20709a3.mgf,1,264,414982
Ibuprofen_glycine,mzspec:GNPS:MULTIPLEX-SYNTHESIS-LIBRARY-ALL-PARTITION-6:accession:CCMSLIB00016273783,0.0,mzspec:MSV000096359:peak/Burnett_RisePlus_Allmzml/P4_G10_364302400.mzML:scan:2113,1,0.94,5,0,MSV000096359,NoID,temp/queries/52/52aa2e45004a40fe945c369de20709a3/52aa2e45004a40fe945c369de20709a3.mgf,1,264,414180
Ibuprofen_glycine,mzspec:GNPS:MULTIPLEX-SYNTHESIS-LIBRARY-ALL-PARTITION-6:accession:CCMSLIB00016273783,0.0,mzspec:MSV000082433:ccms_peak/raw/20161103_Amerindian_Plate6/509.mzML:scan:1946,1,0.94,4,0,MSV000082433,NoID,temp/queries/52/52aa2e45004a40fe945c369de20709a3/52aa2e45004a40fe945c369de20709a3.mgf,1,264,785956
Ibuprofen_glycine,mzspec:GNPS:MULTIPLEX-SYNTHESIS-LIBRARY-ALL-PARTITION-6:accession:CCMSLIB00016273783,0.0,mzspec:MSV000097935:peak/mzML/Plate5/P5_G10_01LJ04186_V5.mzML:scan:1827,1,0.94,6,0,MSV000097935,NoID,temp/queries/52/52aa2e45004a40fe945c369de20709a3/52aa2e45004a40fe945c369de20709a3.mgf,1,264,129323
Ibuprofen_glycine,mzspec:GNPS:MULTIPLEX-SYNTHESIS-LIBRARY-ALL-PARTITION-6:accession:CCMSLIB00016273783,0.0,mzspec:MSV000096359:ccms_peak/RAW/5_6_7/P5_H7_364173105.mzML:scan:2132,1,0.94,5,0,MSV000096359,NoID,temp/queries/52/52aa2e45004a40fe945c369de20709a3/52aa2e45004a40fe945c369de20709a3.mgf,1,264,408170
Ibuprofen_glycine,mzspec:GNPS:MULTIPLEX-SYNTHESIS-LIBRARY-ALL-PARTITION-6:accession:CCMSLIB00016273783,0.0,mzspec:MSV000097935:ccms_peak/mzML/Plate5/P5_G10_01LJ04186_V5.mzML:scan:1827,1,0.94,6,0,MSV000097935,NoID,temp/queries/52/52aa2e45004a40fe945c369de20709a3/52aa2e45004a40fe945c369de20709a3.mgf,1,264,128356
Ibuprofen_glycine,mzspec:GNPS:MULTIPLEX-SYNTHESIS-LIBRARY-ALL-PARTITION-6:accession:CCMSLIB00016273783,0.0,mzspec:MSV000096359:peak/Burnett_RisePlus_Allmzml/P3_B4_364172702.mzML:scan:2140,1,0.94,6,0,MSV000096359,NoID,temp/queries/52/52aa2e45004a40fe945c369de20709a3/52aa2e45004a40fe945c369de20709a3.mgf,1,264,408459
Ibuprofen_glycine,mzspec:GNPS:MULTIPLEX-SYNTHESIS-LIBRARY-ALL-PARTITION-6:accession:CCMSLIB00016273783,0.0,mzspec:MSV000096359:peak/Burnett_RisePlus_Allmzml/P8_C5_364306666.mzML:scan:2120,1,0.93,6,0,MSV000096359,NoID,temp/queries/52/52aa2e45004a40fe945c369de20709a3/52aa2e45004a40fe945c369de20709a3.mgf,1,264,409670
Ibuprofen_glycine,mzspec:GNPS:MULTIPLEX-SYNTHESIS-LIBRARY-ALL-PARTITION-6:accession:CCMSLIB00016273783,0.0,mzspec:MSV000096359:ccms_peak/RAW/2_3_4/P2_D3_364172974.mzML:scan:2204,1,0.93,6,0,MSV000096359,NoID,temp/queries/52/52aa2e45004a40fe945c369de20709a3/52aa2e45004a40fe945c369de20709a3.mgf,1,264,408958
Ibuprofen_glycine,mzspec:GNPS:MULTIPLEX-SYNTHESIS-LIBRARY-ALL-PARTITION-6:accession:CCMSLIB00016273783,0.0,mzspec:MSV000096359:ccms_peak/RAW/2_3_4/P4_B8_364302588.mzML:scan:2176,1,0.93,6,0,MSV000096359,NoID,temp/queries/52/52aa2e45004a40fe945c369de20709a3/52aa2e45004a40fe945c369de20709a3.mgf,1,264,412460
Ibuprofen_glycine,mzspec:GNPS:MULTIPLEX-SYNTHESIS-LIBRARY-ALL-PARTITION-6:accession:CCMSLIB00016273783,0.0,mzspec:MSV000096359:ccms_peak/RAW/5_6_7/P6_B7_364302477.mzML:scan:2147,1,0.93,6,0,MSV000096359,NoID,temp/queries/52/52aa2e45004a40fe945c369de20709a3/52aa2e45004a40fe945c369de20709a3.mgf,1,264,414534
Ibuprofen_glycine,mzspec:GNPS:MULTIPLEX-SYNTHESIS-LIBRARY-ALL-PARTITION-6:accession:CCMSLIB00016273783,0.0,mzspec:MSV000096359:peak/Burnett_RisePlus_Allmzml/P2_D3_364172974.mzML:scan:2204,1,0.93,6,0,MSV000096359,NoID,temp/queries/52/52aa2e45004a40fe945c369de20709a3/52aa2e45004a40fe945c369de20709a3.mgf,1,264,410677
Ibuprofen_glycine,mzspec:GNPS:MULTIPLEX-SYNTHESIS-LIBRARY-ALL-PARTITION-6:accession:CCMSLIB00016273783,0.0,mzspec:MSV000096359:peak/Burnett_RisePlus_Allmzml/P4_B8_364302588.mzML:scan:2176,1,0.93,6,0,MSV000096359,NoID,temp/queries/52/52aa2e45004a40fe945c369de20709a3/52aa2e45004a40fe945c369de20709a3.mgf,1,264,410913
Ibuprofen_glycine,mzspec:GNPS:MULTIPLEX-SYNTHESIS-LIBRARY-ALL-PARTITION-6:accession:CCMSLIB00016273783,0.0,mzspec:MSV000096359:peak/Burnett_RisePlus_Allmzml/P3_B2_364172686.mzML:scan:2130,1,0.93,5,0,MSV000096359,NoID,temp/queries/52/52aa2e45004a40fe945c369de20709a3/52aa2e45004a40fe945c369de20709a3.mgf,1,264,411652
Ibuprofen_glycine,mzspec:GNPS:MULTIPLEX-SYNTHESIS-LIBRARY-ALL-PARTITION-6:accession:CCMSLIB00016273783,0.0,mzspec:MSV000096359:ccms_peak/RAW/2_3_4/P3_B2_364172686.mzML:scan:2130,1,0.93,5,0,MSV000096359,NoID,temp/queries/52/52aa2e45004a40fe945c369de20709a3/52aa2e45004a40fe945c369de20709a3.mgf,1,264,410347
Ibuprofen_glycine,mzspec:GNPS:MULTIPLEX-SYNTHESIS-LIBRARY-ALL-PARTITION-6:accession:CCMSLIB00016273783,0.0,mzspec:MSV000096359:peak/Burnett_RisePlus_Allmzml/P6_B7_364302477.mzML:scan:2147,1,0.93,6,0,MSV000096359,NoID,temp/queries/52/52aa2e45004a40fe945c369de20709a3/52aa2e45004a40fe945c369de20709a3.mgf,1,264,411839
Ibuprofen_glycine,mzspec:GNPS:MULTIPLEX-SYNTHESIS-LIBRARY-ALL-PARTITION-6:accession:CCMSLIB00016273783,0.0,mzspec:MSV000096359:ccms_peak/RAW/8_9/P8_C5_364306666.mzML:scan:2120,1,0.93,6,0,MSV000096359,NoID,temp/queries/52/52aa2e45004a40fe945c369de20709a3/52aa2e45004a40fe945c369de20709a3.mgf,1,264,412129
Ibuprofen_glycine,mzspec:GNPS:MULTIPLEX-SYNTHESIS-LIBRARY-ALL-PARTITION-6:accession:CCMSLIB00016273783,0.0,mzspec:MSV000097935:ccms_peak/mzML/Plate2/P2_D10_01LJ00544_V5.mzML:scan:1772,1,0.92,5,0,MSV000097935,NoID,temp/queries/52/52aa2e45004a40fe945c369de20709a3/52aa2e45004a40fe945c369de20709a3.mgf,1,264,127931
Ibuprofen_glycine,mzspec:GNPS:MULTIPLEX-SYNTHESIS-LIBRARY-ALL-PARTITION-6:accession:CCMSLIB00016273783,0.0,mzspec:MSV000097935:peak/mzML/Plate2/P2_D10_01LJ00544_V5.mzML:scan:1772,1,0.92,5,0,MSV000097935,NoID,temp/queries/52/52aa2e45004a40fe945c369de20709a3/52aa2e45004a40fe945c369de20709a3.mgf,1,264,129153
Ibuprofen_glycine,mzspec:GNPS:MULTIPLEX-SYNTHESIS-LIBRARY-ALL-PARTITION-6:accession:CCMSLIB00016273783,0.0,mzspec:MSV000096359:peak/Burnett_RisePlus_Allmzml/P2_D8_364172749.mzML:scan:2234,1,0.9,5,0,MSV000096359,NoID,temp/queries/52/52aa2e45004a40fe945c369de20709a3/52aa2e45004a40fe945c369de20709a3.mgf,1,264,409164
Ibuprofen_glycine,mzspec:GNPS:MULTIPLEX-SYNTHESIS-LIBRARY-ALL-PARTITION-6:accession:CCMSLIB00016273783,0.0,mzspec:MSV000096359:ccms_peak/RAW/2_3_4/P2_D8_364172749.mzML:scan:2234,1,0.9,5,0,MSV000096359,NoID,temp/queries/52/52aa2e45004a40fe945c369de20709a3/52aa2e45004a40fe945c369de20709a3.mgf,1,264,410641
Ibuprofen_glycine,mzspec:GNPS:MULTIPLEX-SYNTHESIS-LIBRARY-ALL-PARTITION-6:accession:CCMSLIB00016273783,0.0,mzspec:MSV000082261:ccms_peak/raw_files/samples/11129_OH023_JJK_Ur.mzML:scan:2128,1,0.9,4,0,MSV000082261,NoID,temp/queries/52/52aa2e45004a40fe945c369de20709a3/52aa2e45004a40fe945c369de20709a3.mgf,1,264,420554
Ibuprofen_glycine,mzspec:GNPS:MULTIPLEX-SYNTHESIS-LIBRARY-ALL-PARTITION-6:accession:CCMSLIB00016273783,-0.0,mzspec:MSV000082083:ccms_peak/MORDOR_raw/raw/Mo_2017_DOM_179.mzML:scan:1617,1,0.9,2,0,MSV000082083,NoID,temp/queries/52/52aa2e45004a40fe945c369de20709a3/52aa2e45004a40fe945c369de20709a3.mgf,1,264,901053
Ibuprofen_glycine,mzspec:GNPS:MULTIPLEX-SYNTHESIS-LIBRARY-ALL-PARTITION-6:accession:CCMSLIB00016273783,-0.0,mzspec:MSV000082083:ccms_peak/MORDOR_raw/raw/Mo_2017_DOM_180.mzML:scan:1637,1,0.9,2,0,MSV000082083,NoID,temp/queries/52/52aa2e45004a40fe945c369de20709a3/52aa2e45004a40fe945c369de20709a3.mgf,1,264,912586
Ibuprofen_glycine,mzspec:GNPS:MULTIPLEX-SYNTHESIS-LIBRARY-ALL-PARTITION-6:accession:CCMSLIB00016273783,0.0,mzspec:MSV000084112:ccms_peak/Urine_Data/11129_OH023_JJK_Ur.mzML:scan:2128,1,0.9,4,0,MSV000084112,NoID,temp/queries/52/52aa2e45004a40fe945c369de20709a3/52aa2e45004a40fe945c369de20709a3.mgf,1,264,826164
Ibuprofen_glycine,mzspec:GNPS:MULTIPLEX-SYNTHESIS-LIBRARY-ALL-PARTITION-6:accession:CCMSLIB00016273783,0.0,mzspec:MSV000096359:ccms_peak/RAW/8_9/P9_A3_364302341.mzML:scan:2070,1,0.88,5,0,MSV000096359,NoID,temp/queries/52/52aa2e45004a40fe945c369de20709a3/52aa2e45004a40fe945c369de20709a3.mgf,1,264,409956
Ibuprofen_glycine,mzspec:GNPS:MULTIPLEX-SYNTHESIS-LIBRARY-ALL-PARTITION-6:accession:CCMSLIB00016273783,0.0,mzspec:MSV000096359:peak/Burnett_RisePlus_Allmzml/P9_A3_364302341.mzML:scan:2070,1,0.88,5,0,MSV000096359,NoID,temp/queries/52/52aa2e45004a40fe945c369de20709a3/52aa2e45004a40fe945c369de20709a3.mgf,1,264,412028
Ibuprofen_glycine,mzspec:GNPS:MULTIPLEX-SYNTHESIS-LIBRARY-ALL-PARTITION-6:accession:CCMSLIB00016273783,0.0,mzspec:MSV000096359:peak/Burnett_RisePlus_Allmzml/P7_A6_364433148.mzML:scan:2182,1,0.87,5,0,MSV000096359,NoID,temp/queries/52/52aa2e45004a40fe945c369de20709a3/52aa2e45004a40fe945c369de20709a3.mgf,1,264,409608
Ibuprofen_glycine,mzspec:GNPS:MULTIPLEX-SYNTHESIS-LIBRARY-ALL-PARTITION-6:accession:CCMSLIB00016273783,0.0,mzspec:MSV000096359:peak/Burnett_RisePlus_Allmzml/P4_C1_364302514.mzML:scan:2140,1,0.87,5,0,MSV000096359,NoID,temp/queries/52/52aa2e45004a40fe945c369de20709a3/52aa2e45004a40fe945c369de20709a3.mgf,1,264,410313
Ibuprofen_glycine,mzspec:GNPS:MULTIPLEX-SYNTHESIS-LIBRARY-ALL-PARTITION-6:accession:CCMSLIB00016273783,0.0,mzspec:MSV000096359:ccms_peak/RAW/2_3_4/P4_C1_364302514.mzML:scan:2140,1,0.87,5,0,MSV000096359,NoID,temp/queries/52/52aa2e45004a40fe945c369de20709a3/52aa2e45004a40fe945c369de20709a3.mgf,1,264,412873
Ibuprofen_glycine,mzspec:GNPS:MULTIPLEX-SYNTHESIS-LIBRARY-ALL-PARTITION-6:accession:CCMSLIB00016273783,0.0,mzspec:MSV000096359:ccms_peak/RAW/5_6_7/P7_A6_364433148.mzML:scan:2182,1,0.87,5,0,MSV000096359,NoID,temp/queries/52/52aa2e45004a40fe945c369de20709a3/52aa2e45004a40fe945c369de20709a3.mgf,1,264,408255
Ibuprofen_glycine,mzspec:GNPS:MULTIPLEX-SYNTHESIS-LIBRARY-ALL-PARTITION-6:accession:CCMSLIB00016273783,0.0,mzspec:MSV000096359:peak/Burnett_RisePlus_Allmzml/P7_C7_364422807.mzML:scan:2070,1,0.86,5,0,MSV000096359,NoID,temp/queries/52/52aa2e45004a40fe945c369de20709a3/52aa2e45004a40fe945c369de20709a3.mgf,1,264,411889
Ibuprofen_glycine,mzspec:GNPS:MULTIPLEX-SYNTHESIS-LIBRARY-ALL-PARTITION-6:accession:CCMSLIB00016273783,0.0,mzspec:MSV000096359:ccms_peak/RAW/5_6_7/P7_C7_364422807.mzML:scan:2070,1,0.86,5,0,MSV000096359,NoID,temp/queries/52/52aa2e45004a40fe945c369de20709a3/52aa2e45004a40fe945c369de20709a3.mgf,1,264,410184
Ibuprofen_glycine,mzspec:GNPS:MULTIPLEX-SYNTHESIS-LIBRARY-ALL-PARTITION-6:accession:CCMSLIB00016273783,0.0,mzspec:MSV000096359:ccms_peak/RAW/5_6_7/P7_C2_364433166.mzML:scan:2177,1,0.85,5,0,MSV000096359,NoID,temp/queries/52/52aa2e45004a40fe945c369de20709a3/52aa2e45004a40fe945c369de20709a3.mgf,1,264,410725
Ibuprofen_glycine,mzspec:GNPS:MULTIPLEX-SYNTHESIS-LIBRARY-ALL-PARTITION-6:accession:CCMSLIB00016273783,0.0,mzspec:MSV000096359:peak/Burnett_RisePlus_Allmzml/P3_E2_364172693.mzML:scan:2195,1,0.85,5,0,MSV000096359,NoID,temp/queries/52/52aa2e45004a40fe945c369de20709a3/52aa2e45004a40fe945c369de20709a3.mgf,1,264,411072
Ibuprofen_glycine,mzspec:GNPS:MULTIPLEX-SYNTHESIS-LIBRARY-ALL-PARTITION-6:accession:CCMSLIB00016273783,0.0,mzspec:MSV000096359:ccms_peak/RAW/2_3_4/P3_E2_364172693.mzML:scan:2195,1,0.85,5,0,MSV000096359,NoID,temp/queries/52/52aa2e45004a40fe945c369de20709a3/52aa2e45004a40fe945c369de20709a3.mgf,1,264,412417
Ibuprofen_glycine,mzspec:GNPS:MULTIPLEX-SYNTHESIS-LIBRARY-ALL-PARTITION-6:accession:CCMSLIB00016273783,0.0,mzspec:MSV000096359:peak/Burnett_RisePlus_Allmzml/P7_C2_364433166.mzML:scan:2177,1,0.85,5,0,MSV000096359,NoID,temp/queries/52/52aa2e45004a40fe945c369de20709a3/52aa2e45004a40fe945c369de20709a3.mgf,1,264,408621
Ibuprofen_glycine,mzspec:GNPS:MULTIPLEX-SYNTHESIS-LIBRARY-ALL-PARTITION-6:accession:CCMSLIB00016273783,0.0,mzspec:MSV000096359:peak/Burnett_RisePlus_Allmzml/P7_D10_364433419.mzML:scan:2130,1,0.84,6,0,MSV000096359,NoID,temp/queries/52/52aa2e45004a40fe945c369de20709a3/52aa2e45004a40fe945c369de20709a3.mgf,1,264,413444
Ibuprofen_glycine,mzspec:GNPS:MULTIPLEX-SYNTHESIS-LIBRARY-ALL-PARTITION-6:accession:CCMSLIB00016273783,0.0,mzspec:MSV000092945:peak/mzML/PLT7_ISP2_D8.mzML:scan:1302,1,0.84,3,0,MSV000092945,NoID,temp/queries/52/52aa2e45004a40fe945c369de20709a3/52aa2e45004a40fe945c369de20709a3.mgf,1,264,457700
Ibuprofen_glycine,mzspec:GNPS:MULTIPLEX-SYNTHESIS-LIBRARY-ALL-PARTITION-6:accession:CCMSLIB00016273783,0.0,mzspec:MSV000096359:ccms_peak/RAW/5_6_7/P7_D10_364433419.mzML:scan:2130,1,0.84,6,0,MSV000096359,NoID,temp/queries/52/52aa2e45004a40fe945c369de20709a3/52aa2e45004a40fe945c369de20709a3.mgf,1,264,414513
Ibuprofen_glycine,mzspec:GNPS:MULTIPLEX-SYNTHESIS-LIBRARY-ALL-PARTITION-6:accession:CCMSLIB00016273783,0.0,mzspec:MSV000082261:ccms_peak/raw_files/samples/11129_NH022_JJK_Ur.mzML:scan:2015,1,0.83,3,0,MSV000082261,NoID,temp/queries/52/52aa2e45004a40fe945c369de20709a3/52aa2e45004a40fe945c369de20709a3.mgf,1,264,421039
Ibuprofen_glycine,mzspec:GNPS:MULTIPLEX-SYNTHESIS-LIBRARY-ALL-PARTITION-6:accession:CCMSLIB00016273783,0.0,mzspec:MSV000084112:ccms_peak/Urine_Data/11129_NH022_JJK_Ur.mzML:scan:2015,1,0.83,3,0,MSV000084112,NoID,temp/queries/52/52aa2e45004a40fe945c369de20709a3/52aa2e45004a40fe945c369de20709a3.mgf,1,264,826326
Ibuprofen_glycine,mzspec:GNPS:MULTIPLEX-SYNTHESIS-LIBRARY-ALL-PARTITION-6:accession:CCMSLIB00016273783,0.0,mzspec:MSV000098437:peak/Urine_Hzrd_P1_P2_mzml/P1_C7_647230.mzML:scan:2248,1,0.82,4,0,MSV000098437,NoID,temp/queries/52/52aa2e45004a40fe945c369de20709a3/52aa2e45004a40fe945c369de20709a3.mgf,1,264,147195
Ibuprofen_glycine,mzspec:GNPS:MULTIPLEX-SYNTHESIS-LIBRARY-ALL-PARTITION-6:accession:CCMSLIB00016273783,0.0,mzspec:MSV000096359:ccms_peak/RAW/8_9/P9_D4_364302360.mzML:scan:2137,1,0.82,6,0,MSV000096359,NoID,temp/queries/52/52aa2e45004a40fe945c369de20709a3/52aa2e45004a40fe945c369de20709a3.mgf,1,264,409063
Ibuprofen_glycine,mzspec:GNPS:MULTIPLEX-SYNTHESIS-LIBRARY-ALL-PARTITION-6:accession:CCMSLIB00016273783,0.0,mzspec:MSV000096359:peak/Burnett_RisePlus_Allmzml/P9_D4_364302360.mzML:scan:2137,1,0.82,6,0,MSV000096359,NoID,temp/queries/52/52aa2e45004a40fe945c369de20709a3/52aa2e45004a40fe945c369de20709a3.mgf,1,264,409794
Ibuprofen_glycine,mzspec:GNPS:MULTIPLEX-SYNTHESIS-LIBRARY-ALL-PARTITION-6:accession:CCMSLIB00016273783,0.0,mzspec:MSV000096359:ccms_peak/RAW/5_6_7/P5_B8_364173117.mzML:scan:2122,1,0.81,4,0,MSV000096359,NoID,temp/queries/52/52aa2e45004a40fe945c369de20709a3/52aa2e45004a40fe945c369de20709a3.mgf,1,264,409251
Ibuprofen_glycine,mzspec:GNPS:MULTIPLEX-SYNTHESIS-LIBRARY-ALL-PARTITION-6:accession:CCMSLIB00016273783,0.0,mzspec:MSV000095726:peak/UMB_220_Duke_MZML/P1_D5_UMB64454.mzML:scan:2114,1,0.81,5,0,MSV000095726,NoID,temp/queries/52/52aa2e45004a40fe945c369de20709a3/52aa2e45004a40fe945c369de20709a3.mgf,1,264,766215
Ibuprofen_glycine,mzspec:GNPS:MULTIPLEX-SYNTHESIS-LIBRARY-ALL-PARTITION-6:accession:CCMSLIB00016273783,0.0,mzspec:MSV000096359:peak/Burnett_RisePlus_Allmzml/P5_B8_364173117.mzML:scan:2122,1,0.81,4,0,MSV000096359,NoID,temp/queries/52/52aa2e45004a40fe945c369de20709a3/52aa2e45004a40fe945c369de20709a3.mgf,1,264,413676
Ibuprofen_glycine,mzspec:GNPS:MULTIPLEX-SYNTHESIS-LIBRARY-ALL-PARTITION-6:accession:CCMSLIB00016273783,0.0,mzspec:MSV000081052:peak/Peak_List_Files/OMICS_WCB001_mock_1d_4_Lipid_016_NEG_150mm_21July16_Polaroid_HSST3-A923.mzML:scan:83,1,0.8,1,0,MSV000081052,NoID,temp/queries/52/52aa2e45004a40fe945c369de20709a3/52aa2e45004a40fe945c369de20709a3.mgf,1,264,979511
Ibuprofen_glycine,mzspec:GNPS:MULTIPLEX-SYNTHESIS-LIBRARY-ALL-PARTITION-6:accession:CCMSLIB00016273783,0.0,mzspec:MSV000083098:ccms_peak/FASTGRAD_CRUDESmzXML/GBMF18-01-7BDM.mzML:scan:1998,1,0.79,2,0,MSV000083098,NoID,temp/queries/52/52aa2e45004a40fe945c369de20709a3/52aa2e45004a40fe945c369de20709a3.mgf,1,264,257666
Ibuprofen_glycine,mzspec:GNPS:MULTIPLEX-SYNTHESIS-LIBRARY-ALL-PARTITION-6:accession:CCMSLIB00016273783,0.0,mzspec:MSV000096359:peak/Burnett_RisePlus_Allmzml/P4_C10_364302580.mzML:scan:2111,1,0.78,5,0,MSV000096359,NoID,temp/queries/52/52aa2e45004a40fe945c369de20709a3/52aa2e45004a40fe945c369de20709a3.mgf,1,264,411672
Ibuprofen_glycine,mzspec:GNPS:MULTIPLEX-SYNTHESIS-LIBRARY-ALL-PARTITION-6:accession:CCMSLIB00016273783,0.0,mzspec:MSV000096359:ccms_peak/RAW/2_3_4/P4_C10_364302580.mzML:scan:2111,1,0.78,5,0,MSV000096359,NoID,temp/queries/52/52aa2e45004a40fe945c369de20709a3/52aa2e45004a40fe945c369de20709a3.mgf,1,264,408617
Ibuprofen_glycine,mzspec:GNPS:MULTIPLEX-SYNTHESIS-LIBRARY-ALL-PARTITION-6:accession:CCMSLIB00016273783,0.0,mzspec:MSV000083098:ccms_peak/FASTGRAD_CRUDESmzXML/GBMF18-01-10BM.mzML:scan:2052,1,0.78,2,0,MSV000083098,NoID,temp/queries/52/52aa2e45004a40fe945c369de20709a3/52aa2e45004a40fe945c369de20709a3.mgf,1,264,257669
Ibuprofen_glycine,mzspec:GNPS:MULTIPLEX-SYNTHESIS-LIBRARY-ALL-PARTITION-6:accession:CCMSLIB00016273783,0.0,mzspec:MSV000083098:ccms_peak/GBMF18-01-10BDM_2.mzML:scan:1410,1,0.78,3,0,MSV000083098,NoID,temp/queries/52/52aa2e45004a40fe945c369de20709a3/52aa2e45004a40fe945c369de20709a3.mgf,1,264,257640
Ibuprofen_glycine,mzspec:GNPS:MULTIPLEX-SYNTHESIS-LIBRARY-ALL-PARTITION-6:accession:CCMSLIB00016273783,0.0,mzspec:MSV000093272:raw/20180918_KBL_TM_HILICZ_Lakes_Geodes-Mendota/rawdata/20180918_KBL_TM_Lakes_Mendota_DepthDate_QE-139_HILICZ-VF1_USHXG01161_POS_MSMS_7_ME-20170811-metabo-7_1_Rg70to1050-CE102040-9p5-S1_Run33.mzML:scan:1100,1,0.77,2,0,MSV000093272,NoID,temp/queries/52/52aa2e45004a40fe945c369de20709a3/52aa2e45004a40fe945c369de20709a3.mgf,1,264,224842
Ibuprofen_glycine,mzspec:GNPS:MULTIPLEX-SYNTHESIS-LIBRARY-ALL-PARTITION-6:accession:CCMSLIB00016273783,0.0,mzspec:MSV000093272:raw/20180918_KBL_TM_HILICZ_Lakes_Geodes-Mendota/rawdata/20180918_KBL_TM_Lakes_Mendota_DepthDate_QE-139_HILICZ-VF1_USHXG01161_POS_MSMS_15_ME-20170908-metabo-15_1_Rg70to1050-CE102040-11p5-S1_Run60.mzML:scan:1097,1,0.77,2,0,MSV000093272,NoID,temp/queries/52/52aa2e45004a40fe945c369de20709a3/52aa2e45004a40fe945c369de20709a3.mgf,1,264,224094
Ibuprofen_glycine,mzspec:GNPS:MULTIPLEX-SYNTHESIS-LIBRARY-ALL-PARTITION-6:accession:CCMSLIB00016273783,0.0,mzspec:MSV000081357:ccms_peak/mzXML/Samples_NonT1D_OverWeight/SEED_C18p_Sejal_U1_BB3_01_11419.mzXML:scan:1130,1,0.77,3,0,MSV000081357,NoID,temp/queries/52/52aa2e45004a40fe945c369de20709a3/52aa2e45004a40fe945c369de20709a3.mgf,1,264,1165934
Ibuprofen_glycine,mzspec:GNPS:MULTIPLEX-SYNTHESIS-LIBRARY-ALL-PARTITION-6:accession:CCMSLIB00016273783,0.0,mzspec:MSV000095726:peak/UMB_220_Duke_MZML/P1_E2_UMB73533.mzML:scan:2139,1,0.77,5,0,MSV000095726,NoID,temp/queries/52/52aa2e45004a40fe945c369de20709a3/52aa2e45004a40fe945c369de20709a3.mgf,1,264,766512
Ibuprofen_glycine,mzspec:GNPS:MULTIPLEX-SYNTHESIS-LIBRARY-ALL-PARTITION-6:accession:CCMSLIB00016273783,0.0,mzspec:MSV000085843:ccms_peak/raw/XA_Green_2.mzML:scan:1098,1,0.77,2,0,MSV000085843,NoID,temp/queries/52/52aa2e45004a40fe945c369de20709a3/52aa2e45004a40fe945c369de20709a3.mgf,1,264,510824
Ibuprofen_glycine,mzspec:GNPS:MULTIPLEX-SYNTHESIS-LIBRARY-ALL-PARTITION-6:accession:CCMSLIB00016273783,0.0,mzspec:MSV000083098:ccms_peak/FASTGRAD_CRUDESmzXML/GBMF18-01-10BDM.mzML:scan:2028,1,0.77,2,0,MSV000083098,NoID,temp/queries/52/52aa2e45004a40fe945c369de20709a3/52aa2e45004a40fe945c369de20709a3.mgf,1,264,257645
Ibuprofen_glycine,mzspec:GNPS:MULTIPLEX-SYNTHESIS-LIBRARY-ALL-PARTITION-6:accession:CCMSLIB00016273783,0.0,mzspec:MSV000094559:updates/2025-03-18_apatan_fc71856c/raw/03152025_jhonsnow/mzML/Hu_1197.mzML:scan:2435,1,0.77,2,0,MSV000094559,NoID,temp/queries/52/52aa2e45004a40fe945c369de20709a3/52aa2e45004a40fe945c369de20709a3.mgf,1,264,465367
Ibuprofen_glycine,mzspec:GNPS:MULTIPLEX-SYNTHESIS-LIBRARY-ALL-PARTITION-6:accession:CCMSLIB00016273783,0.0,mzspec:MSV000085843:ccms_peak/raw/XA_Green_3.mzML:scan:1033,1,0.76,2,0,MSV000085843,NoID,temp/queries/52/52aa2e45004a40fe945c369de20709a3/52aa2e45004a40fe945c369de20709a3.mgf,1,264,510674
Ibuprofen_glycine,mzspec:GNPS:MULTIPLEX-SYNTHESIS-LIBRARY-ALL-PARTITION-6:accession:CCMSLIB00016273783,0.0,mzspec:MSV000085843:ccms_peak/raw/XA_Green_3.mzML:scan:1117,1,0.76,2,0,MSV000085843,NoID,temp/queries/52/52aa2e45004a40fe945c369de20709a3/52aa2e45004a40fe945c369de20709a3.mgf,1,264,510676
Ibuprofen_glycine,mzspec:GNPS:MULTIPLEX-SYNTHESIS-LIBRARY-ALL-PARTITION-6:accession:CCMSLIB00016273783,0.0,mzspec:MSV000093272:raw/20180918_KBL_TM_HILICZ_Lakes_Geodes-Mendota/rawdata/20180918_KBL_TM_Lakes_Mendota_DepthDate_QE-139_HILICZ-VF1_USHXG01161_POS_MSMS_20_ME-20171004-metabo-20_1_Rg70to1050-CE102040-10p8-S1_Run80.mzML:scan:1058,1,0.76,2,0,MSV000093272,NoID,temp/queries/52/52aa2e45004a40fe945c369de20709a3/52aa2e45004a40fe945c369de20709a3.mgf,1,264,224269
Ibuprofen_glycine,mzspec:GNPS:MULTIPLEX-SYNTHESIS-LIBRARY-ALL-PARTITION-6:accession:CCMSLIB00016273783,0.0,mzspec:MSV000093272:raw/20180918_KBL_TM_HILICZ_Lakes_Geodes-Mendota/rawdata/20180918_KBL_TM_Lakes_Mendota_DepthDate_QE-139_HILICZ-VF1_USHXG01161_POS_MSMS_7_ME-20170811-metabo-7_1_Rg70to1050-CE102040-9p5-S1_Run33.mzML:scan:1166,1,0.76,2,0,MSV000093272,NoID,temp/queries/52/52aa2e45004a40fe945c369de20709a3/52aa2e45004a40fe945c369de20709a3.mgf,1,264,224843
Ibuprofen_glycine,mzspec:GNPS:MULTIPLEX-SYNTHESIS-LIBRARY-ALL-PARTITION-6:accession:CCMSLIB00016273783,0.0,mzspec:MSV000083098:ccms_peak/GBMF18-01-10BDM_2.mzML:scan:1484,1,0.76,2,0,MSV000083098,NoID,temp/queries/52/52aa2e45004a40fe945c369de20709a3/52aa2e45004a40fe945c369de20709a3.mgf,1,264,257641
Ibuprofen_glycine,mzspec:GNPS:MULTIPLEX-SYNTHESIS-LIBRARY-ALL-PARTITION-6:accession:CCMSLIB00016273783,0.0,mzspec:MSV000083098:ccms_peak/GBMF18-01-7BM_2.mzML:scan:1323,1,0.76,3,0,MSV000083098,NoID,temp/queries/52/52aa2e45004a40fe945c369de20709a3/52aa2e45004a40fe945c369de20709a3.mgf,1,264,257651
Ibuprofen_glycine,mzspec:GNPS:MULTIPLEX-SYNTHESIS-LIBRARY-ALL-PARTITION-6:accession:CCMSLIB00016273783,0.0,mzspec:MSV000093272:raw/20180918_KBL_TM_HILICZ_Lakes_Geodes-Mendota/rawdata/20180918_KBL_TM_Lakes_Mendota_DepthDate_QE-139_HILICZ-VF1_USHXG01161_POS_MSMS_16_ME-20170908-metabo-16_1_Rg70to1050-CE102040-0p1-S1_Run63.mzML:scan:1082,1,0.76,2,0,MSV000093272,NoID,temp/queries/52/52aa2e45004a40fe945c369de20709a3/52aa2e45004a40fe945c369de20709a3.mgf,1,264,224727
Ibuprofen_glycine,mzspec:GNPS:MULTIPLEX-SYNTHESIS-LIBRARY-ALL-PARTITION-6:accession:CCMSLIB00016273783,0.0,mzspec:MSV000093272:raw/20180918_KBL_TM_HILICZ_Lakes_Geodes-Mendota/rawdata/20180918_KBL_TM_Lakes_Mendota_DepthDate_QE-139_HILICZ-VF1_USHXG01161_POS_MSMS_16_ME-20170908-metabo-16_1_Rg70to1050-CE102040-0p1-S1_Run63.mzML:scan:1013,1,0.76,2,0,MSV000093272,NoID,temp/queries/52/52aa2e45004a40fe945c369de20709a3/52aa2e45004a40fe945c369de20709a3.mgf,1,264,224726
Ibuprofen_glycine,mzspec:GNPS:MULTIPLEX-SYNTHESIS-LIBRARY-ALL-PARTITION-6:accession:CCMSLIB00016273783,0.0,mzspec:MSV000095726:peak/UMB_220_Duke_MZML/P1_B6_UMB73641.mzML:scan:2095,1,0.76,5,0,MSV000095726,NoID,temp/queries/52/52aa2e45004a40fe945c369de20709a3/52aa2e45004a40fe945c369de20709a3.mgf,1,264,766833
Ibuprofen_glycine,mzspec:GNPS:MULTIPLEX-SYNTHESIS-LIBRARY-ALL-PARTITION-6:accession:CCMSLIB00016273783,0.0,mzspec:MSV000085843:ccms_peak/raw/XA_Green_2.mzML:scan:1019,1,0.76,2,0,MSV000085843,NoID,temp/queries/52/52aa2e45004a40fe945c369de20709a3/52aa2e45004a40fe945c369de20709a3.mgf,1,264,510822
Ibuprofen_glycine,mzspec:GNPS:MULTIPLEX-SYNTHESIS-LIBRARY-ALL-PARTITION-6:accession:CCMSLIB00016273783,0.0,mzspec:MSV000098437:peak/Urine_Hzrd_P1_P2_mzml/P1_D2_647301.mzML:scan:2149,1,0.75,3,0,MSV000098437,NoID,temp/queries/52/52aa2e45004a40fe945c369de20709a3/52aa2e45004a40fe945c369de20709a3.mgf,1,264,147142
Ibuprofen_glycine,mzspec:GNPS:MULTIPLEX-SYNTHESIS-LIBRARY-ALL-PARTITION-6:accession:CCMSLIB00016273783,-0.0,mzspec:MSV000089784:ccms_peak/Raw_Spectrum_Files/OMICS_IM102_AH1_1d_Lipid_2_053_NEG_150mm_10May15_Polaroid_14-12-16.mzML:scan:1751,1,0.75,1,0,MSV000089784,NoID,temp/queries/52/52aa2e45004a40fe945c369de20709a3/52aa2e45004a40fe945c369de20709a3.mgf,1,264,367957
Ibuprofen_glycine,mzspec:GNPS:MULTIPLEX-SYNTHESIS-LIBRARY-ALL-PARTITION-6:accession:CCMSLIB00016273783,0.0,mzspec:MSV000085843:ccms_peak/raw/XA_Green_3.mzML:scan:1012,1,0.75,2,0,MSV000085843,NoID,temp/queries/52/52aa2e45004a40fe945c369de20709a3/52aa2e45004a40fe945c369de20709a3.mgf,1,264,510673
Ibuprofen_glycine,mzspec:GNPS:MULTIPLEX-SYNTHESIS-LIBRARY-ALL-PARTITION-6:accession:CCMSLIB00016273783,-0.0,mzspec:MSV000079542:peak/Peak_List_Files/OMICS_IM102_AH1_1d_Lipid_2_053_NEG_150mm_10May15_Polaroid_14-12-16.mzML:scan:1751,1,0.75,1,0,MSV000079542,NoID,temp/queries/52/52aa2e45004a40fe945c369de20709a3/52aa2e45004a40fe945c369de20709a3.mgf,1,264,515386
Ibuprofen_glycine,mzspec:GNPS:MULTIPLEX-SYNTHESIS-LIBRARY-ALL-PARTITION-6:accession:CCMSLIB00016273783,-0.0,mzspec:MSV000079542:ccms_peak/Peak_List_Files/OMICS_IM102_AH1_1d_Lipid_2_053_NEG_150mm_10May15_Polaroid_14-12-16.mzML:scan:1751,1,0.75,1,0,MSV000079542,NoID,temp/queries/52/52aa2e45004a40fe945c369de20709a3/52aa2e45004a40fe945c369de20709a3.mgf,1,264,515909
Ibuprofen_glycine,mzspec:GNPS:MULTIPLEX-SYNTHESIS-LIBRARY-ALL-PARTITION-6:accession:CCMSLIB00016273783,0.0,mzspec:MSV000085843:ccms_peak/raw/XA_Green_3.mzML:scan:1095,1,0.75,2,0,MSV000085843,NoID,temp/queries/52/52aa2e45004a40fe945c369de20709a3/52aa2e45004a40fe945c369de20709a3.mgf,1,264,510675
Ibuprofen_glycine,mzspec:GNPS:MULTIPLEX-SYNTHESIS-LIBRARY-ALL-PARTITION-6:accession:CCMSLIB00016273783,0.0,mzspec:MSV000093272:raw/20180918_KBL_TM_HILICZ_Lakes_Geodes-Mendota/rawdata/20180918_KBL_TM_Lakes_Mendota_DepthDate_QE-139_HILICZ-VF1_USHXG01161_POS_MSMS_16_ME-20170908-metabo-16_1_Rg70to1050-CE102040-0p1-S1_Run63.mzML:scan:944,1,0.75,2,0,MSV000093272,NoID,temp/queries/52/52aa2e45004a40fe945c369de20709a3/52aa2e45004a40fe945c369de20709a3.mgf,1,264,224725
Ibuprofen_glycine,mzspec:GNPS:MULTIPLEX-SYNTHESIS-LIBRARY-ALL-PARTITION-6:accession:CCMSLIB00016273783,-0.0,mzspec:MSV000089784:peak/Peak_List_Files/OMICS_IM102_AH1_1d_Lipid_2_053_NEG_150mm_10May15_Polaroid_14-12-16.mzML:scan:1751,1,0.75,1,0,MSV000089784,NoID,temp/queries/52/52aa2e45004a40fe945c369de20709a3/52aa2e45004a40fe945c369de20709a3.mgf,1,264,367014
Ibuprofen_glycine,mzspec:GNPS:MULTIPLEX-SYNTHESIS-LIBRARY-ALL-PARTITION-6:accession:CCMSLIB00016273783,0.0,mzspec:MSV000083098:ccms_peak/GBMF18-01-3BM_2.mzML:scan:1362,1,0.74,2,0,MSV000083098,NoID,temp/queries/52/52aa2e45004a40fe945c369de20709a3/52aa2e45004a40fe945c369de20709a3.mgf,1,264,257638
Ibuprofen_glycine,mzspec:GNPS:MULTIPLEX-SYNTHESIS-LIBRARY-ALL-PARTITION-6:accession:CCMSLIB00016273783,0.0,mzspec:MSV000083098:ccms_peak/FASTGRAD_CRUDESmzXML/GBMF18-01-10BDM.mzML:scan:2069,1,0.74,2,0,MSV000083098,NoID,temp/queries/52/52aa2e45004a40fe945c369de20709a3/52aa2e45004a40fe945c369de20709a3.mgf,1,264,257646
Ibuprofen_glycine,mzspec:GNPS:MULTIPLEX-SYNTHESIS-LIBRARY-ALL-PARTITION-6:accession:CCMSLIB00016273783,0.01,mzspec:MTBLS12231:FILES/DERIVED_FILES/NEG/WT_67_1-E2_1_16269.mzML:scan:4294967295,1,0.74,1,0,MTBLS12231,NoID,temp/queries/52/52aa2e45004a40fe945c369de20709a3/52aa2e45004a40fe945c369de20709a3.mgf,1,264,1368259
Ibuprofen_glycine,mzspec:GNPS:MULTIPLEX-SYNTHESIS-LIBRARY-ALL-PARTITION-6:accession:CCMSLIB00016273783,0.0,mzspec:MSV000098437:peak/Urine_Hzrd_P1_P2_mzml/P1_A9_647253.mzML:scan:2137,1,0.74,4,0,MSV000098437,NoID,temp/queries/52/52aa2e45004a40fe945c369de20709a3/52aa2e45004a40fe945c369de20709a3.mgf,1,264,147157
Ibuprofen_glycine,mzspec:GNPS:MULTIPLEX-SYNTHESIS-LIBRARY-ALL-PARTITION-6:accession:CCMSLIB00016273783,0.0,mzspec:MSV000093272:raw/20180918_KBL_TM_HILICZ_Lakes_Geodes-Mendota/rawdata/20180918_KBL_TM_Lakes_Mendota_DepthDate_QE-139_HILICZ-VF1_USHXG01161_POS_MSMS_14_ME-20170908-metabo-14_1_Rg70to1050-CE102040-12p5-S1_Run57.mzML:scan:1085,1,0.74,2,0,MSV000093272,NoID,temp/queries/52/52aa2e45004a40fe945c369de20709a3/52aa2e45004a40fe945c369de20709a3.mgf,1,264,224828
Ibuprofen_glycine,mzspec:GNPS:MULTIPLEX-SYNTHESIS-LIBRARY-ALL-PARTITION-6:accession:CCMSLIB00016273783,0.0,mzspec:MSV000083098:ccms_peak/FASTGRAD_CRUDESmzXML/GBMF18-01-10BDM.mzML:scan:2214,1,0.74,2,0,MSV000083098,NoID,temp/queries/52/52aa2e45004a40fe945c369de20709a3/52aa2e45004a40fe945c369de20709a3.mgf,1,264,257647
Ibuprofen_glycine,mzspec:GNPS:MULTIPLEX-SYNTHESIS-LIBRARY-ALL-PARTITION-6:accession:CCMSLIB00016273783,0.0,mzspec:MSV000093272:raw/20180918_KBL_TM_HILICZ_Lakes_Geodes-Mendota/rawdata/20180918_KBL_TM_Lakes_Mendota_DepthDate_QE-139_HILICZ-VF1_USHXG01161_POS_MSMS_6_ME-20170811-metabo-6_1_Rg70to1050-CE102040-10p3-S1_Run30.mzML:scan:1130,1,0.73,2,0,MSV000093272,NoID,temp/queries/52/52aa2e45004a40fe945c369de20709a3/52aa2e45004a40fe945c369de20709a3.mgf,1,264,225059
Ibuprofen_glycine,mzspec:GNPS:MULTIPLEX-SYNTHESIS-LIBRARY-ALL-PARTITION-6:accession:CCMSLIB00016273783,0.0,mzspec:MSV000093272:raw/20180918_KBL_TM_HILICZ_Lakes_Geodes-Mendota/rawdata/20180918_KBL_TM_Lakes_Mendota_DepthDate_QE-139_HILICZ-VF1_USHXG01161_POS_MSMS_25_ME-20171019-metabo-25_1_Rg70to1050-CE102040-16p3-S1_Run98.mzML:scan:1029,1,0.73,2,0,MSV000093272,NoID,temp/queries/52/52aa2e45004a40fe945c369de20709a3/52aa2e45004a40fe945c369de20709a3.mgf,1,264,224016
Ibuprofen_glycine,mzspec:GNPS:MULTIPLEX-SYNTHESIS-LIBRARY-ALL-PARTITION-6:accession:CCMSLIB00016273783,-0.0,mzspec:MSV000083098:ccms_peak/GBMF18-01-7BDM_2.mzML:scan:1411,1,0.73,2,0,MSV000083098,NoID,temp/queries/52/52aa2e45004a40fe945c369de20709a3/52aa2e45004a40fe945c369de20709a3.mgf,1,264,257660
Ibuprofen_glycine,mzspec:GNPS:MULTIPLEX-SYNTHESIS-LIBRARY-ALL-PARTITION-6:accession:CCMSLIB00016273783,0.0,mzspec:MSV000083098:ccms_peak/GBMF18-01-7BDM_2.mzML:scan:1486,1,0.73,2,0,MSV000083098,NoID,temp/queries/52/52aa2e45004a40fe945c369de20709a3/52aa2e45004a40fe945c369de20709a3.mgf,1,264,257661
Ibuprofen_glycine,mzspec:GNPS:MULTIPLEX-SYNTHESIS-LIBRARY-ALL-PARTITION-6:accession:CCMSLIB00016273783,0.0,mzspec:MSV000093272:raw/20180918_KBL_TM_HILICZ_Lakes_Geodes-Mendota/rawdata/20180918_KBL_TM_Lakes_Mendota_DepthDate_QE-139_HILICZ-VF1_USHXG01161_POS_MSMS_15_ME-20170908-metabo-15_1_Rg70to1050-CE102040-11p5-S1_Run60.mzML:scan:1028,1,0.73,2,0,MSV000093272,NoID,temp/queries/52/52aa2e45004a40fe945c369de20709a3/52aa2e45004a40fe945c369de20709a3.mgf,1,264,224093
Ibuprofen_glycine,mzspec:GNPS:MULTIPLEX-SYNTHESIS-LIBRARY-ALL-PARTITION-6:accession:CCMSLIB00016273783,0.0,mzspec:MSV000083098:ccms_peak/GBMF18-01-10BM_2.mzML:scan:1421,1,0.73,2,0,MSV000083098,NoID,temp/queries/52/52aa2e45004a40fe945c369de20709a3/52aa2e45004a40fe945c369de20709a3.mgf,1,264,257634
Ibuprofen_glycine,mzspec:GNPS:MULTIPLEX-SYNTHESIS-LIBRARY-ALL-PARTITION-6:accession:CCMSLIB00016273783,0.0,mzspec:MSV000085843:ccms_peak/raw/XA_Green_2.mzML:scan:999,1,0.72,2,0,MSV000085843,NoID,temp/queries/52/52aa2e45004a40fe945c369de20709a3/52aa2e45004a40fe945c369de20709a3.mgf,1,264,510821
Ibuprofen_glycine,mzspec:GNPS:MULTIPLEX-SYNTHESIS-LIBRARY-ALL-PARTITION-6:accession:CCMSLIB00016273783,0.0,mzspec:MSV000083729:ccms_peak/StromTissuePos_mzXMLfiles/Stromatolite_Tissue_29_pos.mzML:scan:1138,1,0.72,2,0,MSV000083729,NoID,temp/queries/52/52aa2e45004a40fe945c369de20709a3/52aa2e45004a40fe945c369de20709a3.mgf,1,264,289086
Ibuprofen_glycine,mzspec:GNPS:MULTIPLEX-SYNTHESIS-LIBRARY-ALL-PARTITION-6:accession:CCMSLIB00016273783,0.0,mzspec:MSV000083729:ccms_peak/StromTissuePos_mzXMLfiles/Stromatolite_Tissue_64_pos.mzML:scan:1260,1,0.72,2,0,MSV000083729,NoID,temp/queries/52/52aa2e45004a40fe945c369de20709a3/52aa2e45004a40fe945c369de20709a3.mgf,1,264,289101
Ibuprofen_glycine,mzspec:GNPS:MULTIPLEX-SYNTHESIS-LIBRARY-ALL-PARTITION-6:accession:CCMSLIB00016273783,0.0,mzspec:MSV000083098:ccms_peak/FASTGRAD_CRUDESmzXML/GBMF18-01-7BM.mzML:scan:1886,1,0.72,2,0,MSV000083098,NoID,temp/queries/52/52aa2e45004a40fe945c369de20709a3/52aa2e45004a40fe945c369de20709a3.mgf,1,264,257654
Ibuprofen_glycine,mzspec:GNPS:MULTIPLEX-SYNTHESIS-LIBRARY-ALL-PARTITION-6:accession:CCMSLIB00016273783,0.0,mzspec:MSV000083098:ccms_peak/GBMF18-01-7BM_2.mzML:scan:1254,1,0.72,2,0,MSV000083098,NoID,temp/queries/52/52aa2e45004a40fe945c369de20709a3/52aa2e45004a40fe945c369de20709a3.mgf,1,264,257650
Ibuprofen_glycine,mzspec:GNPS:MULTIPLEX-SYNTHESIS-LIBRARY-ALL-PARTITION-6:accession:CCMSLIB00016273783,0.0,mzspec:MSV000083098:ccms_peak/FASTGRAD_CRUDESmzXML/GBMF18-01-7BM.mzML:scan:2045,1,0.72,3,0,MSV000083098,NoID,temp/queries/52/52aa2e45004a40fe945c369de20709a3/52aa2e45004a40fe945c369de20709a3.mgf,1,264,257656
Ibuprofen_glycine,mzspec:GNPS:MULTIPLEX-SYNTHESIS-LIBRARY-ALL-PARTITION-6:accession:CCMSLIB00016273783,0.0,mzspec:MSV000085843:ccms_peak/raw/XA_Green_2.mzML:scan:1078,1,0.72,2,0,MSV000085843,NoID,temp/queries/52/52aa2e45004a40fe945c369de20709a3/52aa2e45004a40fe945c369de20709a3.mgf,1,264,510823
Ibuprofen_glycine,mzspec:GNPS:MULTIPLEX-SYNTHESIS-LIBRARY-ALL-PARTITION-6:accession:CCMSLIB00016273783,0.0,mzspec:MSV000093272:raw/20180918_KBL_TM_HILICZ_Lakes_Geodes-Mendota/rawdata/20180918_KBL_TM_Lakes_Mendota_DepthDate_QE-139_HILICZ-VF1_USHXG01161_POS_MSMS_15_ME-20170908-metabo-15_1_Rg70to1050-CE102040-11p5-S1_Run60.mzML:scan:959,1,0.72,2,0,MSV000093272,NoID,temp/queries/52/52aa2e45004a40fe945c369de20709a3/52aa2e45004a40fe945c369de20709a3.mgf,1,264,224092
Ibuprofen_glycine,mzspec:GNPS:MULTIPLEX-SYNTHESIS-LIBRARY-ALL-PARTITION-6:accession:CCMSLIB00016273783,-0.01,mzspec:MTBLS1861:FILES/IROA_PLATE_pos_6_A.mzML:scan:399,1,0.72,1,0,MTBLS1861,NoID,temp/queries/52/52aa2e45004a40fe945c369de20709a3/52aa2e45004a40fe945c369de20709a3.mgf,1,264,1397056
Ibuprofen_glycine,mzspec:GNPS:MULTIPLEX-SYNTHESIS-LIBRARY-ALL-PARTITION-6:accession:CCMSLIB00016273783,-0.0,mzspec:MSV000081051:peak/Peak_List_Files/OMICS_MFB002_MOCK_48HRS_C_LIPID_008_NEG_24Jun16_Legolas_HSS-T3_A925.mzML:scan:1954,1,0.71,1,0,MSV000081051,NoID,temp/queries/52/52aa2e45004a40fe945c369de20709a3/52aa2e45004a40fe945c369de20709a3.mgf,1,264,449962
Ibuprofen_glycine,mzspec:GNPS:MULTIPLEX-SYNTHESIS-LIBRARY-ALL-PARTITION-6:accession:CCMSLIB00016273783,-0.0,mzspec:MSV000081050:peak/Peak_List_Files/OMICS_MFB002_MOCK_48HRS_C_LIPID_008_NEG_24Jun16_Legolas_HSS-T3_A925.mzML:scan:1954,1,0.71,1,0,MSV000081050,NoID,temp/queries/52/52aa2e45004a40fe945c369de20709a3/52aa2e45004a40fe945c369de20709a3.mgf,1,264,492256
Ibuprofen_glycine,mzspec:GNPS:MULTIPLEX-SYNTHESIS-LIBRARY-ALL-PARTITION-6:accession:CCMSLIB00016273783,-0.0,mzspec:MSV000081050:ccms_peak/Peak_List_Files/OMICS_MFB002_MOCK_48HRS_C_LIPID_008_NEG_24Jun16_Legolas_HSS-T3_A925.mzML:scan:1954,1,0.71,1,0,MSV000081050,NoID,temp/queries/52/52aa2e45004a40fe945c369de20709a3/52aa2e45004a40fe945c369de20709a3.mgf,1,264,492511
Ibuprofen_glycine,mzspec:GNPS:MULTIPLEX-SYNTHESIS-LIBRARY-ALL-PARTITION-6:accession:CCMSLIB00016273783,0.0,mzspec:MSV000093272:raw/20180918_KBL_TM_HILICZ_Lakes_Geodes-Mendota/rawdata/20180918_KBL_TM_Lakes_Mendota_DepthDate_QE-139_HILICZ-VF1_USHXG01161_POS_MSMS_20_ME-20171004-metabo-20_1_Rg70to1050-CE102040-10p8-S1_Run80.mzML:scan:923,1,0.71,2,0,MSV000093272,NoID,temp/queries/52/52aa2e45004a40fe945c369de20709a3/52aa2e45004a40fe945c369de20709a3.mgf,1,264,224267
Ibuprofen_glycine,mzspec:GNPS:MULTIPLEX-SYNTHESIS-LIBRARY-ALL-PARTITION-6:accession:CCMSLIB00016273783,0.0,mzspec:MSV000093272:raw/20180918_KBL_TM_HILICZ_Lakes_Geodes-Mendota/rawdata/20180918_KBL_TM_Lakes_Mendota_DepthDate_QE-139_HILICZ-VF1_USHXG01161_POS_MSMS_18_ME-20171004-metabo-18_1_Rg70to1050-CE102040-13p5-S1_Run74.mzML:scan:1064,1,0.71,2,0,MSV000093272,NoID,temp/queries/52/52aa2e45004a40fe945c369de20709a3/52aa2e45004a40fe945c369de20709a3.mgf,1,264,224461
Ibuprofen_glycine,mzspec:GNPS:MULTIPLEX-SYNTHESIS-LIBRARY-ALL-PARTITION-6:accession:CCMSLIB00016273783,0.0,mzspec:MSV000093272:raw/20180918_KBL_TM_HILICZ_Lakes_Geodes-Mendota/rawdata/20180918_KBL_TM_Lakes_Mendota_DepthDate_QE-139_HILICZ-VF1_USHXG01161_POS_MSMS_18_ME-20171004-metabo-18_1_Rg70to1050-CE102040-13p5-S1_Run74.mzML:scan:995,1,0.71,2,0,MSV000093272,NoID,temp/queries/52/52aa2e45004a40fe945c369de20709a3/52aa2e45004a40fe945c369de20709a3.mgf,1,264,224460
Ibuprofen_glycine,mzspec:GNPS:MULTIPLEX-SYNTHESIS-LIBRARY-ALL-PARTITION-6:accession:CCMSLIB00016273783,-0.0,mzspec:MSV000083729:ccms_peak/StromTissuePos_mzXMLfiles/Stromatolite_Tissue_104_pos.mzML:scan:1181,1,0.71,2,0,MSV000083729,NoID,temp/queries/52/52aa2e45004a40fe945c369de20709a3/52aa2e45004a40fe945c369de20709a3.mgf,1,264,289054
Ibuprofen_glycine,mzspec:GNPS:MULTIPLEX-SYNTHESIS-LIBRARY-ALL-PARTITION-6:accession:CCMSLIB00016273783,0.0,mzspec:MSV000085843:ccms_peak/raw/XA_Green_1.mzML:scan:1069,1,0.71,2,0,MSV000085843,NoID,temp/queries/52/52aa2e45004a40fe945c369de20709a3/52aa2e45004a40fe945c369de20709a3.mgf,1,264,510812
Ibuprofen_glycine,mzspec:GNPS:MULTIPLEX-SYNTHESIS-LIBRARY-ALL-PARTITION-6:accession:CCMSLIB00016273783,0.0,mzspec:MSV000083729:ccms_peak/StromTissuePos_mzXMLfiles/Stromatolite_Tissue_61_pos.mzML:scan:1200,1,0.71,2,0,MSV000083729,NoID,temp/queries/52/52aa2e45004a40fe945c369de20709a3/52aa2e45004a40fe945c369de20709a3.mgf,1,264,289108
Ibuprofen_glycine,mzspec:GNPS:MULTIPLEX-SYNTHESIS-LIBRARY-ALL-PARTITION-6:accession:CCMSLIB00016273783,0.0,mzspec:MSV000093272:raw/20180918_KBL_TM_HILICZ_Lakes_Geodes-Mendota/rawdata/20180918_KBL_TM_Lakes_Mendota_DepthDate_QE-139_HILICZ-VF1_USHXG01161_POS_MSMS_23_ME-20171004-metabo-23_1_Rg70to1050-CE102040-12p9-S1_Run92.mzML:scan:1025,1,0.71,2,0,MSV000093272,NoID,temp/queries/52/52aa2e45004a40fe945c369de20709a3/52aa2e45004a40fe945c369de20709a3.mgf,1,264,224589
Ibuprofen_glycine,mzspec:GNPS:MULTIPLEX-SYNTHESIS-LIBRARY-ALL-PARTITION-6:accession:CCMSLIB00016273783,0.0,mzspec:MSV000083772:peak/181217StromDOM_mzXMLfiles/8_S8-DOM-1-Fri-low_A.mzXML:scan:1321,1,0.71,2,0,MSV000083772,NoID,temp/queries/52/52aa2e45004a40fe945c369de20709a3/52aa2e45004a40fe945c369de20709a3.mgf,1,264,514093
Ibuprofen_glycine,mzspec:GNPS:MULTIPLEX-SYNTHESIS-LIBRARY-ALL-PARTITION-6:accession:CCMSLIB00016273783,0.0,mzspec:MSV000088516:peak/200527_LP_A6_a_pos.mzXML:scan:1602,1,0.71,3,0,MSV000088516,NoID,temp/queries/52/52aa2e45004a40fe945c369de20709a3/52aa2e45004a40fe945c369de20709a3.mgf,1,264,1164065
Ibuprofen_glycine,mzspec:GNPS:MULTIPLEX-SYNTHESIS-LIBRARY-ALL-PARTITION-6:accession:CCMSLIB00016273783,0.0,mzspec:MSV000088516:peak/200527_LP_A6_c_pos.mzXML:scan:1614,1,0.71,3,0,MSV000088516,NoID,temp/queries/52/52aa2e45004a40fe945c369de20709a3/52aa2e45004a40fe945c369de20709a3.mgf,1,264,1162392
Ibuprofen_glycine,mzspec:GNPS:MULTIPLEX-SYNTHESIS-LIBRARY-ALL-PARTITION-6:accession:CCMSLIB00016273783,0.0,mzspec:MSV000088516:peak/200527_LP_A6_b_pos.mzXML:scan:1645,1,0.71,3,0,MSV000088516,NoID,temp/queries/52/52aa2e45004a40fe945c369de20709a3/52aa2e45004a40fe945c369de20709a3.mgf,1,264,1162751
Ibuprofen_glycine,mzspec:GNPS:MULTIPLEX-SYNTHESIS-LIBRARY-ALL-PARTITION-6:accession:CCMSLIB00016273783,0.02,mzspec:MSV000081893:peak/Peak_List_Files/OMICS_MFB003_MOCK_24HRS_B_LIPID_008_NEG_24April17_Polaroid_HSST-T3-A923.mzML:scan:65,1,0.71,1,0,MSV000081893,NoID,temp/queries/52/52aa2e45004a40fe945c369de20709a3/52aa2e45004a40fe945c369de20709a3.mgf,1,264,288142
Ibuprofen_glycine,mzspec:GNPS:MULTIPLEX-SYNTHESIS-LIBRARY-ALL-PARTITION-6:accession:CCMSLIB00016273783,0.02,mzspec:MSV000081893:ccms_peak/Raw_Spectrum_Files/OMICS_MFB003_MOCK_24HRS_B_LIPID_008_NEG_24April17_Polaroid_HSST-T3-A923.mzML:scan:65,1,0.71,1,0,MSV000081893,NoID,temp/queries/52/52aa2e45004a40fe945c369de20709a3/52aa2e45004a40fe945c369de20709a3.mgf,1,264,288420
Ibuprofen_glycine,mzspec:GNPS:MULTIPLEX-SYNTHESIS-LIBRARY-ALL-PARTITION-6:accession:CCMSLIB00016273783,0.0,mzspec:MSV000098437:peak/Urine_Hzrd_P1_P2_mzml/P1_D4_647404.mzML:scan:2208,1,0.71,3,0,MSV000098437,NoID,temp/queries/52/52aa2e45004a40fe945c369de20709a3/52aa2e45004a40fe945c369de20709a3.mgf,1,264,146330
Ibuprofen_glycine,mzspec:GNPS:MULTIPLEX-SYNTHESIS-LIBRARY-ALL-PARTITION-6:accession:CCMSLIB00016273783,0.0,mzspec:MSV000093272:raw/20180918_KBL_TM_HILICZ_Lakes_Geodes-Mendota/rawdata/20180918_KBL_TM_Lakes_Mendota_DepthDate_QE-139_HILICZ-VF1_USHXG01161_POS_MSMS_20_ME-20171004-metabo-20_1_Rg70to1050-CE102040-10p8-S1_Run80.mzML:scan:989,1,0.7,2,0,MSV000093272,NoID,temp/queries/52/52aa2e45004a40fe945c369de20709a3/52aa2e45004a40fe945c369de20709a3.mgf,1,264,224268
Ibuprofen_glycine,mzspec:GNPS:MULTIPLEX-SYNTHESIS-LIBRARY-ALL-PARTITION-6:accession:CCMSLIB00016273783,0.0,mzspec:MSV000085843:ccms_peak/raw/XA_Green_88.mzML:scan:1153,1,0.7,2,0,MSV000085843,NoID,temp/queries/52/52aa2e45004a40fe945c369de20709a3/52aa2e45004a40fe945c369de20709a3.mgf,1,264,510858
Ibuprofen_glycine,mzspec:GNPS:MULTIPLEX-SYNTHESIS-LIBRARY-ALL-PARTITION-6:accession:CCMSLIB00016273783,0.0,mzspec:MSV000083772:peak/181217StromDOM_mzXMLfiles/38_S8-DOM-1-Sat-low_A.mzXML:scan:1325,1,0.7,3,0,MSV000083772,NoID,temp/queries/52/52aa2e45004a40fe945c369de20709a3/52aa2e45004a40fe945c369de20709a3.mgf,1,264,513626
Ibuprofen_glycine,mzspec:GNPS:MULTIPLEX-SYNTHESIS-LIBRARY-ALL-PARTITION-6:accession:CCMSLIB00016273783,0.0,mzspec:MSV000093272:raw/20180918_KBL_TM_HILICZ_Lakes_Geodes-Mendota/rawdata/20180918_KBL_TM_Lakes_Mendota_DepthDate_QE-139_HILICZ-VF1_USHXG01161_POS_MSMS_7_ME-20170811-metabo-7_1_Rg70to1050-CE102040-9p5-S1_Run33.mzML:scan:1233,1,0.7,2,0,MSV000093272,NoID,temp/queries/52/52aa2e45004a40fe945c369de20709a3/52aa2e45004a40fe945c369de20709a3.mgf,1,264,224844
Ibuprofen_glycine,mzspec:GNPS:MULTIPLEX-SYNTHESIS-LIBRARY-ALL-PARTITION-6:accession:CCMSLIB00016273783,0.0,mzspec:MSV000083098:ccms_peak/FASTGRAD_CRUDESmzXML/GBMF18-01-3BM.mzML:scan:2153,1,0.7,2,0,MSV000083098,NoID,temp/queries/52/52aa2e45004a40fe945c369de20709a3/52aa2e45004a40fe945c369de20709a3.mgf,1,264,257675
Ibuprofen_glycine,mzspec:GNPS:MULTIPLEX-SYNTHESIS-LIBRARY-ALL-PARTITION-6:accession:CCMSLIB00016273783,0.0,mzspec:MSV000088516:peak/200527_LP_A6_a_pos.mzXML:scan:1578,1,0.7,3,0,MSV000088516,NoID,temp/queries/52/52aa2e45004a40fe945c369de20709a3/52aa2e45004a40fe945c369de20709a3.mgf,1,264,1164064
Ibuprofen_glycine,mzspec:GNPS:MULTIPLEX-SYNTHESIS-LIBRARY-ALL-PARTITION-6:accession:CCMSLIB00016273783,0.0,mzspec:MSV000093272:raw/20180918_KBL_TM_HILICZ_Lakes_Geodes-Mendota/rawdata/20180918_KBL_TM_Lakes_Mendota_DepthDate_QE-139_HILICZ-VF1_USHXG01161_POS_MSMS_8_ME-20170811-metabo-8_1_Rg70to1050-CE102040-0p5-S1_Run36.mzML:scan:1160,1,0.7,2,0,MSV000093272,NoID,temp/queries/52/52aa2e45004a40fe945c369de20709a3/52aa2e45004a40fe945c369de20709a3.mgf,1,264,224544
Ibuprofen_glycine,mzspec:GNPS:MULTIPLEX-SYNTHESIS-LIBRARY-ALL-PARTITION-6:accession:CCMSLIB00016273783,0.0,mzspec:MSV000093272:raw/20180918_KBL_TM_HILICZ_Lakes_Geodes-Mendota/rawdata/20180918_KBL_TM_Lakes_Mendota_DepthDate_QE-139_HILICZ-VF1_USHXG01161_POS_MSMS_7_ME-20170811-metabo-7_1_Rg70to1050-CE102040-9p5-S1_Run33.mzML:scan:965,1,0.7,2,0,MSV000093272,NoID,temp/queries/52/52aa2e45004a40fe945c369de20709a3/52aa2e45004a40fe945c369de20709a3.mgf,1,264,224840
Ibuprofen_glycine,mzspec:GNPS:MULTIPLEX-SYNTHESIS-LIBRARY-ALL-PARTITION-6:accession:CCMSLIB00016273783,0.0,mzspec:MSV000088516:peak/200527_LP_A6_b_pos.mzXML:scan:1598,1,0.7,3,0,MSV000088516,NoID,temp/queries/52/52aa2e45004a40fe945c369de20709a3/52aa2e45004a40fe945c369de20709a3.mgf,1,264,1162749
