compound_name,lib_usi,Delta Mass,USI,Charge,Cosine,Matching Peaks,Unit Delta Mass,Dataset,Status,Query Filename,Query Scan,Index UnitPM,Index IdxInUnitPM
Ibuprofen_l-arginine,mzspec:GNPS:MULTIPLEX-SYNTHESIS-LIBRARY-ALL-PARTITION-6:accession:CCMSLIB00016273699,0.0,mzspec:MSV000084556:ccms_peak/Raw_data/FD028_T1.mzML:scan:1430,1,0.79,6,0,MSV000084556,NoID,temp/queries/aa/aad2df092e1b4385ba917ae47e7a78ae/aad2df092e1b4385ba917ae47e7a78ae.mgf,1,363,1233923
Ibuprofen_l-arginine,mzspec:GNPS:MULTIPLEX-SYNTHESIS-LIBRARY-ALL-PARTITION-6:accession:CCMSLIB00016273699,0.0,mzspec:MSV000096049:peak/HNRC_samples_mzML/HNRC_100H2O_P3_G2.mzML:scan:2213,1,0.78,5,0,MSV000096049,NoID,temp/queries/aa/aad2df092e1b4385ba917ae47e7a78ae/aad2df092e1b4385ba917ae47e7a78ae.mgf,1,363,400379
Ibuprofen_l-arginine,mzspec:GNPS:MULTIPLEX-SYNTHESIS-LIBRARY-ALL-PARTITION-6:accession:CCMSLIB00016273699,-0.0,mzspec:MSV000096049:peak/Precision_and_Recovery_mzML/Recovery_HNRC_100H2O_P3G2_no_recovery_1.mzML:scan:2251,1,0.76,6,0,MSV000096049,NoID,temp/queries/aa/aad2df092e1b4385ba917ae47e7a78ae/aad2df092e1b4385ba917ae47e7a78ae.mgf,1,363,400647
Ibuprofen_l-arginine,mzspec:GNPS:MULTIPLEX-SYNTHESIS-LIBRARY-ALL-PARTITION-6:accession:CCMSLIB00016273699,0.0,mzspec:MSV000083664:ccms_peak/mzxml/Non_Buffered/Non_Buffer_Samples/S177_RH12_01_42249.mzML:scan:942,1,0.73,4,0,MSV000083664,NoID,temp/queries/aa/aad2df092e1b4385ba917ae47e7a78ae/aad2df092e1b4385ba917ae47e7a78ae.mgf,1,363,153808
