compound_name,lib_usi,Delta Mass,USI,Charge,Cosine,Matching Peaks,Unit Delta Mass,Dataset,Status,Query Filename,Query Scan,Index UnitPM,Index IdxInUnitPM
Ibuprofen_l-asparagine,mzspec:GNPS:MULTIPLEX-SYNTHESIS-LIBRARY-ALL-PARTITION-6:accession:CCMSLIB00016273815,-0.0,mzspec:MSV000096049:peak/Precision_and_Recovery_mzML/Recovery_HNRC_100H2O_P3G2_no_recovery_3.mzML:scan:2505,1,0.99,6,0,MSV000096049,NoID,temp/queries/a7/a740aa421baa48f6bef9ba6f4ade550e/a740aa421baa48f6bef9ba6f4ade550e.mgf,1,321,480766
Ibuprofen_l-asparagine,mzspec:GNPS:MULTIPLEX-SYNTHESIS-LIBRARY-ALL-PARTITION-6:accession:CCMSLIB00016273815,0.0,mzspec:MSV000081492:ccms_peak/Raw_Files/Samples_Sham/72846.mzML:scan:1798,1,0.96,6,0,MSV000081492,NoID,temp/queries/a7/a740aa421baa48f6bef9ba6f4ade550e/a740aa421baa48f6bef9ba6f4ade550e.mgf,1,321,1602875
Ibuprofen_l-asparagine,mzspec:GNPS:MULTIPLEX-SYNTHESIS-LIBRARY-ALL-PARTITION-6:accession:CCMSLIB00016273815,0.0,mzspec:MSV000096049:peak/HNRC_samples_mzML/HNRC_100H2O_P3_G2.mzML:scan:2472,1,0.96,6,0,MSV000096049,NoID,temp/queries/a7/a740aa421baa48f6bef9ba6f4ade550e/a740aa421baa48f6bef9ba6f4ade550e.mgf,1,321,481551
Ibuprofen_l-asparagine,mzspec:GNPS:MULTIPLEX-SYNTHESIS-LIBRARY-ALL-PARTITION-6:accession:CCMSLIB00016273815,0.0,mzspec:MSV000095423:peak/all_files_mzML/LC2_1to100_spiking/HNRC_P3_G2_Sample_X3148765_100H2O_spike_low_LC2.mzML:scan:3295,1,0.96,6,0,MSV000095423,NoID,temp/queries/a7/a740aa421baa48f6bef9ba6f4ade550e/a740aa421baa48f6bef9ba6f4ade550e.mgf,1,321,765246
Ibuprofen_l-asparagine,mzspec:GNPS:MULTIPLEX-SYNTHESIS-LIBRARY-ALL-PARTITION-6:accession:CCMSLIB00016273815,0.0,mzspec:MSV000095423:updates/2024-07-24_helenamrusso_d8d86449/peak/LC1_5to100/HNRC_P3_G2_Sample_X3148765.mzML:scan:2542,1,0.95,6,0,MSV000095423,NoID,temp/queries/a7/a740aa421baa48f6bef9ba6f4ade550e/a740aa421baa48f6bef9ba6f4ade550e.mgf,1,321,764711
Ibuprofen_l-asparagine,mzspec:GNPS:MULTIPLEX-SYNTHESIS-LIBRARY-ALL-PARTITION-6:accession:CCMSLIB00016273815,-0.0,mzspec:MSV000096049:peak/Precision_and_Recovery_mzML/Recovery_HNRC_100H2O_P3G2_no_recovery_2.mzML:scan:2504,1,0.94,5,0,MSV000096049,NoID,temp/queries/a7/a740aa421baa48f6bef9ba6f4ade550e/a740aa421baa48f6bef9ba6f4ade550e.mgf,1,321,480380
Ibuprofen_l-asparagine,mzspec:GNPS:MULTIPLEX-SYNTHESIS-LIBRARY-ALL-PARTITION-6:accession:CCMSLIB00016273815,0.0,mzspec:MSV000096049:peak/Precision_and_Recovery_mzML/Recovery_HNRC_100H2O_P3G2_low_point_2.mzML:scan:2479,1,0.94,5,0,MSV000096049,NoID,temp/queries/a7/a740aa421baa48f6bef9ba6f4ade550e/a740aa421baa48f6bef9ba6f4ade550e.mgf,1,321,481672
Ibuprofen_l-asparagine,mzspec:GNPS:MULTIPLEX-SYNTHESIS-LIBRARY-ALL-PARTITION-6:accession:CCMSLIB00016273815,-0.0,mzspec:MSV000087942:ccms_peak/Plate_02_RAW/Tube_099.mzML:scan:1401,1,0.94,6,0,MSV000087942,NoID,temp/queries/a7/a740aa421baa48f6bef9ba6f4ade550e/a740aa421baa48f6bef9ba6f4ade550e.mgf,1,321,1307879
Ibuprofen_l-asparagine,mzspec:GNPS:MULTIPLEX-SYNTHESIS-LIBRARY-ALL-PARTITION-6:accession:CCMSLIB00016273815,0.0,mzspec:MSV000096049:peak/Precision_and_Recovery_mzML/Recovery_HNRC_100H2O_P3G2_low_point_3.mzML:scan:2481,1,0.94,5,0,MSV000096049,NoID,temp/queries/a7/a740aa421baa48f6bef9ba6f4ade550e/a740aa421baa48f6bef9ba6f4ade550e.mgf,1,321,481813
Ibuprofen_l-asparagine,mzspec:GNPS:MULTIPLEX-SYNTHESIS-LIBRARY-ALL-PARTITION-6:accession:CCMSLIB00016273815,-0.0,mzspec:MSV000096049:peak/Precision_and_Recovery_mzML/Recovery_HNRC_100H2O_P3G2_no_recovery_1.mzML:scan:2519,1,0.92,5,0,MSV000096049,NoID,temp/queries/a7/a740aa421baa48f6bef9ba6f4ade550e/a740aa421baa48f6bef9ba6f4ade550e.mgf,1,321,482158
Ibuprofen_l-asparagine,mzspec:GNPS:MULTIPLEX-SYNTHESIS-LIBRARY-ALL-PARTITION-6:accession:CCMSLIB00016273815,0.0,mzspec:MSV000095423:peak/all_files_mzML/LC1_1to100/HNRC_P3_G2_Sample_X3148765_LC1.mzML:scan:2615,1,0.92,5,0,MSV000095423,NoID,temp/queries/a7/a740aa421baa48f6bef9ba6f4ade550e/a740aa421baa48f6bef9ba6f4ade550e.mgf,1,321,764530
Ibuprofen_l-asparagine,mzspec:GNPS:MULTIPLEX-SYNTHESIS-LIBRARY-ALL-PARTITION-6:accession:CCMSLIB00016273815,-0.0,mzspec:MSV000096049:peak/Precision_and_Recovery_mzML/Recovery_HNRC_100H2O_P3G2_low_point_1.mzML:scan:2465,1,0.91,4,0,MSV000096049,NoID,temp/queries/a7/a740aa421baa48f6bef9ba6f4ade550e/a740aa421baa48f6bef9ba6f4ade550e.mgf,1,321,481120
Ibuprofen_l-asparagine,mzspec:GNPS:MULTIPLEX-SYNTHESIS-LIBRARY-ALL-PARTITION-6:accession:CCMSLIB00016273815,0.0,mzspec:MSV000095423:peak/all_files_mzML/LC2_1to100/HNRC_P3_G2_Sample_X3148765_LC2.mzML:scan:3393,1,0.9,5,0,MSV000095423,NoID,temp/queries/a7/a740aa421baa48f6bef9ba6f4ade550e/a740aa421baa48f6bef9ba6f4ade550e.mgf,1,321,764348
Ibuprofen_l-asparagine,mzspec:GNPS:MULTIPLEX-SYNTHESIS-LIBRARY-ALL-PARTITION-6:accession:CCMSLIB00016273815,0.02,mzspec:MSV000096359:peak/Burnett_RisePlus_Allmzml/P4_C1_364302514.mzML:scan:1976,1,0.89,5,0,MSV000096359,NoID,temp/queries/a7/a740aa421baa48f6bef9ba6f4ade550e/a740aa421baa48f6bef9ba6f4ade550e.mgf,1,321,778984
Ibuprofen_l-asparagine,mzspec:GNPS:MULTIPLEX-SYNTHESIS-LIBRARY-ALL-PARTITION-6:accession:CCMSLIB00016273815,0.02,mzspec:MSV000096359:ccms_peak/RAW/2_3_4/P4_C1_364302514.mzML:scan:1976,1,0.89,5,0,MSV000096359,NoID,temp/queries/a7/a740aa421baa48f6bef9ba6f4ade550e/a740aa421baa48f6bef9ba6f4ade550e.mgf,1,321,788987
Ibuprofen_l-asparagine,mzspec:GNPS:MULTIPLEX-SYNTHESIS-LIBRARY-ALL-PARTITION-6:accession:CCMSLIB00016273815,0.0,mzspec:MSV000095423:peak/all_files_mzML/LC1_1to100_spiking/HNRC_P3_G2_Sample_X3148765_100H2O_spike_low_LC1.mzML:scan:2580,1,0.89,4,0,MSV000095423,NoID,temp/queries/a7/a740aa421baa48f6bef9ba6f4ade550e/a740aa421baa48f6bef9ba6f4ade550e.mgf,1,321,764404
Ibuprofen_l-asparagine,mzspec:GNPS:MULTIPLEX-SYNTHESIS-LIBRARY-ALL-PARTITION-6:accession:CCMSLIB00016273815,0.0,mzspec:MSV000093230:peak/mzML/363141329.mzML:scan:1736,1,0.84,4,0,MSV000093230,NoID,temp/queries/a7/a740aa421baa48f6bef9ba6f4ade550e/a740aa421baa48f6bef9ba6f4ade550e.mgf,1,321,1940458
Ibuprofen_l-asparagine,mzspec:GNPS:MULTIPLEX-SYNTHESIS-LIBRARY-ALL-PARTITION-6:accession:CCMSLIB00016273815,0.0,mzspec:ST002405:Untargeted/S07512.mzXML:scan:1605,1,0.82,1,0,ST002405,NoID,temp/queries/a7/a740aa421baa48f6bef9ba6f4ade550e/a740aa421baa48f6bef9ba6f4ade550e.mgf,1,321,2042011
Ibuprofen_l-asparagine,mzspec:GNPS:MULTIPLEX-SYNTHESIS-LIBRARY-ALL-PARTITION-6:accession:CCMSLIB00016273815,-0.01,mzspec:MSV000080905:ccms_peak/Raw/Plate4/P5_EMP_22.mzML:scan:829,1,0.81,1,0,MSV000080905,NoID,temp/queries/a7/a740aa421baa48f6bef9ba6f4ade550e/a740aa421baa48f6bef9ba6f4ade550e.mgf,1,321,830356
Ibuprofen_l-asparagine,mzspec:GNPS:MULTIPLEX-SYNTHESIS-LIBRARY-ALL-PARTITION-6:accession:CCMSLIB00016273815,0.01,mzspec:MSV000096359:ccms_peak/RAW/5_6_7/P6_B1_364302418.mzML:scan:2180,1,0.81,3,0,MSV000096359,NoID,temp/queries/a7/a740aa421baa48f6bef9ba6f4ade550e/a740aa421baa48f6bef9ba6f4ade550e.mgf,1,321,784047
Ibuprofen_l-asparagine,mzspec:GNPS:MULTIPLEX-SYNTHESIS-LIBRARY-ALL-PARTITION-6:accession:CCMSLIB00016273815,0.01,mzspec:MSV000096359:peak/Burnett_RisePlus_Allmzml/P6_B1_364302418.mzML:scan:2180,1,0.81,3,0,MSV000096359,NoID,temp/queries/a7/a740aa421baa48f6bef9ba6f4ade550e/a740aa421baa48f6bef9ba6f4ade550e.mgf,1,321,778168
Ibuprofen_l-asparagine,mzspec:GNPS:MULTIPLEX-SYNTHESIS-LIBRARY-ALL-PARTITION-6:accession:CCMSLIB00016273815,-0.01,mzspec:MSV000080905:ccms_peak/Raw/Plate4/P5_EMP_13.mzML:scan:838,1,0.81,1,0,MSV000080905,NoID,temp/queries/a7/a740aa421baa48f6bef9ba6f4ade550e/a740aa421baa48f6bef9ba6f4ade550e.mgf,1,321,830510
Ibuprofen_l-asparagine,mzspec:GNPS:MULTIPLEX-SYNTHESIS-LIBRARY-ALL-PARTITION-6:accession:CCMSLIB00016273815,0.0,mzspec:ST002405:Untargeted/S07542.mzXML:scan:1519,1,0.81,1,0,ST002405,NoID,temp/queries/a7/a740aa421baa48f6bef9ba6f4ade550e/a740aa421baa48f6bef9ba6f4ade550e.mgf,1,321,2041910
Ibuprofen_l-asparagine,mzspec:GNPS:MULTIPLEX-SYNTHESIS-LIBRARY-ALL-PARTITION-6:accession:CCMSLIB00016273815,-0.01,mzspec:MSV000080905:ccms_peak/Raw/Plate4/P5_EMP_19.mzML:scan:843,1,0.81,1,0,MSV000080905,NoID,temp/queries/a7/a740aa421baa48f6bef9ba6f4ade550e/a740aa421baa48f6bef9ba6f4ade550e.mgf,1,321,831030
Ibuprofen_l-asparagine,mzspec:GNPS:MULTIPLEX-SYNTHESIS-LIBRARY-ALL-PARTITION-6:accession:CCMSLIB00016273815,0.0,mzspec:ST002405:Untargeted/S07542.mzXML:scan:1510,1,0.81,1,0,ST002405,NoID,temp/queries/a7/a740aa421baa48f6bef9ba6f4ade550e/a740aa421baa48f6bef9ba6f4ade550e.mgf,1,321,2041909
Ibuprofen_l-asparagine,mzspec:GNPS:MULTIPLEX-SYNTHESIS-LIBRARY-ALL-PARTITION-6:accession:CCMSLIB00016273815,-0.01,mzspec:MSV000080905:ccms_peak/Raw/Plate4/P5_EMP_40.mzML:scan:895,1,0.8,1,0,MSV000080905,NoID,temp/queries/a7/a740aa421baa48f6bef9ba6f4ade550e/a740aa421baa48f6bef9ba6f4ade550e.mgf,1,321,831164
Ibuprofen_l-asparagine,mzspec:GNPS:MULTIPLEX-SYNTHESIS-LIBRARY-ALL-PARTITION-6:accession:CCMSLIB00016273815,0.01,mzspec:ST002405:Untargeted/S07512.mzXML:scan:1616,1,0.8,1,0,ST002405,NoID,temp/queries/a7/a740aa421baa48f6bef9ba6f4ade550e/a740aa421baa48f6bef9ba6f4ade550e.mgf,1,321,2042012
Ibuprofen_l-asparagine,mzspec:GNPS:MULTIPLEX-SYNTHESIS-LIBRARY-ALL-PARTITION-6:accession:CCMSLIB00016273815,-0.0,mzspec:MSV000096347:peak/mzML Folder/BESC24_72h_Hoagland_Rep5_Tip_distant_2_Ethylacetate_1D_Pos_DDA_135-2000mz_QE3.mzML:scan:4353,1,0.8,2,0,MSV000096347,NoID,temp/queries/a7/a740aa421baa48f6bef9ba6f4ade550e/a740aa421baa48f6bef9ba6f4ade550e.mgf,1,321,1355114
Ibuprofen_l-asparagine,mzspec:GNPS:MULTIPLEX-SYNTHESIS-LIBRARY-ALL-PARTITION-6:accession:CCMSLIB00016273815,-0.01,mzspec:MSV000080905:ccms_peak/Raw/Plate4/P5_EMP_57.mzML:scan:841,1,0.8,1,0,MSV000080905,NoID,temp/queries/a7/a740aa421baa48f6bef9ba6f4ade550e/a740aa421baa48f6bef9ba6f4ade550e.mgf,1,321,831320
Ibuprofen_l-asparagine,mzspec:GNPS:MULTIPLEX-SYNTHESIS-LIBRARY-ALL-PARTITION-6:accession:CCMSLIB00016273815,0.0,mzspec:MSV000096038:ccms_peak/Cecum/CC3xtg_1.mzML:scan:1692,1,0.8,4,0,MSV000096038,NoID,temp/queries/a7/a740aa421baa48f6bef9ba6f4ade550e/a740aa421baa48f6bef9ba6f4ade550e.mgf,1,321,81284
Ibuprofen_l-asparagine,mzspec:GNPS:MULTIPLEX-SYNTHESIS-LIBRARY-ALL-PARTITION-6:accession:CCMSLIB00016273815,-0.01,mzspec:MSV000080905:ccms_peak/Raw/Plate4/P3_EMP_75.mzML:scan:923,1,0.8,1,0,MSV000080905,NoID,temp/queries/a7/a740aa421baa48f6bef9ba6f4ade550e/a740aa421baa48f6bef9ba6f4ade550e.mgf,1,321,830473
Ibuprofen_l-asparagine,mzspec:GNPS:MULTIPLEX-SYNTHESIS-LIBRARY-ALL-PARTITION-6:accession:CCMSLIB00016273815,-0.01,mzspec:MSV000080905:ccms_peak/Raw/Plate4/P5_EMP_57.mzML:scan:914,1,0.8,1,0,MSV000080905,NoID,temp/queries/a7/a740aa421baa48f6bef9ba6f4ade550e/a740aa421baa48f6bef9ba6f4ade550e.mgf,1,321,831321
Ibuprofen_l-asparagine,mzspec:GNPS:MULTIPLEX-SYNTHESIS-LIBRARY-ALL-PARTITION-6:accession:CCMSLIB00016273815,-0.01,mzspec:MSV000080905:ccms_peak/Raw/Plate4/P5_EMP_13.mzML:scan:910,1,0.8,1,0,MSV000080905,NoID,temp/queries/a7/a740aa421baa48f6bef9ba6f4ade550e/a740aa421baa48f6bef9ba6f4ade550e.mgf,1,321,830511
Ibuprofen_l-asparagine,mzspec:GNPS:MULTIPLEX-SYNTHESIS-LIBRARY-ALL-PARTITION-6:accession:CCMSLIB00016273815,-0.01,mzspec:MSV000080905:ccms_peak/Raw/Plate4/P5_EMP_19.mzML:scan:918,1,0.8,1,0,MSV000080905,NoID,temp/queries/a7/a740aa421baa48f6bef9ba6f4ade550e/a740aa421baa48f6bef9ba6f4ade550e.mgf,1,321,831031
Ibuprofen_l-asparagine,mzspec:GNPS:MULTIPLEX-SYNTHESIS-LIBRARY-ALL-PARTITION-6:accession:CCMSLIB00016273815,0.0,mzspec:ST002405:Untargeted/S07542.mzXML:scan:1507,1,0.8,1,0,ST002405,NoID,temp/queries/a7/a740aa421baa48f6bef9ba6f4ade550e/a740aa421baa48f6bef9ba6f4ade550e.mgf,1,321,2041908
Ibuprofen_l-asparagine,mzspec:GNPS:MULTIPLEX-SYNTHESIS-LIBRARY-ALL-PARTITION-6:accession:CCMSLIB00016273815,0.0,mzspec:MSV000096038:peak/Cecum/CC3xtg_1.mzML:scan:1692,1,0.8,4,0,MSV000096038,NoID,temp/queries/a7/a740aa421baa48f6bef9ba6f4ade550e/a740aa421baa48f6bef9ba6f4ade550e.mgf,1,321,81613
Ibuprofen_l-asparagine,mzspec:GNPS:MULTIPLEX-SYNTHESIS-LIBRARY-ALL-PARTITION-6:accession:CCMSLIB00016273815,-0.0,mzspec:MSV000096347:peak/mzML Folder/BESC24_72h_Hoagland_Rep6_Base_Ethylacetate_1D_Pos_DDA_135-2000mz_QE3.mzML:scan:4369,1,0.79,1,0,MSV000096347,NoID,temp/queries/a7/a740aa421baa48f6bef9ba6f4ade550e/a740aa421baa48f6bef9ba6f4ade550e.mgf,1,321,1353817
Ibuprofen_l-asparagine,mzspec:GNPS:MULTIPLEX-SYNTHESIS-LIBRARY-ALL-PARTITION-6:accession:CCMSLIB00016273815,-0.0,mzspec:ST002977:Fecal_Metabolome_and_Microbiome_IDs/Raw_Data_Files/Bile Acid Fatty Acid Esters/BAFAE_data_pos/2023-09-06_run039_Fraction25.mzML:scan:5149,1,0.79,4,0,ST002977,NoID,temp/queries/a7/a740aa421baa48f6bef9ba6f4ade550e/a740aa421baa48f6bef9ba6f4ade550e.mgf,1,321,2019811
Ibuprofen_l-asparagine,mzspec:GNPS:MULTIPLEX-SYNTHESIS-LIBRARY-ALL-PARTITION-6:accession:CCMSLIB00016273815,-0.01,mzspec:MSV000080905:ccms_peak/Raw/Plate4/P5_EMP_25.mzML:scan:889,1,0.79,1,0,MSV000080905,NoID,temp/queries/a7/a740aa421baa48f6bef9ba6f4ade550e/a740aa421baa48f6bef9ba6f4ade550e.mgf,1,321,831327
Ibuprofen_l-asparagine,mzspec:GNPS:MULTIPLEX-SYNTHESIS-LIBRARY-ALL-PARTITION-6:accession:CCMSLIB00016273815,-0.01,mzspec:MSV000080905:ccms_peak/Raw/Plate4/P4_EMP_37.mzML:scan:874,1,0.79,1,0,MSV000080905,NoID,temp/queries/a7/a740aa421baa48f6bef9ba6f4ade550e/a740aa421baa48f6bef9ba6f4ade550e.mgf,1,321,830225
Ibuprofen_l-asparagine,mzspec:GNPS:MULTIPLEX-SYNTHESIS-LIBRARY-ALL-PARTITION-6:accession:CCMSLIB00016273815,-0.01,mzspec:MSV000080905:ccms_peak/Raw/Plate4/P3_EMP_75.mzML:scan:852,1,0.79,1,0,MSV000080905,NoID,temp/queries/a7/a740aa421baa48f6bef9ba6f4ade550e/a740aa421baa48f6bef9ba6f4ade550e.mgf,1,321,830472
Ibuprofen_l-asparagine,mzspec:GNPS:MULTIPLEX-SYNTHESIS-LIBRARY-ALL-PARTITION-6:accession:CCMSLIB00016273815,-0.01,mzspec:MSV000080905:ccms_peak/Raw/Plate4/P5_EMP_22.mzML:scan:902,1,0.79,1,0,MSV000080905,NoID,temp/queries/a7/a740aa421baa48f6bef9ba6f4ade550e/a740aa421baa48f6bef9ba6f4ade550e.mgf,1,321,830357
Ibuprofen_l-asparagine,mzspec:GNPS:MULTIPLEX-SYNTHESIS-LIBRARY-ALL-PARTITION-6:accession:CCMSLIB00016273815,-0.01,mzspec:MSV000080905:ccms_peak/Raw/Plate4/P3_EMP_81.mzML:scan:988,1,0.79,2,0,MSV000080905,NoID,temp/queries/a7/a740aa421baa48f6bef9ba6f4ade550e/a740aa421baa48f6bef9ba6f4ade550e.mgf,1,321,830391
Ibuprofen_l-asparagine,mzspec:GNPS:MULTIPLEX-SYNTHESIS-LIBRARY-ALL-PARTITION-6:accession:CCMSLIB00016273815,-0.01,mzspec:MSV000080905:ccms_peak/Raw/Plate4/P5_EMP_57.mzML:scan:987,1,0.79,1,0,MSV000080905,NoID,temp/queries/a7/a740aa421baa48f6bef9ba6f4ade550e/a740aa421baa48f6bef9ba6f4ade550e.mgf,1,321,831322
Ibuprofen_l-asparagine,mzspec:GNPS:MULTIPLEX-SYNTHESIS-LIBRARY-ALL-PARTITION-6:accession:CCMSLIB00016273815,-0.01,mzspec:MSV000080905:ccms_peak/Raw/Plate4/P5_EMP_66.mzML:scan:905,1,0.79,1,0,MSV000080905,NoID,temp/queries/a7/a740aa421baa48f6bef9ba6f4ade550e/a740aa421baa48f6bef9ba6f4ade550e.mgf,1,321,831317
Ibuprofen_l-asparagine,mzspec:GNPS:MULTIPLEX-SYNTHESIS-LIBRARY-ALL-PARTITION-6:accession:CCMSLIB00016273815,-0.01,mzspec:MSV000080905:ccms_peak/Raw/Plate4/P3_EMP_81.mzML:scan:911,1,0.78,1,0,MSV000080905,NoID,temp/queries/a7/a740aa421baa48f6bef9ba6f4ade550e/a740aa421baa48f6bef9ba6f4ade550e.mgf,1,321,830390
Ibuprofen_l-asparagine,mzspec:GNPS:MULTIPLEX-SYNTHESIS-LIBRARY-ALL-PARTITION-6:accession:CCMSLIB00016273815,-0.01,mzspec:MSV000080905:ccms_peak/Raw/Plate4/P2_EMP_23.mzML:scan:936,1,0.78,1,0,MSV000080905,NoID,temp/queries/a7/a740aa421baa48f6bef9ba6f4ade550e/a740aa421baa48f6bef9ba6f4ade550e.mgf,1,321,830674
Ibuprofen_l-asparagine,mzspec:GNPS:MULTIPLEX-SYNTHESIS-LIBRARY-ALL-PARTITION-6:accession:CCMSLIB00016273815,-0.01,mzspec:MSV000080905:ccms_peak/Raw/Plate4/P5_EMP_19.mzML:scan:1000,1,0.78,1,0,MSV000080905,NoID,temp/queries/a7/a740aa421baa48f6bef9ba6f4ade550e/a740aa421baa48f6bef9ba6f4ade550e.mgf,1,321,831032
Ibuprofen_l-asparagine,mzspec:GNPS:MULTIPLEX-SYNTHESIS-LIBRARY-ALL-PARTITION-6:accession:CCMSLIB00016273815,-0.01,mzspec:MSV000080905:ccms_peak/Raw/Plate4/P3_EMP_81.mzML:scan:836,1,0.78,1,0,MSV000080905,NoID,temp/queries/a7/a740aa421baa48f6bef9ba6f4ade550e/a740aa421baa48f6bef9ba6f4ade550e.mgf,1,321,830389
Ibuprofen_l-asparagine,mzspec:GNPS:MULTIPLEX-SYNTHESIS-LIBRARY-ALL-PARTITION-6:accession:CCMSLIB00016273815,-0.01,mzspec:MSV000080905:ccms_peak/Raw/Plate4/P2_EMP_94.mzML:scan:930,1,0.78,1,0,MSV000080905,NoID,temp/queries/a7/a740aa421baa48f6bef9ba6f4ade550e/a740aa421baa48f6bef9ba6f4ade550e.mgf,1,321,831342
Ibuprofen_l-asparagine,mzspec:GNPS:MULTIPLEX-SYNTHESIS-LIBRARY-ALL-PARTITION-6:accession:CCMSLIB00016273815,-0.0,mzspec:MSV000096347:peak/mzML Folder/BESC24_72h_Hoagland_Rep6_Tip4_Ethylacetate_1D_Pos_DDA_135-2000mz_QE3.mzML:scan:4383,1,0.78,1,0,MSV000096347,NoID,temp/queries/a7/a740aa421baa48f6bef9ba6f4ade550e/a740aa421baa48f6bef9ba6f4ade550e.mgf,1,321,1355917
Ibuprofen_l-asparagine,mzspec:GNPS:MULTIPLEX-SYNTHESIS-LIBRARY-ALL-PARTITION-6:accession:CCMSLIB00016273815,-0.0,mzspec:MSV000096347:peak/mzML Folder/BESC24_72h_Hoagland_Rep6_Tip2_Ethylacetate_1D_Pos_DDA_135-2000mz_QE3.mzML:scan:4287,1,0.77,1,0,MSV000096347,NoID,temp/queries/a7/a740aa421baa48f6bef9ba6f4ade550e/a740aa421baa48f6bef9ba6f4ade550e.mgf,1,321,1358219
Ibuprofen_l-asparagine,mzspec:GNPS:MULTIPLEX-SYNTHESIS-LIBRARY-ALL-PARTITION-6:accession:CCMSLIB00016273815,-0.01,mzspec:MSV000080905:ccms_peak/Raw/Plate4/P5_EMP_13.mzML:scan:987,1,0.77,1,0,MSV000080905,NoID,temp/queries/a7/a740aa421baa48f6bef9ba6f4ade550e/a740aa421baa48f6bef9ba6f4ade550e.mgf,1,321,830512
Ibuprofen_l-asparagine,mzspec:GNPS:MULTIPLEX-SYNTHESIS-LIBRARY-ALL-PARTITION-6:accession:CCMSLIB00016273815,-0.0,mzspec:MSV000096347:peak/mzML Folder/BESC24_72h_Hoagland_Rep4_Tip_distant_1_Ethylacetate_1D_Pos_DDA_135-2000mz_QE3.mzML:scan:4481,1,0.77,1,0,MSV000096347,NoID,temp/queries/a7/a740aa421baa48f6bef9ba6f4ade550e/a740aa421baa48f6bef9ba6f4ade550e.mgf,1,321,1344239
Ibuprofen_l-asparagine,mzspec:GNPS:MULTIPLEX-SYNTHESIS-LIBRARY-ALL-PARTITION-6:accession:CCMSLIB00016273815,-0.0,mzspec:MSV000096347:peak/mzML Folder/BESC24_72h_Hoagland_Rep1_Base_Ethylacetate_1D_Pos_DDA_135-2000mz_QE3.mzML:scan:4524,1,0.77,1,0,MSV000096347,NoID,temp/queries/a7/a740aa421baa48f6bef9ba6f4ade550e/a740aa421baa48f6bef9ba6f4ade550e.mgf,1,321,1352182
Ibuprofen_l-asparagine,mzspec:GNPS:MULTIPLEX-SYNTHESIS-LIBRARY-ALL-PARTITION-6:accession:CCMSLIB00016273815,0.0,mzspec:MSV000094559:updates/2025-03-18_apatan_fc71856c/raw/03152025_jhonsnow/mzML/Hu_1199.mzML:scan:2155,1,0.77,4,0,MSV000094559,NoID,temp/queries/a7/a740aa421baa48f6bef9ba6f4ade550e/a740aa421baa48f6bef9ba6f4ade550e.mgf,1,321,908205
Ibuprofen_l-asparagine,mzspec:GNPS:MULTIPLEX-SYNTHESIS-LIBRARY-ALL-PARTITION-6:accession:CCMSLIB00016273815,-0.0,mzspec:MSV000096347:peak/mzML Folder/BESC24_72h_Hoagland_Rep5_Tip5_Ethylacetate_1D_Pos_DDA_135-2000mz_QE3.mzML:scan:4381,1,0.77,1,0,MSV000096347,NoID,temp/queries/a7/a740aa421baa48f6bef9ba6f4ade550e/a740aa421baa48f6bef9ba6f4ade550e.mgf,1,321,1345959
Ibuprofen_l-asparagine,mzspec:GNPS:MULTIPLEX-SYNTHESIS-LIBRARY-ALL-PARTITION-6:accession:CCMSLIB00016273815,-0.0,mzspec:MSV000096347:peak/mzML Folder/BESC24_72h_Hoagland_Rep4_Tip5_Ethylacetate_1D_Pos_DDA_135-2000mz_QE3.mzML:scan:4373,1,0.77,1,0,MSV000096347,NoID,temp/queries/a7/a740aa421baa48f6bef9ba6f4ade550e/a740aa421baa48f6bef9ba6f4ade550e.mgf,1,321,1349422
Ibuprofen_l-asparagine,mzspec:GNPS:MULTIPLEX-SYNTHESIS-LIBRARY-ALL-PARTITION-6:accession:CCMSLIB00016273815,-0.0,mzspec:MSV000096347:peak/mzML Folder/BESC24_72h_Hoagland_Rep6_Tip3_Ethylacetate_1D_Pos_DDA_135-2000mz_QE3.mzML:scan:4354,1,0.77,1,0,MSV000096347,NoID,temp/queries/a7/a740aa421baa48f6bef9ba6f4ade550e/a740aa421baa48f6bef9ba6f4ade550e.mgf,1,321,1350697
Ibuprofen_l-asparagine,mzspec:GNPS:MULTIPLEX-SYNTHESIS-LIBRARY-ALL-PARTITION-6:accession:CCMSLIB00016273815,-0.0,mzspec:MSV000096347:peak/mzML Folder/BESC24_72h_Hoagland_Rep6_Base_distant_2_Ethylacetate_1D_Pos_DDA_135-2000mz_QE3.mzML:scan:4275,1,0.76,1,0,MSV000096347,NoID,temp/queries/a7/a740aa421baa48f6bef9ba6f4ade550e/a740aa421baa48f6bef9ba6f4ade550e.mgf,1,321,1358109
Ibuprofen_l-asparagine,mzspec:GNPS:MULTIPLEX-SYNTHESIS-LIBRARY-ALL-PARTITION-6:accession:CCMSLIB00016273815,-0.0,mzspec:MSV000096347:peak/mzML Folder/BESC24_72h_Hoagland_Rep1_Base_distant_2_Ethylacetate_1D_Pos_DDA_135-2000mz_QE3.mzML:scan:4647,1,0.76,1,0,MSV000096347,NoID,temp/queries/a7/a740aa421baa48f6bef9ba6f4ade550e/a740aa421baa48f6bef9ba6f4ade550e.mgf,1,321,1359784
Ibuprofen_l-asparagine,mzspec:GNPS:MULTIPLEX-SYNTHESIS-LIBRARY-ALL-PARTITION-6:accession:CCMSLIB00016273815,0.0,mzspec:MSV000096359:peak/Burnett_RisePlus_Allmzml/P2_H1_364172960.mzML:scan:2035,1,0.76,4,0,MSV000096359,NoID,temp/queries/a7/a740aa421baa48f6bef9ba6f4ade550e/a740aa421baa48f6bef9ba6f4ade550e.mgf,1,321,793342
Ibuprofen_l-asparagine,mzspec:GNPS:MULTIPLEX-SYNTHESIS-LIBRARY-ALL-PARTITION-6:accession:CCMSLIB00016273815,0.0,mzspec:MSV000096359:ccms_peak/RAW/2_3_4/P2_H1_364172960.mzML:scan:2035,1,0.76,4,0,MSV000096359,NoID,temp/queries/a7/a740aa421baa48f6bef9ba6f4ade550e/a740aa421baa48f6bef9ba6f4ade550e.mgf,1,321,790736
Ibuprofen_l-asparagine,mzspec:GNPS:MULTIPLEX-SYNTHESIS-LIBRARY-ALL-PARTITION-6:accession:CCMSLIB00016273815,-0.0,mzspec:MSV000096347:peak/mzML Folder/BESC24_72h_Hoagland_Rep5_Tip1_Ethylacetate_1D_Pos_DDA_135-2000mz_QE3.mzML:scan:4298,1,0.76,1,0,MSV000096347,NoID,temp/queries/a7/a740aa421baa48f6bef9ba6f4ade550e/a740aa421baa48f6bef9ba6f4ade550e.mgf,1,321,1354784
Ibuprofen_l-asparagine,mzspec:GNPS:MULTIPLEX-SYNTHESIS-LIBRARY-ALL-PARTITION-6:accession:CCMSLIB00016273815,-0.0,mzspec:MSV000096347:peak/mzML Folder/BESC24_72h_Hoagland_Rep1_Base_distant_1_Ethylacetate_1D_Pos_DDA_135-2000mz_QE3.mzML:scan:4490,1,0.75,1,0,MSV000096347,NoID,temp/queries/a7/a740aa421baa48f6bef9ba6f4ade550e/a740aa421baa48f6bef9ba6f4ade550e.mgf,1,321,1358682
Ibuprofen_l-asparagine,mzspec:GNPS:MULTIPLEX-SYNTHESIS-LIBRARY-ALL-PARTITION-6:accession:CCMSLIB00016273815,-0.0,mzspec:MSV000096347:peak/mzML Folder/BESC24_72h_Hoagland_Rep2_Tip_distant_1_Ethylacetate_1D_Pos_DDA_135-2000mz_QE3.mzML:scan:4348,1,0.75,1,0,MSV000096347,NoID,temp/queries/a7/a740aa421baa48f6bef9ba6f4ade550e/a740aa421baa48f6bef9ba6f4ade550e.mgf,1,321,1348425
Ibuprofen_l-asparagine,mzspec:GNPS:MULTIPLEX-SYNTHESIS-LIBRARY-ALL-PARTITION-6:accession:CCMSLIB00016273815,-0.0,mzspec:MSV000096347:peak/mzML Folder/BESC24_72h_Hoagland_Rep2_Base_distant_2_Ethylacetate_1D_Pos_DDA_135-2000mz_QE3.mzML:scan:4326,1,0.75,1,0,MSV000096347,NoID,temp/queries/a7/a740aa421baa48f6bef9ba6f4ade550e/a740aa421baa48f6bef9ba6f4ade550e.mgf,1,321,1354334
Ibuprofen_l-asparagine,mzspec:GNPS:MULTIPLEX-SYNTHESIS-LIBRARY-ALL-PARTITION-6:accession:CCMSLIB00016273815,-0.01,mzspec:MSV000080905:ccms_peak/Raw/Plate4/P2_EMP_94.mzML:scan:857,1,0.75,1,0,MSV000080905,NoID,temp/queries/a7/a740aa421baa48f6bef9ba6f4ade550e/a740aa421baa48f6bef9ba6f4ade550e.mgf,1,321,831341
Ibuprofen_l-asparagine,mzspec:GNPS:MULTIPLEX-SYNTHESIS-LIBRARY-ALL-PARTITION-6:accession:CCMSLIB00016273815,-0.01,mzspec:MSV000080905:ccms_peak/Raw/Plate4/P2_EMP_23.mzML:scan:862,1,0.75,1,0,MSV000080905,NoID,temp/queries/a7/a740aa421baa48f6bef9ba6f4ade550e/a740aa421baa48f6bef9ba6f4ade550e.mgf,1,321,830673
Ibuprofen_l-asparagine,mzspec:GNPS:MULTIPLEX-SYNTHESIS-LIBRARY-ALL-PARTITION-6:accession:CCMSLIB00016273815,-0.0,mzspec:MSV000096347:peak/mzML Folder/BESC24_72h_Hoagland_Rep4_Tip4_Ethylacetate_1D_Pos_DDA_135-2000mz_QE3.mzML:scan:4517,1,0.75,1,0,MSV000096347,NoID,temp/queries/a7/a740aa421baa48f6bef9ba6f4ade550e/a740aa421baa48f6bef9ba6f4ade550e.mgf,1,321,1343724
Ibuprofen_l-asparagine,mzspec:GNPS:MULTIPLEX-SYNTHESIS-LIBRARY-ALL-PARTITION-6:accession:CCMSLIB00016273815,-0.0,mzspec:MSV000096347:peak/mzML Folder/BESC24_72h_Hoagland_Rep6_Tip1_Ethylacetate_1D_Pos_DDA_135-2000mz_QE3.mzML:scan:4323,1,0.75,1,0,MSV000096347,NoID,temp/queries/a7/a740aa421baa48f6bef9ba6f4ade550e/a740aa421baa48f6bef9ba6f4ade550e.mgf,1,321,1347866
Ibuprofen_l-asparagine,mzspec:GNPS:MULTIPLEX-SYNTHESIS-LIBRARY-ALL-PARTITION-6:accession:CCMSLIB00016273815,-0.0,mzspec:MSV000096347:peak/mzML Folder/BESC24_72h_Hoagland_Rep1_Tip1_Ethylacetate_1D_Pos_DDA_135-2000mz_QE3.mzML:scan:4463,1,0.75,1,0,MSV000096347,NoID,temp/queries/a7/a740aa421baa48f6bef9ba6f4ade550e/a740aa421baa48f6bef9ba6f4ade550e.mgf,1,321,1348254
Ibuprofen_l-asparagine,mzspec:GNPS:MULTIPLEX-SYNTHESIS-LIBRARY-ALL-PARTITION-6:accession:CCMSLIB00016273815,-0.0,mzspec:MSV000096347:peak/mzML Folder/BESC24_72h_Hoagland_Rep5_Tip2_Ethylacetate_1D_Pos_DDA_135-2000mz_QE3.mzML:scan:4261,1,0.75,1,0,MSV000096347,NoID,temp/queries/a7/a740aa421baa48f6bef9ba6f4ade550e/a740aa421baa48f6bef9ba6f4ade550e.mgf,1,321,1356118
Ibuprofen_l-asparagine,mzspec:GNPS:MULTIPLEX-SYNTHESIS-LIBRARY-ALL-PARTITION-6:accession:CCMSLIB00016273815,-0.0,mzspec:MSV000096347:peak/mzML Folder/BESC24_72h_Hoagland_Rep4_Base_distant_2_Ethylacetate_1D_Pos_DDA_135-2000mz_QE3.mzML:scan:4440,1,0.75,1,0,MSV000096347,NoID,temp/queries/a7/a740aa421baa48f6bef9ba6f4ade550e/a740aa421baa48f6bef9ba6f4ade550e.mgf,1,321,1359521
Ibuprofen_l-asparagine,mzspec:GNPS:MULTIPLEX-SYNTHESIS-LIBRARY-ALL-PARTITION-6:accession:CCMSLIB00016273815,-0.0,mzspec:MSV000096347:peak/mzML Folder/BESC24_72h_Hoagland_Rep5_Base_distant_1_Ethylacetate_1D_Pos_DDA_135-2000mz_QE3.mzML:scan:4287,1,0.74,1,0,MSV000096347,NoID,temp/queries/a7/a740aa421baa48f6bef9ba6f4ade550e/a740aa421baa48f6bef9ba6f4ade550e.mgf,1,321,1343672
Ibuprofen_l-asparagine,mzspec:GNPS:MULTIPLEX-SYNTHESIS-LIBRARY-ALL-PARTITION-6:accession:CCMSLIB00016273815,-0.0,mzspec:MSV000096347:peak/mzML Folder/BESC24_72h_Hoagland_Rep4_Tip4_Ethylacetate_1D_Pos_DDA_135-2000mz_QE3.mzML:scan:4436,1,0.74,1,0,MSV000096347,NoID,temp/queries/a7/a740aa421baa48f6bef9ba6f4ade550e/a740aa421baa48f6bef9ba6f4ade550e.mgf,1,321,1343723
Ibuprofen_l-asparagine,mzspec:GNPS:MULTIPLEX-SYNTHESIS-LIBRARY-ALL-PARTITION-6:accession:CCMSLIB00016273815,-0.0,mzspec:MSV000096347:peak/mzML Folder/BESC24_72h_Hoagland_Rep1_Tip4_Ethylacetate_1D_Pos_DDA_135-2000mz_QE3.mzML:scan:4389,1,0.74,1,0,MSV000096347,NoID,temp/queries/a7/a740aa421baa48f6bef9ba6f4ade550e/a740aa421baa48f6bef9ba6f4ade550e.mgf,1,321,1353003
Ibuprofen_l-asparagine,mzspec:GNPS:MULTIPLEX-SYNTHESIS-LIBRARY-ALL-PARTITION-6:accession:CCMSLIB00016273815,-0.0,mzspec:MSV000096347:peak/mzML Folder/BESC24_72h_Hoagland_Rep1_Tip5_Ethylacetate_1D_Pos_DDA_135-2000mz_QE3.mzML:scan:4279,1,0.74,1,0,MSV000096347,NoID,temp/queries/a7/a740aa421baa48f6bef9ba6f4ade550e/a740aa421baa48f6bef9ba6f4ade550e.mgf,1,321,1355597
Ibuprofen_l-asparagine,mzspec:GNPS:MULTIPLEX-SYNTHESIS-LIBRARY-ALL-PARTITION-6:accession:CCMSLIB00016273815,-0.02,mzspec:MSV000086161:ccms_peak/Positive raw data/KP274_Positive.mzML:scan:3612,1,0.74,3,0,MSV000086161,NoID,temp/queries/a7/a740aa421baa48f6bef9ba6f4ade550e/a740aa421baa48f6bef9ba6f4ade550e.mgf,1,321,1643008
Ibuprofen_l-asparagine,mzspec:GNPS:MULTIPLEX-SYNTHESIS-LIBRARY-ALL-PARTITION-6:accession:CCMSLIB00016273815,0.01,mzspec:MSV000087970:ccms_peak/RAW/01/01_POS/LQ-01-61-19_01_pos.mzML:scan:2200,1,0.74,2,0,MSV000087970,NoID,temp/queries/a7/a740aa421baa48f6bef9ba6f4ade550e/a740aa421baa48f6bef9ba6f4ade550e.mgf,1,321,910053
Ibuprofen_l-asparagine,mzspec:GNPS:MULTIPLEX-SYNTHESIS-LIBRARY-ALL-PARTITION-6:accession:CCMSLIB00016273815,-0.0,mzspec:MSV000096347:peak/mzML Folder/BESC24_72h_Hoagland_Rep6_Tip2_Ethylacetate_1D_Pos_DDA_135-2000mz_QE3.mzML:scan:4364,1,0.74,2,0,MSV000096347,NoID,temp/queries/a7/a740aa421baa48f6bef9ba6f4ade550e/a740aa421baa48f6bef9ba6f4ade550e.mgf,1,321,1358220
Ibuprofen_l-asparagine,mzspec:GNPS:MULTIPLEX-SYNTHESIS-LIBRARY-ALL-PARTITION-6:accession:CCMSLIB00016273815,0.01,mzspec:MSV000087970:peak/CONVERTED/01/01_POS/LQ-01-61-19_01_pos.mzML:scan:2200,1,0.74,2,0,MSV000087970,NoID,temp/queries/a7/a740aa421baa48f6bef9ba6f4ade550e/a740aa421baa48f6bef9ba6f4ade550e.mgf,1,321,913236
Ibuprofen_l-asparagine,mzspec:GNPS:MULTIPLEX-SYNTHESIS-LIBRARY-ALL-PARTITION-6:accession:CCMSLIB00016273815,-0.0,mzspec:MSV000096347:peak/mzML Folder/BESC24_72h_Hoagland_Rep5_Tip3_Ethylacetate_1D_Pos_DDA_135-2000mz_QE3.mzML:scan:4328,1,0.74,1,0,MSV000096347,NoID,temp/queries/a7/a740aa421baa48f6bef9ba6f4ade550e/a740aa421baa48f6bef9ba6f4ade550e.mgf,1,321,1344740
Ibuprofen_l-asparagine,mzspec:GNPS:MULTIPLEX-SYNTHESIS-LIBRARY-ALL-PARTITION-6:accession:CCMSLIB00016273815,-0.02,mzspec:MSV000082796:ccms_peak/Positive raw data/KP_274_Positive.mzML:scan:3612,1,0.74,3,0,MSV000082796,NoID,temp/queries/a7/a740aa421baa48f6bef9ba6f4ade550e/a740aa421baa48f6bef9ba6f4ade550e.mgf,1,321,1092033
Ibuprofen_l-asparagine,mzspec:GNPS:MULTIPLEX-SYNTHESIS-LIBRARY-ALL-PARTITION-6:accession:CCMSLIB00016273815,-0.0,mzspec:MSV000096347:peak/mzML Folder/BESC24_72h_Hoagland_Rep3_Tip_distant_2_Ethylacetate_1D_Pos_DDA_135-2000mz_QE3.mzML:scan:4475,1,0.74,1,0,MSV000096347,NoID,temp/queries/a7/a740aa421baa48f6bef9ba6f4ade550e/a740aa421baa48f6bef9ba6f4ade550e.mgf,1,321,1352443
Ibuprofen_l-asparagine,mzspec:GNPS:MULTIPLEX-SYNTHESIS-LIBRARY-ALL-PARTITION-6:accession:CCMSLIB00016273815,-0.0,mzspec:MSV000096347:peak/mzML Folder/BESC24_72h_Hoagland_Rep6_Base_distant_1_Ethylacetate_1D_Pos_DDA_135-2000mz_QE3.mzML:scan:4236,1,0.74,1,0,MSV000096347,NoID,temp/queries/a7/a740aa421baa48f6bef9ba6f4ade550e/a740aa421baa48f6bef9ba6f4ade550e.mgf,1,321,1348549
Ibuprofen_l-asparagine,mzspec:GNPS:MULTIPLEX-SYNTHESIS-LIBRARY-ALL-PARTITION-6:accession:CCMSLIB00016273815,-0.0,mzspec:MSV000096347:peak/mzML Folder/BESC24_72h_Hoagland_Rep5_Tip4_Ethylacetate_1D_Pos_DDA_135-2000mz_QE3.mzML:scan:4250,1,0.74,1,0,MSV000096347,NoID,temp/queries/a7/a740aa421baa48f6bef9ba6f4ade550e/a740aa421baa48f6bef9ba6f4ade550e.mgf,1,321,1343870
Ibuprofen_l-asparagine,mzspec:GNPS:MULTIPLEX-SYNTHESIS-LIBRARY-ALL-PARTITION-6:accession:CCMSLIB00016273815,-0.0,mzspec:MSV000096347:peak/mzML Folder/BESC24_72h_Hoagland_Rep1_Tip2_Ethylacetate_1D_Pos_DDA_135-2000mz_QE3.mzML:scan:4419,1,0.74,1,0,MSV000096347,NoID,temp/queries/a7/a740aa421baa48f6bef9ba6f4ade550e/a740aa421baa48f6bef9ba6f4ade550e.mgf,1,321,1352923
Ibuprofen_l-asparagine,mzspec:GNPS:MULTIPLEX-SYNTHESIS-LIBRARY-ALL-PARTITION-6:accession:CCMSLIB00016273815,-0.0,mzspec:MSV000096347:peak/mzML Folder/BESC24_72h_Hoagland_Rep4_Tip_distant_2_Ethylacetate_1D_Pos_DDA_135-2000mz_QE3.mzML:scan:4353,1,0.74,1,0,MSV000096347,NoID,temp/queries/a7/a740aa421baa48f6bef9ba6f4ade550e/a740aa421baa48f6bef9ba6f4ade550e.mgf,1,321,1350530
Ibuprofen_l-asparagine,mzspec:GNPS:MULTIPLEX-SYNTHESIS-LIBRARY-ALL-PARTITION-6:accession:CCMSLIB00016273815,-0.0,mzspec:MSV000096347:peak/mzML Folder/BESC24_72h_Hoagland_Rep3_Tip6_Ethylacetate_1D_Pos_DDA_135-2000mz_QE3.mzML:scan:4505,1,0.74,1,0,MSV000096347,NoID,temp/queries/a7/a740aa421baa48f6bef9ba6f4ade550e/a740aa421baa48f6bef9ba6f4ade550e.mgf,1,321,1354447
Ibuprofen_l-asparagine,mzspec:GNPS:MULTIPLEX-SYNTHESIS-LIBRARY-ALL-PARTITION-6:accession:CCMSLIB00016273815,-0.0,mzspec:MSV000096347:peak/mzML Folder/BESC24_72h_Hoagland_Rep4_Tip3_Ethylacetate_1D_Pos_DDA_135-2000mz_QE3.mzML:scan:4440,1,0.74,1,0,MSV000096347,NoID,temp/queries/a7/a740aa421baa48f6bef9ba6f4ade550e/a740aa421baa48f6bef9ba6f4ade550e.mgf,1,321,1347220
Ibuprofen_l-asparagine,mzspec:GNPS:MULTIPLEX-SYNTHESIS-LIBRARY-ALL-PARTITION-6:accession:CCMSLIB00016273815,-0.0,mzspec:MSV000096347:peak/mzML Folder/BESC24_72h_Hoagland_Rep6_Tip_distant_1_Ethylacetate_1D_Pos_DDA_135-2000mz_QE3.mzML:scan:4210,1,0.73,1,0,MSV000096347,NoID,temp/queries/a7/a740aa421baa48f6bef9ba6f4ade550e/a740aa421baa48f6bef9ba6f4ade550e.mgf,1,321,1349574
Ibuprofen_l-asparagine,mzspec:GNPS:MULTIPLEX-SYNTHESIS-LIBRARY-ALL-PARTITION-6:accession:CCMSLIB00016273815,-0.0,mzspec:MSV000096347:peak/mzML Folder/BESC24_72h_Hoagland_Rep6_Tip_distant_2_Ethylacetate_1D_Pos_DDA_135-2000mz_QE3.mzML:scan:4199,1,0.73,1,0,MSV000096347,NoID,temp/queries/a7/a740aa421baa48f6bef9ba6f4ade550e/a740aa421baa48f6bef9ba6f4ade550e.mgf,1,321,1349514
Ibuprofen_l-asparagine,mzspec:GNPS:MULTIPLEX-SYNTHESIS-LIBRARY-ALL-PARTITION-6:accession:CCMSLIB00016273815,-0.0,mzspec:MSV000096347:peak/mzML Folder/BESC24_72h_Hoagland_Rep1_Tip_distant_2_Ethylacetate_1D_Pos_DDA_135-2000mz_QE3.mzML:scan:4578,1,0.73,1,0,MSV000096347,NoID,temp/queries/a7/a740aa421baa48f6bef9ba6f4ade550e/a740aa421baa48f6bef9ba6f4ade550e.mgf,1,321,1358155
Ibuprofen_l-asparagine,mzspec:GNPS:MULTIPLEX-SYNTHESIS-LIBRARY-ALL-PARTITION-6:accession:CCMSLIB00016273815,-0.0,mzspec:MSV000096347:peak/mzML Folder/BESC24_72h_Hoagland_Rep3_Tip5_Ethylacetate_1D_Pos_DDA_135-2000mz_QE3.mzML:scan:4582,1,0.73,1,0,MSV000096347,NoID,temp/queries/a7/a740aa421baa48f6bef9ba6f4ade550e/a740aa421baa48f6bef9ba6f4ade550e.mgf,1,321,1346014
Ibuprofen_l-asparagine,mzspec:GNPS:MULTIPLEX-SYNTHESIS-LIBRARY-ALL-PARTITION-6:accession:CCMSLIB00016273815,-0.0,mzspec:MSV000096347:peak/mzML Folder/BESC24_72h_Hoagland_Rep4_Base_distant_1_Ethylacetate_1D_Pos_DDA_135-2000mz_QE3.mzML:scan:4511,1,0.73,1,0,MSV000096347,NoID,temp/queries/a7/a740aa421baa48f6bef9ba6f4ade550e/a740aa421baa48f6bef9ba6f4ade550e.mgf,1,321,1351279
Ibuprofen_l-asparagine,mzspec:GNPS:MULTIPLEX-SYNTHESIS-LIBRARY-ALL-PARTITION-6:accession:CCMSLIB00016273815,-0.0,mzspec:MSV000096347:peak/mzML Folder/BESC24_72h_Hoagland_Rep3_Tip_distant_1_Ethylacetate_1D_Pos_DDA_135-2000mz_QE3.mzML:scan:4772,1,0.73,1,0,MSV000096347,NoID,temp/queries/a7/a740aa421baa48f6bef9ba6f4ade550e/a740aa421baa48f6bef9ba6f4ade550e.mgf,1,321,1349476
Ibuprofen_l-asparagine,mzspec:GNPS:MULTIPLEX-SYNTHESIS-LIBRARY-ALL-PARTITION-6:accession:CCMSLIB00016273815,-0.0,mzspec:MSV000096347:peak/mzML Folder/BESC24_72h_Hoagland_Rep6_Tip3_Ethylacetate_1D_Pos_DDA_135-2000mz_QE3.mzML:scan:4433,1,0.73,2,0,MSV000096347,NoID,temp/queries/a7/a740aa421baa48f6bef9ba6f4ade550e/a740aa421baa48f6bef9ba6f4ade550e.mgf,1,321,1350698
Ibuprofen_l-asparagine,mzspec:GNPS:MULTIPLEX-SYNTHESIS-LIBRARY-ALL-PARTITION-6:accession:CCMSLIB00016273815,-0.0,mzspec:MSV000096347:peak/mzML Folder/BESC24_72h_Hoagland_Rep1_Tip_distant_1_Ethylacetate_1D_Pos_DDA_135-2000mz_QE3.mzML:scan:4689,1,0.72,1,0,MSV000096347,NoID,temp/queries/a7/a740aa421baa48f6bef9ba6f4ade550e/a740aa421baa48f6bef9ba6f4ade550e.mgf,1,321,1353541
Ibuprofen_l-asparagine,mzspec:GNPS:MULTIPLEX-SYNTHESIS-LIBRARY-ALL-PARTITION-6:accession:CCMSLIB00016273815,0.01,mzspec:MSV000087970:ccms_peak/RAW/02/02_POS/LQ-01-61-19_02_pos.mzML:scan:2207,1,0.71,2,0,MSV000087970,NoID,temp/queries/a7/a740aa421baa48f6bef9ba6f4ade550e/a740aa421baa48f6bef9ba6f4ade550e.mgf,1,321,910532
Ibuprofen_l-asparagine,mzspec:GNPS:MULTIPLEX-SYNTHESIS-LIBRARY-ALL-PARTITION-6:accession:CCMSLIB00016273815,0.01,mzspec:MSV000087970:peak/CONVERTED/02/02_POS/LQ-01-61-19_02_pos.mzML:scan:2207,1,0.71,2,0,MSV000087970,NoID,temp/queries/a7/a740aa421baa48f6bef9ba6f4ade550e/a740aa421baa48f6bef9ba6f4ade550e.mgf,1,321,913549
Ibuprofen_l-asparagine,mzspec:GNPS:MULTIPLEX-SYNTHESIS-LIBRARY-ALL-PARTITION-6:accession:CCMSLIB00016273815,-0.0,mzspec:MSV000096347:peak/mzML Folder/BESC24_72h_Hoagland_Rep2_Base_distant_1_Ethylacetate_1D_Pos_DDA_135-2000mz_QE3.mzML:scan:4206,1,0.71,1,0,MSV000096347,NoID,temp/queries/a7/a740aa421baa48f6bef9ba6f4ade550e/a740aa421baa48f6bef9ba6f4ade550e.mgf,1,321,1352685
Ibuprofen_l-asparagine,mzspec:GNPS:MULTIPLEX-SYNTHESIS-LIBRARY-ALL-PARTITION-6:accession:CCMSLIB00016273815,0.01,mzspec:MSV000087970:ccms_peak/RAW/03/03_POS/LQ-01-61-19_03_pos.mzML:scan:2200,1,0.71,2,0,MSV000087970,NoID,temp/queries/a7/a740aa421baa48f6bef9ba6f4ade550e/a740aa421baa48f6bef9ba6f4ade550e.mgf,1,321,909658
Ibuprofen_l-asparagine,mzspec:GNPS:MULTIPLEX-SYNTHESIS-LIBRARY-ALL-PARTITION-6:accession:CCMSLIB00016273815,-0.0,mzspec:MSV000096347:peak/mzML Folder/BESC24_72h_Hoagland_Rep5_Tip_distant_1_Ethylacetate_1D_Pos_DDA_135-2000mz_QE3.mzML:scan:4306,1,0.71,1,0,MSV000096347,NoID,temp/queries/a7/a740aa421baa48f6bef9ba6f4ade550e/a740aa421baa48f6bef9ba6f4ade550e.mgf,1,321,1350645
Ibuprofen_l-asparagine,mzspec:GNPS:MULTIPLEX-SYNTHESIS-LIBRARY-ALL-PARTITION-6:accession:CCMSLIB00016273815,-0.0,mzspec:MSV000096347:peak/mzML Folder/BESC24_72h_Hoagland_Rep2_Tip_distant_2_Ethylacetate_1D_Pos_DDA_135-2000mz_QE3.mzML:scan:4240,1,0.71,1,0,MSV000096347,NoID,temp/queries/a7/a740aa421baa48f6bef9ba6f4ade550e/a740aa421baa48f6bef9ba6f4ade550e.mgf,1,321,1357745
Ibuprofen_l-asparagine,mzspec:GNPS:MULTIPLEX-SYNTHESIS-LIBRARY-ALL-PARTITION-6:accession:CCMSLIB00016273815,0.01,mzspec:MSV000087970:peak/CONVERTED/03/03_POS/LQ-01-61-19_03_pos.mzML:scan:2200,1,0.71,2,0,MSV000087970,NoID,temp/queries/a7/a740aa421baa48f6bef9ba6f4ade550e/a740aa421baa48f6bef9ba6f4ade550e.mgf,1,321,909570
Ibuprofen_l-asparagine,mzspec:GNPS:MULTIPLEX-SYNTHESIS-LIBRARY-ALL-PARTITION-6:accession:CCMSLIB00016273815,-0.0,mzspec:MSV000096347:peak/mzML Folder/BESC24_72h_Hoagland_Rep1_Tip3_Ethylacetate_1D_Pos_DDA_135-2000mz_QE3.mzML:scan:4417,1,0.71,1,0,MSV000096347,NoID,temp/queries/a7/a740aa421baa48f6bef9ba6f4ade550e/a740aa421baa48f6bef9ba6f4ade550e.mgf,1,321,1350026
Ibuprofen_l-asparagine,mzspec:GNPS:MULTIPLEX-SYNTHESIS-LIBRARY-ALL-PARTITION-6:accession:CCMSLIB00016273815,-0.0,mzspec:MSV000096347:peak/mzML Folder/BESC24_72h_Hoagland_Rep2_Tip6_Ethylacetate_1D_Pos_DDA_135-2000mz_QE3.mzML:scan:4325,1,0.7,1,0,MSV000096347,NoID,temp/queries/a7/a740aa421baa48f6bef9ba6f4ade550e/a740aa421baa48f6bef9ba6f4ade550e.mgf,1,321,1350758
