compound_name,lib_usi,Delta Mass,USI,Charge,Cosine,Matching Peaks,Unit Delta Mass,Dataset,Status,Query Filename,Query Scan,Index UnitPM,Index IdxInUnitPM
Ibuprofen_l-citrulline,mzspec:GNPS:MULTIPLEX-SYNTHESIS-LIBRARY-ALL-PARTITION-6:accession:CCMSLIB00016273716,-0.02,mzspec:MSV000082261:ccms_peak/raw_files/samples/11129_NT1D003_JJK_Ur.mzML:scan:1954,1,0.83,4,0,MSV000082261,NoID,temp/queries/9a/9a3edd45720744f1ae5accd9bfa08cd5/9a3edd45720744f1ae5accd9bfa08cd5.mgf,1,364,383137
Ibuprofen_l-citrulline,mzspec:GNPS:MULTIPLEX-SYNTHESIS-LIBRARY-ALL-PARTITION-6:accession:CCMSLIB00016273716,-0.02,mzspec:MSV000084112:ccms_peak/Urine_Data/11129_NT1D003_JJK_Ur.mzML:scan:1954,1,0.83,4,0,MSV000084112,NoID,temp/queries/9a/9a3edd45720744f1ae5accd9bfa08cd5/9a3edd45720744f1ae5accd9bfa08cd5.mgf,1,364,715486
Ibuprofen_l-citrulline,mzspec:GNPS:MULTIPLEX-SYNTHESIS-LIBRARY-ALL-PARTITION-6:accession:CCMSLIB00016273716,0.01,mzspec:ST003500:balbo006_mckeo093_19145_20230510_N207.mzML:scan:17334,1,0.81,3,0,ST003500,NoID,temp/queries/9a/9a3edd45720744f1ae5accd9bfa08cd5/9a3edd45720744f1ae5accd9bfa08cd5.mgf,1,364,1025263
Ibuprofen_l-citrulline,mzspec:GNPS:MULTIPLEX-SYNTHESIS-LIBRARY-ALL-PARTITION-6:accession:CCMSLIB00016273716,0.02,mzspec:MSV000086644:raw/20201229_Myoporeae_full_dataset/263_RMF290_6ul_GC7_01_22468.mzML:scan:4550,1,0.73,1,0,MSV000086644,NoID,temp/queries/9a/9a3edd45720744f1ae5accd9bfa08cd5/9a3edd45720744f1ae5accd9bfa08cd5.mgf,1,364,294297
Ibuprofen_l-citrulline,mzspec:GNPS:MULTIPLEX-SYNTHESIS-LIBRARY-ALL-PARTITION-6:accession:CCMSLIB00016273716,0.02,mzspec:MSV000086644:ccms_peak/20201229_Myoporeae_full_dataset/263_RMF290_6ul_GC7_01_22468.mzML:scan:4550,1,0.73,1,0,MSV000086644,NoID,temp/queries/9a/9a3edd45720744f1ae5accd9bfa08cd5/9a3edd45720744f1ae5accd9bfa08cd5.mgf,1,364,294097
Ibuprofen_l-citrulline,mzspec:GNPS:MULTIPLEX-SYNTHESIS-LIBRARY-ALL-PARTITION-6:accession:CCMSLIB00016273716,-0.01,mzspec:MSV000097935:peak/mzML/Plate2/P2_D10_01LJ00544_V5.mzML:scan:1777,1,0.71,4,0,MSV000097935,NoID,temp/queries/9a/9a3edd45720744f1ae5accd9bfa08cd5/9a3edd45720744f1ae5accd9bfa08cd5.mgf,1,364,126969
Ibuprofen_l-citrulline,mzspec:GNPS:MULTIPLEX-SYNTHESIS-LIBRARY-ALL-PARTITION-6:accession:CCMSLIB00016273716,-0.01,mzspec:MSV000097935:ccms_peak/mzML/Plate2/P2_D10_01LJ00544_V5.mzML:scan:1777,1,0.71,4,0,MSV000097935,NoID,temp/queries/9a/9a3edd45720744f1ae5accd9bfa08cd5/9a3edd45720744f1ae5accd9bfa08cd5.mgf,1,364,122683
Ibuprofen_l-citrulline,mzspec:GNPS:MULTIPLEX-SYNTHESIS-LIBRARY-ALL-PARTITION-6:accession:CCMSLIB00016273716,-0.02,mzspec:MSV000096884:ccms_peak/20240323_ADRC_serum_mzML_NA_rm/7513703730.mzML:scan:1109,1,0.71,2,0,MSV000096884,NoID,temp/queries/9a/9a3edd45720744f1ae5accd9bfa08cd5/9a3edd45720744f1ae5accd9bfa08cd5.mgf,1,364,871990
Ibuprofen_l-citrulline,mzspec:GNPS:MULTIPLEX-SYNTHESIS-LIBRARY-ALL-PARTITION-6:accession:CCMSLIB00016273716,-0.02,mzspec:MSV000094395:peak/20240323_ADRC_serum_mzML/7513703730.mzML:scan:1109,1,0.71,2,0,MSV000094395,NoID,temp/queries/9a/9a3edd45720744f1ae5accd9bfa08cd5/9a3edd45720744f1ae5accd9bfa08cd5.mgf,1,364,8930
