compound_name,lib_usi,Delta Mass,USI,Charge,Cosine,Matching Peaks,Unit Delta Mass,Dataset,Status,Query Filename,Query Scan,Index UnitPM,Index IdxInUnitPM
Ibuprofen_l-histidine,mzspec:GNPS:MULTIPLEX-SYNTHESIS-LIBRARY-ALL-PARTITION-6:accession:CCMSLIB00016273747,0.0,mzspec:MSV000096049:peak/Precision_and_Recovery_mzML/Recovery_HNRC_100H2O_P3G2_no_recovery_1.mzML:scan:2168,1,0.98,5,0,MSV000096049,NoID,temp/queries/52/5232438780d648468a94c1c52655a833/5232438780d648468a94c1c52655a833.mgf,1,344,446095
Ibuprofen_l-histidine,mzspec:GNPS:MULTIPLEX-SYNTHESIS-LIBRARY-ALL-PARTITION-6:accession:CCMSLIB00016273747,0.0,mzspec:MSV000082221:ccms_peak/mzxml_files/samples/PLCL18291_BG9_01_28193.mzML:scan:907,1,0.97,4,0,MSV000082221,NoID,temp/queries/52/5232438780d648468a94c1c52655a833/5232438780d648468a94c1c52655a833.mgf,1,344,139456
Ibuprofen_l-histidine,mzspec:GNPS:MULTIPLEX-SYNTHESIS-LIBRARY-ALL-PARTITION-6:accession:CCMSLIB00016273747,0.0,mzspec:MSV000096049:peak/Precision_and_Recovery_mzML/Recovery_HNRC_100H2O_P3G2_low_point_1.mzML:scan:2125,1,0.93,4,0,MSV000096049,NoID,temp/queries/52/5232438780d648468a94c1c52655a833/5232438780d648468a94c1c52655a833.mgf,1,344,444718
Ibuprofen_l-histidine,mzspec:GNPS:MULTIPLEX-SYNTHESIS-LIBRARY-ALL-PARTITION-6:accession:CCMSLIB00016273747,0.0,mzspec:MSV000095423:peak/all_files_mzML/LC2_1to100/HNRC_P3_G2_Sample_X3148765_LC2.mzML:scan:2991,1,0.91,5,0,MSV000095423,NoID,temp/queries/52/5232438780d648468a94c1c52655a833/5232438780d648468a94c1c52655a833.mgf,1,344,675258
Ibuprofen_l-histidine,mzspec:GNPS:MULTIPLEX-SYNTHESIS-LIBRARY-ALL-PARTITION-6:accession:CCMSLIB00016273747,0.0,mzspec:MSV000096049:peak/Precision_and_Recovery_mzML/Recovery_HNRC_100H2O_P3G2_low_point_2.mzML:scan:2134,1,0.89,4,0,MSV000096049,NoID,temp/queries/52/5232438780d648468a94c1c52655a833/5232438780d648468a94c1c52655a833.mgf,1,344,445426
Ibuprofen_l-histidine,mzspec:GNPS:MULTIPLEX-SYNTHESIS-LIBRARY-ALL-PARTITION-6:accession:CCMSLIB00016273747,0.0,mzspec:ST002977:Fecal_Metabolome_and_Microbiome_IDs/Raw_Data_Files/RPLCxHILIC_2d/Positive Mode/2022_0708_HILIC_Fraction_21_MS2.mzML:scan:2010,1,0.89,3,0,ST002977,NoID,temp/queries/52/5232438780d648468a94c1c52655a833/5232438780d648468a94c1c52655a833.mgf,1,344,2157224
Ibuprofen_l-histidine,mzspec:GNPS:MULTIPLEX-SYNTHESIS-LIBRARY-ALL-PARTITION-6:accession:CCMSLIB00016273747,0.0,mzspec:MSV000096049:peak/Precision_and_Recovery_mzML/Recovery_HNRC_100H2O_P3G2_low_point_3.mzML:scan:2127,1,0.88,4,0,MSV000096049,NoID,temp/queries/52/5232438780d648468a94c1c52655a833/5232438780d648468a94c1c52655a833.mgf,1,344,445604
Ibuprofen_l-histidine,mzspec:GNPS:MULTIPLEX-SYNTHESIS-LIBRARY-ALL-PARTITION-6:accession:CCMSLIB00016273747,0.0,mzspec:ST002977:Fecal_Metabolome_and_Microbiome_IDs/Raw_Data_Files/RPLCxHILIC_2d/Positive Mode/2022_0708_HILIC_Fraction_21_MS2.mzML:scan:1972,1,0.84,3,0,ST002977,NoID,temp/queries/52/5232438780d648468a94c1c52655a833/5232438780d648468a94c1c52655a833.mgf,1,344,2157223
Ibuprofen_l-histidine,mzspec:GNPS:MULTIPLEX-SYNTHESIS-LIBRARY-ALL-PARTITION-6:accession:CCMSLIB00016273747,0.0,mzspec:MSV000082221:ccms_peak/mzxml_files/samples/PLCL18291_BG9_01_28193.mzML:scan:930,1,0.78,2,0,MSV000082221,NoID,temp/queries/52/5232438780d648468a94c1c52655a833/5232438780d648468a94c1c52655a833.mgf,1,344,139457
