compound_name,lib_usi,Delta Mass,USI,Charge,Cosine,Matching Peaks,Unit Delta Mass,Dataset,Status,Query Filename,Query Scan,Index UnitPM,Index IdxInUnitPM
Ibuprofen_l-lysine,mzspec:GNPS:MULTIPLEX-SYNTHESIS-LIBRARY-ALL-PARTITION-6:accession:CCMSLIB00016273680,0.01,mzspec:MSV000085607:peak/mzXML/Plate02/X2147547_RC3_01_55053.mzXML:scan:1354,1,0.8,2,0,MSV000085607,NoID,temp/queries/ea/ea57227d6beb4dc68b4ef31325dd0d2c/ea57227d6beb4dc68b4ef31325dd0d2c.mgf,1,335,1230406
Ibuprofen_l-lysine,mzspec:GNPS:MULTIPLEX-SYNTHESIS-LIBRARY-ALL-PARTITION-6:accession:CCMSLIB00016273680,0.01,mzspec:MSV000085724:ccms_peak/mzXML/Plate02/X2147547_RC3_01_55053.mzML:scan:1354,1,0.8,2,0,MSV000085724,NoID,temp/queries/ea/ea57227d6beb4dc68b4ef31325dd0d2c/ea57227d6beb4dc68b4ef31325dd0d2c.mgf,1,335,1647218
Ibuprofen_l-lysine,mzspec:GNPS:MULTIPLEX-SYNTHESIS-LIBRARY-ALL-PARTITION-6:accession:CCMSLIB00016273680,0.0,mzspec:MSV000083664:ccms_peak/mzxml/Buffered/Buffer_Samples/BS159_RF11_01_42446.mzML:scan:934,1,0.79,3,0,MSV000083664,NoID,temp/queries/ea/ea57227d6beb4dc68b4ef31325dd0d2c/ea57227d6beb4dc68b4ef31325dd0d2c.mgf,1,335,234247
Ibuprofen_l-lysine,mzspec:GNPS:MULTIPLEX-SYNTHESIS-LIBRARY-ALL-PARTITION-6:accession:CCMSLIB00016273680,0.01,mzspec:MSV000092823:raw/ADCe00421.mzML:scan:4294967295,1,0.77,1,0,MSV000092823,NoID,temp/queries/ea/ea57227d6beb4dc68b4ef31325dd0d2c/ea57227d6beb4dc68b4ef31325dd0d2c.mgf,1,335,20612
Ibuprofen_l-lysine,mzspec:GNPS:MULTIPLEX-SYNTHESIS-LIBRARY-ALL-PARTITION-6:accession:CCMSLIB00016273680,0.0,mzspec:MSV000083664:ccms_peak/mzxml/Non_Buffered/Non_Buffer_Samples/S177_RH12_01_42249.mzML:scan:921,1,0.74,4,0,MSV000083664,NoID,temp/queries/ea/ea57227d6beb4dc68b4ef31325dd0d2c/ea57227d6beb4dc68b4ef31325dd0d2c.mgf,1,335,234303
Ibuprofen_l-lysine,mzspec:GNPS:MULTIPLEX-SYNTHESIS-LIBRARY-ALL-PARTITION-6:accession:CCMSLIB00016273680,0.0,mzspec:MSV000083593:ccms_peak/mzXML/samples/Plate_02_GD12_01_21576.mzML:scan:974,1,0.72,2,0,MSV000083593,NoID,temp/queries/ea/ea57227d6beb4dc68b4ef31325dd0d2c/ea57227d6beb4dc68b4ef31325dd0d2c.mgf,1,335,292
