compound_name,lib_usi,Delta Mass,USI,Charge,Cosine,Matching Peaks,Unit Delta Mass,Dataset,Status,Query Filename,Query Scan,Index UnitPM,Index IdxInUnitPM
Ibuprofen_l-methionine,mzspec:GNPS:MULTIPLEX-SYNTHESIS-LIBRARY-ALL-PARTITION-6:accession:CCMSLIB00016273686,0.0,mzspec:MSV000082261:ccms_peak/raw_files/samples/11129_NT1D003_JJK_Ur.mzML:scan:2297,1,0.94,6,0,MSV000082261,NoID,temp/queries/b3/b3672f67286f4073be2f542d26198498/b3672f67286f4073be2f542d26198498.mgf,1,338,1403529
Ibuprofen_l-methionine,mzspec:GNPS:MULTIPLEX-SYNTHESIS-LIBRARY-ALL-PARTITION-6:accession:CCMSLIB00016273686,0.0,mzspec:MSV000084112:ccms_peak/Urine_Data/11129_NT1D003_JJK_Ur.mzML:scan:2297,1,0.94,6,0,MSV000084112,NoID,temp/queries/b3/b3672f67286f4073be2f542d26198498/b3672f67286f4073be2f542d26198498.mgf,1,338,2492186
Ibuprofen_l-methionine,mzspec:GNPS:MULTIPLEX-SYNTHESIS-LIBRARY-ALL-PARTITION-6:accession:CCMSLIB00016273686,0.0,mzspec:MSV000095003:peak/20240610_PCP_pos/P2_E5_627.mzML:scan:3121,1,0.78,2,0,MSV000095003,NoID,temp/queries/b3/b3672f67286f4073be2f542d26198498/b3672f67286f4073be2f542d26198498.mgf,1,338,1990198
Ibuprofen_l-methionine,mzspec:GNPS:MULTIPLEX-SYNTHESIS-LIBRARY-ALL-PARTITION-6:accession:CCMSLIB00016273686,-0.0,mzspec:MTBLS1807:FILES/DERIVED_FILES/mtab_mmetsp_ft_120815_43.mzML:scan:2742,1,0.71,2,0,MTBLS1807,NoID,temp/queries/b3/b3672f67286f4073be2f542d26198498/b3672f67286f4073be2f542d26198498.mgf,1,338,3567313
