compound_name,lib_usi,Delta Mass,USI,Charge,Cosine,Matching Peaks,Unit Delta Mass,Dataset,Status,Query Filename,Query Scan,Index UnitPM,Index IdxInUnitPM
Ibuprofen_l-phenylalanine,mzspec:GNPS:MULTIPLEX-SYNTHESIS-LIBRARY-ALL-PARTITION-6:accession:CCMSLIB00016273672,-0.0,mzspec:MSV000096359:ccms_peak/RAW/5_6_7/P7_C2_364433166.mzML:scan:2467,1,0.95,5,0,MSV000096359,NoID,temp/queries/29/2996e3053d1947eb98d8702ed17a8c3d/2996e3053d1947eb98d8702ed17a8c3d.mgf,1,354,622643
Ibuprofen_l-phenylalanine,mzspec:GNPS:MULTIPLEX-SYNTHESIS-LIBRARY-ALL-PARTITION-6:accession:CCMSLIB00016273672,-0.0,mzspec:MSV000096359:peak/Burnett_RisePlus_Allmzml/P7_C2_364433166.mzML:scan:2467,1,0.95,5,0,MSV000096359,NoID,temp/queries/29/2996e3053d1947eb98d8702ed17a8c3d/2996e3053d1947eb98d8702ed17a8c3d.mgf,1,354,619796
Ibuprofen_l-phenylalanine,mzspec:GNPS:MULTIPLEX-SYNTHESIS-LIBRARY-ALL-PARTITION-6:accession:CCMSLIB00016273672,-0.0,mzspec:MSV000082261:ccms_peak/raw_files/samples/11129_NT1D003_JJK_Ur.mzML:scan:2457,1,0.94,4,0,MSV000082261,NoID,temp/queries/29/2996e3053d1947eb98d8702ed17a8c3d/2996e3053d1947eb98d8702ed17a8c3d.mgf,1,354,634957
Ibuprofen_l-phenylalanine,mzspec:GNPS:MULTIPLEX-SYNTHESIS-LIBRARY-ALL-PARTITION-6:accession:CCMSLIB00016273672,-0.0,mzspec:MSV000084112:ccms_peak/Urine_Data/11129_NT1D003_JJK_Ur.mzML:scan:2457,1,0.94,4,0,MSV000084112,NoID,temp/queries/29/2996e3053d1947eb98d8702ed17a8c3d/2996e3053d1947eb98d8702ed17a8c3d.mgf,1,354,1326827
Ibuprofen_l-phenylalanine,mzspec:GNPS:MULTIPLEX-SYNTHESIS-LIBRARY-ALL-PARTITION-6:accession:CCMSLIB00016273672,-0.0,mzspec:MSV000094559:updates/2024-12-18_apatan_535e183c/raw/12042024/mzML/AP_2143.mzML:scan:2988,1,0.74,4,0,MSV000094559,NoID,temp/queries/29/2996e3053d1947eb98d8702ed17a8c3d/2996e3053d1947eb98d8702ed17a8c3d.mgf,1,354,796703
