compound_name,lib_usi,desc,timing
Ibuprofen_l-tryptophan,mzspec:GNPS:MULTIPLEX-SYNTHESIS-LIBRARY-ALL-PARTITION-6:accession:CCMSLIB00016273911,prep,0.0007297992706298828
Ibuprofen_l-tryptophan,mzspec:GNPS:MULTIPLEX-SYNTHESIS-LIBRARY-ALL-PARTITION-6:accession:CCMSLIB00016273911,Search,1.0427830219268799
Ibuprofen_l-tryptophan,mzspec:GNPS:MULTIPLEX-SYNTHESIS-LIBRARY-ALL-PARTITION-6:accession:CCMSLIB00016273911,Parse Query,0.00015854835510253906
Ibuprofen_l-tryptophan,mzspec:GNPS:MULTIPLEX-SYNTHESIS-LIBRARY-ALL-PARTITION-6:accession:CCMSLIB00016273911,Parse Query 2,0.001684427261352539
Ibuprofen_l-tryptophan,mzspec:GNPS:MULTIPLEX-SYNTHESIS-LIBRARY-ALL-PARTITION-6:accession:CCMSLIB00016273911,Get DB Info,8.225440979003906e-05
Ibuprofen_l-tryptophan,mzspec:GNPS:MULTIPLEX-SYNTHESIS-LIBRARY-ALL-PARTITION-6:accession:CCMSLIB00016273911,Demangle,0.005385398864746094
Ibuprofen_l-tryptophan,mzspec:GNPS:MULTIPLEX-SYNTHESIS-LIBRARY-ALL-PARTITION-6:accession:CCMSLIB00016273911,Group,0.005803823471069336
Ibuprofen_l-tryptophan,mzspec:GNPS:MULTIPLEX-SYNTHESIS-LIBRARY-ALL-PARTITION-6:accession:CCMSLIB00016273911,Enrich datasets,0.02971625328063965
