compound_name,lib_usi,Delta Mass,USI,Charge,Cosine,Matching Peaks,Unit Delta Mass,Dataset,Status,Query Filename,Query Scan,Index UnitPM,Index IdxInUnitPM
Ibuprofen_l-tyrosine,mzspec:GNPS:MULTIPLEX-SYNTHESIS-LIBRARY-ALL-PARTITION-6:accession:CCMSLIB00016273820,0.0,mzspec:MSV000094528:peak/mzml_20231123_positive/20231123_pluskal_nencka_mce_5001_J15_id_MSn_positive.mzML:scan:354,1,0.78,5,0,MSV000094528,NoID,temp/queries/6c/6cb1e01ec3ec4a37bba4e9741dc0a2a6/6cb1e01ec3ec4a37bba4e9741dc0a2a6.mgf,1,370,169977
Ibuprofen_l-tyrosine,mzspec:GNPS:MULTIPLEX-SYNTHESIS-LIBRARY-ALL-PARTITION-6:accession:CCMSLIB00016273820,0.0,mzspec:MSV000094528:peak/mzml_20231123_positive/20231123_pluskal_nencka_mce_5001_J15_id_MSn_positive.mzML:scan:290,1,0.77,4,0,MSV000094528,NoID,temp/queries/6c/6cb1e01ec3ec4a37bba4e9741dc0a2a6/6cb1e01ec3ec4a37bba4e9741dc0a2a6.mgf,1,370,169976
Ibuprofen_l-tyrosine,mzspec:GNPS:MULTIPLEX-SYNTHESIS-LIBRARY-ALL-PARTITION-6:accession:CCMSLIB00016273820,0.0,mzspec:MSV000094528:peak/mzml_20231123_positive/20231123_pluskal_nencka_mce_5001_J15_id_MSn_positive.mzML:scan:355,1,0.76,3,0,MSV000094528,NoID,temp/queries/6c/6cb1e01ec3ec4a37bba4e9741dc0a2a6/6cb1e01ec3ec4a37bba4e9741dc0a2a6.mgf,1,370,169978
Ibuprofen_l-tyrosine,mzspec:GNPS:MULTIPLEX-SYNTHESIS-LIBRARY-ALL-PARTITION-6:accession:CCMSLIB00016273820,0.0,mzspec:MSV000089887:ccms_peak/Bacillus_FZB42_supernatant_24h_01.mzML:scan:2259,1,0.76,5,0,MSV000089887,NoID,temp/queries/6c/6cb1e01ec3ec4a37bba4e9741dc0a2a6/6cb1e01ec3ec4a37bba4e9741dc0a2a6.mgf,1,370,159341
Ibuprofen_l-tyrosine,mzspec:GNPS:MULTIPLEX-SYNTHESIS-LIBRARY-ALL-PARTITION-6:accession:CCMSLIB00016273820,0.0,mzspec:MSV000089887:peak/Bacillus_FZB42_supernatant_24h_01.mzML:scan:2259,1,0.76,5,0,MSV000089887,NoID,temp/queries/6c/6cb1e01ec3ec4a37bba4e9741dc0a2a6/6cb1e01ec3ec4a37bba4e9741dc0a2a6.mgf,1,370,159344
Ibuprofen_l-tyrosine,mzspec:GNPS:MULTIPLEX-SYNTHESIS-LIBRARY-ALL-PARTITION-6:accession:CCMSLIB00016273820,0.0,mzspec:MSV000089915:peak/Bacillus_FZB42_supernatant_24h_01.mzML:scan:2259,1,0.76,5,0,MSV000089915,NoID,temp/queries/6c/6cb1e01ec3ec4a37bba4e9741dc0a2a6/6cb1e01ec3ec4a37bba4e9741dc0a2a6.mgf,1,370,520177
Ibuprofen_l-tyrosine,mzspec:GNPS:MULTIPLEX-SYNTHESIS-LIBRARY-ALL-PARTITION-6:accession:CCMSLIB00016273820,-0.0,mzspec:MSV000090753:ccms_peak/Raw/22_2.mzML:scan:2357,1,0.72,5,0,MSV000090753,NoID,temp/queries/6c/6cb1e01ec3ec4a37bba4e9741dc0a2a6/6cb1e01ec3ec4a37bba4e9741dc0a2a6.mgf,1,370,753443
Ibuprofen_l-tyrosine,mzspec:GNPS:MULTIPLEX-SYNTHESIS-LIBRARY-ALL-PARTITION-6:accession:CCMSLIB00016273820,0.0,mzspec:MSV000089552:ccms_peak/raw/S17.mzML:scan:2501,1,0.7,5,0,MSV000089552,NoID,temp/queries/6c/6cb1e01ec3ec4a37bba4e9741dc0a2a6/6cb1e01ec3ec4a37bba4e9741dc0a2a6.mgf,1,370,902942
Ibuprofen_l-tyrosine,mzspec:GNPS:MULTIPLEX-SYNTHESIS-LIBRARY-ALL-PARTITION-6:accession:CCMSLIB00016273820,0.0,mzspec:MSV000089552:peak/mzml/S17.mzML:scan:2501,1,0.7,5,0,MSV000089552,NoID,temp/queries/6c/6cb1e01ec3ec4a37bba4e9741dc0a2a6/6cb1e01ec3ec4a37bba4e9741dc0a2a6.mgf,1,370,902698
