compound_name,lib_usi,Delta Mass,USI,Charge,Cosine,Matching Peaks,Unit Delta Mass,Dataset,Status,Query Filename,Query Scan,Index UnitPM,Index IdxInUnitPM
Ibuprofen_putrescine,mzspec:GNPS:MULTIPLEX-SYNTHESIS-LIBRARY-ALL-PARTITION-6:accession:CCMSLIB00016273906,0.02,mzspec:MSV000094528:updates/2024-10-07_corinnabrungs_594d7cf4/peak/mzml_20240502_MSn_positive/20240502_pluskal_enamine_5010_H13_id_MSn_positive.mzML:scan:720,1,0.87,1,0,MSV000094528,NoID,temp/queries/0d/0dcb236cc9414cc19a714e655e7d6ecc/0dcb236cc9414cc19a714e655e7d6ecc.mgf,1,277,338033
Ibuprofen_putrescine,mzspec:GNPS:MULTIPLEX-SYNTHESIS-LIBRARY-ALL-PARTITION-6:accession:CCMSLIB00016273906,0.02,mzspec:MSV000092221:ccms_peak/LuxWater_2019-2022/2020/May/LUX_SW_pos_03215.mzML:scan:720,1,0.87,1,0,MSV000092221,NoID,temp/queries/0d/0dcb236cc9414cc19a714e655e7d6ecc/0dcb236cc9414cc19a714e655e7d6ecc.mgf,1,277,2246301
Ibuprofen_putrescine,mzspec:GNPS:MULTIPLEX-SYNTHESIS-LIBRARY-ALL-PARTITION-6:accession:CCMSLIB00016273906,0.02,mzspec:MSV000092221:ccms_peak/LuxWater_2019-2022/2020/May/LUX_SW_pos_03215.mzML:scan:719,1,0.86,1,0,MSV000092221,NoID,temp/queries/0d/0dcb236cc9414cc19a714e655e7d6ecc/0dcb236cc9414cc19a714e655e7d6ecc.mgf,1,277,2246300
Ibuprofen_putrescine,mzspec:GNPS:MULTIPLEX-SYNTHESIS-LIBRARY-ALL-PARTITION-6:accession:CCMSLIB00016273906,0.02,mzspec:MSV000094528:updates/2024-10-07_corinnabrungs_594d7cf4/peak/mzml_20240502_MSn_positive/20240502_pluskal_enamine_5010_H13_id_MSn_positive.mzML:scan:719,1,0.86,1,0,MSV000094528,NoID,temp/queries/0d/0dcb236cc9414cc19a714e655e7d6ecc/0dcb236cc9414cc19a714e655e7d6ecc.mgf,1,277,338032
Ibuprofen_putrescine,mzspec:GNPS:MULTIPLEX-SYNTHESIS-LIBRARY-ALL-PARTITION-6:accession:CCMSLIB00016273906,-0.01,mzspec:ST002405:Untargeted/S07528.mzXML:scan:1875,2,0.8,1,0,ST002405,NoID,temp/queries/0d/0dcb236cc9414cc19a714e655e7d6ecc/0dcb236cc9414cc19a714e655e7d6ecc.mgf,1,277,3091311
Ibuprofen_putrescine,mzspec:GNPS:MULTIPLEX-SYNTHESIS-LIBRARY-ALL-PARTITION-6:accession:CCMSLIB00016273906,0.02,mzspec:MSV000094528:updates/2024-10-07_corinnabrungs_594d7cf4/peak/mzml_20240502_MSn_positive/20240502_pluskal_enamine_5010_H13_id_MSn_positive.mzML:scan:721,1,0.8,1,0,MSV000094528,NoID,temp/queries/0d/0dcb236cc9414cc19a714e655e7d6ecc/0dcb236cc9414cc19a714e655e7d6ecc.mgf,1,277,338034
Ibuprofen_putrescine,mzspec:GNPS:MULTIPLEX-SYNTHESIS-LIBRARY-ALL-PARTITION-6:accession:CCMSLIB00016273906,0.02,mzspec:MSV000092221:ccms_peak/LuxWater_2019-2022/2020/May/LUX_SW_pos_03215.mzML:scan:721,1,0.8,1,0,MSV000092221,NoID,temp/queries/0d/0dcb236cc9414cc19a714e655e7d6ecc/0dcb236cc9414cc19a714e655e7d6ecc.mgf,1,277,2246302
