compound_name,lib_usi,desc,timing
Ibuprofen_serotonine,mzspec:GNPS:MULTIPLEX-SYNTHESIS-LIBRARY-ALL-PARTITION-6:accession:CCMSLIB00016273674,prep,0.0010409355163574219
Ibuprofen_serotonine,mzspec:GNPS:MULTIPLEX-SYNTHESIS-LIBRARY-ALL-PARTITION-6:accession:CCMSLIB00016273674,Search,0.7058517932891846
Ibuprofen_serotonine,mzspec:GNPS:MULTIPLEX-SYNTHESIS-LIBRARY-ALL-PARTITION-6:accession:CCMSLIB00016273674,Parse Query,9.751319885253906e-05
Ibuprofen_serotonine,mzspec:GNPS:MULTIPLEX-SYNTHESIS-LIBRARY-ALL-PARTITION-6:accession:CCMSLIB00016273674,Parse Query 2,0.0015056133270263672
Ibuprofen_serotonine,mzspec:GNPS:MULTIPLEX-SYNTHESIS-LIBRARY-ALL-PARTITION-6:accession:CCMSLIB00016273674,Get DB Info,9.417533874511719e-05
Ibuprofen_serotonine,mzspec:GNPS:MULTIPLEX-SYNTHESIS-LIBRARY-ALL-PARTITION-6:accession:CCMSLIB00016273674,Demangle,0.005188465118408203
Ibuprofen_serotonine,mzspec:GNPS:MULTIPLEX-SYNTHESIS-LIBRARY-ALL-PARTITION-6:accession:CCMSLIB00016273674,Group,0.005065202713012695
Ibuprofen_serotonine,mzspec:GNPS:MULTIPLEX-SYNTHESIS-LIBRARY-ALL-PARTITION-6:accession:CCMSLIB00016273674,Enrich datasets,0.01200556755065918
